date,stock_id,Trading_Volume,Trading_money,open,max,min,close,spread,Trading_turnover,year,PER,PBR,equity,mkPrice,PSR,ROE,ROA
2018-01-11,2939,1593000,340207000,213.5,219.5,206.0,210.0,0.0,1241,2018,15.89,6.82,4.8,1008.0,5.181698733568155,25.27,32.76
2018-01-12,2939,702180,147368800,210.0,214.0,205.0,209.0,-1.0,516,2018,15.81,6.79,4.8,1003.1999999999999,5.1570239776940205,25.27,32.76
2018-01-15,2939,572250,116574750,209.0,209.0,200.5,201.5,-7.5,447,2018,15.24,6.54,4.8,967.1999999999999,4.971963308638015,25.27,32.76
2018-01-16,2939,593220,115467960,203.0,203.0,190.0,191.0,-10.5,496,2018,14.45,6.2,4.8,916.8,4.712878371959607,25.27,32.76
2018-01-17,2939,234000,45180000,190.0,196.0,190.0,191.5,0.5,194,2018,14.49,6.22,4.8,919.1999999999999,4.725215749896674,25.27,32.76
2018-01-18,2939,492150,99827075,192.0,210.5,192.0,210.5,19.0,389,2018,15.92,6.83,4.8,1010.4,5.194036111505222,25.27,32.76
2018-01-19,2939,822671,181413967,213.0,229.0,211.5,222.0,11.5,717,2018,16.79,7.21,4.8,1065.6,5.477795804057764,25.27,32.76
2018-01-22,2939,363429,80557523,223.5,224.5,217.0,223.0,1.0,315,2018,16.87,7.24,4.8,1070.3999999999999,5.502470559931897,25.27,32.76
2018-01-23,2939,364148,79513320,223.0,224.5,214.0,214.0,-9.0,316,2018,16.19,6.95,4.8,1027.2,5.280397757064691,25.27,32.76
2018-01-24,2939,161101,34313816,212.0,216.5,211.0,215.0,1.0,148,2018,16.26,6.98,4.8,1032.0,5.305072512938825,25.27,32.76
2018-01-25,2939,154150,32967850,216.0,217.0,210.5,210.5,-4.5,137,2018,15.92,6.83,4.8,1010.4,5.194036111505222,25.27,32.76
2018-01-26,2939,145000,30353000,210.0,211.0,208.0,209.0,-1.5,121,2018,15.81,6.79,4.8,1003.1999999999999,5.1570239776940205,25.27,32.76
2018-01-29,2939,457291,100246565,212.0,224.0,212.0,215.0,6.0,359,2018,16.26,6.98,4.8,1032.0,5.305072512938825,25.27,32.76
2018-01-30,2939,237010,49697114,215.0,215.0,205.5,205.5,-9.5,193,2018,15.54,6.67,4.8,986.4,5.070662332134551,25.27,32.76
2018-01-31,2939,110580,22654740,203.0,206.5,203.0,203.5,-2.0,116,2018,15.39,6.61,4.8,976.8,5.021312820386283,25.27,32.76
2018-02-01,2939,214150,44577825,205.5,211.5,205.5,207.0,3.5,164,2018,15.66,6.72,4.8,993.5999999999999,5.1076744659457525,25.27,32.76
2018-02-02,2939,101044,20853086,207.0,209.5,205.5,205.5,-1.5,83,2018,15.54,6.67,4.8,986.4,4.190568925809852,25.27,32.76
2018-02-05,2939,106000,21301000,202.5,203.0,199.0,201.5,-4.0,77,2018,15.24,6.54,4.8,967.1999999999999,4.10900067421258,25.27,32.76
2018-02-06,2939,326000,61674000,195.0,195.0,182.5,187.0,-14.5,275,2018,14.15,6.07,4.8,897.6,3.8133157621724685,25.27,32.76
2018-02-07,2939,152500,29260000,191.5,194.5,189.0,189.0,2.0,124,2018,14.3,6.14,4.8,907.1999999999999,3.8540998879711044,25.27,32.76
2018-02-08,2939,58624,10875816,190.0,190.5,183.0,184.0,-5.0,61,2018,13.92,5.97,4.8,883.1999999999999,3.752139573474514,25.27,32.76
2018-02-09,2939,88001,15517682,174.0,179.0,173.0,179.0,-5.0,83,2018,13.54,5.81,4.8,859.1999999999999,3.6501792589779245,25.27,32.76
2018-02-12,2939,347038,58886384,176.0,179.0,164.0,166.0,-13.0,305,2018,12.56,5.39,4.8,796.8,3.3850824412867904,25.27,32.76
2018-02-21,2939,250100,41378500,169.5,170.0,160.0,168.0,2.0,195,2018,12.71,5.45,4.8,806.4,3.4258665670854263,25.27,32.76
2018-02-22,2939,104100,17408900,167.5,169.0,165.5,168.0,0.0,90,2018,12.71,5.45,4.8,806.4,3.4258665670854263,25.27,32.76
2018-02-23,2939,134020,22915960,168.0,174.5,168.0,170.0,2.0,124,2018,12.86,5.52,4.8,816.0,3.466650692884062,25.27,32.76
2018-02-26,2939,106180,18034280,171.5,172.5,168.0,171.0,1.0,93,2018,12.93,5.55,4.8,820.8,3.48704275578338,25.27,32.76
2018-02-27,2939,209250,36780625,171.5,182.0,171.0,178.0,7.0,188,2018,13.46,5.78,4.8,854.4,3.629787196078606,25.27,32.76
2018-03-01,2939,117001,20579190,175.5,178.5,174.0,175.5,-2.5,93,2018,13.28,5.7,4.8,842.4,3.5788070388303113,25.27,32.76
2018-03-02,2939,77114,13453336,174.0,176.0,172.0,174.0,-1.5,77,2018,13.16,5.65,4.8,835.1999999999999,3.1740433785928404,25.27,32.76
2018-03-05,2939,91200,15736500,176.0,176.0,170.0,170.0,-4.0,73,2018,12.86,5.52,4.8,816.0,3.1010768641424304,25.27,32.76
2018-03-06,2939,67142,11400498,171.5,171.5,169.0,169.0,-1.0,64,2018,12.78,5.49,4.8,811.1999999999999,3.082835235529828,25.27,32.76
2018-03-07,2939,46020,7738360,166.5,170.0,166.0,167.5,-1.5,44,2018,12.67,5.44,4.8,804.0,3.0554727926109244,25.27,32.76
2018-03-08,2939,35000,5956500,168.0,172.0,168.0,169.0,1.5,32,2018,12.78,5.49,4.8,811.1999999999999,3.082835235529828,25.27,32.76
2018-03-09,2939,32000,5420000,170.0,171.0,168.5,168.5,-0.5,31,2018,12.75,5.47,4.8,808.8,3.073714421223527,25.27,32.76
2018-03-12,2939,138060,23691820,170.0,177.0,169.0,172.0,3.5,108,2018,13.01,5.58,4.8,825.6,3.1375601213676356,25.27,32.76
2018-03-13,2939,350050,62457450,172.0,184.0,170.0,184.0,12.0,285,2018,13.92,5.97,4.8,883.1999999999999,3.3564596647188663,25.27,32.76
2018-03-14,2939,195000,35850500,183.0,186.0,180.5,185.0,1.0,153,2018,13.99,6.01,4.8,888.0,3.374701293331469,25.27,32.76
2018-03-15,2939,134060,24482900,183.5,185.0,180.5,183.0,-2.0,109,2018,13.84,5.94,4.8,878.4,3.3382180361062637,25.27,32.76
2018-03-16,2939,102200,18977500,183.0,187.0,183.0,186.0,3.0,89,2018,14.07,6.04,4.8,892.8,3.392942921944071,25.27,32.76
2018-03-19,2939,266299,51183057,185.0,195.0,185.0,193.0,7.0,217,2018,14.6,6.27,4.8,926.4,3.520634322232289,25.27,32.76
2018-03-20,2939,126212,24388264,190.0,196.5,190.0,196.5,3.5,107,2018,14.86,6.38,4.8,943.1999999999999,3.5844800223763977,25.27,32.76
2018-03-21,2939,193240,37817540,196.5,197.5,194.0,195.5,-1.0,178,2018,14.79,6.35,4.8,938.4,3.566238393763795,25.27,32.76
2018-03-22,2939,468200,90178200,196.5,196.5,188.0,188.5,-7.0,399,2018,14.26,6.12,4.8,904.8,3.4385469934755775,25.27,32.76
2018-03-23,2939,207050,37797000,180.0,186.5,179.5,186.5,-2.0,171,2018,14.11,6.06,4.8,895.1999999999999,3.4020637362503723,25.27,32.76
2018-03-26,2939,142500,27046500,186.0,192.5,185.0,190.5,4.0,137,2018,14.41,6.19,4.8,914.4,3.4750302507007826,25.27,32.76
2018-03-27,2939,130120,25122400,192.0,194.5,192.0,193.5,3.0,108,2018,14.64,6.28,4.8,928.8,3.52975513653859,25.27,32.76
2018-03-28,2939,99040,19027840,192.0,195.0,190.0,193.5,0.0,88,2018,10.39,5.85,4.8,928.8,3.52975513653859,25.27,32.76
2018-03-29,2939,209029,40958300,194.5,197.5,194.5,197.0,3.5,173,2018,10.57,5.96,4.8,945.5999999999999,3.593600836682699,25.27,32.76
2018-03-30,2939,184200,35914900,197.0,199.0,193.0,196.0,-1.0,152,2018,10.52,5.93,4.8,940.8,3.5753592080700964,25.27,32.76
2018-03-31,2939,62000,12055000,195.0,195.5,193.5,195.5,-0.5,53,2018,10.49,5.91,4.8,938.4,3.566238393763795,25.27,32.76
2018-04-02,2939,65050,12630800,195.5,195.5,193.0,195.0,-0.5,57,2018,10.47,5.9,4.8,936.0,3.2408322706565835,25.27,32.76
2018-04-03,2939,71000,13734500,193.0,194.5,192.0,194.0,-1.0,58,2018,10.41,5.87,4.8,931.1999999999999,3.22421261798655,25.27,32.76
2018-04-09,2939,83016,15892700,194.0,194.0,190.0,190.0,-4.0,89,2018,10.2,5.75,4.8,912.0,3.1577340073064146,25.27,32.76
2018-04-10,2939,75006,14067676,189.0,189.0,186.0,189.0,-1.0,77,2018,10.14,5.72,4.8,907.1999999999999,3.141114354636381,25.27,32.76
2018-04-11,2939,333755,58787890,179.5,179.5,171.0,179.5,-9.5,257,2018,9.63,5.43,4.8,861.6,2.9832276542710603,25.27,32.76
2018-04-12,2939,64055,11556090,177.5,183.0,177.0,183.0,3.5,64,2018,9.82,5.53,4.8,878.4,3.0413964386161783,25.27,32.76
2018-04-13,2939,2049266,368904912,182.0,183.0,179.5,182.5,-0.5,61,2018,9.8,5.52,4.8,876.0,3.0330866122811617,25.27,32.76
2018-04-16,2939,88956,16113580,182.5,183.0,180.0,180.0,-2.5,82,2018,9.66,5.44,4.8,864.0,2.9915374806060773,25.27,32.76
2018-04-17,2939,105130,18501510,180.5,180.5,174.0,175.5,-4.5,82,2018,9.42,5.31,4.8,842.4,2.9167490435909253,25.27,32.76
2018-04-18,2939,85351,14913425,174.0,175.5,173.0,175.0,-0.5,62,2018,9.39,5.29,4.8,840.0,2.9084392172559084,25.27,32.76
2018-04-19,2939,68000,11781500,175.0,175.0,172.0,175.0,0.0,46,2018,9.39,5.29,4.8,840.0,2.9084392172559084,25.27,32.76
2018-04-20,2939,45050,7818200,174.0,174.5,173.0,174.0,-1.0,39,2018,9.34,5.26,4.8,835.1999999999999,2.8918195645858744,25.27,32.76
2018-04-23,2939,74050,12811650,172.5,174.0,172.0,173.0,-1.0,49,2018,9.29,5.23,4.8,830.4,2.875199911915841,25.27,32.76
2018-04-24,2939,76339,13042469,176.0,176.0,170.0,172.0,-1.0,58,2018,9.23,5.2,4.8,825.6,2.858580259245807,25.27,32.76
2018-04-25,2939,58052,9891444,170.0,171.0,170.0,170.5,-1.5,43,2018,9.15,5.16,4.8,818.4,2.8336507802407565,25.27,32.76
2018-04-26,2939,58150,9644100,168.5,168.5,160.5,163.5,-7.0,52,2018,8.78,4.94,4.8,784.8,2.71731321155052,25.27,32.76
2018-04-27,2939,88040,14613100,163.5,167.5,163.5,166.0,2.5,68,2018,8.91,5.02,4.8,796.8,2.7588623432256045,25.27,32.76
2018-04-30,2939,57160,9402480,166.0,166.0,163.5,164.0,-2.0,50,2018,8.8,4.96,4.8,787.1999999999999,2.7256230378855366,25.27,32.76
2018-05-02,2939,106168,17141052,165.0,165.0,159.0,162.5,-1.5,94,2018,8.72,4.91,4.8,780.0,2.462755558249852,25.27,32.76
2018-05-03,2939,168150,26765350,160.5,164.0,155.5,159.5,-3.0,163,2018,8.56,4.82,4.8,765.6,2.417289301789855,25.27,32.76
2018-05-04,2939,91100,14191550,158.0,159.5,153.0,155.0,-4.5,77,2018,8.32,4.69,4.8,744.0,2.349089917099859,25.27,32.76
2018-05-07,2939,145100,22272349,155.5,155.5,151.0,155.0,0.0,135,2018,8.32,4.69,4.8,744.0,2.349089917099859,25.27,32.76
2018-05-08,2939,128033,19548065,153.0,155.0,151.0,154.0,-1.0,116,2018,8.27,4.66,4.8,739.1999999999999,2.3339344982798598,25.27,32.76
2018-05-09,2939,138000,21186500,152.5,158.5,151.0,158.5,4.5,119,2018,8.51,4.79,4.8,760.8,2.402133882969856,25.27,32.76
2018-05-10,2939,66051,10230405,158.0,158.0,154.0,155.0,-3.5,57,2018,8.32,4.69,4.8,744.0,2.349089917099859,25.27,32.76
2018-05-11,2939,68206,10455724,152.0,155.5,151.5,154.0,-1.0,64,2018,8.27,4.66,4.8,739.1999999999999,2.3339344982798598,25.27,32.76
2018-05-14,2939,81000,12448500,154.0,154.5,152.5,154.5,0.5,62,2018,9.02,3.31,4.8,741.6,2.3415122076898593,25.27,32.76
2018-05-15,2939,70625,10849312,154.5,154.5,152.5,154.0,-0.5,56,2018,8.99,3.3,4.8,739.1999999999999,2.3339344982798598,25.27,32.76
2018-05-16,2939,52575,8088050,154.0,154.0,153.0,154.0,0.0,40,2018,8.99,3.3,4.8,739.1999999999999,2.3339344982798598,25.27,32.76
2018-05-17,2939,44000,6736500,153.0,154.0,152.5,153.5,-0.5,35,2018,8.96,3.29,4.8,736.8,2.3263567888698606,25.27,32.76
2018-05-18,2939,48000,7335500,153.0,153.5,152.0,152.5,-1.0,40,2018,8.9,3.27,4.8,732.0,2.3112013700498615,25.27,32.76
2018-05-21,2939,69300,10558600,153.0,153.0,152.0,152.0,-0.5,67,2018,8.87,3.26,4.8,729.6,2.303623660639862,25.27,32.76
2018-05-22,2939,48101,7327852,152.5,153.5,151.5,152.0,0.0,45,2018,8.87,3.26,4.8,729.6,2.303623660639862,25.27,32.76
2018-05-23,2939,60033,9040450,152.0,152.0,150.0,150.0,-2.0,51,2018,8.76,3.22,4.8,720.0,2.2733128229998636,25.27,32.76
2018-05-24,2939,37050,5561450,150.0,151.0,149.5,149.5,-0.5,33,2018,8.73,3.21,4.8,717.6,2.265735113589864,25.27,32.76
2018-05-25,2939,90098,13288504,150.0,150.0,145.5,147.0,-2.5,85,2018,8.58,3.15,4.8,705.6,2.227846566539866,25.27,32.76
2018-05-28,2939,149147,22727285,148.5,155.5,148.5,154.5,7.5,120,2018,9.02,3.31,4.8,741.6,2.3415122076898593,25.27,32.76
2018-05-29,2939,67032,10389928,154.5,156.5,152.5,152.5,-2.0,53,2018,8.9,3.27,4.8,732.0,2.3112013700498615,25.27,32.76
2018-05-30,2939,60000,9080000,153.0,153.0,150.0,152.5,0.0,42,2018,8.9,3.27,4.8,732.0,2.3112013700498615,25.27,32.76
2018-05-31,2939,51100,7767300,152.5,154.0,149.5,153.0,0.5,45,2018,8.93,3.28,4.8,734.4,2.318779079459861,25.27,32.76
2018-06-01,2939,8010,1217030,151.0,153.0,151.0,153.0,0.0,9,2018,8.93,3.28,4.8,734.4,2.318779079459861,25.27,32.76
2018-06-04,2939,30000,4550500,153.0,153.0,151.0,152.0,-1.0,26,2018,8.87,3.26,4.8,729.6,2.1631051231733607,25.27,32.76
2018-06-05,2939,20001,3057652,153.0,153.0,152.5,152.5,0.5,18,2018,8.9,3.27,4.8,732.0,2.1702206005522204,25.27,32.76
2018-06-06,2939,62110,9599490,152.0,156.0,152.0,156.0,3.5,59,2018,9.11,3.35,4.8,748.8,2.2200289422042383,25.27,32.76
2018-06-07,2939,25040,3902680,156.5,156.5,154.0,156.0,0.0,26,2018,9.11,3.35,4.8,748.8,2.2200289422042383,25.27,32.76
2018-06-08,2939,32036,4965616,154.0,156.0,154.0,156.0,0.0,28,2018,9.11,3.35,4.8,748.8,2.2200289422042383,25.27,32.76
2018-06-11,2939,188050,30231150,156.0,165.0,156.0,165.0,9.0,150,2018,9.63,3.54,4.8,792.0,2.348107535023714,25.27,32.76
2018-06-12,2939,165117,26114369,160.0,162.0,157.0,157.0,-8.0,127,2018,9.17,3.37,4.8,753.6,2.234259896961958,25.27,32.76
2018-06-13,2939,30000,4699000,157.0,158.0,156.0,157.0,0.0,26,2018,9.17,3.37,4.8,753.6,2.234259896961958,25.27,32.76
2018-06-14,2939,21002,3282311,156.0,158.0,155.0,157.0,0.0,20,2018,9.17,3.37,4.8,753.6,2.234259896961958,25.27,32.76
2018-06-15,2939,24000,3719000,154.5,157.0,154.5,157.0,0.0,19,2018,9.17,3.37,4.8,753.6,2.234259896961958,25.27,32.76
2018-06-19,2939,43000,6761000,155.0,160.0,154.0,156.5,-0.5,40,2018,9.14,3.36,4.8,751.1999999999999,2.227144419583098,25.27,32.76
2018-06-20,2939,25002,3885814,156.5,156.5,154.5,156.0,-0.5,25,2018,9.11,3.35,4.8,748.8,2.2200289422042383,25.27,32.76
2018-06-21,2939,246090,40125620,156.0,169.0,156.0,163.0,7.0,194,2018,9.52,3.5,4.8,782.4,2.319645625508275,25.27,32.76
2018-06-22,2939,47126,7665849,165.0,165.0,161.5,163.0,0.0,42,2018,9.52,3.5,4.8,782.4,2.319645625508275,25.27,32.76
2018-06-25,2939,181006,29632478,163.5,169.5,160.0,164.0,1.0,153,2018,9.57,3.52,4.8,787.1999999999999,2.333876580265994,25.27,32.76
2018-06-26,2939,122200,19923000,163.0,166.0,160.0,165.0,1.0,99,2018,9.63,3.54,4.8,792.0,2.348107535023714,25.27,32.76
2018-06-27,2939,40000,6541500,164.0,164.5,163.0,164.0,-1.0,32,2018,9.57,3.52,4.8,787.1999999999999,2.333876580265994,25.27,32.76
2018-06-28,2939,19000,3109000,162.0,165.5,162.0,162.5,-1.5,18,2018,9.49,3.49,4.8,780.0,2.312530148129415,25.27,32.76
2018-06-29,2939,50000,8193000,162.5,165.0,162.5,164.5,2.0,42,2018,9.6,3.53,4.8,789.6,2.340992057644854,25.27,32.76
2018-07-02,2939,296010,46362555,158.0,162.0,153.5,153.5,-11.0,221,2018,8.96,3.29,4.8,736.8,2.0962129898062822,25.27,32.76
2018-07-03,2939,105000,15919500,153.5,154.5,150.0,151.0,-2.5,88,2018,8.81,3.24,4.8,724.8,2.0620727130993397,25.27,32.76
2018-07-04,2939,36017,4859363,133.0,137.0,133.0,134.0,0.0,36,2018,7.82,2.87,4.8,643.1999999999999,1.829918831492129,25.27,32.76
2018-07-05,2939,43020,5652620,133.0,136.0,129.0,130.5,-3.5,40,2018,7.62,2.8,4.8,626.4,1.7821224441024095,25.27,32.76
2018-07-06,2939,19101,2466130,130.0,130.0,128.0,129.5,-1.0,16,2018,7.56,2.78,4.8,621.6,1.7684663334196324,25.27,32.76
2018-07-09,2939,44018,5432277,128.0,128.0,121.5,121.5,-8.0,38,2018,7.09,2.61,4.8,583.1999999999999,1.6592174479574153,25.27,32.76
2018-07-10,2939,282301,31715969,121.5,122.0,109.5,113.5,-8.0,239,2018,6.63,2.43,4.8,544.8,1.549968562495199,25.27,32.76
2018-07-11,2939,112000,12994500,113.5,119.5,113.5,115.0,1.5,77,2018,6.71,2.47,4.8,552.0,1.5704527285193646,25.27,32.76
2018-07-12,2939,34004,3870962,114.0,115.0,113.0,113.5,-1.5,34,2018,6.63,2.43,4.8,544.8,1.549968562495199,25.27,32.76
2018-07-13,2939,60000,6877500,113.0,116.0,113.0,114.5,1.0,43,2018,6.68,2.46,4.8,549.6,1.5636246731779762,25.27,32.76
2018-07-16,2939,143401,16797517,114.5,120.0,114.0,119.5,5.0,105,2018,6.98,2.56,4.8,573.6,1.6319052265918614,25.27,32.76
2018-07-17,2939,93150,11313650,121.5,123.0,119.0,121.5,2.0,78,2018,7.09,2.61,4.8,583.1999999999999,1.6592174479574153,25.27,32.76
2018-07-18,2939,163331,20839368,122.0,130.0,122.0,126.5,5.0,138,2018,7.38,2.71,4.8,607.1999999999999,1.7274980013713008,25.27,32.76
2018-07-19,2939,55000,6966500,126.5,128.0,125.0,127.0,0.5,41,2018,7.41,2.72,4.8,609.6,1.7343260567126897,25.27,32.76
2018-07-20,2939,33066,4148382,126.5,126.5,125.0,125.0,-2.0,30,2018,7.3,2.68,4.8,600.0,1.7070138353471356,25.27,32.76
2018-07-23,2939,45600,5584100,125.0,125.0,120.0,122.0,-3.0,43,2018,7.12,2.62,4.8,585.6,1.6660455032988042,25.27,32.76
2018-07-24,2939,26053,3171939,122.0,123.0,120.5,120.5,-1.5,26,2018,7.03,2.58,4.8,578.4,1.6455613372746387,25.27,32.76
2018-07-25,2939,38065,4556995,120.0,121.5,119.0,120.0,-0.5,37,2018,7.01,2.57,4.8,576.0,1.63873328193325,25.27,32.76
2018-07-26,2939,131050,16242300,120.0,125.5,120.0,123.5,3.5,103,2018,7.21,2.65,4.8,592.8,1.6865296693229699,25.27,32.76
2018-07-27,2939,12003,1498887,126.0,126.0,124.0,124.0,0.5,12,2018,7.24,2.66,4.8,595.1999999999999,1.693357724664358,25.27,32.76
2018-07-30,2939,28001,3474626,125.0,125.0,123.0,124.0,0.0,24,2018,7.24,2.66,4.8,595.1999999999999,1.693357724664358,25.27,32.76
2018-07-31,2939,70385,8835510,124.0,127.0,123.5,126.0,2.0,48,2018,7.36,2.7,4.8,604.8,1.7206699460299126,25.27,32.76
2018-08-01,2939,106000,13587000,126.0,129.5,126.0,128.0,2.0,79,2018,7.47,2.75,4.8,614.4,1.7479821673954667,25.27,32.76
2018-08-02,2939,48000,6131500,126.0,129.0,126.0,129.0,1.0,37,2018,7.53,2.77,4.8,619.1999999999999,1.8097526729801467,25.27,32.76
2018-08-03,2939,244051,33085834,130.0,141.0,130.0,135.0,6.0,187,2018,7.88,2.9,4.8,648.0,1.8939272159094562,25.27,32.76
2018-08-06,2939,63001,8582136,136.0,137.5,134.0,137.5,2.5,55,2018,8.03,2.95,4.8,660.0,1.9289999421300017,25.27,32.76
2018-08-07,2939,158059,22269878,138.5,143.0,138.5,143.0,5.5,119,2018,8.35,3.07,4.8,686.4,2.006159939815202,25.27,32.76
2018-08-08,2939,294678,44372946,144.0,156.5,144.0,148.0,5.0,221,2018,8.64,3.17,4.8,710.4,2.076305392256293,25.27,32.76
2018-08-09,2939,218735,32416135,148.0,153.5,142.0,142.0,-6.0,193,2018,8.29,3.05,4.8,681.6,1.9921308493269836,25.27,32.76
2018-08-10,2939,163001,22959142,144.5,144.5,135.0,141.0,-1.0,134,2018,8.23,3.02,4.8,676.8,1.9781017588387655,25.27,32.76
2018-08-13,2939,145001,19594635,140.0,140.0,131.5,135.5,-5.5,107,2018,7.91,2.91,4.8,650.4,1.9009417611535653,25.27,32.76
2018-08-14,2939,438266,63874968,136.0,149.0,134.0,146.5,11.0,296,2018,13.62,4.15,4.8,703.1999999999999,2.055261756523965,25.27,32.76
2018-08-15,2939,430201,63044047,145.0,150.0,141.0,148.0,1.5,321,2018,13.75,4.19,4.8,710.4,2.076305392256293,25.27,32.76
2018-08-16,2939,270265,40341455,147.5,151.0,146.5,148.0,0.0,186,2018,13.75,4.19,4.8,710.4,2.076305392256293,25.27,32.76
2018-08-17,2939,402101,60637746,150.0,153.0,144.0,145.0,-3.0,273,2018,13.48,4.11,4.8,696.0,2.034218120791638,25.27,32.76
2018-08-20,2939,275300,40459650,146.0,149.5,144.5,144.5,-0.5,227,2018,13.43,4.09,4.8,693.6,2.0272035755475293,25.27,32.76
2018-08-21,2939,73000,10663500,146.0,147.5,144.5,146.0,1.5,57,2018,13.57,4.14,4.8,700.8,2.048247211279856,25.27,32.76
2018-08-22,2939,280033,41230785,146.0,150.0,144.5,146.0,0.0,225,2018,13.57,4.14,4.8,700.8,2.048247211279856,25.27,32.76
2018-08-23,2939,224420,33154160,148.0,149.5,146.0,149.5,3.5,179,2018,13.89,4.24,4.8,717.6,2.09734902798862,25.27,32.76
2018-08-24,2939,132100,19622250,149.5,150.0,147.0,148.5,-1.0,107,2018,13.8,4.21,4.8,712.8,2.0833199375004017,25.27,32.76
2018-08-27,2939,130053,19238738,148.5,150.0,145.5,146.0,-2.5,111,2018,13.57,4.14,4.8,700.8,2.048247211279856,25.27,32.76
2018-08-28,2939,65000,9423500,147.5,147.5,143.5,144.0,-2.0,60,2018,13.38,4.08,4.8,691.1999999999999,2.0201890303034196,25.27,32.76
2018-08-29,2939,100057,14113980,144.0,144.0,138.0,140.0,-4.0,76,2018,13.01,3.97,4.8,672.0,1.9640726683505472,25.27,32.76
2018-08-30,2939,204002,29119786,140.0,146.0,137.5,143.0,3.0,139,2018,13.29,4.05,4.8,686.4,2.006159939815202,25.27,32.76
2018-08-31,2939,39650,5660300,144.0,145.0,141.5,143.0,0.0,34,2018,13.29,4.05,4.8,686.4,2.006159939815202,25.27,32.76
2018-09-03,2939,74000,10479500,143.0,143.5,139.5,139.5,-3.5,47,2018,12.96,3.95,4.8,669.6,1.9405900077583027,25.27,32.76
2018-09-04,2939,81226,11094510,141.0,141.0,135.0,135.5,-4.0,71,2018,12.59,3.84,4.8,650.4,1.884945849829749,25.27,32.76
2018-09-05,2939,33752,4539768,136.0,136.0,133.0,135.0,-0.5,30,2018,12.55,3.82,4.8,648.0,1.87799033008868,25.27,32.76
2018-09-06,2939,130508,17500096,131.0,138.0,131.0,138.0,3.0,93,2018,12.83,3.91,4.8,662.4,1.9197234485350951,25.27,32.76
2018-09-07,2939,117035,16058172,140.0,140.0,134.0,134.0,-4.0,75,2018,12.45,3.8,4.8,643.1999999999999,1.8640792906065413,25.27,32.76
2018-09-10,2939,223448,31526756,137.0,146.0,134.0,134.0,0.0,160,2018,12.45,3.8,4.8,643.1999999999999,1.8640792906065413,25.27,32.76
2018-09-11,2939,218000,28876000,135.0,137.0,129.0,134.0,0.0,140,2018,12.45,3.8,4.8,643.1999999999999,1.8640792906065413,25.27,32.76
2018-09-12,2939,137085,18137092,134.5,136.0,128.5,130.5,-3.5,93,2018,12.13,3.7,4.8,626.4,1.8153906524190573,25.27,32.76
2018-09-13,2939,105000,13949500,132.0,134.0,130.5,130.5,0.0,49,2018,12.13,3.7,4.8,626.4,1.8153906524190573,25.27,32.76
2018-09-14,2939,38165,4997532,132.5,132.5,130.0,130.5,0.0,32,2018,12.13,3.7,4.8,626.4,1.8153906524190573,25.27,32.76
2018-09-17,2939,9000,1174500,132.0,132.0,130.0,130.5,0.0,5,2018,12.13,3.7,4.8,626.4,1.8153906524190573,25.27,32.76
2018-09-18,2939,15061,1935338,131.5,131.5,128.0,128.5,-2.0,15,2018,11.94,3.64,4.8,616.8,1.7875685734547806,25.27,32.76
2018-09-19,2939,37040,4725620,130.0,130.0,126.0,127.5,-1.0,37,2018,11.85,3.61,4.8,612.0,1.7736575339726421,25.27,32.76
2018-09-20,2939,31318,3944068,128.5,128.5,124.0,126.0,-1.5,24,2018,11.71,3.57,4.8,604.8,1.7527909747494346,25.27,32.76
2018-09-21,2939,5000,631500,126.5,126.5,126.0,126.0,0.0,5,2018,11.71,3.57,4.8,604.8,1.7527909747494346,25.27,32.76
2018-09-25,2939,58272,7091912,126.0,126.0,120.0,120.0,-6.0,50,2018,11.15,3.4,4.8,576.0,1.6693247378566045,25.27,32.76
2018-09-26,2939,22000,2651500,121.0,121.0,119.5,120.5,0.5,21,2018,11.2,3.41,4.8,578.4,1.6762802575976736,25.27,32.76
2018-09-27,2939,34000,4079500,119.0,121.0,119.0,119.0,-1.5,27,2018,11.06,3.37,4.8,571.1999999999999,1.6554136983744658,25.27,32.76
2018-09-28,2939,121111,13833543,119.0,119.0,110.5,112.0,-7.0,95,2018,10.41,3.17,4.8,537.6,1.5580364219994975,25.27,32.76
2018-10-01,2939,41002,4632228,112.0,114.0,111.5,113.5,1.5,37,2018,10.55,3.22,4.8,544.8,1.5789029812227051,25.27,32.76
2018-10-02,2939,44050,4945100,113.5,113.5,111.5,111.5,-2.0,37,2018,10.36,3.16,4.8,535.1999999999999,1.5770151805390666,25.27,32.76
2018-10-03,2939,21000,2329000,111.5,111.5,110.5,111.0,-0.5,17,2018,10.32,3.14,4.8,532.8,1.569943363585977,25.27,32.76
2018-10-04,2939,239000,26746500,111.0,116.5,109.0,113.5,2.5,160,2018,10.55,3.22,4.8,544.8,1.6053024483514269,25.27,32.76
2018-10-05,2939,61298,6767429,113.5,113.5,108.5,109.0,-4.5,49,2018,10.13,3.09,4.8,523.1999999999999,1.5416560957736167,25.27,32.76
2018-10-08,2939,328341,38168556,108.0,119.5,107.0,117.0,8.0,219,2018,10.87,3.31,4.8,561.6,1.6548051670230568,25.27,32.76
2018-10-09,2939,248200,30401900,118.0,127.0,117.0,120.5,3.5,206,2018,11.2,3.41,4.8,578.4,1.7043078856946867,25.27,32.76
2018-10-11,2939,109156,12259925,116.0,118.5,108.5,109.0,-11.5,94,2018,10.13,3.09,4.8,523.1999999999999,1.5416560957736167,25.27,32.76
2018-10-12,2939,51145,5673095,109.0,113.0,108.5,112.0,3.0,51,2018,10.41,3.17,4.8,537.6,1.584086997492157,25.27,32.76
2018-10-15,2939,57025,6202175,113.0,113.0,106.0,106.0,-6.0,51,2018,9.85,3.0,4.8,508.79999999999995,1.4992251940550771,25.27,32.76
2018-10-16,2939,16000,1699000,106.0,107.5,106.0,106.0,0.0,14,2018,9.85,3.0,4.8,508.79999999999995,1.4992251940550771,25.27,32.76
2018-10-17,2939,16000,1701500,106.0,107.0,106.0,106.0,0.0,14,2018,9.85,3.0,4.8,508.79999999999995,1.4992251940550771,25.27,32.76
2018-10-18,2939,13000,1381000,106.5,107.0,106.0,106.0,0.0,13,2018,9.85,3.0,4.8,508.79999999999995,1.4992251940550771,25.27,32.76
2018-10-19,2939,11000,1167500,106.0,107.0,105.5,106.0,0.0,11,2018,9.85,3.0,4.8,508.79999999999995,1.4992251940550771,25.27,32.76
2018-10-22,2939,20000,2117000,107.0,107.0,104.5,106.5,0.5,19,2018,9.9,3.02,4.8,511.2,1.506297011008167,25.27,32.76
2018-10-23,2939,5000,526000,105.5,105.5,105.0,105.0,-1.5,5,2018,9.76,2.97,4.8,504.0,1.4850815601488971,25.27,32.76
2018-10-24,2939,74000,7763500,105.0,107.5,102.0,105.0,0.0,62,2018,9.76,2.97,4.8,504.0,1.4850815601488971,25.27,32.76
2018-10-25,2939,82000,8676500,106.0,107.0,104.0,104.0,-1.0,53,2018,9.67,2.95,4.8,499.2,1.4709379262427171,25.27,32.76
2018-10-26,2939,58020,6049090,106.0,106.0,103.0,103.5,-0.5,51,2018,9.62,2.93,4.8,496.79999999999995,1.4638661092896272,25.27,32.76
2018-10-29,2939,150000,15639500,104.5,105.5,102.5,104.0,0.5,93,2018,9.67,2.95,4.8,499.2,1.4709379262427171,25.27,32.76
2018-10-30,2939,182000,19384000,102.0,110.0,102.0,106.5,2.5,99,2018,9.9,3.02,4.8,511.2,1.506297011008167,25.27,32.76
2018-10-31,2939,189021,19726236,104.5,108.5,101.0,105.5,-1.0,162,2018,9.8,2.99,4.8,506.4,1.492153377101987,25.27,32.76
2018-11-01,2939,176100,18106700,104.5,105.5,101.0,103.0,-2.5,149,2018,9.57,2.92,4.8,494.4,1.4567942923365371,25.27,32.76
2018-11-02,2939,262000,27100000,102.5,107.0,101.0,104.5,1.5,169,2018,9.71,2.96,4.8,501.59999999999997,1.532124677561979,25.27,32.76
2018-11-05,2939,21000,2193000,103.5,105.0,103.5,105.0,0.5,20,2018,9.76,2.97,4.8,504.0,1.5394554176460078,25.27,32.76
2018-11-06,2939,131831,15016980,110.0,115.5,110.0,115.5,10.5,113,2018,10.73,3.27,4.8,554.4,1.6934009594106085,25.27,32.76
2018-11-07,2939,559250,67448250,122.0,124.0,115.0,124.0,8.5,448,2018,11.52,3.51,4.8,595.1999999999999,1.8180235408390946,25.27,32.76
2018-11-08,2939,89000,10788000,123.0,123.0,120.0,120.5,-3.5,68,2018,11.2,3.41,4.8,578.4,1.7667083602508946,25.27,32.76
2018-11-09,2939,36002,4305738,120.5,120.5,119.0,120.0,-0.5,34,2018,11.15,3.4,4.8,576.0,1.759377620166866,25.27,32.76
2018-11-12,2939,70001,8199119,119.0,119.0,115.5,118.5,-1.5,61,2018,11.01,3.36,4.8,568.8,1.7373853999147801,25.27,32.76
2018-11-13,2939,139000,15763500,111.5,115.5,111.5,115.5,-3.0,119,2018,10.73,3.27,4.8,554.4,1.6934009594106085,25.27,32.76
2018-11-14,2939,29020,3342830,116.0,116.5,113.5,116.5,1.0,27,2018,10.57,3.44,4.8,559.1999999999999,1.7080624395786654,25.27,32.76
2018-11-15,2939,36000,4124000,116.0,116.0,113.5,114.0,-2.5,35,2018,10.34,3.37,4.8,547.1999999999999,1.6714087391585224,25.27,32.76
2018-11-16,2939,13000,1474000,113.5,114.5,113.0,113.0,-1.0,12,2018,10.25,3.34,4.8,542.4,1.6567472589904655,25.27,32.76
2018-11-19,2939,21025,2350787,114.0,114.0,110.5,110.5,-2.5,22,2018,10.03,3.26,4.8,530.4,1.6200935585703224,25.27,32.76
2018-11-20,2939,18000,1987000,110.0,111.0,110.0,110.0,-0.5,17,2018,9.98,3.25,4.8,528.0,1.6127628184862939,25.27,32.76
2018-11-21,2939,17000,1879000,110.0,111.0,110.0,111.0,1.0,14,2018,10.07,3.28,4.8,532.8,1.627424298654351,25.27,32.76
2018-11-22,2939,10000,1100000,111.0,111.0,109.5,109.5,-1.5,10,2018,9.94,3.23,4.8,525.6,1.605432078402265,25.27,32.76
2018-11-23,2939,48000,5304500,110.0,112.0,109.0,109.0,-0.5,38,2018,9.89,3.22,4.8,523.1999999999999,1.5981013383182363,25.27,32.76
2018-11-26,2939,11001,1211610,109.0,110.5,109.0,109.5,0.5,12,2018,9.94,3.23,4.8,525.6,1.605432078402265,25.27,32.76
2018-11-27,2939,0,0,0.0,0.0,0.0,0.0,0.0,0,2018,9.94,3.23,4.8,0.0,0.0,25.27,32.76
2018-11-28,2939,6000,662000,109.5,111.0,109.5,110.0,0.0,6,2018,9.98,3.25,4.8,528.0,1.6127628184862939,25.27,32.76
2018-11-29,2939,41000,4640000,111.0,114.0,111.0,113.0,3.0,32,2018,10.25,3.34,4.8,542.4,1.6567472589904655,25.27,32.76
2018-11-30,2939,167310,19778700,114.5,121.5,113.5,119.0,6.0,104,2018,10.8,3.52,4.8,571.1999999999999,1.7447161399988085,25.27,32.76
2018-12-03,2939,53028,6366874,120.5,122.0,119.0,119.5,0.5,42,2018,10.84,3.53,4.8,573.6,1.7804121145001157,25.27,32.76
2018-12-04,2939,50000,5953500,119.5,120.5,118.0,119.5,0.0,33,2018,10.84,3.53,4.8,573.6,1.7804121145001157,25.27,32.76
2018-12-05,2939,40057,4740368,117.5,119.5,116.5,119.5,0.0,35,2018,10.84,3.53,4.8,573.6,1.7804121145001157,25.27,32.76
2018-12-06,2939,40000,4669500,117.5,118.5,115.0,116.5,-3.0,34,2018,10.57,3.44,4.8,559.1999999999999,1.735715576060782,25.27,32.76
2018-12-07,2939,7017,817497,116.5,116.5,116.5,116.5,0.0,7,2018,10.57,3.44,4.8,559.1999999999999,1.735715576060782,25.27,32.76
2018-12-10,2939,21000,2448000,116.5,117.0,116.0,116.0,-0.5,17,2018,10.53,3.43,4.8,556.8,1.72826615298756,25.27,32.76
2018-12-11,2939,11000,1276500,116.0,117.0,115.5,115.5,-0.5,10,2018,10.48,3.41,4.8,554.4,1.7208167299143378,25.27,32.76
2018-12-12,2939,5000,578500,115.5,116.5,115.0,115.0,-0.5,4,2018,10.44,3.4,4.8,552.0,1.7133673068411157,25.27,32.76
2018-12-13,2939,102100,12113800,115.0,122.0,115.0,119.0,4.0,82,2018,10.8,3.52,4.8,571.1999999999999,1.7729626914268932,25.27,32.76
2018-12-14,2939,113000,13550000,119.5,122.0,116.5,120.0,1.0,62,2018,10.89,3.55,4.8,576.0,1.787861537573338,25.27,32.76
2018-12-17,2939,58000,6992000,120.0,122.5,118.5,118.5,-1.5,40,2018,10.75,3.5,4.8,568.8,1.7655132683536714,25.27,32.76
2018-12-18,2939,377027,46903321,120.0,127.0,120.0,123.0,4.5,246,2018,11.16,3.63,4.8,590.4,1.8325580760126714,25.27,32.76
2018-12-19,2939,259655,31853375,123.5,127.0,115.5,126.0,3.0,170,2018,11.43,3.72,4.8,604.8,1.8772546144520048,25.27,32.76
2018-12-20,2939,110049,13893625,125.0,128.0,123.5,126.5,0.5,86,2018,11.48,3.74,4.8,607.1999999999999,1.8847040375252269,25.27,32.76
2018-12-21,2939,15001,1863625,124.5,124.5,124.0,124.0,-2.5,14,2018,11.25,3.66,4.8,595.1999999999999,1.8474569221591157,25.27,32.76
2018-12-22,2939,15100,1839500,123.0,123.0,121.0,121.0,-3.0,13,2018,10.98,3.57,4.8,580.8,1.8027603837197825,25.27,32.76
2018-12-24,2939,32122,3833896,120.0,120.0,118.5,119.0,-2.0,30,2018,10.8,3.52,4.8,571.1999999999999,1.7729626914268932,25.27,32.76
2018-12-25,2939,41010,4778150,118.5,118.5,116.0,116.0,-3.0,34,2018,10.53,3.43,4.8,556.8,1.72826615298756,25.27,32.76
2018-12-26,2939,7000,810500,116.0,116.5,115.5,116.5,0.5,7,2018,10.57,3.44,4.8,559.1999999999999,1.735715576060782,25.27,32.76
2018-12-27,2939,39000,4476000,116.0,116.0,114.0,114.0,-2.5,32,2018,10.34,3.37,4.8,547.1999999999999,1.6984684606946707,25.27,32.76
2018-12-28,2939,491090,51297770,113.0,113.0,103.0,104.0,-10.0,370,2018,9.44,3.07,4.8,499.2,1.5494799992302264,25.27,32.76
2019-01-02,2939,149002,15203702,105.5,105.5,100.0,100.5,-3.5,122,2019,9.12,2.97,4.72,474.35999999999996,1.5164942244319382,12.53,15.63
2019-01-03,2939,107000,11371500,108.5,108.5,103.0,103.0,2.5,83,2019,9.35,3.04,4.72,486.15999999999997,1.5542179613581057,12.53,15.63
2019-01-04,2939,20000,2057000,103.0,103.0,102.0,103.0,0.0,20,2019,9.35,3.04,4.72,486.15999999999997,1.5542179613581057,12.53,15.63
2019-01-07,2939,26003,2684810,104.0,104.5,102.5,102.5,-0.5,28,2019,9.3,3.03,4.72,483.79999999999995,1.546673213972872,12.53,15.63
2019-01-08,2939,209040,20982840,102.5,102.5,99.0,100.0,-2.5,149,2019,9.07,2.95,4.72,472.0,1.5089494770467045,12.53,15.63
2019-01-09,2939,22010,2218020,100.0,101.0,100.0,101.0,1.0,22,2019,9.17,2.98,4.72,476.71999999999997,1.5240389718171716,12.53,15.63
2019-01-10,2939,24000,2400600,100.5,100.5,99.7,100.5,-0.5,20,2019,9.12,2.97,4.72,474.35999999999996,1.5164942244319382,12.53,15.63
2019-01-11,2939,40000,4051500,100.0,102.0,100.0,101.5,1.0,35,2019,9.21,3.0,4.72,479.08,1.531583719202405,12.53,15.63
2019-01-14,2939,11000,1100600,101.0,101.0,99.7,99.8,-1.7,10,2019,9.06,2.95,4.72,471.056,1.5059315780926112,12.53,15.63
2019-01-15,2939,30000,2998000,99.7,100.5,99.7,100.0,0.2,30,2019,9.07,2.95,4.72,472.0,1.5089494770467045,12.53,15.63
2019-01-16,2939,18000,1799000,100.0,100.0,99.8,100.0,0.0,17,2019,9.07,2.95,4.72,472.0,1.5089494770467045,12.53,15.63
2019-01-17,2939,31000,3096200,100.5,101.0,99.2,99.2,-0.8,29,2019,9.0,2.93,4.72,468.224,1.496877881230331,12.53,15.63
2019-01-18,2939,77030,7592267,99.3,100.0,98.0,98.0,-1.2,61,2019,8.89,2.9,4.72,462.56,1.4787704875057706,12.53,15.63
2019-01-21,2939,15000,1477300,98.1,98.9,98.1,98.5,0.5,14,2019,8.94,2.91,4.72,464.91999999999996,1.486315234891004,12.53,15.63
2019-01-22,2939,75520,7574732,98.5,103.0,98.0,100.5,2.0,66,2019,9.12,2.97,4.72,474.35999999999996,1.5164942244319382,12.53,15.63
2019-01-23,2939,18081,1816559,100.5,101.0,100.0,100.5,0.0,19,2019,9.12,2.97,4.72,474.35999999999996,1.5164942244319382,12.53,15.63
2019-01-24,2939,20000,2018000,100.5,101.5,100.5,100.5,0.0,12,2019,9.12,2.97,4.72,474.35999999999996,1.5164942244319382,12.53,15.63
2019-01-25,2939,26100,2631950,100.5,101.0,100.5,100.5,0.0,24,2019,9.12,2.97,4.72,474.35999999999996,1.5164942244319382,12.53,15.63
2019-01-28,2939,46050,4619585,101.0,101.0,99.6,99.9,-0.6,45,2019,9.07,2.95,4.72,471.528,1.5074405275696579,12.53,15.63
2019-01-29,2939,21309,2145091,100.0,101.5,100.0,100.0,0.1,22,2019,9.07,2.95,4.72,472.0,1.5089494770467045,12.53,15.63
2019-01-30,2939,21000,2102800,100.0,101.0,99.2,101.0,1.0,21,2019,9.17,2.98,4.72,476.71999999999997,1.5240389718171716,12.53,15.63
2019-02-11,2939,39200,3991700,101.0,102.0,101.0,102.0,1.0,39,2019,9.26,3.01,4.72,481.44,1.5539576147602734,12.53,15.63
2019-02-12,2939,121056,12226712,102.0,102.0,100.0,100.5,-1.5,93,2019,9.12,2.97,4.72,474.35999999999996,1.5311052968961516,12.53,15.63
2019-02-13,2939,239000,24086000,100.5,102.5,100.0,102.0,1.5,192,2019,9.26,3.01,4.72,481.44,1.5539576147602734,12.53,15.63
2019-02-14,2939,199000,20177500,102.0,103.5,100.0,101.0,-1.0,185,2019,9.17,2.98,4.72,476.71999999999997,1.5387227361841922,12.53,15.63
2019-02-15,2939,37005,3722555,101.0,101.0,100.5,100.5,-0.5,24,2019,9.12,2.97,4.72,474.35999999999996,1.5311052968961516,12.53,15.63
2019-02-18,2939,1237112,128787875,103.0,110.5,100.0,110.5,10.0,902,2019,10.03,3.26,4.72,521.56,1.6834540826569626,12.53,15.63
2019-02-19,2939,1410214,166984680,114.5,121.5,114.0,120.0,9.5,1029,2019,10.89,3.55,4.72,566.4,1.8281854291297335,12.53,15.63
2019-02-20,2939,1592593,193492125,117.5,128.0,115.0,125.0,5.0,1237,2019,11.34,3.69,4.72,590.0,1.904359822010139,12.53,15.63
2019-02-21,2939,977011,118427375,124.0,125.5,116.5,124.0,-1.0,734,2019,11.25,3.66,4.72,585.28,1.8891249434340578,12.53,15.63
2019-02-22,2939,930061,109480727,123.0,123.0,115.5,115.5,-8.5,768,2019,10.48,3.41,4.72,545.16,1.7596284755373683,12.53,15.63
2019-02-25,2939,803000,96489500,118.0,123.0,117.0,121.0,5.5,614,2019,10.98,3.57,4.72,571.12,1.8434203077058144,12.53,15.63
2019-02-26,2939,560010,69388785,120.5,126.5,119.5,123.5,2.5,421,2019,11.21,3.65,4.72,582.92,1.8815075041460172,12.53,15.63
2019-02-27,2939,182000,22507500,123.5,124.5,122.5,123.0,-0.5,153,2019,11.16,3.63,4.72,580.56,1.8738900648579764,12.53,15.63
2019-03-04,2939,160051,19299798,122.5,123.0,119.0,121.0,-2.0,128,2019,10.98,3.57,4.72,571.12,1.9702040785349453,12.53,15.63
2019-03-05,2939,104005,12542117,121.0,122.0,119.5,121.0,0.0,92,2019,10.98,3.57,4.72,571.12,1.9702040785349453,12.53,15.63
2019-03-06,2939,100080,11975180,121.5,121.5,119.0,119.5,-1.5,81,2019,10.84,3.53,4.72,564.04,1.945780061032446,12.53,15.63
2019-03-07,2939,63000,7540500,120.5,120.5,119.0,120.0,0.5,56,2019,10.89,3.55,4.72,566.4,1.9539214001999459,12.53,15.63
2019-03-08,2939,112000,13326500,120.0,120.5,117.5,120.5,0.5,93,2019,10.93,3.56,4.72,568.76,1.9620627393674455,12.53,15.63
2019-03-11,2939,30150,3618850,119.5,120.5,119.5,120.0,-0.5,30,2019,10.89,3.55,4.72,566.4,1.9539214001999459,12.53,15.63
2019-03-12,2939,137104,16151323,119.5,119.5,116.5,118.0,-2.0,124,2019,10.71,3.49,4.72,556.9599999999999,1.9213560435299464,12.53,15.63
2019-03-13,2939,114050,13349425,117.5,119.0,115.5,117.5,-0.5,99,2019,10.66,3.47,4.72,554.6,1.913214704362447,12.53,15.63
2019-03-14,2939,70050,8124975,116.0,117.5,115.0,116.5,-1.0,59,2019,10.57,3.44,4.72,549.88,1.8969320260274474,12.53,15.63
2019-03-15,2939,40457,4689783,116.0,116.5,115.5,115.5,-1.0,39,2019,10.48,3.41,4.72,545.16,1.8806493476924477,12.53,15.63
2019-03-18,2939,59156,6864018,116.0,116.5,115.5,115.5,0.0,43,2019,10.48,3.41,4.72,545.16,1.8806493476924477,12.53,15.63
2019-03-19,2939,407500,50116500,115.5,126.5,115.5,122.0,6.5,297,2019,11.07,3.6,4.72,575.8399999999999,1.9864867568699445,12.53,15.63
2019-03-20,2939,95293,11428453,122.0,122.0,119.0,119.5,-2.5,82,2019,10.84,3.53,4.72,564.04,1.945780061032446,12.53,15.63
2019-03-21,2939,39114,4676235,119.5,120.0,118.5,119.5,0.0,40,2019,10.84,3.53,4.72,564.04,1.945780061032446,12.53,15.63
2019-03-22,2939,39010,4663700,120.0,120.5,119.0,119.0,-0.5,34,2019,10.8,3.52,4.72,561.68,1.9376387218649458,12.53,15.63
2019-03-25,2939,38001,4436628,116.0,117.5,116.0,117.0,-2.0,35,2019,10.62,3.46,4.72,552.24,1.9050733651949472,12.53,15.63
2019-03-26,2939,26090,3064075,117.0,118.0,117.0,117.5,0.5,25,2019,10.96,3.45,4.72,554.6,1.913214704362447,12.53,15.63
2019-03-27,2939,32000,3762000,118.0,118.0,117.0,117.0,-0.5,26,2019,10.91,3.44,4.72,552.24,1.9050733651949472,12.53,15.63
2019-03-28,2939,28002,3308742,118.5,118.5,117.0,117.0,0.0,29,2019,10.91,3.44,4.72,552.24,1.9050733651949472,12.53,15.63
2019-03-29,2939,26003,3059357,118.0,118.0,117.0,118.0,1.0,25,2019,11.01,3.47,4.72,556.9599999999999,1.9213560435299464,12.53,15.63
2019-04-01,2939,22000,2596500,118.0,118.5,117.5,118.0,0.0,19,2019,11.01,3.47,4.72,556.9599999999999,1.9213560435299464,12.53,15.63
2019-04-02,2939,32000,3772000,118.0,118.5,117.0,117.0,-1.0,28,2019,10.91,3.44,4.72,552.24,1.9667745310818328,12.53,15.63
2019-04-03,2939,23000,2695500,117.0,118.0,117.0,118.0,1.0,22,2019,11.01,3.47,4.72,556.9599999999999,1.9835845698090278,12.53,15.63
2019-04-08,2939,40008,4714460,118.0,118.0,117.5,118.0,0.0,34,2019,11.01,3.47,4.72,556.9599999999999,1.9835845698090278,12.53,15.63
2019-04-09,2939,46000,5330500,118.0,118.0,115.0,115.0,-3.0,40,2019,10.73,3.38,4.72,542.8,1.9331544536274425,12.53,15.63
2019-04-10,2939,43242,5005451,115.0,116.5,115.0,116.0,1.0,34,2019,10.82,3.41,4.72,547.52,1.9499644923546378,12.53,15.63
2019-04-11,2939,12000,1387000,115.5,116.0,115.5,115.5,-0.5,12,2019,10.77,3.39,4.72,545.16,1.9415594729910401,12.53,15.63
2019-04-12,2939,321049,35595012,115.5,117.0,106.5,113.0,-2.5,274,2019,10.54,3.32,4.72,533.36,1.8995343761730523,12.53,15.63
2019-04-15,2939,46270,5143334,113.0,113.0,110.5,111.0,-2.0,45,2019,10.35,3.26,4.72,523.92,1.8659142987186619,12.53,15.63
2019-04-16,2939,51100,5585200,111.5,111.5,108.5,108.5,-2.5,48,2019,10.12,3.19,4.72,512.12,1.823889201900674,12.53,15.63
2019-04-17,2939,34000,3691000,109.0,109.0,108.0,108.5,0.0,31,2019,10.12,3.19,4.72,512.12,1.823889201900674,12.53,15.63
2019-04-18,2939,82000,8757500,108.5,108.5,106.0,106.0,-2.5,69,2019,9.89,3.11,4.72,500.32,1.7818641050826862,12.53,15.63
2019-04-19,2939,108069,11807090,106.5,111.0,106.5,109.0,3.0,101,2019,10.17,3.2,4.72,514.48,1.8322942212642717,12.53,15.63
2019-04-22,2939,180100,19515950,108.5,113.5,105.0,110.5,1.5,151,2019,10.31,3.25,4.72,521.56,1.857509279355064,12.53,15.63
2019-04-23,2939,124010,13342570,110.0,110.0,106.5,107.0,-3.5,123,2019,9.98,3.14,4.72,505.03999999999996,1.7986741438098812,12.53,15.63
2019-04-24,2939,696000,73962000,107.5,110.0,103.0,107.5,0.5,529,2019,10.03,3.16,4.72,507.4,1.8070791631734788,12.53,15.63
2019-04-25,2939,231040,25523420,107.5,112.5,107.0,110.0,2.5,181,2019,10.26,3.23,4.72,519.1999999999999,1.8491042599914664,12.53,15.63
2019-04-26,2939,39000,4249000,109.5,109.5,108.0,108.5,-1.5,28,2019,10.12,3.19,4.72,512.12,1.823889201900674,12.53,15.63
2019-04-29,2939,579056,60615436,108.5,108.5,102.5,107.0,-1.5,445,2019,9.98,3.14,4.72,505.03999999999996,1.7986741438098812,12.53,15.63
2019-04-30,2939,38030,4010195,107.0,107.0,104.5,105.5,-1.5,33,2019,9.84,3.1,4.72,497.96,1.7734590857190886,12.53,15.63
2019-05-02,2939,125007,13576259,107.0,110.0,107.0,107.5,2.0,89,2019,10.03,3.16,4.72,507.4,1.84682222097661,12.53,15.63
2019-05-03,2939,23074,2469454,108.0,108.0,106.5,106.5,-1.0,24,2019,9.93,3.13,4.72,502.67999999999995,1.8296424793861297,12.53,15.63
2019-05-06,2939,78000,8149000,106.0,106.0,104.0,104.0,-2.5,55,2019,9.7,3.06,4.72,490.88,1.7866931254099296,12.53,15.63
2019-05-07,2939,86000,9207500,105.0,109.5,105.0,105.5,1.5,58,2019,9.84,3.1,4.72,497.96,1.81246273779565,12.53,15.63
2019-05-08,2939,13000,1373000,105.5,106.0,105.5,105.5,0.0,12,2019,9.84,3.1,4.72,497.96,1.81246273779565,12.53,15.63
2019-05-09,2939,44000,4597000,105.5,105.5,104.0,104.0,-1.5,40,2019,9.7,3.06,4.72,490.88,1.7866931254099296,12.53,15.63
2019-05-10,2939,3000,312000,104.0,104.0,104.0,104.0,0.0,3,2019,9.7,3.06,4.72,490.88,1.7866931254099296,12.53,15.63
2019-05-13,2939,40150,4139600,103.5,104.0,102.0,102.0,-2.0,34,2019,9.51,3.0,4.72,481.44,1.7523336422289695,12.53,15.63
2019-05-14,2939,53050,5335650,101.0,102.0,99.5,101.0,-1.0,49,2019,9.82,2.83,4.72,476.71999999999997,1.7351539006384895,12.53,15.63
2019-05-15,2939,25120,2558680,101.0,102.0,101.0,101.5,0.5,27,2019,9.87,2.84,4.72,479.08,1.7437437714337296,12.53,15.63
2019-05-16,2939,20080,2045280,101.5,102.0,101.5,102.0,0.5,19,2019,9.92,2.86,4.72,481.44,1.7523336422289695,12.53,15.63
2019-05-17,2939,46000,4649500,102.0,102.5,100.0,100.5,-1.5,39,2019,9.78,2.81,4.72,474.35999999999996,1.7265640298432494,12.53,15.63
2019-05-20,2939,10000,1009000,101.0,101.5,100.0,100.0,-0.5,10,2019,9.73,2.8,4.72,472.0,1.7179741590480093,12.53,15.63
2019-05-21,2939,161100,16303100,104.5,104.5,100.0,100.5,0.5,126,2019,9.78,2.81,4.72,474.35999999999996,1.7265640298432494,12.53,15.63
2019-05-22,2939,72000,7216000,101.5,101.5,100.0,100.0,-0.5,61,2019,9.73,2.8,4.72,472.0,1.7179741590480093,12.53,15.63
2019-05-23,2939,60000,5955900,100.0,100.0,98.6,98.6,-1.4,51,2019,9.59,2.76,4.72,465.39199999999994,1.6939225208213369,12.53,15.63
2019-05-24,2939,120000,12322500,103.0,104.5,100.0,101.0,2.4,100,2019,9.82,2.83,4.72,476.71999999999997,1.7351539006384895,12.53,15.63
2019-05-27,2939,24000,2410500,101.0,101.0,100.0,100.0,-1.0,18,2019,9.73,2.8,4.72,472.0,1.7179741590480093,12.53,15.63
2019-05-28,2939,18000,1820000,100.5,102.0,100.5,102.0,2.0,17,2019,9.92,2.86,4.72,481.44,1.7523336422289695,12.53,15.63
2019-05-29,2939,34000,3428000,101.0,102.0,100.0,100.5,-1.5,25,2019,9.78,2.81,4.72,474.35999999999996,1.7265640298432494,12.53,15.63
2019-05-30,2939,15078,1526495,100.5,102.0,100.5,101.0,0.5,17,2019,9.82,2.83,4.72,476.71999999999997,1.7351539006384895,12.53,15.63
2019-05-31,2939,23000,2338000,101.0,102.0,101.0,101.5,0.5,23,2019,9.87,2.84,4.72,479.08,1.7437437714337296,12.53,15.63
2019-06-03,2939,23000,2349000,102.0,102.5,101.5,102.5,1.0,23,2019,9.97,2.87,4.72,483.79999999999995,1.8325438268878649,12.53,15.63
2019-06-04,2939,23301,2379401,102.5,102.5,101.5,101.5,-1.0,28,2019,9.87,2.84,4.72,479.08,1.8146653505279833,12.53,15.63
2019-06-05,2939,68030,7046090,102.5,104.5,102.5,103.0,1.5,56,2019,10.02,2.88,4.72,486.15999999999997,1.8414830650678056,12.53,15.63
2019-06-06,2939,19000,1969500,104.0,104.0,103.0,103.0,0.0,18,2019,10.02,2.88,4.72,486.15999999999997,1.8414830650678056,12.53,15.63
2019-06-10,2939,48010,5029045,104.0,105.5,104.0,104.0,1.0,44,2019,10.12,2.91,4.72,490.88,1.8593615414276872,12.53,15.63
2019-06-11,2939,68015,7013075,104.0,104.0,102.0,104.0,0.0,49,2019,10.12,2.91,4.72,490.88,1.8593615414276872,12.53,15.63
2019-06-12,2939,39000,4058000,104.0,104.5,103.5,104.5,0.5,32,2019,10.17,2.93,4.72,493.23999999999995,1.8683007796076276,12.53,15.63
2019-06-13,2939,103209,10959654,104.5,108.5,104.5,106.5,2.0,98,2019,10.36,2.98,4.72,502.67999999999995,1.9040577323273908,12.53,15.63
2019-06-14,2939,135615,14146575,102.0,106.0,102.0,105.0,-1.5,129,2019,10.21,2.94,4.72,495.59999999999997,1.8772400177875688,12.53,15.63
2019-06-17,2939,98500,9490250,97.5,97.5,95.5,95.6,0.0,90,2019,9.3,2.68,4.72,451.23199999999997,1.7091823400046817,12.53,15.63
2019-06-18,2939,50342,4831674,96.5,97.0,95.2,96.6,1.0,51,2019,9.4,2.71,4.72,455.95199999999994,1.7270608163645629,12.53,15.63
2019-06-19,2939,36000,3497400,97.0,97.6,96.6,97.1,0.5,32,2019,9.45,2.72,4.72,458.31199999999995,1.7360000545445042,12.53,15.63
2019-06-20,2939,211100,21731300,96.7,106.5,96.5,102.0,4.9,174,2019,9.92,2.86,4.72,481.44,1.823604588707924,12.53,15.63
2019-06-21,2939,462121,50022628,103.0,111.5,101.5,105.5,3.5,304,2019,10.26,2.95,4.72,497.96,1.8861792559675097,12.53,15.63
2019-06-24,2939,288221,32072531,107.5,114.5,107.0,111.5,6.0,223,2019,10.85,3.12,4.72,526.28,1.9934501141267993,12.53,15.63
2019-06-25,2939,110020,12306200,112.0,113.5,109.5,110.0,-1.5,96,2019,10.7,3.08,4.72,519.1999999999999,1.9666323995869766,12.53,15.63
2019-06-26,2939,46010,5096605,111.0,112.0,110.0,111.5,1.5,39,2019,10.85,3.12,4.72,526.28,1.9934501141267993,12.53,15.63
2019-06-27,2939,28001,3091109,112.0,112.0,109.5,110.0,-1.5,27,2019,10.7,3.08,4.72,519.1999999999999,1.9666323995869766,12.53,15.63
2019-06-28,2939,50210,5406470,109.5,109.5,106.5,107.0,-3.0,44,2019,10.41,3.0,4.72,505.03999999999996,1.912996970507332,12.53,15.63
2019-07-01,2939,388300,44032000,108.0,117.0,107.0,116.0,9.0,245,2019,11.28,3.25,4.72,547.52,2.0739032577462666,12.53,15.63
2019-07-02,2939,234425,27697875,116.0,121.5,114.0,115.0,-1.0,189,2019,11.19,3.22,4.72,542.8,2.075584465542736,12.53,15.63
2019-07-03,2939,63102,7295730,114.5,117.0,114.0,116.0,1.0,51,2019,11.28,3.25,4.72,547.52,2.0936330261126725,12.53,15.63
2019-07-04,2939,22020,2538280,116.5,116.5,114.5,114.5,-1.5,21,2019,11.14,3.21,4.72,540.4399999999999,2.0665601852577673,12.53,15.63
2019-07-05,2939,50050,5734175,114.5,115.0,114.0,114.5,0.0,30,2019,11.14,3.21,4.72,540.4399999999999,2.0665601852577673,12.53,15.63
2019-07-08,2939,14002,1604728,115.0,115.0,114.5,114.5,0.0,15,2019,11.14,3.21,4.72,540.4399999999999,2.0665601852577673,12.53,15.63
2019-07-09,2939,15000,1721500,116.0,116.0,114.0,114.0,-0.5,14,2019,11.09,3.19,4.72,538.0799999999999,2.0575359049727986,12.53,15.63
2019-07-10,2939,33030,3794950,114.0,115.5,114.0,115.5,1.5,29,2019,11.24,3.23,4.72,545.16,2.0846087458277043,12.53,15.63
2019-07-11,2939,29020,3355300,116.5,116.5,115.0,115.0,-0.5,21,2019,11.19,3.22,4.72,542.8,2.075584465542736,12.53,15.63
2019-07-12,2939,12008,1380915,115.0,115.5,114.5,114.5,-0.5,14,2019,11.14,3.21,4.72,540.4399999999999,2.0665601852577673,12.53,15.63
2019-07-15,2939,3024,346748,115.0,115.0,114.5,114.5,0.0,5,2019,11.14,3.21,4.72,540.4399999999999,2.0665601852577673,12.53,15.63
2019-07-16,2939,23000,2610500,114.5,114.5,113.0,113.5,-1.0,15,2019,11.04,3.18,4.72,535.72,2.0485116246878308,12.53,15.63
2019-07-17,2939,18000,2023500,113.0,113.0,112.0,112.0,-1.5,15,2019,10.89,3.14,4.72,528.64,2.0214387838329255,12.53,15.63
2019-07-18,2939,50270,5610335,111.0,112.0,111.0,111.5,-0.5,30,2019,10.85,3.12,4.72,526.28,2.012414503547957,12.53,15.63
2019-07-19,2939,22000,2461000,112.0,112.0,111.5,111.5,0.0,16,2019,10.85,3.12,4.72,526.28,2.012414503547957,12.53,15.63
2019-07-22,2939,63120,6954640,111.5,111.5,109.0,110.5,-1.0,42,2019,10.75,3.09,4.72,521.56,1.9943659429780198,12.53,15.63
2019-07-23,2939,20000,2205500,110.0,110.5,110.0,110.0,-0.5,14,2019,10.7,3.08,4.72,519.1999999999999,1.9853416626930513,12.53,15.63
2019-07-24,2939,47020,5097650,110.0,110.0,107.5,107.5,-2.5,44,2019,10.46,3.01,4.72,507.4,1.9402202612682096,12.53,15.63
2019-07-25,2939,12030,1300724,107.5,108.5,107.5,108.5,1.0,12,2019,10.55,3.04,4.72,512.12,1.9582688218381465,12.53,15.63
2019-07-26,2939,10000,1083000,108.5,108.5,107.0,108.5,0.0,10,2019,10.55,3.04,4.72,512.12,1.9582688218381465,12.53,15.63
2019-07-29,2939,16000,1748000,109.0,109.5,109.0,109.0,0.5,14,2019,10.6,3.05,4.72,514.48,1.9672931021231148,12.53,15.63
2019-07-30,2939,11008,1196860,109.5,109.5,108.5,108.5,-0.5,11,2019,10.55,3.04,4.72,512.12,1.9582688218381465,12.53,15.63
2019-07-31,2939,6200,669400,108.0,108.0,108.0,108.0,-0.5,5,2019,10.51,3.02,4.72,509.76,1.949244541553178,12.53,15.63
2019-08-01,2939,8050,866850,107.5,108.5,107.0,108.0,0.0,9,2019,10.51,3.02,4.72,509.76,1.949244541553178,12.53,15.63
2019-08-02,2939,5275,561150,106.0,106.5,106.0,106.5,-1.5,7,2019,10.36,2.98,4.72,502.67999999999995,1.9999657839863483,12.53,15.63
2019-08-05,2939,16000,1683500,106.0,106.0,105.0,105.0,-1.5,15,2019,10.21,2.94,4.72,495.59999999999997,1.9717972518175269,12.53,15.63
2019-08-06,2939,5100,530900,104.0,104.5,104.0,104.5,-0.5,6,2019,10.17,2.93,4.72,493.23999999999995,1.9624077410945857,12.53,15.63
2019-08-07,2939,8001,832604,104.5,104.5,103.5,103.5,-1.0,7,2019,10.07,2.9,4.72,488.52,1.943628719648705,12.53,15.63
2019-08-08,2939,25000,2699000,104.0,110.0,104.0,107.0,3.5,24,2019,10.41,3.0,4.72,505.03999999999996,2.009355294709289,12.53,15.63
2019-08-12,2939,2000,214000,107.0,107.0,107.0,107.0,0.0,2,2019,10.41,3.0,4.72,505.03999999999996,2.009355294709289,12.53,15.63
2019-08-13,2939,16000,1687000,106.0,106.0,105.0,105.0,-2.0,12,2019,10.21,2.94,4.72,495.59999999999997,1.9717972518175269,12.53,15.63
2019-08-14,2939,32020,3342100,105.0,106.0,103.0,106.0,1.0,28,2019,14.4,3.83,4.72,500.32,1.990576273263408,12.53,15.63
2019-08-15,2939,6010,630560,105.0,105.5,104.0,105.5,-0.5,7,2019,14.33,3.82,4.72,497.96,1.9811867625404673,12.53,15.63
2019-08-16,2939,3000,320500,109.0,109.0,105.5,105.5,0.0,3,2019,14.33,3.82,4.72,497.96,1.9811867625404673,12.53,15.63
2019-08-19,2939,8000,843000,105.5,105.5,105.0,105.5,0.0,5,2019,14.33,3.82,4.72,497.96,1.9811867625404673,12.53,15.63
2019-08-20,2939,13100,1386449,105.5,106.0,105.5,105.5,0.0,11,2019,14.33,3.82,4.72,497.96,1.9811867625404673,12.53,15.63
2019-08-21,2939,25000,2617500,105.0,105.5,104.0,105.5,0.0,22,2019,14.33,3.82,4.72,497.96,1.9811867625404673,12.53,15.63
2019-08-22,2939,2011,211155,105.0,105.0,105.0,105.0,-0.5,4,2019,14.27,3.8,4.72,495.59999999999997,1.9717972518175269,12.53,15.63
2019-08-23,2939,0,0,0.0,0.0,0.0,0.0,0.0,0,2019,14.27,3.8,4.72,0.0,0.0,12.53,15.63
2019-08-26,2939,14000,1447000,104.0,104.5,103.0,104.5,0.0,12,2019,14.2,3.78,4.72,493.23999999999995,1.9624077410945857,12.53,15.63
2019-08-27,2939,10000,1032000,103.0,104.0,103.0,103.5,-1.0,10,2019,14.06,3.74,4.72,488.52,1.943628719648705,12.53,15.63
2019-08-28,2939,9001,929103,103.5,103.5,103.0,103.5,0.0,9,2019,14.06,3.74,4.72,488.52,1.943628719648705,12.53,15.63
2019-08-29,2939,7000,723500,103.0,104.0,103.0,104.0,0.5,6,2019,14.13,3.76,4.72,490.88,1.9530182303716457,12.53,15.63
2019-08-30,2939,16000,1661000,103.5,104.5,103.0,104.5,0.5,13,2019,14.2,3.78,4.72,493.23999999999995,1.9624077410945857,12.53,15.63
2019-09-02,2939,36045,3720157,103.0,105.0,100.5,103.5,-1.0,33,2019,14.06,3.74,4.72,488.52,2.0054491796468175,12.53,15.63
2019-09-03,2939,19000,1955500,103.0,103.5,102.5,103.0,-0.5,18,2019,13.99,3.73,4.72,486.15999999999997,1.9957610193586683,12.53,15.63
2019-09-04,2939,6000,620000,103.0,103.5,103.0,103.0,0.0,6,2019,13.99,3.73,4.72,486.15999999999997,1.9957610193586683,12.53,15.63
2019-09-05,2939,7100,733800,103.0,104.0,103.0,103.5,0.5,8,2019,14.06,3.74,4.72,488.52,2.0054491796468175,12.53,15.63
2019-09-06,2939,78000,8208500,104.0,106.5,104.0,105.0,1.5,62,2019,14.27,3.8,4.72,495.59999999999997,2.034513660511264,12.53,15.63
2019-09-09,2939,50002,5332212,106.0,107.5,105.5,105.5,0.5,44,2019,14.33,3.82,4.72,497.96,2.0442018207994126,12.53,15.63
2019-09-10,2939,9000,959000,106.5,107.5,106.0,106.0,0.5,8,2019,14.4,3.83,4.72,500.32,2.0538899810875617,12.53,15.63
2019-09-11,2939,30043,3244079,106.5,109.0,106.5,107.5,1.5,31,2019,14.61,3.89,4.72,507.4,2.082954461952008,12.53,15.63
2019-09-12,2939,15000,1604000,107.5,107.5,106.5,106.5,-1.0,13,2019,14.47,3.85,4.72,502.67999999999995,2.06357814137571,12.53,15.63
2019-09-16,2939,7044,747620,106.5,106.5,106.0,106.0,-0.5,7,2019,14.4,3.83,4.72,500.32,2.0538899810875617,12.53,15.63
2019-09-17,2939,3002,316208,106.0,106.0,105.0,105.0,-1.0,5,2019,14.27,3.8,4.72,495.59999999999997,2.034513660511264,12.53,15.63
2019-09-18,2939,13000,1375500,105.0,106.5,105.0,106.5,1.5,12,2019,14.47,3.85,4.72,502.67999999999995,2.06357814137571,12.53,15.63
2019-09-19,2939,3000,315000,105.0,105.0,105.0,105.0,-1.5,3,2019,14.27,3.8,4.72,495.59999999999997,2.034513660511264,12.53,15.63
2019-09-20,2939,7030,734590,105.0,105.5,104.0,104.0,-1.0,8,2019,14.13,3.76,4.72,490.88,2.015137339934966,12.53,15.63
2019-09-23,2939,14000,1447000,104.0,104.0,103.0,103.5,-0.5,11,2019,14.06,3.74,4.72,488.52,2.0054491796468175,12.53,15.63
2019-09-24,2939,7000,724000,102.5,104.0,102.5,103.5,0.0,7,2019,14.06,3.74,4.72,488.52,2.0054491796468175,12.53,15.63
2019-09-25,2939,6000,621000,103.5,103.5,103.5,103.5,0.0,4,2019,14.06,3.74,4.72,488.52,2.0054491796468175,12.53,15.63
2019-09-26,2939,4000,411000,103.0,103.0,102.5,102.5,-1.0,4,2019,13.93,3.71,4.72,483.79999999999995,1.9860728590705194,12.53,15.63
2019-09-27,2939,14080,1428160,102.0,102.0,101.0,101.0,-1.5,12,2019,13.72,3.65,4.72,476.71999999999997,1.957008378206073,12.53,15.63
2019-10-01,2939,32000,3245000,102.0,103.0,100.0,102.5,1.5,29,2019,13.93,3.71,4.72,483.79999999999995,1.9860728590705194,12.53,15.63
2019-10-02,2939,0,0,0.0,0.0,0.0,0.0,0.0,0,2019,13.93,3.71,4.72,0.0,0.0,12.53,15.63
2019-10-03,2939,6080,616080,101.0,102.0,101.0,101.5,0.0,6,2019,13.79,3.67,4.72,479.08,2.0289150462761016,12.53,15.63
2019-10-04,2939,10300,1038500,101.0,101.5,100.5,101.0,-0.5,13,2019,13.72,3.65,4.72,476.71999999999997,2.0189203908757265,12.53,15.63
2019-10-07,2939,4100,416700,101.5,102.0,101.0,101.0,0.0,4,2019,13.72,3.65,4.72,476.71999999999997,2.0189203908757265,12.53,15.63
2019-10-08,2939,1020,103020,101.0,101.0,101.0,101.0,0.0,2,2019,13.72,3.65,4.72,476.71999999999997,2.0189203908757265,12.53,15.63
2019-10-09,2939,12102,1212102,100.5,101.0,99.6,100.0,-1.0,16,2019,13.59,3.62,4.72,472.0,1.9989310800749769,12.53,15.63
2019-10-14,2939,53000,5325400,100.5,103.5,98.0,101.5,1.5,49,2019,13.79,3.67,4.72,479.08,2.0289150462761016,12.53,15.63
2019-10-15,2939,51000,5152200,101.5,103.5,99.9,102.0,0.5,43,2019,13.86,3.69,4.72,481.44,2.0389097016764763,12.53,15.63
2019-10-16,2939,37007,3750714,101.0,102.0,100.0,101.0,-1.0,35,2019,13.72,3.65,4.72,476.71999999999997,2.0189203908757265,12.53,15.63
2019-10-17,2939,6000,609500,101.5,102.0,101.0,102.0,1.0,6,2019,13.86,3.69,4.72,481.44,2.0389097016764763,12.53,15.63
2019-10-18,2939,49000,4922000,101.5,101.5,100.0,100.5,-1.5,40,2019,13.65,3.63,4.72,474.35999999999996,2.008925735475352,12.53,15.63
2019-10-21,2939,40080,4072700,101.5,102.5,101.0,101.5,1.0,29,2019,13.79,3.67,4.72,479.08,2.0289150462761016,12.53,15.63
2019-10-22,2939,53100,5335700,101.5,101.5,99.9,99.9,-1.6,48,2019,13.57,3.61,4.72,471.528,1.996932148994902,12.53,15.63
2019-10-23,2939,14000,1411000,100.5,101.0,100.5,100.5,0.6,12,2019,13.65,3.63,4.72,474.35999999999996,2.008925735475352,12.53,15.63
2019-10-24,2939,36020,3602710,100.5,100.5,99.3,99.6,-0.9,26,2019,13.53,3.6,4.72,470.11199999999997,1.990935355754677,12.53,15.63
2019-10-25,2939,3000,298900,99.7,99.7,99.6,99.6,0.0,2,2019,13.53,3.6,4.72,470.11199999999997,1.990935355754677,12.53,15.63
2019-10-28,2939,11000,1103600,99.8,101.0,99.8,100.0,0.4,9,2019,13.59,3.62,4.72,472.0,1.9989310800749769,12.53,15.63
2019-10-29,2939,2000,201000,100.0,101.0,100.0,101.0,1.0,2,2019,13.72,3.65,4.72,476.71999999999997,2.0189203908757265,12.53,15.63
2019-10-30,2939,18000,1807500,100.5,101.5,100.0,101.5,0.5,10,2019,13.79,3.67,4.72,479.08,2.0289150462761016,12.53,15.63
2019-10-31,2939,18000,1811000,101.5,101.5,100.0,101.0,-0.5,13,2019,13.72,3.65,4.72,476.71999999999997,2.0189203908757265,12.53,15.63
2019-11-01,2939,13090,1317090,101.5,101.5,100.5,100.5,-0.5,11,2019,13.65,3.63,4.72,474.35999999999996,2.008925735475352,12.53,15.63
2019-11-04,2939,272023,28776984,101.0,110.0,101.0,107.0,6.5,183,2019,14.54,3.87,4.72,505.03999999999996,2.1212413949522655,12.53,15.63
2019-11-05,2939,72101,7894908,109.0,111.0,107.5,108.0,1.0,58,2019,14.67,3.91,4.72,509.76,2.141066080886399,12.53,15.63
2019-11-06,2939,280000,31741000,109.0,115.5,109.0,112.0,4.0,203,2019,15.22,4.05,4.72,528.64,2.220364824622932,12.53,15.63
2019-11-07,2939,81001,9229112,113.5,114.5,113.0,113.5,1.5,48,2019,15.42,4.1,4.72,535.72,2.2501018535241317,12.53,15.63
2019-11-08,2939,41100,4669200,115.0,115.0,113.0,113.0,-0.5,34,2019,15.35,4.09,4.72,533.36,2.240189510557065,12.53,15.63
2019-11-11,2939,40295,4458860,112.5,112.5,109.0,109.0,-4.0,41,2019,14.81,3.94,4.72,514.48,2.160890766820532,12.53,15.63
2019-11-12,2939,170012,19244380,108.0,116.0,108.0,114.0,5.0,103,2019,15.49,4.12,4.72,538.0799999999999,2.2600141964911984,12.53,15.63
2019-11-13,2939,33000,3750000,114.5,115.0,111.0,113.0,-1.0,24,2019,18.37,3.84,4.72,533.36,2.240189510557065,12.53,15.63
2019-11-14,2939,14000,1571500,112.0,113.0,111.5,113.0,0.0,13,2019,18.37,3.84,4.72,533.36,2.240189510557065,12.53,15.63
2019-11-15,2939,16000,1812000,113.5,113.5,113.0,113.0,0.0,13,2019,18.37,3.84,4.72,533.36,2.240189510557065,12.53,15.63
2019-11-18,2939,18000,2031000,113.5,113.5,112.0,113.0,0.0,14,2019,18.37,3.84,4.72,533.36,2.240189510557065,12.53,15.63
2019-11-19,2939,76120,8614060,112.0,115.0,110.0,114.5,1.5,50,2019,18.62,3.89,4.72,540.4399999999999,2.269926539458265,12.53,15.63
2019-11-20,2939,10100,1155300,115.0,115.0,114.0,114.0,-0.5,10,2019,18.54,3.87,4.72,538.0799999999999,2.2600141964911984,12.53,15.63
2019-11-21,2939,45000,5033000,113.5,113.5,110.5,110.5,-3.5,43,2019,17.97,3.75,4.72,521.56,2.1906277957217317,12.53,15.63
2019-11-22,2939,51000,5686500,113.0,114.0,110.0,111.0,0.5,46,2019,18.05,3.77,4.72,523.92,2.200540138688799,12.53,15.63
2019-11-25,2939,131001,14228111,110.5,111.5,106.0,110.5,-0.5,98,2019,17.97,3.75,4.72,521.56,2.1906277957217317,12.53,15.63
2019-11-26,2939,14055,1549550,110.5,111.0,109.0,111.0,0.5,14,2019,18.05,3.77,4.72,523.92,2.200540138688799,12.53,15.63
2019-11-27,2939,9000,1000000,110.0,112.0,110.0,111.0,0.0,9,2019,18.05,3.77,4.72,523.92,2.200540138688799,12.53,15.63
2019-11-28,2939,20010,2194590,111.0,111.0,109.0,110.0,-1.0,17,2019,17.89,3.74,4.72,519.1999999999999,2.180715452754665,12.53,15.63
2019-11-29,2939,9000,970000,109.0,109.0,107.0,107.0,-3.0,9,2019,17.4,3.63,4.72,505.03999999999996,2.1212413949522655,12.53,15.63
2019-12-02,2939,16000,1694500,106.5,106.5,105.5,106.0,-1.0,13,2019,17.24,3.6,4.72,500.32,2.150749336165921,12.53,15.63
2019-12-03,2939,8000,852000,106.5,106.5,106.5,106.5,0.5,8,2019,17.32,3.62,4.72,502.67999999999995,2.1608943802044394,12.53,15.63
2019-12-04,2939,2000,213000,106.5,106.5,106.5,106.5,0.0,2,2019,17.32,3.62,4.72,502.67999999999995,2.1608943802044394,12.53,15.63
2019-12-05,2939,23000,2417500,104.5,106.0,104.5,106.0,-0.5,20,2019,17.24,3.6,4.72,500.32,2.150749336165921,12.53,15.63
2019-12-06,2939,3000,315000,105.5,105.5,104.5,105.0,-1.0,3,2019,17.07,3.57,4.72,495.59999999999997,2.130459248088884,12.53,15.63
2019-12-09,2939,12000,1254000,104.5,105.0,104.0,105.0,0.0,12,2019,17.07,3.57,4.72,495.59999999999997,2.130459248088884,12.53,15.63
2019-12-10,2939,25002,2601212,103.0,105.5,103.0,105.5,0.5,27,2019,17.15,3.58,4.72,497.96,2.140604292127403,12.53,15.63
2019-12-11,2939,4003,416315,104.0,104.0,104.0,104.0,-1.5,5,2019,16.91,3.53,4.72,490.88,2.1101691600118473,12.53,15.63
2019-12-12,2939,109000,10914200,103.0,103.0,99.0,100.5,-3.5,82,2019,16.34,3.41,4.72,474.35999999999996,2.039153851742218,12.53,15.63
2019-12-13,2939,116002,11553702,100.0,101.0,98.5,100.5,0.0,91,2019,16.34,3.41,4.72,474.35999999999996,2.039153851742218,12.53,15.63
2019-12-16,2939,197112,19374688,100.5,100.5,97.2,99.0,-1.5,156,2019,16.1,3.36,4.72,467.28,2.0087187196266623,12.53,15.63
2019-12-17,2939,20100,1982200,99.0,99.0,98.2,98.9,-0.1,20,2019,16.08,3.36,4.72,466.808,2.0066897108189585,12.53,15.63
2019-12-18,2939,18000,1772900,99.0,99.0,98.1,99.0,0.1,17,2019,16.1,3.36,4.72,467.28,2.0087187196266623,12.53,15.63
2019-12-19,2939,13000,1279700,98.6,98.7,98.2,98.7,-0.3,8,2019,16.05,3.35,4.72,465.864,2.0026316932035515,12.53,15.63
2019-12-20,2939,55500,5436000,98.1,100.0,95.0,99.6,0.9,53,2019,16.2,3.38,4.72,470.11199999999997,2.0208927724728847,12.53,15.63
2019-12-23,2939,146043,14005366,98.5,98.5,95.0,96.0,-3.6,125,2019,15.61,3.26,4.72,453.12,1.9478484553955513,12.53,15.63
2019-12-24,2939,56000,5352900,96.0,96.6,95.3,96.4,0.4,20,2019,15.67,3.27,4.72,455.008,1.9559644906263662,12.53,15.63
2019-12-25,2939,337000,32063600,95.9,96.5,94.9,95.8,-0.6,165,2019,15.58,3.25,4.72,452.176,1.943790437780144,12.53,15.63
2019-12-26,2939,25320,2440352,96.4,97.0,95.4,96.7,0.9,25,2019,15.72,3.28,4.72,456.424,1.9620515170494772,12.53,15.63
2019-12-27,2939,6001,580496,96.7,96.8,96.7,96.8,0.1,7,2019,15.74,3.29,4.72,456.89599999999996,1.964080525857181,12.53,15.63
2019-12-30,2939,67000,6397500,96.3,96.4,95.0,96.4,-0.4,43,2019,15.67,3.27,4.72,455.008,1.9559644906263662,12.53,15.63
2019-12-31,2939,4000,385100,96.4,96.4,96.0,96.0,-0.4,4,2019,15.61,3.26,4.72,453.12,1.9478484553955513,12.53,15.63
2020-01-02,2939,135150,12688489,95.3,95.9,91.3,95.7,-0.3,124,2020,15.56,3.25,4.55,435.435,1.933232047338623,0.38,0.25
2020-01-03,2939,32500,3082250,95.9,96.4,93.5,94.7,-1.0,28,2020,15.4,3.22,4.55,430.885,1.9130310855064536,0.38,0.25
2020-01-06,2939,181013,16581419,94.0,94.7,89.0,92.9,-1.8,139,2020,15.11,3.16,4.55,422.695,1.8766693542085484,0.38,0.25
2020-01-07,2939,20332,1863576,92.0,92.2,91.2,92.1,-0.8,21,2020,14.98,3.13,4.55,419.05499999999995,1.8605085847428127,0.38,0.25
2020-01-08,2939,12050,1110950,91.5,92.3,91.5,92.2,0.1,12,2020,14.99,3.13,4.55,419.51,1.8625286809260297,0.38,0.25
2020-01-09,2939,37000,3376000,92.6,92.6,90.2,90.5,-1.7,36,2020,14.72,3.07,4.55,411.775,1.8281870458113416,0.38,0.25
2020-01-10,2939,186003,16883582,90.6,93.2,88.3,93.2,2.7,139,2020,15.15,3.17,4.55,424.06,1.8827296427581994,0.38,0.25
2020-01-13,2939,358004,34993000,93.0,102.0,92.0,100.0,6.8,165,2020,16.26,3.4,4.55,455.0,2.020096183216952,0.38,0.25
2020-01-14,2939,175649,17947249,101.0,105.0,99.5,102.0,2.0,140,2020,16.59,3.46,4.55,464.09999999999997,2.0604981068812913,0.38,0.25
2020-01-15,2939,43000,4312200,102.0,102.0,99.7,100.5,-1.5,33,2020,16.34,3.41,4.55,457.275,2.0301966641330367,0.38,0.25
2020-01-16,2939,22000,2187800,100.0,100.0,99.0,99.9,-0.6,20,2020,16.24,3.39,4.55,454.545,2.018076087033735,0.38,0.25
2020-01-17,2939,16000,1586300,99.6,100.0,98.6,99.0,-0.9,14,2020,16.1,3.36,4.55,450.45,1.9998952213847825,0.38,0.25
2020-01-20,2939,10000,986200,98.8,98.8,98.5,98.6,-0.4,8,2020,16.03,3.35,4.55,448.62999999999994,1.9918148366519144,0.38,0.25
2020-01-30,2939,283003,25251668,97.1,97.1,88.8,88.8,-9.8,141,2020,14.44,3.02,4.55,404.03999999999996,1.7938454106966533,0.38,0.25
2020-01-31,2939,517010,42642485,84.6,90.5,80.0,87.7,-1.1,411,2020,14.26,2.98,4.55,399.035,1.7716243526812672,0.38,0.25
2020-02-03,2939,39178,3312503,80.3,87.5,80.3,83.5,-4.2,42,2020,13.58,2.84,4.55,379.925,1.8122215544298483,0.38,0.25
2020-02-04,2939,178350,15023105,84.0,84.5,83.9,84.5,1.0,33,2020,13.74,2.87,4.55,384.47499999999997,1.8339248065787086,0.38,0.25
2020-02-05,2939,81241,6824294,85.1,85.1,81.3,83.0,-1.5,28,2020,13.5,2.82,4.55,377.65,1.801369928355418,0.38,0.25
2020-02-06,2939,116100,9400700,83.0,83.0,80.0,81.8,-1.2,105,2020,13.3,2.78,4.55,372.19,1.7753260257767856,0.38,0.25
2020-02-07,2939,127263,10267129,81.3,82.0,80.0,80.3,-1.5,103,2020,13.06,2.73,4.55,365.36499999999995,1.7427711475534946,0.38,0.25
2020-02-10,2939,359413,30729896,80.3,88.3,79.6,88.3,8.0,262,2020,14.36,3.0,4.55,401.765,1.9163971647443787,0.38,0.25
2020-02-11,2939,900116,79592420,84.0,96.7,84.0,95.0,6.7,413,2020,15.45,3.23,4.55,432.25,2.061808954141744,0.38,0.25
2020-02-12,2939,115010,10985251,95.0,98.5,94.8,95.9,0.9,92,2020,15.59,3.26,4.55,436.345,2.0813418810757183,0.38,0.25
2020-02-13,2939,474880,46278026,95.9,101.0,92.7,98.8,2.9,290,2020,16.07,3.36,4.55,449.53999999999996,2.1442813123074136,0.38,0.25
2020-02-14,2939,89048,8784556,98.6,100.0,97.5,97.5,-1.3,57,2020,15.85,3.31,4.55,443.625,2.1160670845138947,0.38,0.25
2020-02-17,2939,21200,2084418,98.9,99.0,97.1,98.6,1.1,21,2020,16.03,3.35,4.55,448.62999999999994,2.139940661877641,0.38,0.25
2020-02-18,2939,64430,6275365,98.9,98.9,96.6,97.0,-1.6,41,2020,15.77,3.29,4.55,441.34999999999997,2.1052154584394644,0.38,0.25
2020-02-19,2939,48050,4649400,97.5,97.5,96.1,96.5,-0.5,29,2020,15.69,3.28,4.55,439.075,2.094363832365034,0.38,0.25
2020-02-20,2939,155000,14674600,96.9,96.9,93.2,94.4,-2.1,97,2020,15.35,3.21,4.55,429.52,2.0487870028524275,0.38,0.25
2020-02-21,2939,27050,2536165,94.3,94.4,93.0,93.9,-0.5,23,2020,15.27,3.19,4.55,427.245,2.0379353767779973,0.38,0.25
2020-02-24,2939,718093,62678092,93.0,93.0,84.8,88.1,-5.8,587,2020,14.33,2.99,4.55,400.85499999999996,1.9120565143146062,0.38,0.25
2020-02-25,2939,244000,22074500,91.1,91.5,88.4,88.4,0.3,209,2020,14.37,3.0,4.55,402.22,1.9185674899592648,0.38,0.25
2020-02-26,2939,418004,38272276,89.1,95.0,87.5,94.3,5.9,294,2020,15.33,3.2,4.55,429.065,2.0466166776375414,0.38,0.25
2020-02-27,2939,458100,45121650,96.0,102.5,95.5,96.9,2.6,272,2020,15.76,3.29,4.55,440.895,2.1030451332245788,0.38,0.25
2020-03-02,2939,1400026,129760217,96.9,98.9,89.8,96.9,0.0,578,2020,15.76,3.29,4.55,440.895,2.1378157665822006,0.38,0.25
2020-03-03,2939,253010,24598677,96.9,98.6,95.5,97.9,1.0,105,2020,15.92,3.33,4.55,445.445,2.159877848796671,0.38,0.25
2020-03-04,2939,469061,47027561,98.9,101.5,96.8,100.5,2.6,235,2020,16.34,3.41,4.55,457.275,2.2172392625542945,0.38,0.25
2020-03-05,2939,102000,10174700,100.0,101.0,98.6,99.5,-1.0,80,2020,16.18,3.38,4.55,452.72499999999997,2.195177180339824,0.38,0.25
2020-03-06,2939,132000,13272300,99.5,101.5,99.5,99.9,0.4,73,2020,16.24,3.39,4.55,454.545,2.204002013225612,0.38,0.25
2020-03-09,2939,118392,11617528,98.6,99.2,97.0,97.0,-2.9,99,2020,15.77,3.29,4.55,441.34999999999997,2.1400219748036475,0.38,0.25
2020-03-10,2939,29000,2809400,97.0,97.6,95.5,97.6,0.6,23,2020,15.87,3.32,4.55,444.08,2.15325922413233,0.38,0.25
2020-03-11,2939,25050,2455570,99.1,99.2,96.5,96.5,-1.1,24,2020,15.69,3.28,4.55,439.075,2.128990933696412,0.38,0.25
2020-03-12,2939,138100,12765869,95.8,97.1,90.5,90.6,-5.9,115,2020,14.73,3.08,4.55,412.22999999999996,1.9988246486310355,0.38,0.25
2020-03-13,2939,148851,13011459,89.9,93.5,81.8,90.1,-0.5,132,2020,14.65,3.06,4.55,409.955,1.9877936075238003,0.38,0.25
2020-03-16,2939,34010,3011779,90.5,90.5,87.1,87.1,-3.0,33,2020,14.16,2.96,4.55,396.30499999999995,1.9216073608803883,0.38,0.25
2020-03-17,2939,138000,12166700,85.0,90.5,84.1,88.9,1.8,107,2020,14.46,3.02,4.55,404.495,1.9613191088664357,0.38,0.25
2020-03-18,2939,132150,11982674,88.9,93.5,87.5,89.1,0.2,124,2020,14.49,3.03,4.55,405.405,1.9657315253093295,0.38,0.25
2020-03-19,2939,178035,15790825,88.0,92.7,85.1,89.1,0.0,120,2020,14.49,3.03,4.55,405.405,1.9657315253093295,0.38,0.25
2020-03-20,2939,86517,7888404,90.0,92.1,90.0,90.5,1.4,67,2020,18.06,3.02,4.55,411.775,1.9966184404095886,0.38,0.25
2020-03-23,2939,122000,10976700,90.5,91.0,89.0,89.7,-0.8,71,2020,17.9,3.0,4.55,408.135,1.9789687746380122,0.38,0.25
2020-03-24,2939,19011,1728591,91.5,91.5,90.3,91.0,1.3,19,2020,18.16,3.04,4.55,414.05,2.007649481516824,0.38,0.25
2020-03-25,2939,63093,5873322,91.5,94.5,91.5,92.3,1.3,60,2020,18.42,3.08,4.55,419.965,2.0363301883956355,0.38,0.25
2020-03-26,2939,72050,6464700,88.1,91.2,86.6,89.8,0.0,63,2020,17.92,3.0,4.55,408.59,1.981174982859459,0.38,0.25
2020-03-27,2939,176118,16378462,90.2,96.0,89.8,95.6,5.8,132,2020,19.08,3.19,4.55,434.97999999999996,2.1091350597033887,0.38,0.25
2020-03-30,2939,126100,12294190,95.5,98.6,95.4,98.6,3.0,97,2020,19.68,3.29,4.55,448.62999999999994,2.1753213063467998,0.38,0.25
2020-03-31,2939,136025,13587400,96.6,100.0,96.6,100.0,1.4,80,2020,19.96,3.34,4.55,455.0,2.206208221447059,0.38,0.25
2020-04-01,2939,420033,42230316,100.0,102.0,99.1,101.5,1.5,120,2020,20.26,3.39,4.55,461.825,2.2393013447687653,0.38,0.25
2020-04-06,2939,245100,24285280,100.0,101.0,98.1,99.5,-2.0,88,2020,19.86,3.32,4.55,452.72499999999997,2.2679068080536053,0.38,0.25
2020-04-07,2939,87078,8598534,100.0,101.0,97.1,97.1,-2.4,66,2020,19.38,3.24,4.55,441.80499999999995,2.213203528261357,0.38,0.25
2020-04-08,2939,477200,45868120,98.4,98.5,93.5,96.6,-0.5,219,2020,19.28,3.23,4.55,439.53,2.2018070116379724,0.38,0.25
2020-04-09,2939,363011,37947666,98.5,106.0,97.9,106.0,9.4,234,2020,21.16,3.54,4.55,482.29999999999995,2.4160615241576098,0.38,0.25
2020-04-10,2939,593290,68226282,109.5,116.5,109.0,116.5,10.5,416,2020,23.25,3.89,4.55,530.0749999999999,2.655388373248693,0.38,0.25
2020-04-13,2939,766711,92974531,117.0,124.5,115.0,122.0,5.5,510,2020,24.35,4.08,4.55,555.1,2.780750056105928,0.38,0.25
2020-04-14,2939,1076085,140176390,122.0,134.0,122.0,134.0,12.0,621,2020,26.75,4.48,4.55,609.6999999999999,3.0542664550671663,0.38,0.25
2020-04-15,2939,1243461,175531884,137.0,145.0,135.5,145.0,11.0,957,2020,28.94,4.84,4.55,659.75,3.304989820781636,0.38,0.25
2020-04-16,2939,1644430,235102990,142.5,149.5,138.0,144.0,-1.0,894,2020,28.74,4.81,4.55,655.1999999999999,3.282196787534865,0.38,0.25
2020-04-17,2939,546000,78723000,148.0,148.0,142.0,143.0,-1.0,380,2020,28.54,4.78,4.55,650.65,3.259403754288096,0.38,0.25
2020-04-20,2939,836370,121296800,147.5,149.0,139.5,139.5,-3.5,545,2020,27.84,4.66,4.55,634.725,3.1796281379244014,0.38,0.25
2020-04-21,2939,701286,101969042,139.5,149.5,138.5,148.0,8.5,577,2020,29.54,4.94,4.55,673.4,3.3733689205219455,0.38,0.25
2020-04-22,2939,667024,99453528,146.5,153.0,144.0,148.0,0.0,564,2020,29.54,4.94,4.55,673.4,3.3733689205219455,0.38,0.25
2020-04-23,2939,764157,115725207,148.0,155.0,147.0,152.0,4.0,491,2020,30.34,5.08,4.55,691.6,3.464541053509025,0.38,0.25
2020-04-24,2939,427300,65435900,151.5,155.0,151.0,154.0,2.0,314,2020,30.74,5.15,4.55,700.6999999999999,3.5101271200025645,0.38,0.25
2020-04-27,2939,524150,83132625,157.0,162.0,156.0,159.0,5.0,366,2020,31.74,5.31,4.55,723.4499999999999,3.6240922862364138,0.38,0.25
2020-04-28,2939,282200,44665200,158.5,160.0,156.5,157.0,-2.0,239,2020,31.34,5.25,4.55,714.35,3.5785062197428745,0.38,0.25
2020-04-29,2939,715550,115158923,157.5,164.5,157.0,164.5,7.5,439,2020,32.83,5.5,4.55,748.475,3.749453969093649,0.38,0.25
2020-04-30,2939,453110,75203260,163.0,171.0,162.0,168.0,3.5,342,2020,33.53,5.61,4.55,764.4,3.8292295854573433,0.38,0.25
2020-05-04,2939,639172,110191482,167.5,178.0,167.0,169.5,1.5,415,2020,33.83,5.66,4.55,771.225,3.7366674774145348,0.38,0.25
2020-05-05,2939,309103,53849473,171.0,177.0,171.0,175.5,6.0,232,2020,35.03,5.86,4.55,798.525,3.8689388925442527,0.38,0.25
2020-05-06,2939,515263,88181895,175.5,176.5,163.0,165.0,-10.5,382,2020,32.93,5.51,4.55,750.75,3.6374639160672464,0.38,0.25
2020-05-07,2939,429206,73903932,170.0,177.0,168.0,172.0,7.0,344,2020,34.33,5.75,4.55,782.6,3.791780567051917,0.38,0.25
2020-05-08,2939,540120,92170040,173.0,176.0,167.0,168.0,-4.0,258,2020,39.62,6.71,4.55,764.4,3.703599623632105,0.38,0.25
2020-05-11,2939,368000,62211000,170.0,173.5,163.0,170.0,2.0,259,2020,40.09,6.79,4.55,773.5,3.747690095342011,0.38,0.25
2020-05-12,2939,566108,94348360,166.0,170.0,161.0,170.0,0.0,372,2020,40.09,6.79,4.55,773.5,3.747690095342011,0.38,0.25
2020-05-13,2939,460015,76699945,168.5,169.5,163.0,164.0,-6.0,266,2020,38.68,6.55,4.55,746.1999999999999,3.6154186802122927,0.38,0.25
2020-05-14,2939,302243,48747922,164.0,168.5,155.5,155.5,-8.5,252,2020,36.67,6.22,4.55,707.525,3.428034175445193,0.38,0.25
2020-05-15,2939,951684,139150260,157.0,158.0,140.0,140.0,-15.5,733,2020,33.02,5.6,4.55,637.0,3.086333019693421,0.38,0.25
2020-05-18,2939,529189,75123094,141.0,146.0,139.0,146.0,6.0,336,2020,34.43,5.84,4.55,664.3,3.218604434823139,0.38,0.25
2020-05-19,2939,260095,37459895,147.0,148.0,140.5,141.0,-5.0,197,2020,33.25,5.64,4.55,641.55,3.108378255548374,0.38,0.25
2020-05-20,2939,84030,11999760,141.5,144.0,141.5,142.0,1.0,67,2020,33.49,5.68,4.55,646.1,3.130423491403327,0.38,0.25
2020-05-21,2939,250120,36313220,144.0,147.0,142.5,143.5,1.5,192,2020,33.84,5.74,4.55,652.925,3.1634913451857565,0.38,0.25
2020-05-22,2939,248070,34761905,143.5,143.5,137.0,141.5,-2.0,176,2020,33.37,5.66,4.55,643.8249999999999,3.11940087347585,0.38,0.25
2020-05-25,2939,135050,18890975,141.5,142.5,139.0,139.5,-2.0,97,2020,32.9,5.58,4.55,634.725,3.0753104017659445,0.38,0.25
2020-05-26,2939,111147,15689653,141.0,143.0,139.5,139.5,0.0,100,2020,32.9,5.58,4.55,634.725,3.0753104017659445,0.38,0.25
2020-05-27,2939,172600,23588800,138.5,140.0,133.0,134.5,-5.0,164,2020,31.72,5.38,4.55,611.975,2.9650842224911793,0.38,0.25
2020-05-28,2939,74149,10001764,133.5,137.5,133.0,135.0,0.5,69,2020,31.84,5.4,4.55,614.25,2.976106840418656,0.38,0.25
2020-05-29,2939,26000,3527500,136.0,136.0,135.0,136.0,1.0,25,2020,32.08,5.44,4.55,618.8,2.998152076273609,0.38,0.25
2020-06-01,2939,7097000,966549000,137.0,142.5,137.0,142.0,6.0,219,2020,33.49,5.68,4.55,646.1,3.130423491403327,0.38,0.25
2020-06-02,2939,605032,88961544,148.0,154.0,140.5,141.0,-1.0,501,2020,33.25,5.64,4.55,641.55,2.9303311541407626,0.38,0.25
2020-06-03,2939,251132,35025980,142.0,142.5,137.5,137.5,-3.5,209,2020,32.43,5.5,4.55,625.625,2.8575924375486164,0.38,0.25
2020-06-04,2939,661009,87540201,139.0,140.0,126.5,131.0,-6.5,499,2020,30.9,5.24,4.55,596.05,2.7225062495917727,0.38,0.25
2020-06-05,2939,201000,25985000,132.0,132.0,128.0,128.5,-2.5,169,2020,30.31,5.14,4.55,584.675,2.670550023454525,0.38,0.25
2020-06-08,2939,439129,56319044,131.0,132.5,124.5,127.0,-1.5,354,2020,29.95,5.08,4.55,577.85,2.6393762877721763,0.38,0.25
2020-06-09,2939,211000,26765000,127.0,130.0,124.5,126.5,-0.5,186,2020,29.83,5.06,4.55,575.5749999999999,2.6289850425447265,0.38,0.25
2020-06-10,2939,635000,84719000,129.0,137.5,129.0,133.5,7.0,477,2020,31.49,5.34,4.55,607.425,2.77446247572902,0.38,0.25
2020-06-11,2939,516000,67460500,133.0,134.5,127.5,127.5,-6.0,392,2020,30.07,5.1,4.55,580.125,2.649767532999626,0.38,0.25
2020-06-12,2939,889000,106746500,128.0,128.0,117.5,121.5,-6.0,642,2020,28.66,4.86,4.55,552.8249999999999,2.525072590270231,0.38,0.25
2020-06-15,2939,188251,22520622,121.5,121.5,118.5,119.5,-2.0,161,2020,28.18,4.78,4.55,543.725,2.4835076093604336,0.38,0.25
2020-06-16,2939,86000,10415000,120.5,122.0,120.5,120.5,1.0,80,2020,28.42,4.82,4.55,548.275,2.5042900998153326,0.38,0.25
2020-06-17,2939,304049,38229870,121.5,130.5,121.5,129.5,9.0,278,2020,30.54,5.18,4.55,589.225,2.691332513909424,0.38,0.25
2020-06-18,2939,720000,96888000,132.0,139.0,131.5,132.0,2.5,541,2020,31.13,5.28,4.55,600.6,2.7432887400466717,0.38,0.25
2020-06-19,2939,173000,22964500,133.0,134.0,131.0,132.0,0.0,130,2020,31.13,5.28,4.55,600.6,2.7432887400466717,0.38,0.25
2020-06-22,2939,422000,56592500,133.0,137.0,130.5,134.0,2.0,336,2020,31.6,5.36,4.55,609.6999999999999,2.784853720956469,0.38,0.25
2020-06-23,2939,243000,32941000,134.0,138.0,133.0,137.5,3.5,181,2020,32.43,5.5,4.55,625.625,2.8575924375486164,0.38,0.25
2020-06-24,2939,651709,93045842,138.0,149.5,137.5,139.5,2.0,504,2020,32.9,5.58,4.55,634.725,2.8991574184584143,0.38,0.25
2020-06-29,2939,275000,38047500,141.0,142.0,134.0,134.0,-5.5,220,2020,31.6,5.36,4.55,609.6999999999999,2.784853720956469,0.38,0.25
2020-06-30,2939,208055,28140815,136.0,137.5,133.5,134.5,0.5,158,2020,31.72,5.38,4.55,611.975,2.795244966183919,0.38,0.25
2020-07-01,2939,129007,17228931,135.0,135.5,132.0,132.0,-2.5,105,2020,31.13,5.28,4.55,600.6,2.7432887400466717,0.38,0.25
2020-07-02,2939,209236,27306652,132.0,132.0,129.5,131.0,-1.0,165,2020,30.9,5.24,4.55,596.05,2.825920812583206,0.38,0.25
2020-07-03,2939,560000,73407500,131.0,133.0,127.5,127.5,-3.5,170,2020,30.07,5.1,4.55,580.125,2.7504191114836547,0.38,0.25
2020-07-06,2939,649000,82003000,128.5,129.0,123.5,124.0,-3.5,344,2020,29.25,4.96,4.55,564.1999999999999,2.674917410384103,0.38,0.25
2020-07-07,2939,1265256,145318928,124.0,124.0,112.0,112.0,-12.0,847,2020,26.42,4.48,4.55,509.59999999999997,2.4160544351856417,0.38,0.25
2020-07-08,2939,732256,81496823,110.0,114.5,107.0,114.5,2.5,441,2020,27.0,4.58,4.55,520.975,2.4699842216853214,0.38,0.25
2020-07-09,2939,415010,47345145,114.5,117.0,111.5,111.5,-3.0,291,2020,26.3,4.46,4.55,507.325,2.4052684778857056,0.38,0.25
2020-07-10,2939,313000,33741500,111.5,112.0,106.0,109.0,-2.5,233,2020,25.71,4.36,4.55,495.95,2.3513386913860264,0.38,0.25
2020-07-13,2939,584000,61159000,103.0,109.0,102.0,107.0,-2.0,389,2020,25.24,4.28,4.55,486.84999999999997,2.3081948621862827,0.38,0.25
2020-07-14,2939,316000,34538000,111.0,113.0,107.0,107.0,0.0,248,2020,25.24,4.28,4.55,486.84999999999997,2.3081948621862827,0.38,0.25
2020-07-15,2939,635000,70154000,107.5,113.0,107.5,111.0,4.0,264,2020,26.18,4.44,4.55,505.04999999999995,2.39448252058577,0.38,0.25
2020-07-16,2939,618266,66795962,110.0,112.5,105.0,108.5,-2.5,372,2020,25.59,4.34,4.55,493.67499999999995,2.3405527340860903,0.38,0.25
2020-07-17,2939,231000,24767500,109.5,110.0,106.5,106.5,-2.0,84,2020,25.12,4.26,4.55,484.575,2.2974089048863466,0.38,0.25
2020-07-20,2939,94000,9883500,106.5,107.0,104.0,106.0,-0.5,68,2020,25.0,4.24,4.55,482.29999999999995,2.286622947586411,0.38,0.25
2020-07-21,2939,66010,6888045,106.0,106.5,103.5,103.5,-2.5,54,2020,24.41,4.14,4.55,470.92499999999995,2.2326931610867313,0.38,0.25
2020-07-22,2939,450000,47584000,103.5,107.5,102.5,107.0,3.5,109,2020,25.24,4.28,4.55,486.84999999999997,2.3081948621862827,0.38,0.25
2020-07-23,2939,36000,3798000,107.0,107.0,105.0,105.0,-2.0,31,2020,24.76,4.2,4.55,477.75,2.265051032986539,0.38,0.25
2020-07-24,2939,249030,25263600,103.5,104.0,99.0,100.0,-5.0,181,2020,23.58,4.0,4.55,455.0,2.15719145998718,0.38,0.25
2020-07-27,2939,485051,46794436,102.0,102.0,94.3,96.8,-3.2,366,2020,22.83,3.87,4.55,440.44,2.0881613332675903,0.38,0.25
2020-07-28,2939,486035,46061082,96.8,99.0,93.8,93.8,-3.0,166,2020,22.12,3.75,4.55,426.78999999999996,2.0234455894679746,0.38,0.25
2020-07-29,2939,281000,26031600,95.3,95.3,91.0,93.0,-0.8,215,2020,21.93,3.72,4.55,423.15,2.0061880577880773,0.38,0.25
2020-07-30,2939,189000,17440200,94.0,94.1,91.7,92.2,-0.8,129,2020,21.75,3.69,4.55,419.51,1.98893052610818,0.38,0.25
2020-07-31,2939,443000,40227000,91.5,91.6,89.5,91.4,-0.8,220,2020,21.56,3.65,4.55,415.87,1.9716729944282827,0.38,0.25
2020-08-03,2939,461000,45209400,92.0,100.5,92.0,100.5,9.1,371,2020,23.7,4.02,4.55,457.275,2.21641711828695,0.38,0.25
2020-08-04,2939,471001,51070110,103.0,110.5,103.0,110.5,10.0,325,2020,26.06,4.42,4.55,502.775,2.43695613503192,0.38,0.25
2020-08-05,2939,1137200,131185700,115.5,118.5,112.0,112.5,2.0,768,2020,26.53,4.5,4.55,511.875,2.481063938380914,0.38,0.25
2020-08-06,2939,275000,30760000,111.0,114.0,109.5,112.0,-0.5,210,2020,26.42,4.48,4.55,509.59999999999997,2.4700369875436654,0.38,0.25
2020-08-07,2939,200000,21606000,109.0,110.5,105.0,107.0,-5.0,158,2020,124.42,4.98,4.55,486.84999999999997,2.3597674791711802,0.38,0.25
2020-08-10,2939,460200,49252100,107.5,110.0,104.0,106.5,-0.5,164,2020,123.84,4.96,4.55,484.575,2.348740528333932,0.38,0.25
2020-08-11,2939,548000,55743300,105.0,106.5,98.2,105.5,-1.0,403,2020,122.67,4.91,4.55,480.025,2.326686626659435,0.38,0.25
2020-08-12,2939,867000,91084500,106.5,109.0,101.5,108.5,3.0,317,2020,126.16,5.05,4.55,493.67499999999995,2.392848331682926,0.38,0.25
2020-08-13,2939,591256,67121440,108.5,117.5,106.5,114.0,5.5,403,2020,132.56,5.3,4.55,518.6999999999999,2.5141447908926593,0.38,0.25
2020-08-14,2939,457000,50860000,114.0,114.5,109.5,109.5,-4.5,257,2020,127.33,5.1,4.55,498.22499999999997,2.414902233357423,0.38,0.25
2020-08-17,2939,439070,45568500,107.5,108.5,101.0,101.0,-8.5,333,2020,117.44,4.7,4.55,459.54999999999995,2.2274440691241986,0.38,0.25
2020-08-18,2939,737052,71576796,101.0,101.5,93.5,93.8,-7.2,471,2020,109.07,4.36,4.55,426.78999999999996,2.0686559770678197,0.38,0.25
2020-08-19,2939,289000,27369500,95.0,97.0,92.2,94.0,0.2,251,2020,109.3,4.37,4.55,427.7,2.073066757402719,0.38,0.25
2020-08-20,2939,843000,78149800,92.2,94.9,90.6,92.7,-1.3,268,2020,107.79,4.31,4.55,421.78499999999997,2.044396685225873,0.38,0.25
2020-08-21,2939,161000,15179300,93.2,95.9,92.5,94.6,1.9,142,2020,110.0,4.4,4.55,430.42999999999995,2.0862990984074172,0.38,0.25
2020-08-24,2939,181000,16719200,94.0,94.3,91.0,92.6,-2.0,152,2020,107.67,4.31,4.55,421.33,2.0421912950584233,0.38,0.25
2020-08-25,2939,479000,44881100,93.7,94.6,92.9,93.7,1.1,72,2020,108.95,4.36,4.55,426.335,2.06645058690037,0.38,0.25
2020-08-26,2939,123000,11693400,94.0,96.1,94.0,95.3,1.6,98,2020,110.81,4.43,4.55,433.61499999999995,2.101736829579565,0.38,0.25
2020-08-27,2939,416000,41986800,95.4,104.5,95.0,104.5,9.2,336,2020,121.51,4.86,4.55,475.47499999999997,2.304632724984938,0.38,0.25
2020-08-28,2939,1332000,144858500,106.0,111.0,103.5,110.0,5.5,604,2020,127.91,5.12,4.55,500.5,2.4259291841946715,0.38,0.25
2020-08-31,2939,385000,43324000,110.0,114.5,110.0,112.0,2.0,263,2020,130.23,5.21,4.55,509.59999999999997,2.4700369875436654,0.38,0.25
2020-09-01,2939,319000,35627000,113.0,114.5,109.0,110.0,-2.0,208,2020,127.91,5.12,4.55,500.5,2.4259291841946715,0.38,0.25
2020-09-02,2939,210000,22693000,112.0,112.0,105.0,105.5,-4.5,175,2020,122.67,4.91,4.55,480.025,2.392163878611979,0.38,0.25
2020-09-03,2939,389000,42231000,106.5,111.5,104.0,109.0,3.5,208,2020,126.74,5.07,4.55,495.95,2.471524765580149,0.38,0.25
2020-09-04,2939,323013,33851839,107.0,107.0,101.5,104.0,-5.0,209,2020,120.93,4.84,4.55,473.2,2.358152069911335,0.38,0.25
2020-09-07,2939,132000,13784500,103.0,106.0,102.0,105.0,1.0,96,2020,122.09,4.89,4.55,477.75,2.380826609045098,0.38,0.25
2020-09-08,2939,53300,5562200,105.0,106.0,103.0,104.0,-1.0,47,2020,120.93,4.84,4.55,473.2,2.358152069911335,0.38,0.25
2020-09-09,2939,200001,21140107,104.0,108.0,102.5,106.5,2.5,103,2020,123.84,4.96,4.55,484.575,2.414838417745742,0.38,0.25
2020-09-10,2939,248000,26183500,107.0,107.0,103.5,103.5,-3.0,103,2020,120.35,4.82,4.55,470.92499999999995,2.3468148003444536,0.38,0.25
2020-09-11,2939,69000,7165500,103.5,105.0,103.0,104.0,0.5,43,2020,120.93,4.84,4.55,473.2,2.358152069911335,0.38,0.25
2020-09-14,2939,168090,17868540,104.5,109.5,104.0,106.0,2.0,125,2020,123.26,4.93,4.55,482.29999999999995,2.4035011481788606,0.38,0.25
2020-09-15,2939,44000,4624500,107.0,107.0,104.5,105.0,-1.0,38,2020,122.09,4.89,4.55,477.75,2.380826609045098,0.38,0.25
2020-09-16,2939,62006,6469630,105.5,105.5,103.5,104.0,-1.0,53,2020,120.93,4.84,4.55,473.2,2.358152069911335,0.38,0.25
2020-09-17,2939,330000,35251500,105.5,110.5,104.5,104.5,0.5,238,2020,121.51,4.86,4.55,475.47499999999997,2.3694893394782164,0.38,0.25
2020-09-18,2939,406000,44137000,106.0,110.0,106.0,109.0,4.5,311,2020,126.74,5.07,4.55,495.95,2.471524765580149,0.38,0.25
2020-09-21,2939,1026223,120619147,111.0,119.5,111.0,119.5,10.5,590,2020,138.95,5.56,4.55,543.725,2.7096074264846592,0.38,0.25
2020-09-22,2939,973450,115725523,118.0,124.5,114.5,115.0,-4.5,683,2020,133.72,5.35,4.55,523.25,2.607572000382726,0.38,0.25
2020-09-23,2939,264000,29901000,115.0,116.0,111.5,113.0,-2.0,189,2020,131.4,5.26,4.55,514.15,2.5622229221152004,0.38,0.25
2020-09-24,2939,189210,21244940,112.5,115.0,110.0,114.0,1.0,138,2020,132.56,5.3,4.55,518.6999999999999,2.584897461248963,0.38,0.25
2020-09-25,2939,497000,57236500,114.5,120.0,110.0,113.0,-1.0,345,2020,131.4,5.26,4.55,514.15,2.5622229221152004,0.38,0.25
2020-09-28,2939,123042,13970704,115.0,115.5,112.0,112.0,-1.0,93,2020,130.23,5.21,4.55,509.59999999999997,2.5395483829814376,0.38,0.25
2020-09-29,2939,316000,35898000,113.5,116.0,112.0,113.5,1.5,57,2020,131.98,5.28,4.55,516.425,2.573560191682082,0.38,0.25
2020-09-30,2939,438000,49755500,113.5,114.5,112.5,113.5,0.0,88,2020,131.98,5.28,4.55,516.425,2.573560191682082,0.38,0.25
2020-10-05,2939,932000,101327500,111.0,112.0,107.0,108.5,-5.0,206,2020,126.16,5.05,4.55,493.67499999999995,2.4889624529294054,0.38,0.25
2020-10-06,2939,635060,67167330,108.5,108.5,105.0,105.0,-3.5,150,2020,122.09,4.89,4.55,477.75,2.4086733415445862,0.38,0.25
2020-10-07,2939,556000,58562500,105.0,108.5,103.5,105.0,0.0,175,2020,122.09,4.89,4.55,477.75,2.4086733415445862,0.38,0.25
2020-10-08,2939,538100,56532500,105.5,108.5,102.0,105.0,0.0,281,2020,122.09,4.89,4.55,477.75,2.4086733415445862,0.38,0.25
2020-10-12,2939,395000,41143000,106.5,106.5,102.0,104.0,-1.0,138,2020,120.93,4.84,4.55,473.2,2.3857335954346377,0.38,0.25
2020-10-13,2939,1277083,123059449,103.0,103.0,93.6,99.2,-4.8,851,2020,115.35,4.62,4.55,451.36,2.2756228141068853,0.38,0.25
2020-10-14,2939,418000,39932900,96.0,97.0,94.0,95.7,-3.5,329,2020,111.28,4.45,4.55,435.435,2.1953337027220656,0.38,0.25
2020-10-15,2939,437200,41101459,96.0,97.0,92.5,92.8,-2.9,320,2020,107.91,4.32,4.55,422.23999999999995,2.128808439003215,0.38,0.25
2020-10-16,2939,672200,62332400,92.8,95.0,92.0,92.1,-0.7,357,2020,107.09,4.29,4.55,419.05499999999995,2.112750616726251,0.38,0.25
2020-10-19,2939,423144,38492792,92.1,92.1,90.0,90.6,-1.5,225,2020,105.35,4.22,4.55,412.22999999999996,2.0783409975613285,0.38,0.25
2020-10-20,2939,270000,24680500,90.6,93.3,90.0,92.4,1.8,177,2020,107.44,4.3,4.55,420.42,2.119632540559236,0.38,0.25
2020-10-21,2939,498100,46930200,92.5,95.4,92.5,94.2,1.8,202,2020,109.53,4.38,4.55,428.61,2.160924083557143,0.38,0.25
2020-10-22,2939,583000,56722600,94.2,99.0,94.2,97.6,3.4,267,2020,113.49,4.54,4.55,444.08,2.238919220330968,0.38,0.25
2020-10-23,2939,420161,40744456,98.1,99.0,95.5,96.5,-1.1,240,2020,112.21,4.49,4.55,439.075,2.2136854996100244,0.38,0.25
2020-10-26,2939,146001,14228196,96.5,98.2,96.5,97.5,1.0,101,2020,113.37,4.54,4.55,443.625,2.236625245719973,0.38,0.25
2020-10-27,2939,87001,8487387,97.1,98.7,96.5,98.7,1.2,59,2020,114.77,4.59,4.55,449.085,2.264152941051911,0.38,0.25
2020-10-28,2939,176000,17416800,99.8,100.0,97.8,98.0,-0.7,125,2020,113.95,4.56,4.55,445.9,2.248095118774947,0.38,0.25
2020-10-29,2939,301000,28910000,98.0,98.0,94.6,97.0,-1.0,180,2020,112.79,4.51,4.55,441.34999999999997,2.2251553726649984,0.38,0.25
2020-10-30,2939,146000,13925900,96.0,96.6,94.4,94.6,-2.4,104,2020,110.0,4.4,4.55,430.42999999999995,2.1700999820011218,0.38,0.25
2020-11-02,2939,259001,24148094,94.6,95.1,92.0,92.4,-2.2,133,2020,107.44,4.3,4.55,420.42,2.224944762711192,0.38,0.25
2020-11-03,2939,223000,21099200,94.3,95.6,93.8,94.4,2.0,153,2020,109.77,4.39,4.55,429.52,2.273103740259053,0.38,0.25
2020-11-04,2939,79000,7400700,94.0,94.8,92.0,93.0,-1.4,65,2020,108.14,4.33,4.55,423.15,2.2393924559755503,0.38,0.25
2020-11-05,2939,84000,7797200,92.7,93.3,92.4,92.9,-0.1,53,2020,108.02,4.32,4.55,422.695,2.236984507098157,0.38,0.25
2020-11-06,2939,94000,8696500,92.9,93.4,91.7,92.4,-0.5,60,2020,107.44,4.3,4.55,420.42,2.224944762711192,0.38,0.25
2020-11-09,2939,223000,20343300,93.0,93.0,90.7,91.0,-1.4,139,2020,105.81,4.23,4.55,414.05,2.1912334784276886,0.38,0.25
2020-11-10,2939,767001,69594588,91.5,93.9,89.5,90.4,-0.6,345,2020,105.12,4.21,4.55,411.32,2.1767857851633305,0.38,0.25
2020-11-11,2939,245000,22183200,90.5,91.8,90.0,90.2,-0.2,177,2020,104.88,4.2,4.55,410.41,2.1719698874085447,0.38,0.25
2020-11-12,2939,759000,68721400,91.5,93.0,89.5,90.0,-0.2,304,2020,104.65,4.19,4.55,409.5,2.167153989653758,0.38,0.25
2020-11-13,2939,1272100,104428600,89.9,89.9,81.0,81.0,-9.0,738,2020,94.19,3.77,4.55,368.55,1.9504385906883823,0.38,0.25
2020-11-16,2939,3701801,287778941,72.9,82.8,72.9,81.2,0.2,1425,2020,0.0,3.77,4.55,369.46,1.9552544884431684,0.38,0.25
2020-11-17,2939,2162406,183957563,81.2,89.3,81.2,84.6,3.4,796,2020,0.0,3.93,4.55,384.92999999999995,2.037124750274532,0.38,0.25
2020-11-18,2939,277945,21179409,76.2,76.2,76.2,76.2,-8.4,153,2020,0.0,3.54,4.55,346.71,1.8348570445735153,0.38,0.25
2020-11-19,2939,3637386,264481652,76.0,78.6,69.0,71.0,-5.2,1862,2020,0.0,3.3,4.55,323.05,1.7096437029490759,0.38,0.25
2020-11-20,2939,2443392,161398105,71.0,73.0,63.9,63.9,-7.1,1522,2020,0.0,2.97,4.55,290.745,1.5386793326541683,0.38,0.25
2020-11-23,2939,1313426,78007025,63.4,63.4,58.3,59.0,-4.9,940,2020,0.0,2.74,4.55,268.45,1.4206898376619082,0.38,0.25
2020-11-24,2939,2423712,130537104,56.0,56.3,53.1,53.1,-5.9,1122,2020,0.0,2.47,4.55,241.605,1.2786208538957173,0.38,0.25
2020-11-25,2939,2376977,131266056,52.7,58.4,51.1,58.4,5.3,1300,2020,0.0,2.71,4.55,265.71999999999997,1.4062421443975495,0.38,0.25
2020-11-26,2939,3352521,199012395,64.2,64.2,54.6,60.0,1.6,2233,2020,0.0,2.79,4.55,273.0,1.4447693264358388,0.38,0.25
2020-11-27,2939,119607,6458778,54.0,54.0,54.0,54.0,-6.0,110,2020,0.0,2.51,4.55,245.7,1.3002923937922548,0.38,0.25
2020-11-30,2939,124715,6061145,48.6,48.6,48.6,48.6,-5.4,58,2020,0.0,2.26,4.55,221.13,1.1702631544130293,0.38,0.25
2020-12-01,2939,225272,9855648,43.75,43.75,43.75,43.75,-4.85,109,2020,0.0,2.03,4.55,199.0625,1.0534776338594658,0.38,0.25
2020-12-02,2939,2013542,79333664,39.4,39.4,39.4,39.4,-4.35,489,2020,0.0,1.83,4.55,179.26999999999998,0.9436579312377777,0.38,0.25
2020-12-03,2939,2153212,77710956,35.5,39.95,35.5,35.5,-3.9,878,2020,0.0,1.65,4.55,161.525,0.8502501664705867,0.38,0.25
2020-12-04,2939,791578,27065006,35.0,36.15,32.0,34.5,-1.0,474,2020,0.0,1.6,4.55,156.975,0.8262994575559223,0.38,0.25
2020-12-07,2939,528295,19369510,33.7,37.95,33.7,37.95,3.45,333,2020,0.0,1.76,4.55,172.6725,0.9089294033115146,0.38,0.25
2020-12-08,2939,611531,25278261,39.8,41.7,39.8,41.7,3.75,320,2020,0.0,1.94,4.55,189.735,0.9987445617415062,0.38,0.25
2020-12-09,2939,405601,15793072,41.4,41.4,37.55,37.55,-4.15,213,2020,0.0,1.74,4.55,170.8525,0.8993491197456487,0.38,0.25
2020-12-10,2939,330181,12500181,39.9,39.9,35.2,36.1,-1.45,130,2020,0.0,1.68,4.55,164.255,0.8646205918193853,0.38,0.25
2020-12-11,2939,354143,12640112,36.05,37.75,35.15,35.15,-0.95,102,2020,0.0,1.63,4.55,159.93249999999998,0.841867418350454,0.38,0.25
2020-12-14,2939,212000,7142200,36.4,36.4,33.0,33.0,-2.15,117,2020,0.0,1.53,4.55,150.15,0.7903733941839256,0.38,0.25
2020-12-15,2939,208079,7051017,35.7,35.7,33.1,33.1,0.1,151,2020,0.0,1.54,4.55,150.605,0.7927684650753921,0.38,0.25
2020-12-16,2939,137483,4462755,33.45,33.45,32.0,33.15,0.05,115,2020,0.0,1.54,4.55,150.83249999999998,0.7939660005211252,0.38,0.25
2020-12-17,2939,698089,24404627,33.9,36.45,33.9,36.45,3.3,449,2020,0.0,1.69,4.55,165.8475,0.8730033399395178,0.38,0.25
2020-12-18,2939,598514,23411029,36.6,40.05,36.6,37.55,1.1,406,2020,0.0,1.74,4.55,170.8525,0.8993491197456487,0.38,0.25
2020-12-21,2939,363567,14465626,37.85,40.15,37.85,40.0,2.45,249,2020,0.0,1.86,4.55,182.0,0.9580283565865766,0.38,0.25
2020-12-22,2939,226275,9031847,40.5,40.5,39.5,39.55,-0.45,156,2020,0.0,1.84,4.55,179.9525,0.9472505375749775,0.38,0.25
2020-12-23,2939,201243,7452469,39.55,39.55,36.0,36.35,-3.2,141,2020,0.0,1.69,4.55,165.3925,0.8706082690480516,0.38,0.25
2020-12-24,2939,70010,2580520,36.4,37.35,36.35,37.35,1.0,55,2020,0.0,1.73,4.55,169.9425,0.8945589779627159,0.38,0.25
2020-12-25,2939,100134,3687194,38.9,38.9,36.1,36.25,-1.1,69,2020,0.0,1.68,4.55,164.9375,0.868213198156585,0.38,0.25
2020-12-28,2939,178025,6060856,34.6,35.0,33.35,34.2,-2.05,107,2020,0.0,1.59,4.55,155.61,0.8191142448815231,0.38,0.25
2020-12-29,2939,52000,1776000,34.2,34.25,34.0,34.1,-0.1,37,2020,0.0,1.58,4.55,155.155,0.8167191739900566,0.38,0.25
2020-12-30,2939,90000,3021550,33.95,33.95,32.5,33.5,-0.6,57,2020,0.0,1.56,4.55,152.42499999999998,0.8023487486412577,0.38,0.25
2020-12-31,2939,399000,14216250,33.2,36.2,33.2,35.85,2.35,73,2020,0.0,1.66,4.55,163.1175,0.8586329145907192,0.38,0.25
2021-01-04,2939,75000,2584450,36.5,36.6,33.25,35.0,-0.85,60,2021,0.0,1.62,4.55,159.25,0.8648804238321399,-3.96,-5.55
2021-01-05,2939,60000,2040650,34.0,34.5,33.6,33.8,-1.2,37,2021,0.0,1.57,4.55,153.79,0.8352273807293237,-3.96,-5.55
2021-01-06,2939,57000,1901450,33.7,33.7,33.2,33.2,-0.6,39,2021,0.0,1.54,4.55,151.06,0.8204008591779155,-3.96,-5.55
2021-01-07,2939,308000,10108800,33.5,33.5,32.6,32.7,-0.5,93,2021,0.0,1.52,4.55,148.785,0.8080454245517421,-3.96,-5.55
2021-01-08,2939,222106,6672428,33.1,33.1,29.45,29.45,-3.25,149,2021,0.0,1.37,4.55,133.9975,0.7277350994816149,-3.96,-5.55
2021-01-11,2939,85314,2516939,29.45,30.5,28.5,29.85,0.4,79,2021,0.0,1.39,4.55,135.8175,0.7376194471825536,-3.96,-5.55
2021-01-12,2939,123020,3590280,30.9,30.9,28.8,30.0,0.15,43,2021,0.0,1.39,4.55,136.5,0.7413260775704056,-3.96,-5.55
2021-01-13,2939,57290,1769087,30.0,31.75,30.0,31.45,1.45,37,2021,0.0,1.46,4.55,143.0975,0.7771568379863085,-3.96,-5.55
2021-01-14,2939,39333,1272571,33.7,33.7,31.65,31.65,0.2,41,2021,0.0,1.47,4.55,144.0075,0.7820990118367779,-3.96,-5.55
2021-01-15,2939,1566000,47287600,31.6,31.7,30.1,30.15,-1.5,37,2021,0.0,1.4,4.55,137.18249999999998,0.7450327079582575,-3.96,-5.55
2021-01-18,2939,548001,16690182,31.0,31.0,29.0,30.5,0.35,28,2021,0.0,1.42,4.55,138.775,0.7536815121965791,-3.96,-5.55
2021-01-19,2939,32653,965384,30.5,30.5,29.0,30.0,-0.5,37,2021,0.0,1.39,4.55,136.5,0.7413260775704056,-3.96,-5.55
2021-01-20,2939,98080,2841360,28.3,29.4,28.3,28.45,-1.55,38,2021,0.0,1.32,4.55,129.4475,0.703024230229268,-3.96,-5.55
2021-01-21,2939,74000,2133900,28.95,29.75,28.5,28.9,0.45,32,2021,0.0,1.34,4.55,131.49499999999998,0.7141441213928239,-3.96,-5.55
2021-01-22,2939,45050,1270735,28.5,28.7,28.0,28.7,-0.2,35,2021,0.0,1.33,4.55,130.58499999999998,0.7092019475423545,-3.96,-5.55
2021-01-25,2939,25506,711336,28.0,28.5,27.5,28.05,-0.65,30,2021,0.0,1.3,4.55,127.6275,0.6931398825283293,-3.96,-5.55
2021-01-26,2939,20000,571100,28.5,29.0,28.25,29.0,0.95,17,2021,0.0,1.35,4.55,131.95,0.7166152083180588,-3.96,-5.55
2021-01-27,2939,36130,1049470,29.9,29.9,28.8,29.0,0.0,25,2021,0.0,1.35,4.55,131.95,0.7166152083180588,-3.96,-5.55
2021-01-28,2939,538200,16137680,29.9,30.0,29.2,30.0,1.0,34,2021,0.0,1.39,4.55,136.5,0.7413260775704056,-3.96,-5.55
2021-01-29,2939,13449,405334,31.0,31.0,29.6,30.85,0.85,8,2021,0.0,1.43,4.55,140.3675,0.7623303164349005,-3.96,-5.55
2021-02-01,2939,12000,360250,29.8,30.5,29.8,30.0,-0.85,10,2021,0.0,1.39,4.55,136.5,0.7413260775704056,-3.96,-5.55
2021-02-02,2939,47000,1404100,31.0,31.0,27.9,30.45,0.45,29,2021,0.0,1.41,4.55,138.54749999999999,0.7746267830575357,-3.96,-5.55
2021-02-03,2939,111000,3350750,30.95,31.5,29.2,29.4,-1.05,61,2021,0.0,1.36,4.55,133.76999999999998,0.7479155146762414,-3.96,-5.55
2021-02-04,2939,242000,6469400,27.9,28.05,26.5,26.5,-2.9,140,2021,0.0,1.23,4.55,120.57499999999999,0.6741415353374286,-3.96,-5.55
2021-02-05,2939,131004,3201804,24.55,25.95,23.9,24.9,-1.6,90,2021,0.0,1.16,4.55,113.29499999999999,0.6334386501849799,-3.96,-5.55
2021-02-17,2939,58080,1339738,23.05,23.8,22.55,22.55,-2.35,50,2021,0.0,1.05,4.55,102.6025,0.5736562876173213,-3.96,-5.55
2021-02-18,2939,50140,1103038,21.2,23.6,21.2,23.25,0.7,38,2021,0.0,1.08,4.55,105.7875,0.5914637998715175,-3.96,-5.55
2021-02-19,2939,42000,1037200,24.35,25.55,23.45,25.55,2.3,40,2021,0.0,1.19,4.55,116.2525,0.6499741972781623,-3.96,-5.55
2021-02-22,2939,114500,3191049,26.0,28.1,26.0,28.1,2.55,77,2021,0.0,1.3,4.55,127.855,0.7148444204898771,-3.96,-5.55
2021-02-23,2939,162102,4968801,30.9,30.9,29.9,30.9,2.8,104,2021,0.0,1.43,4.55,140.595,0.786074469506662,-3.96,-5.55
2021-02-24,2939,114137,3588008,33.4,33.4,30.0,30.9,0.0,74,2021,0.0,1.43,4.55,140.595,0.786074469506662,-3.96,-5.55
2021-02-25,2939,94240,3034485,30.9,32.8,30.9,32.75,1.85,74,2021,0.0,1.52,4.55,149.0125,0.8331371804641806,-3.96,-5.55
2021-02-26,2939,53112,1713417,32.75,32.75,31.5,32.75,0.0,46,2021,0.0,1.52,4.55,149.0125,0.8331371804641806,-3.96,-5.55
2021-03-02,2939,152004,5237744,31.95,35.0,31.95,34.85,2.1,72,2021,0.0,1.62,4.55,158.5675,0.8617372727761834,-3.96,-5.55
2021-03-03,2939,140000,4942200,34.1,35.75,34.1,34.9,0.05,121,2021,0.0,1.62,4.55,158.795,0.862973624673997,-3.96,-5.55
2021-03-04,2939,46000,1608450,34.8,35.4,34.65,35.3,0.4,35,2021,0.0,1.64,4.55,160.61499999999998,0.872864439856507,-3.96,-5.55
2021-03-05,2939,136000,4829900,36.6,36.6,35.3,35.3,0.0,60,2021,0.0,1.64,4.55,160.61499999999998,0.872864439856507,-3.96,-5.55
2021-03-08,2939,101000,3598150,34.8,36.0,34.8,36.0,0.7,54,2021,0.0,1.67,4.55,163.79999999999998,0.8901733664258995,-3.96,-5.55
2021-03-09,2939,54000,1949150,36.0,36.5,35.85,36.4,0.4,31,2021,0.0,1.69,4.55,165.61999999999998,0.9000641816084095,-3.96,-5.55
2021-03-10,2939,89000,3096900,36.0,36.0,34.0,34.0,-2.4,54,2021,0.0,1.58,4.55,154.7,0.8407192905133496,-3.96,-5.55
2021-03-11,2939,45000,1563150,34.3,35.2,34.3,34.5,0.5,32,2021,0.0,1.6,4.55,156.975,0.8530828094914871,-3.96,-5.55
2021-03-12,2939,36000,1257900,34.55,35.4,34.55,35.0,0.5,24,2021,0.0,1.62,4.55,159.25,0.8654463284696245,-3.96,-5.55
2021-03-15,2939,88200,3144600,35.0,35.95,35.0,35.9,0.9,48,2021,0.0,1.67,4.55,163.345,0.8877006626302721,-3.96,-5.55
2021-03-16,2939,79000,2846800,35.75,36.5,35.75,36.5,0.6,43,2021,0.0,1.69,4.55,166.075,0.9025368854040371,-3.96,-5.55
2021-03-17,2939,46000,1620300,35.6,35.75,35.1,35.1,-1.4,30,2021,0.0,1.63,4.55,159.705,0.8679190322652522,-3.96,-5.55
2021-03-18,2939,46001,1570884,34.0,34.95,33.8,34.9,-0.2,32,2021,0.0,1.62,4.55,158.795,0.862973624673997,-3.96,-5.55
2021-03-19,2939,60000,2018200,34.0,34.0,33.4,33.95,-0.95,30,2021,0.0,1.58,4.55,154.4725,0.8394829386155359,-3.96,-5.55
2021-03-22,2939,33000,1090950,31.0,34.8,31.0,34.8,0.85,29,2021,0.0,1.62,4.55,158.33999999999997,0.8605009208783695,-3.96,-5.55
2021-03-23,2939,21372,695606,32.75,32.85,32.2,32.6,-2.2,22,2021,0.0,1.51,4.55,148.33,0.8061014373745647,-3.96,-5.55
2021-03-24,2939,67000,2039150,31.5,31.5,29.5,30.2,-2.4,51,2021,0.0,1.4,4.55,137.41,0.7467565462795046,-3.96,-5.55
2021-03-25,2939,66000,1915300,29.5,30.2,27.7,30.2,0.0,51,2021,0.0,1.4,4.55,137.41,0.7467565462795046,-3.96,-5.55
2021-03-26,2939,28057,852567,29.5,31.0,29.5,30.3,0.1,21,2021,0.0,1.41,4.55,137.865,0.7492292500751322,-3.96,-5.55
2021-03-29,2939,144001,4645633,31.1,33.3,31.1,33.3,3.0,46,2021,0.0,1.55,4.55,151.515,0.823410363943957,-3.96,-5.55
2021-03-30,2939,211100,7312300,35.3,35.9,34.0,34.8,1.5,61,2021,0.0,1.62,4.55,158.33999999999997,0.8605009208783695,-3.96,-5.55
2021-03-31,2939,100030,3452550,35.0,35.3,34.3,35.0,0.2,26,2021,0.0,1.62,4.55,159.25,0.8654463284696245,-3.96,-5.55
2021-04-01,2939,183270,6462250,34.25,35.9,34.25,35.35,0.35,65,2021,176.75,1.53,4.55,160.8425,0.8741007917543209,-3.96,-5.55
2021-04-06,2939,119000,4246850,35.4,36.0,35.4,35.9,0.55,38,2021,179.5,1.56,4.55,163.345,0.908821822628826,-3.96,-5.55
2021-04-07,2939,168000,5997150,35.4,36.0,35.35,35.5,-0.4,56,2021,177.5,1.54,4.55,161.525,0.8986956741872792,-3.96,-5.55
2021-04-08,2939,107000,3799600,35.55,35.6,35.4,35.4,-0.1,28,2021,177.0,1.54,4.55,161.07,0.8961641370768925,-3.96,-5.55
2021-04-09,2939,192000,6877750,36.0,36.1,35.5,35.55,0.15,51,2021,177.75,1.54,4.55,161.75249999999997,0.8999614427424725,-3.96,-5.55
2021-04-12,2939,187101,6682651,36.0,36.05,35.5,35.5,-0.05,48,2021,177.5,1.54,4.55,161.525,0.8986956741872792,-3.96,-5.55
2021-04-13,2939,178000,6125450,33.25,35.6,33.25,34.95,-0.55,56,2021,174.75,1.52,4.55,159.0225,0.8847722200801523,-3.96,-5.55
2021-04-14,2939,154035,5429377,35.0,35.5,33.55,35.2,0.25,66,2021,176.0,1.53,4.55,160.16,0.8911010628561191,-3.96,-5.55
2021-04-15,2939,120000,4172300,35.25,35.45,34.45,35.45,0.25,33,2021,177.25,1.54,4.55,161.2975,0.897429905632086,-3.96,-5.55
2021-04-16,2939,196000,7244550,35.5,38.5,35.4,37.2,1.75,76,2021,186.0,1.61,4.55,169.26000000000002,0.9417318050638532,-3.96,-5.55
2021-04-19,2939,61037,2263197,37.2,37.6,35.7,36.95,-0.25,39,2021,184.75,1.6,4.55,168.1225,0.9354029622878864,-3.96,-5.55
2021-04-20,2939,34010,1257721,37.0,37.15,36.9,36.9,-0.05,27,2021,184.5,1.6,4.55,167.89499999999998,0.9341371937326929,-3.96,-5.55
2021-04-21,2939,43150,1599143,37.95,37.95,36.9,37.0,0.1,27,2021,185.0,1.61,4.55,168.35,0.9366687308430798,-3.96,-5.55
2021-04-22,2939,64000,2322050,37.0,37.0,35.05,36.7,-0.3,49,2021,183.5,1.59,4.55,166.985,0.9290741195119198,-3.96,-5.55
2021-04-23,2939,102000,3671450,36.6,36.7,35.55,35.55,-1.15,27,2021,177.75,1.54,4.55,161.75249999999997,0.8999614427424725,-3.96,-5.55
2021-04-26,2939,131040,4689638,35.6,36.05,35.4,35.8,0.25,42,2021,179.0,1.55,4.55,162.89,0.9062902855184392,-3.96,-5.55
2021-04-27,2939,86000,3091050,36.9,36.9,35.8,36.2,0.4,17,2021,181.0,1.57,4.55,164.71,0.9164164339599862,-3.96,-5.55
2021-04-28,2939,93000,3340350,35.9,36.1,35.7,36.1,-0.1,23,2021,180.5,1.57,4.55,164.255,0.9138848968495994,-3.96,-5.55
2021-04-29,2939,151100,5482760,36.0,38.5,35.0,36.1,0.0,71,2021,180.5,1.57,4.55,164.255,0.9138848968495994,-3.96,-5.55
2021-05-03,2939,95000,3425100,35.6,36.2,35.5,35.5,-0.6,24,2021,177.5,1.54,4.55,161.525,1.029563335115934,-3.96,-5.55
2021-05-04,2939,37000,1251350,35.6,35.6,32.5,34.4,-1.1,30,2021,172.0,1.49,4.55,156.51999999999998,0.9976613726193836,-3.96,-5.55
2021-05-05,2939,146000,4836500,35.1,35.1,32.5,33.8,-0.6,66,2021,169.0,1.47,4.55,153.79,0.9802603021667201,-3.96,-5.55
2021-05-06,2939,101000,3436100,33.8,34.3,33.0,33.75,-0.05,27,2021,168.75,1.46,4.55,153.5625,0.9788102129623315,-3.96,-5.55
2021-05-07,2939,77000,2627400,34.0,34.2,34.0,34.2,0.45,9,2021,171.0,1.48,4.55,155.61,0.9918610158018294,-3.96,-5.55
2021-05-10,2939,113001,3866637,33.6,35.0,33.6,35.0,0.8,41,2021,175.0,1.52,4.55,159.25,1.0150624430720474,-3.96,-5.55
2021-05-11,2939,108000,3770050,34.5,35.2,34.0,34.0,-1.0,31,2021,170.0,1.48,4.55,154.7,0.9860606589842746,-3.96,-5.55
2021-05-12,2939,134000,4448300,32.15,34.0,31.1,34.0,0.0,63,2021,170.0,1.48,4.55,154.7,0.9860606589842746,-3.96,-5.55
2021-05-13,2939,104000,3527450,32.6,34.0,32.6,34.0,0.0,40,2021,170.0,1.48,4.55,154.7,0.9860606589842746,-3.96,-5.55
2021-05-14,2939,96000,3244000,33.5,34.0,33.1,33.1,-0.9,25,2021,0.0,1.43,4.55,150.605,0.9599590533052792,-3.96,-5.55
2021-05-17,2939,147300,4534450,29.9,32.0,29.8,31.15,-1.95,70,2021,0.0,1.34,4.55,141.7325,0.903405574334122,-3.96,-5.55
2021-05-18,2939,85000,2686100,31.15,31.8,29.95,31.8,0.65,21,2021,0.0,1.37,4.55,144.69,0.9222567339911746,-3.96,-5.55
2021-05-19,2939,91000,2886750,31.8,31.8,31.6,31.65,-0.15,23,2021,0.0,1.37,4.55,144.0075,0.9179064663780087,-3.96,-5.55
2021-05-20,2939,27000,848800,31.2,31.8,31.0,31.75,0.1,21,2021,0.0,1.37,4.55,144.4625,0.9208066447867859,-3.96,-5.55
2021-05-21,2939,106104,3340078,31.1,31.8,30.8,30.8,-0.95,38,2021,0.0,1.33,4.55,140.14,0.8932549499034016,-3.96,-5.55
2021-05-24,2939,104,3203,0.0,0.0,0.0,0.0,0.0,4,2021,0.0,1.33,4.55,0.0,0.0,-3.96,-5.55
2021-05-25,2939,23154,720980,30.15,31.95,30.1,31.65,0.0,23,2021,0.0,1.37,4.55,144.0075,0.9179064663780087,-3.96,-5.55
2021-05-26,2939,77206,2430160,28.8,32.75,28.8,31.85,0.2,37,2021,0.0,1.38,4.55,144.9175,0.9237068231955632,-3.96,-5.55
2021-05-27,2939,101000,3245700,31.1,32.5,31.1,32.35,0.5,28,2021,0.0,1.4,4.55,147.1925,0.9382077152394496,-3.96,-5.55
2021-05-28,2939,81149,2640160,32.4,32.95,32.4,32.65,0.3,13,2021,0.0,1.41,4.55,148.55749999999998,0.9469082504657812,-3.96,-5.55
2021-05-31,2939,109200,3629679,33.0,33.4,32.9,33.4,0.75,36,2021,0.0,1.44,4.55,151.97,0.9686595885316109,-3.96,-5.55
2021-06-01,2939,94000,3195750,34.0,34.1,33.65,34.1,0.7,28,2021,0.0,1.47,4.55,155.155,0.988960837393052,-3.96,-5.55
2021-06-02,2939,99000,3381350,34.0,34.75,34.0,34.05,-0.05,26,2021,0.0,1.47,4.55,154.92749999999998,1.0771368402317414,-3.96,-5.55
2021-06-03,2939,95000,3221600,34.0,34.05,33.65,34.0,-0.05,20,2021,0.0,1.47,4.55,154.7,1.07555514149425,-3.96,-5.55
2021-06-04,2939,113231,3908566,34.0,36.3,34.0,36.3,2.3,41,2021,0.0,1.57,4.55,165.165,1.148313283418861,-3.96,-5.55
2021-06-07,2939,103000,3683150,33.6,36.0,33.6,35.5,-0.8,38,2021,0.0,1.53,4.55,161.525,1.1230061036189962,-3.96,-5.55
2021-06-08,2939,88100,3183150,36.0,36.2,36.0,36.0,0.5,26,2021,0.0,1.55,4.55,163.79999999999998,1.1388230909939114,-3.96,-5.55
2021-06-09,2939,9101,324606,35.6,36.0,35.4,35.5,-0.5,11,2021,0.0,1.53,4.55,161.525,1.1230061036189962,-3.96,-5.55
2021-06-10,2939,97399,3468429,35.5,35.7,35.4,35.5,0.0,28,2021,0.0,1.53,4.55,161.525,1.1230061036189962,-3.96,-5.55
2021-06-11,2939,82268,2953183,36.0,36.0,35.3,35.3,-0.2,20,2021,0.0,1.52,4.55,160.61499999999998,1.1166793086690299,-3.96,-5.55
2021-06-15,2939,82004,2880540,35.3,35.3,34.95,35.2,-0.1,20,2021,0.0,1.52,4.55,160.16,1.113515911194047,-3.96,-5.55
2021-06-16,2939,22027,773801,35.3,35.35,33.6,33.6,-1.6,18,2021,0.0,1.45,4.55,152.88,1.0629015515943177,-3.96,-5.55
2021-06-17,2939,29000,1010700,35.75,35.85,34.15,34.5,0.9,12,2021,0.0,1.49,4.55,156.975,1.0913721288691653,-3.96,-5.55
2021-06-18,2939,8000,280700,35.95,35.95,34.6,34.6,0.1,8,2021,0.0,1.49,4.55,157.43,1.0945355263441485,-3.96,-5.55
2021-06-21,2939,14000,482750,34.5,34.6,34.4,34.6,0.0,11,2021,0.0,1.49,4.55,157.43,1.0945355263441485,-3.96,-5.55
2021-06-22,2939,31000,1085250,35.8,35.8,34.6,34.6,0.0,24,2021,0.0,1.49,4.55,157.43,1.0945355263441485,-3.96,-5.55
2021-06-23,2939,2000,69300,34.95,34.95,34.35,34.35,-0.25,2,2021,0.0,1.48,4.55,156.2925,1.0866270326566907,-3.96,-5.55
2021-06-24,2939,4000,137800,34.5,34.5,34.4,34.4,0.05,4,2021,0.0,1.49,4.55,156.51999999999998,1.0882087313941822,-3.96,-5.55
2021-06-25,2939,20000,681800,34.15,34.7,33.65,34.3,-0.1,16,2021,0.0,1.48,4.55,156.06499999999997,1.085045333919199,-3.96,-5.55
2021-06-28,2939,34000,1149650,34.2,34.25,33.6,34.25,-0.05,23,2021,0.0,1.48,4.55,155.8375,1.0834636351817077,-3.96,-5.55
2021-06-29,2939,15000,507550,34.1,34.1,33.55,34.1,-0.15,12,2021,0.0,1.47,4.55,155.155,1.078718538969233,-3.96,-5.55
2021-06-30,2939,4000,132700,33.1,33.2,33.1,33.2,-0.9,4,2021,0.0,1.43,4.55,151.06,1.0502479616943852,-3.96,-5.55
2021-07-01,2939,27000,876450,35.55,35.55,31.55,33.0,-0.2,23,2021,0.0,1.42,4.55,150.15,1.043921166744419,-3.96,-5.55
2021-07-02,2939,114000,3840850,33.9,34.2,33.0,33.6,0.6,39,2021,0.0,1.45,4.55,152.88,1.070617474847002,-3.96,-5.55
2021-07-05,2939,125000,4245600,33.5,35.65,33.1,34.3,0.7,46,2021,0.0,1.48,4.55,156.06499999999997,1.0929220055729811,-3.96,-5.55
2021-07-06,2939,50015,1757847,35.0,35.5,34.8,35.4,1.1,31,2021,0.0,1.53,4.55,161.07,1.1279719824280916,-3.96,-5.55
2021-07-07,2939,106000,3709550,35.2,35.5,33.3,34.5,-0.9,29,2021,0.0,1.49,4.55,156.975,1.0992947286375467,-3.96,-5.55
2021-07-08,2939,144120,5145824,34.5,36.3,34.0,35.2,0.7,37,2021,0.0,1.52,4.55,160.16,1.121599259363526,-3.96,-5.55
2021-07-09,2939,96000,3339350,34.5,35.85,34.5,35.85,0.65,22,2021,0.0,1.55,4.55,163.1175,1.142310609323364,-3.96,-5.55
2021-07-12,2939,38000,1351700,34.9,35.85,34.9,35.85,0.0,23,2021,0.0,1.55,4.55,163.1175,1.142310609323364,-3.96,-5.55
2021-07-13,2939,133066,4742200,35.0,36.0,35.0,35.0,-0.85,39,2021,0.0,1.51,4.55,159.25,1.1152265362989606,-3.96,-5.55
2021-07-14,2939,65000,2270950,35.05,35.05,33.85,35.0,0.0,18,2021,0.0,1.51,4.55,159.25,1.1152265362989606,-3.96,-5.55
2021-07-15,2939,24031,847016,35.2,35.3,35.2,35.2,0.2,15,2021,0.0,1.52,4.55,160.16,1.121599259363526,-3.96,-5.55
2021-07-16,2939,44050,1581400,35.55,36.0,35.5,35.5,0.3,25,2021,0.0,1.53,4.55,161.525,1.1311583439603743,-3.96,-5.55
2021-07-19,2939,107003,3728105,34.3,35.6,34.3,35.05,-0.45,28,2021,0.0,1.51,4.55,159.4775,1.116819717065102,-3.96,-5.55
2021-07-20,2939,26015,916830,35.05,35.95,34.55,34.55,-0.5,19,2021,0.0,1.49,4.55,157.2025,1.100887909403688,-3.96,-5.55
2021-07-21,2939,113000,3857350,34.1,34.4,32.6,33.5,0.0,26,2021,0.0,1.45,4.55,152.42499999999998,1.0674311133147192,-3.96,-5.55
2021-07-22,2939,93010,3330460,34.9,36.75,34.9,35.0,1.5,34,2021,0.0,1.51,4.55,159.25,1.1152265362989606,-3.96,-5.55
2021-07-23,2939,16000,555100,34.65,37.5,34.0,35.9,0.9,12,2021,0.0,1.55,4.55,163.345,1.1439037900895053,-3.96,-5.55
2021-07-26,2939,12000,429900,36.4,36.5,35.4,35.4,-0.5,12,2021,0.0,1.53,4.55,161.07,1.1279719824280916,-3.96,-5.55
2021-07-27,2939,71000,2496450,35.3,35.3,34.6,34.6,-0.8,17,2021,0.0,1.49,4.55,157.43,1.1024810901698296,-3.96,-5.55
2021-07-28,2939,118000,4064400,35.0,35.0,34.3,34.5,-0.1,16,2021,0.0,1.49,4.55,156.975,1.0992947286375467,-3.96,-5.55
2021-07-29,2939,2000,71150,35.6,35.6,35.55,35.55,1.05,2,2021,0.0,1.53,4.55,161.75249999999997,1.1327515247265154,-3.96,-5.55
2021-07-30,2939,13000,453000,34.3,35.45,34.3,35.45,-0.1,10,2021,0.0,1.53,4.55,161.2975,1.1295651631942332,-3.96,-5.55
2021-08-02,2939,77000,2709400,34.4,35.3,34.4,35.3,-0.15,9,2021,0.0,1.52,4.55,160.61499999999998,1.141633164829041,-3.96,-5.55
2021-08-03,2939,12000,412250,34.6,34.85,33.2,34.6,-0.7,10,2021,0.0,1.49,4.55,157.43,1.1189945468295983,-3.96,-5.55
2021-08-04,2939,77000,2634450,34.1,34.3,34.05,34.1,-0.5,6,2021,0.0,1.47,4.55,155.155,1.102824105401425,-3.96,-5.55
2021-08-05,2939,84000,2838900,33.8,33.9,33.25,33.4,-0.7,13,2021,0.0,1.44,4.55,151.97,1.0801854874019823,-3.96,-5.55
2021-08-06,2939,77000,2588850,33.5,33.7,33.5,33.7,0.3,5,2021,0.0,1.46,4.55,153.335,1.0898877522588863,-3.96,-5.55
2021-08-09,2939,86000,2822650,32.7,34.0,31.7,34.0,0.3,14,2021,0.0,1.47,4.55,154.7,1.0995900171157904,-3.96,-5.55
2021-08-10,2939,83000,2901400,32.15,35.15,32.15,33.9,-0.1,17,2021,0.0,1.46,4.55,154.24499999999998,1.0963559288301554,-3.96,-5.55
2021-08-11,2939,53000,1833800,34.6,34.8,32.6,32.6,-1.3,7,2021,0.0,1.41,4.55,148.33,1.054312781116905,-3.96,-5.55
2021-08-12,2939,62069,2117362,33.2,34.5,33.0,34.0,1.4,18,2021,0.0,1.47,4.55,154.7,1.0995900171157904,-3.96,-5.55
2021-08-13,2939,61100,2114725,33.95,34.8,32.75,32.75,-1.25,11,2021,0.0,1.41,4.55,149.0125,1.0591639135453568,-3.96,-5.55
2021-08-16,2939,150109,5132273,34.0,35.0,33.1,33.8,1.05,53,2021,0.0,1.46,4.55,153.79,1.0931218405445209,-3.96,-5.55
2021-08-17,2939,47001,1591932,34.0,34.0,33.4,33.45,-0.35,16,2021,0.0,1.44,4.55,152.19750000000002,1.0818025315447997,-3.96,-5.55
2021-08-18,2939,124000,4280050,33.45,34.75,33.45,33.5,0.05,27,2021,0.0,1.45,4.55,152.42499999999998,1.0834195756876168,-3.96,-5.55
2021-08-19,2939,62000,2111850,34.0,34.3,34.0,34.3,0.8,24,2021,0.0,1.48,4.55,156.06499999999997,1.1092922819726942,-3.96,-5.55
2021-08-20,2939,278160,9829301,35.45,35.6,34.4,35.2,0.9,112,2021,0.0,1.52,4.55,160.16,1.1383990765434064,-3.96,-5.55
2021-08-23,2939,469471,17872836,36.0,38.7,36.0,38.7,3.5,219,2021,0.0,1.67,4.55,176.085,1.2515921665406202,-3.96,-5.55
2021-08-24,2939,121024,5144721,42.55,42.55,42.05,42.55,3.85,75,2021,0.0,1.84,4.55,193.6025,1.3761045655375552,-3.96,-5.55
2021-08-25,2939,339388,15883357,46.8,46.8,46.8,46.8,4.25,168,2021,0.0,2.02,4.55,212.93999999999997,1.5135533176770288,-3.96,-5.55
2021-08-26,2939,1133638,51015903,42.4,48.0,42.4,46.2,-0.6,724,2021,0.0,1.99,4.55,210.21,1.494148787963221,-3.96,-5.55
2021-08-27,2939,226056,10279615,46.3,46.6,44.5,44.5,-1.7,185,2021,0.0,1.92,4.55,202.475,1.4391692871074315,-3.96,-5.55
2021-08-30,2939,208585,9077730,43.5,45.65,42.2,42.2,-2.3,170,2021,0.0,1.82,4.55,192.01000000000002,1.364785256537834,-3.96,-5.55
2021-08-31,2939,192261,7841718,42.25,42.35,40.1,40.6,-1.6,148,2021,46.67,1.84,4.55,184.73,1.313039843967679,-3.96,-5.55
2021-09-01,2939,89029,3617330,40.6,40.85,40.4,40.85,0.25,67,2021,46.95,1.85,4.55,185.8675,1.3211250646817656,-3.96,-5.55
2021-09-02,2939,196176,8015211,41.0,41.7,40.45,40.6,-0.25,109,2021,46.67,1.84,4.55,184.73,1.3846435215653001,-3.96,-5.55
2021-09-03,2939,145010,5922010,40.6,41.45,40.55,41.0,0.4,49,2021,47.13,1.86,4.55,186.54999999999998,1.3982853296595392,-3.96,-5.55
2021-09-06,2939,115300,4663200,40.7,41.5,40.0,41.5,0.5,87,2021,47.7,1.88,4.55,188.825,1.4153375897773388,-3.96,-5.55
2021-09-07,2939,74058,2993048,41.8,41.8,39.95,39.95,-1.55,50,2021,45.92,1.81,4.55,181.7725,1.362475583412161,-3.96,-5.55
2021-09-08,2939,132000,5223150,40.05,40.05,38.35,39.7,-0.25,49,2021,45.63,1.8,4.55,180.63500000000002,1.3539494533532614,-3.96,-5.55
2021-09-09,2939,82300,3356245,39.8,41.7,39.65,40.7,1.0,63,2021,46.78,1.84,4.55,185.185,1.38805397358886,-3.96,-5.55
2021-09-10,2939,122000,4979600,40.7,41.55,40.2,41.3,0.6,46,2021,47.47,1.87,4.55,187.915,1.408516685730219,-3.96,-5.55
2021-09-13,2939,10000,410800,41.4,41.4,40.9,41.1,-0.2,10,2021,47.24,1.86,4.55,187.005,1.4016957816830993,-3.96,-5.55
2021-09-14,2939,4000,163300,41.1,41.1,40.0,40.0,-1.1,3,2021,45.98,1.81,4.55,182.0,1.364180809423941,-3.96,-5.55
2021-09-15,2939,116075,4518075,40.3,40.3,38.35,40.0,0.0,74,2021,45.98,1.81,4.55,182.0,1.364180809423941,-3.96,-5.55
2021-09-16,2939,31000,1204600,38.95,39.5,38.35,38.35,-1.65,23,2021,44.08,1.74,4.55,174.4925,1.3079083510352034,-3.96,-5.55
2021-09-17,2939,170036,6866532,42.0,42.0,39.55,40.4,2.05,88,2021,46.44,1.83,4.55,183.82,1.3778226175181802,-3.96,-5.55
2021-09-22,2939,8113,325276,40.0,40.25,39.7,39.7,-0.7,11,2021,45.63,1.8,4.55,180.63500000000002,1.3539494533532614,-3.96,-5.55
2021-09-23,2939,94000,3803400,38.9,40.8,38.9,40.15,0.45,27,2021,46.15,1.82,4.55,182.68249999999998,1.3692964874592806,-3.96,-5.55
2021-09-24,2939,11000,432700,40.15,40.15,39.1,39.25,-0.9,11,2021,45.11,1.78,4.55,178.5875,1.338602419247242,-3.96,-5.55
2021-09-27,2939,185000,7575950,38.65,42.95,38.5,41.0,1.75,118,2021,47.13,1.86,4.55,186.54999999999998,1.3982853296595392,-3.96,-5.55
2021-09-28,2939,94000,3809600,39.8,40.75,39.8,40.3,-0.7,30,2021,46.32,1.83,4.55,183.36499999999998,1.3744121654946202,-3.96,-5.55
2021-09-29,2939,11000,440200,40.5,40.6,39.6,40.0,-0.3,10,2021,45.98,1.81,4.55,182.0,1.364180809423941,-3.96,-5.55
2021-09-30,2939,3000,118550,39.2,39.7,39.2,39.7,-0.3,3,2021,45.63,1.8,4.55,180.63500000000002,1.3539494533532614,-3.96,-5.55
2021-10-01,2939,152000,5893350,39.45,39.65,37.7,38.1,-1.6,51,2021,43.79,1.73,4.55,173.355,1.2993822209763037,-3.96,-5.55
2021-10-04,2939,537000,21287900,39.6,41.7,37.75,38.0,-0.1,279,2021,43.68,1.72,4.55,172.9,1.4203810301500313,-3.96,-5.55
2021-10-05,2939,22000,844150,38.65,38.65,37.75,38.0,0.0,12,2021,43.68,1.72,4.55,172.9,1.4203810301500313,-3.96,-5.55
2021-10-06,2939,65000,2508350,38.05,39.65,37.9,38.95,0.95,50,2021,44.77,1.77,4.55,177.2225,1.455890555903782,-3.96,-5.55
2021-10-07,2939,16000,618900,38.6,39.6,38.55,38.7,-0.25,12,2021,44.48,1.75,4.55,176.085,1.4465459438633215,-3.96,-5.55
2021-10-08,2939,27000,1042650,38.7,38.7,38.15,38.4,-0.3,14,2021,44.14,1.74,4.55,174.72,1.4353324094147686,-3.96,-5.55
2021-10-12,2939,36000,1304700,38.4,38.4,34.95,35.85,-2.55,28,2021,41.21,1.63,4.55,163.1175,1.340017366602069,-3.96,-5.55
2021-10-13,2939,591000,21559850,36.0,39.3,34.5,38.4,2.55,151,2021,44.14,1.74,4.55,174.72,1.4353324094147686,-3.96,-5.55
2021-10-14,2939,104000,3983050,38.45,39.55,37.55,38.3,-0.1,29,2021,44.02,1.74,4.55,174.265,1.431594564598584,-3.96,-5.55
2021-10-15,2939,115000,4446800,37.6,39.95,37.6,38.5,0.2,35,2021,44.25,1.75,4.55,175.17499999999998,1.4390702542309526,-3.96,-5.55
2021-10-18,2939,62000,2364700,37.6,38.3,37.45,37.75,-0.75,21,2021,43.39,1.71,4.55,171.7625,1.4110364181095707,-3.96,-5.55
2021-10-19,2939,9000,338350,37.5,37.7,37.5,37.7,-0.05,9,2021,43.33,1.71,4.55,171.535,1.4091674957014784,-3.96,-5.55
2021-10-20,2939,8000,299550,37.4,37.45,37.4,37.45,-0.25,5,2021,43.05,1.7,4.55,170.3975,1.3998228836610178,-3.96,-5.55
2021-10-21,2939,20000,734600,37.45,37.5,36.25,36.5,-0.95,19,2021,41.95,1.65,4.55,166.075,1.364313357907267,-3.96,-5.55
2021-10-22,2939,12000,436450,36.2,37.1,36.0,36.3,-0.2,10,2021,41.72,1.65,4.55,165.165,1.3568376682748984,-3.96,-5.55
2021-10-25,2939,37000,1321150,36.2,36.2,35.2,35.2,-1.1,28,2021,40.46,1.6,4.55,160.16,1.315721375296871,-3.96,-5.55
2021-10-26,2939,35029,1235438,35.2,35.55,34.95,35.25,0.05,25,2021,40.52,1.6,4.55,160.3875,1.3175902977049634,-3.96,-5.55
2021-10-27,2939,159003,5635966,34.8,37.0,34.8,35.9,0.65,57,2021,41.26,1.63,4.55,163.345,1.3418862890101613,-3.96,-5.55
2021-10-28,2939,52000,1839700,36.0,36.0,35.0,35.5,-0.4,31,2021,40.8,1.61,4.55,161.525,1.326934909745424,-3.96,-5.55
2021-10-29,2939,40001,1406589,35.5,35.5,34.7,35.5,0.0,25,2021,40.8,1.61,4.55,161.525,1.326934909745424,-3.96,-5.55
2021-11-01,2939,38013,1359307,35.4,37.0,35.0,35.0,-0.5,37,2021,40.23,1.59,4.55,159.25,1.3082456856645026,-3.96,-5.55
2021-11-02,2939,46068,1610393,35.95,35.95,34.45,35.35,0.35,34,2021,40.63,1.6,4.55,160.8425,1.3294383697854202,-3.96,-5.55
2021-11-03,2939,36000,1244900,34.9,35.75,34.0,34.3,-1.05,31,2021,39.43,1.55,4.55,156.06499999999997,1.289950101375952,-3.96,-5.55
2021-11-04,2939,34000,1162150,34.55,34.6,33.65,34.25,-0.05,26,2021,39.37,1.55,4.55,155.8375,1.288069707642168,-3.96,-5.55
2021-11-05,2939,70000,2421250,36.2,36.2,33.55,34.2,-0.05,55,2021,39.31,1.55,4.55,155.61,1.2861893139083842,-3.96,-5.55
2021-11-08,2939,16000,543500,34.2,34.2,33.85,33.9,-0.3,12,2021,38.97,1.54,4.55,154.24499999999998,1.2749069515056786,-3.96,-5.55
2021-11-09,2939,28000,944950,33.9,34.45,33.35,33.8,-0.1,25,2021,38.85,1.53,4.55,153.79,1.2711461640381103,-3.96,-5.55
2021-11-10,2939,75000,2485550,33.8,33.8,32.85,33.2,-0.6,46,2021,38.16,1.5,4.55,151.06,1.2485814392327002,-3.96,-5.55
2021-11-11,2939,89000,2933500,33.2,33.2,32.5,32.75,-0.45,48,2021,37.64,1.48,4.55,149.0125,1.2316578956286426,-3.96,-5.55
2021-11-12,2939,94158,3010874,32.55,32.8,31.1,31.95,-0.8,69,2021,36.72,1.45,4.55,145.3725,1.2015715958880955,-3.96,-5.55
2021-11-15,2939,85001,2676781,31.9,32.0,31.3,32.0,0.05,37,2021,54.24,1.59,4.55,145.6,1.2034519896218796,-3.96,-5.55
2021-11-16,2939,64130,1990130,31.45,31.75,30.15,30.35,-1.65,55,2021,51.44,1.51,4.55,138.0925,1.1413989964070015,-3.96,-5.55
2021-11-17,2939,256068,7450058,30.35,30.4,28.3,30.4,0.05,188,2021,51.53,1.51,4.55,138.32,1.1432793901407856,-3.96,-5.55
2021-11-18,2939,44293,1329554,30.45,31.3,28.9,29.35,-1.05,44,2021,49.75,1.46,4.55,133.5425,1.1037911217313179,-3.96,-5.55
2021-11-19,2939,253396,7067479,29.4,29.4,26.95,27.7,-1.65,200,2021,46.95,1.37,4.55,126.035,1.0417381285164395,-3.96,-5.55
2021-11-22,2939,163000,4451050,27.7,27.85,26.3,27.3,-0.4,94,2021,46.27,1.35,4.55,124.215,1.026694978646166,-3.96,-5.55
2021-11-23,2939,66004,1799118,28.0,28.2,26.7,26.7,-0.6,47,2021,45.25,1.33,4.55,121.48499999999999,1.0041302538407557,-3.96,-5.55
2021-11-24,2939,49004,1324265,27.0,27.5,26.8,27.45,0.75,38,2021,46.53,1.36,4.55,124.8975,1.0323361598475187,-3.96,-5.55
2021-11-25,2939,21000,575800,27.5,27.55,27.3,27.45,0.0,20,2021,46.53,1.36,4.55,124.8975,1.0323361598475187,-3.96,-5.55
2021-11-26,2939,72000,1927200,27.25,27.5,26.4,26.9,-0.55,55,2021,45.59,1.33,4.55,122.39499999999998,1.0116518287758924,-3.96,-5.55
2021-11-29,2939,77000,2049100,26.05,27.15,26.05,27.15,0.25,24,2021,46.02,1.35,4.55,123.53249999999998,1.0210537974448133,-3.96,-5.55
2021-11-30,2939,37000,1015600,27.2,27.95,27.05,27.95,0.8,24,2021,47.37,1.39,4.55,127.17249999999999,1.0511400971853604,-3.96,-5.55
2021-12-01,2939,13000,363300,27.85,28.25,27.7,28.15,0.2,9,2021,47.71,1.4,4.55,128.08249999999998,1.058661672120497,-3.96,-5.55
2021-12-02,2939,35000,966850,28.0,28.05,27.15,27.7,-0.45,32,2021,46.95,1.37,4.55,126.035,1.0790095046324595,-3.96,-5.55
2021-12-03,2939,25000,702450,27.55,28.6,27.5,27.9,0.2,21,2021,47.29,1.38,4.55,126.945,1.0868001869763761,-3.96,-5.55
2021-12-06,2939,28000,775650,27.9,28.0,27.45,28.0,0.1,24,2021,47.46,1.39,4.55,127.39999999999999,1.0906955281483346,-3.96,-5.55
2021-12-07,2939,84011,2296204,27.75,27.75,27.1,27.5,-0.5,69,2021,46.61,1.36,4.55,125.125,1.0712188222885428,-3.96,-5.55
2021-12-08,2939,43001,1167527,27.8,27.8,26.95,27.05,-0.45,33,2021,45.85,1.34,4.55,123.0775,1.0536897870147304,-3.96,-5.55
2021-12-09,2939,71000,1892150,27.3,27.3,26.25,26.3,-0.75,49,2021,44.58,1.31,4.55,119.66499999999999,1.0244747282250428,-3.96,-5.55
2021-12-10,2939,114205,2980040,26.3,26.6,25.9,26.45,0.15,73,2021,44.83,1.31,4.55,120.3475,1.0303177399829804,-3.96,-5.55
2021-12-13,2939,24000,637400,26.8,26.9,26.35,26.35,-0.1,19,2021,44.66,1.31,4.55,119.8925,1.026422398811022,-3.96,-5.55
2021-12-14,2939,40000,1033900,26.35,26.35,25.5,25.9,-0.45,31,2021,43.9,1.29,4.55,117.84499999999998,1.0088933635372093,-3.96,-5.55
2021-12-15,2939,85038,2293486,26.15,27.9,25.95,27.3,1.4,67,2021,46.27,1.35,4.55,124.215,1.0634281399446261,-3.96,-5.55
2021-12-16,2939,85000,2307450,27.3,27.4,26.7,27.0,-0.3,44,2021,45.76,1.34,4.55,122.85,1.0517421164287513,-3.96,-5.55
2021-12-17,2939,21002,567102,27.1,27.15,26.75,26.85,-0.15,21,2021,45.51,1.33,4.55,122.1675,1.0458991046708137,-3.96,-5.55
2021-12-20,2939,115000,3392500,29.5,29.5,29.5,29.5,2.65,42,2021,50.0,1.46,4.55,134.225,1.1491256457277097,-3.96,-5.55
2021-12-21,2939,74057,2403148,32.45,32.45,32.45,32.45,2.95,42,2021,55.0,1.61,4.55,147.6475,1.2640382103004806,-3.96,-5.55
2021-12-22,2939,89162,3178625,35.65,35.65,35.65,35.65,3.2,66,2021,60.42,1.77,4.55,162.20749999999998,1.3886891278031472,-3.96,-5.55
2021-12-23,2939,2224606,85439380,39.2,39.2,36.5,38.0,2.35,972,2021,64.41,1.89,4.55,172.9,1.4802296453441683,-3.96,-5.55
2021-12-24,2939,553226,21050381,38.5,39.3,36.9,37.9,-0.1,296,2021,64.24,1.88,4.55,172.445,1.4763343041722101,-3.96,-5.55
2021-12-27,2939,170032,6310537,37.85,37.85,36.6,37.5,-0.4,106,2021,63.56,1.86,4.55,170.625,1.4607529394843768,-3.96,-5.55
2021-12-28,2939,71869,2700878,38.15,38.15,37.0,37.05,-0.45,37,2021,62.8,1.84,4.55,168.5775,1.443223904210564,-3.96,-5.55
2021-12-29,2939,84000,3068600,37.15,37.25,36.0,36.2,-0.85,54,2021,61.36,1.8,4.55,164.71,1.4101135042489183,-3.96,-5.55
2021-12-30,2939,132205,4627749,36.2,36.2,34.6,34.65,-1.55,103,2021,58.73,1.72,4.55,157.6575,1.3497357160835641,-3.96,-5.55
2022-01-03,2939,204016,6796515,34.0,34.05,32.35,32.35,-2.3,124,2022,54.83,1.61,4.55,147.1925,1.2750850244374874,1.99,2.28
2022-01-04,2939,88060,2925829,33.6,33.6,32.95,33.0,0.65,54,2022,55.93,1.64,4.55,150.15,1.3007049708326763,1.99,2.28
2022-01-05,2939,47000,1562900,33.15,33.4,33.15,33.4,0.4,28,2022,56.61,1.66,4.55,151.97,1.3164710916912543,1.99,2.28
2022-01-06,2939,97130,3322989,33.5,36.0,33.1,34.25,0.85,63,2022,58.05,1.7,4.55,155.8375,1.3499740985157322,1.99,2.28
2022-01-07,2939,95567,3269189,34.25,35.95,32.8,35.5,1.25,63,2022,60.17,1.76,4.55,161.525,1.3992432261987882,1.99,2.28
2022-01-10,2939,72800,2527350,35.3,36.0,34.1,36.0,0.5,63,2022,61.02,1.79,4.55,163.79999999999998,1.4189508772720105,1.99,2.28
2022-01-11,2939,285499,9836265,35.75,35.95,34.0,34.5,-1.5,92,2022,58.47,1.71,4.55,156.975,1.3598279240523434,1.99,2.28
2022-01-12,2939,35875,1249532,34.75,35.4,34.25,34.25,-0.25,26,2022,58.05,1.7,4.55,155.8375,1.3499740985157322,1.99,2.28
2022-01-13,2939,28655,962838,34.0,34.2,33.2,33.25,-1.0,21,2022,56.36,1.65,4.55,151.2875,1.3105587963692875,1.99,2.28
2022-01-14,2939,23679,771816,33.25,33.3,32.0,32.0,-1.25,22,2022,54.24,1.59,4.55,145.6,1.2612896686862316,1.99,2.28
2022-01-17,2939,180301,5618616,32.0,32.0,30.45,31.4,-0.6,129,2022,53.22,1.56,4.55,142.86999999999998,1.2376404873983646,1.99,2.28
2022-01-18,2939,32099,988999,30.75,31.4,30.5,30.5,-0.9,28,2022,51.69,1.51,4.55,138.775,1.2021667154665645,1.99,2.28
2022-01-19,2939,21000,641550,30.5,30.65,30.45,30.5,0.0,20,2022,51.69,1.51,4.55,138.775,1.2021667154665645,1.99,2.28
2022-01-20,2939,9000,273000,30.5,30.5,30.1,30.35,-0.15,9,2022,51.44,1.51,4.55,138.0925,1.196254420144598,1.99,2.28
2022-01-21,2939,28040,836809,29.9,30.05,29.6,29.6,-0.75,28,2022,50.17,1.47,4.55,134.68,1.1666929435347644,1.99,2.28
2022-01-24,2939,210096,6281536,29.6,31.65,28.2,30.6,1.0,178,2022,51.86,1.52,4.55,139.23,1.2061082456812091,1.99,2.28
2022-01-25,2939,179980,5182636,29.2,30.55,28.0,28.45,-2.15,246,2022,48.22,1.41,4.55,129.4475,1.1213653460663529,1.99,2.28
2022-01-26,2939,87017,2413433,28.4,28.45,26.6,26.6,-1.85,69,2022,45.08,1.32,4.55,121.03,1.04844703709543,1.99,2.28
2022-02-07,2939,57000,1566750,27.3,28.85,26.8,28.5,1.9,40,2022,48.31,1.41,4.55,129.67499999999998,1.176161672231156,1.99,2.28
2022-02-08,2939,31000,880100,28.4,28.6,27.9,28.5,0.0,24,2022,48.31,1.41,4.55,129.67499999999998,1.176161672231156,1.99,2.28
2022-02-09,2939,46000,1295750,28.5,28.55,28.0,28.35,-0.15,35,2022,48.05,1.41,4.55,128.9925,1.1699713476404658,1.99,2.28
2022-02-10,2939,191000,5463300,28.35,29.85,27.7,29.15,0.8,159,2022,49.41,1.45,4.55,132.6325,1.2029864121241476,1.99,2.28
2022-02-11,2939,28002,811707,28.6,29.2,28.6,28.85,-0.3,22,2022,48.9,1.43,4.55,131.2675,1.190605762942767,1.99,2.28
2022-02-14,2939,62000,1782200,29.2,29.2,28.25,28.5,-0.35,56,2022,48.31,1.41,4.55,129.67499999999998,1.176161672231156,1.99,2.28
2022-02-15,2939,34000,954400,28.2,28.4,27.8,27.9,-0.6,24,2022,47.29,1.38,4.55,126.945,1.151400373868395,1.99,2.28
2022-02-16,2939,66000,1855750,28.05,28.35,27.8,28.1,0.2,43,2022,47.63,1.39,4.55,127.855,1.1596541399893154,1.99,2.28
2022-02-17,2939,176002,4822356,27.6,27.9,27.25,27.4,-0.7,83,2022,46.44,1.36,4.55,124.66999999999999,1.1307659585660939,1.99,2.28
2022-02-18,2939,42250,1151349,27.05,27.45,27.05,27.15,-0.25,36,2022,46.02,1.35,4.55,123.53249999999998,1.1204487509149434,1.99,2.28
2022-02-21,2939,46000,1256850,27.0,27.45,27.0,27.4,0.25,28,2022,46.44,1.36,4.55,124.66999999999999,1.1307659585660939,1.99,2.28
2022-02-22,2939,30001,809477,27.4,27.4,26.9,26.9,-0.5,25,2022,45.59,1.33,4.55,122.39499999999998,1.1101315432637928,1.99,2.28
2022-02-23,2939,36000,972450,26.75,27.3,26.75,27.0,0.1,29,2022,45.76,1.34,4.55,122.85,1.1142584263242532,1.99,2.28
2022-02-24,2939,66000,1772400,26.85,27.0,26.65,27.0,0.0,36,2022,45.76,1.34,4.55,122.85,1.1142584263242532,1.99,2.28
2022-02-25,2939,28000,756650,26.7,27.1,26.7,27.05,0.05,16,2022,45.85,1.34,4.55,123.0775,1.1163218678544833,1.99,2.28
2022-03-01,2939,75000,2058500,27.1,27.75,27.1,27.3,0.25,43,2022,46.27,1.35,4.55,124.215,1.126639075505634,1.99,2.28
2022-03-02,2939,67000,1828750,27.3,27.5,27.2,27.2,-0.1,39,2022,46.1,1.35,4.55,123.75999999999999,1.204751252353334,1.99,2.28
2022-03-03,2939,66000,1816300,27.15,27.7,27.15,27.7,0.5,33,2022,46.95,1.37,4.55,126.035,1.2268974150804173,1.99,2.28
2022-03-04,2939,44000,1213300,27.45,27.75,27.3,27.55,-0.15,25,2022,46.69,1.37,4.55,125.35249999999999,1.2202535662622924,1.99,2.28
2022-03-07,2939,132000,3576050,27.55,27.85,27.0,27.0,-0.55,30,2022,45.76,1.34,4.55,122.85,1.1958927872625007,1.99,2.28
2022-03-08,2939,228221,6054412,27.05,27.05,26.5,26.5,-0.5,25,2022,44.92,1.32,4.55,120.57499999999999,1.1737466245354173,1.99,2.28
2022-03-09,2939,113000,3007750,26.45,27.4,26.45,26.6,0.1,14,2022,45.08,1.32,4.55,121.03,1.178175857080834,1.99,2.28
2022-03-10,2939,28250,757650,26.6,27.3,26.6,26.7,0.1,31,2022,45.25,1.33,4.55,121.48499999999999,1.1826050896262503,1.99,2.28
2022-03-11,2939,117000,3029800,26.65,26.7,24.95,25.1,-1.6,89,2022,42.54,1.25,4.55,114.205,1.111737368899584,1.99,2.28
2022-03-14,2939,145273,3582487,24.35,25.1,24.3,24.35,-0.75,100,2022,41.27,1.21,4.55,110.7925,1.078518124808959,1.99,2.28
2022-03-15,2939,230115,5437502,24.05,24.3,23.6,23.6,-0.75,33,2022,40.0,1.17,4.55,107.38,1.0452988807183339,1.99,2.28
2022-03-16,2939,258001,6152774,24.0,24.1,23.4,23.85,0.25,46,2022,40.42,1.18,4.55,108.5175,1.0563719620818757,1.99,2.28
2022-03-17,2939,30627,762144,24.35,25.1,24.35,25.1,1.25,33,2022,42.54,1.25,4.55,114.205,1.111737368899584,1.99,2.28
2022-03-18,2939,316000,8072000,25.3,25.7,25.3,25.55,0.45,19,2022,43.31,1.27,4.55,116.2525,1.131668915353959,1.99,2.28
2022-03-21,2939,331100,8321160,25.45,25.6,25.1,25.1,-0.45,21,2022,42.54,1.25,4.55,114.205,1.111737368899584,1.99,2.28
2022-03-22,2939,542101,13123636,25.1,25.1,24.1,24.15,-0.95,122,2022,40.93,1.2,4.55,109.8825,1.0696596597181256,1.99,2.28
2022-03-23,2939,84000,2055700,24.35,24.9,24.35,24.4,0.25,53,2022,41.36,1.21,4.55,111.02,1.0807327410816672,1.99,2.28
2022-03-24,2939,25036,611235,24.45,24.45,24.4,24.4,0.0,22,2022,41.36,1.21,4.55,111.02,1.0807327410816672,1.99,2.28
2022-03-25,2939,90005,2155025,25.0,25.0,23.35,23.35,-1.05,69,2022,39.58,1.16,4.55,106.2425,1.0342257993547923,1.99,2.28
2022-03-28,2939,70094,1612967,23.45,23.7,22.6,23.4,0.05,55,2022,39.66,1.16,4.55,106.46999999999998,1.0364404156275004,1.99,2.28
2022-03-29,2939,83053,1909545,23.45,23.7,22.55,22.7,-0.7,72,2022,38.47,1.13,4.55,103.285,1.0054357878095839,1.99,2.28
2022-03-30,2939,32000,745450,22.85,23.55,22.85,23.4,0.7,32,2022,39.66,1.16,4.55,106.46999999999998,1.0364404156275004,1.99,2.28
2022-03-31,2939,15008,351487,23.4,23.5,23.35,23.5,0.1,17,2022,0.0,1.18,4.55,106.925,1.0408696481729172,1.99,2.28
2022-04-01,2939,26000,611250,23.8,23.8,23.45,23.5,0.0,18,2022,0.0,1.18,4.55,106.925,1.0408696481729172,1.99,2.28
2022-04-06,2939,63002,1496849,23.1,24.5,23.0,24.05,0.55,52,2022,0.0,1.21,4.55,109.4275,1.0552405951449917,1.99,2.28
2022-04-07,2939,31022,750032,24.05,24.3,24.05,24.25,0.2,28,2022,0.0,1.22,4.55,110.33749999999999,1.064015984709607,1.99,2.28
2022-04-08,2939,37214,911742,24.5,24.6,24.3,24.6,0.35,26,2022,0.0,1.24,4.55,111.93,1.0793729164476837,1.99,2.28
2022-04-11,2939,189112,4903495,25.1,26.65,25.1,26.0,1.4,150,2022,0.0,1.31,4.55,118.3,1.1408006433999909,1.99,2.28
2022-04-12,2939,93843,2465203,26.0,26.9,25.8,26.15,0.15,54,2022,0.0,1.31,4.55,118.98249999999999,1.1473821855734523,1.99,2.28
2022-04-13,2939,89001,2396027,26.75,27.4,26.4,26.95,0.8,47,2022,0.0,1.35,4.55,122.62249999999999,1.1824837438319133,1.99,2.28
2022-04-14,2939,116002,3207709,27.35,28.3,27.05,28.05,1.1,74,2022,0.0,1.41,4.55,127.6275,1.230748386437298,1.99,2.28
2022-04-15,2939,333069,9647919,28.0,30.15,28.0,28.2,0.15,163,2022,0.0,1.42,4.55,128.31,1.2373299286107593,1.99,2.28
2022-04-18,2939,64060,1795642,28.4,28.45,27.65,28.0,-0.2,40,2022,0.0,1.41,4.55,127.39999999999999,1.228554539046144,1.99,2.28
2022-04-19,2939,60117,1687288,27.45,28.4,27.45,28.0,0.0,27,2022,0.0,1.41,4.55,127.39999999999999,1.228554539046144,1.99,2.28
2022-04-20,2939,123000,3423500,28.1,28.3,27.6,27.6,-0.4,46,2022,0.0,1.39,4.55,125.58,1.2110037599169134,1.99,2.28
2022-04-21,2939,29100,801665,27.8,28.0,27.35,28.0,0.4,23,2022,0.0,1.41,4.55,127.39999999999999,1.228554539046144,1.99,2.28
2022-04-22,2939,41000,1101000,26.55,27.35,26.55,26.95,-1.05,29,2022,0.0,1.35,4.55,122.62249999999999,1.1824837438319133,1.99,2.28
2022-04-25,2939,32021,871071,26.9,27.8,26.85,27.25,0.3,25,2022,0.0,1.37,4.55,123.9875,1.1956468281788366,1.99,2.28
2022-04-26,2939,80000,2159500,27.25,27.55,26.8,26.8,-0.45,33,2022,0.0,1.35,4.55,121.94,1.1759022016584522,1.99,2.28
2022-04-27,2939,14099,377753,26.55,27.2,26.55,26.75,-0.05,16,2022,0.0,1.34,4.55,121.71249999999999,1.1737083542672984,1.99,2.28
2022-04-28,2939,11000,295100,26.8,27.0,26.8,27.0,0.25,5,2022,0.0,1.36,4.55,122.85,1.1846775912230676,1.99,2.28
2022-04-29,2939,110000,2975550,26.85,27.9,26.7,26.75,-0.25,41,2022,0.0,1.34,4.55,121.71249999999999,1.1737083542672984,1.99,2.28
2022-05-03,2939,134000,3591500,27.0,27.5,26.65,26.8,0.05,25,2022,0.0,1.35,4.55,121.94,1.1516963767937998,1.99,2.28
2022-05-04,2939,13000,350800,27.2,27.45,26.85,26.85,0.05,6,2022,0.0,1.35,4.55,122.1675,1.1538450640639373,1.99,2.28
2022-05-05,2939,25000,672650,26.9,27.0,26.8,26.8,-0.05,13,2022,0.0,1.35,4.55,121.94,1.1516963767937998,1.99,2.28
2022-05-06,2939,112089,2886137,26.7,26.7,25.0,25.6,-1.2,73,2022,0.0,1.29,4.55,116.48,1.1001278823104952,1.99,2.28
2022-05-09,2939,47151,1195275,25.5,25.55,25.25,25.5,-0.1,31,2022,0.0,1.28,4.55,116.02499999999999,1.09583050777022,1.99,2.28
2022-05-10,2939,3000,76450,25.5,25.5,25.45,25.45,-0.05,3,2022,0.0,1.28,4.55,115.79749999999999,1.093681820500082,1.99,2.28
2022-05-11,2939,23000,580600,25.8,25.8,25.0,25.4,-0.05,18,2022,0.0,1.28,4.55,115.57,1.0915331332299445,1.99,2.28
2022-05-12,2939,65151,1639964,25.45,25.45,24.6,25.0,-0.4,33,2022,0.0,1.26,4.55,113.75,1.074343635068843,1.99,2.28
2022-05-13,2939,97000,2423850,24.65,25.75,24.5,25.3,0.3,34,2022,0.0,1.27,4.55,115.115,1.087235758689669,1.99,2.28
2022-05-16,2939,23000,580950,25.3,25.55,25.1,25.1,-0.2,15,2022,0.0,1.23,4.55,114.205,1.0786410096091184,1.99,2.28
2022-05-17,2939,8002,202950,25.6,25.6,25.15,25.25,0.15,9,2022,0.0,1.24,4.55,114.88749999999999,1.0850870714195315,1.99,2.28
2022-05-18,2939,28500,725623,25.4,26.0,25.1,25.55,0.3,21,2022,0.0,1.25,4.55,116.2525,1.0979791950403575,1.99,2.28
2022-05-19,2939,20,500,0.0,0.0,0.0,0.0,0.0,1,2022,0.0,1.23,4.55,0.0,0.0,1.99,2.28
2022-05-20,2939,13000,334550,26.0,26.0,25.5,25.5,0.0,13,2022,0.0,1.25,4.55,116.02499999999999,1.09583050777022,1.99,2.28
2022-05-23,2939,33001,883426,26.1,27.35,26.1,27.0,1.5,27,2022,0.0,1.32,4.55,122.85,1.1602911258743505,1.99,2.28
2022-05-24,2939,44000,1184600,27.0,27.4,26.5,26.5,-0.5,33,2022,0.0,1.3,4.55,120.57499999999999,1.1388042531729736,1.99,2.28
2022-05-25,2939,180000,4942000,26.6,28.25,26.55,27.7,1.2,76,2022,0.0,1.36,4.55,126.035,1.190372747656278,1.99,2.28
2022-05-26,2939,411228,11954613,28.0,29.85,28.0,28.95,1.25,258,2022,0.0,1.42,4.55,131.7225,1.2440899294097203,1.99,2.28
2022-05-27,2939,114005,3307547,29.5,29.55,28.7,28.9,-0.05,63,2022,0.0,1.41,4.55,131.49499999999998,1.2419412421395823,1.99,2.28
2022-05-30,2939,139000,4040650,28.9,29.2,28.9,29.15,0.25,47,2022,0.0,1.43,4.55,132.6325,1.252684678490271,1.99,2.28
2022-05-31,2939,88000,2609400,29.35,30.1,29.3,29.3,0.15,70,2022,0.0,1.43,4.55,133.315,1.259130740300684,1.99,2.28
2022-06-01,2939,93159,2723034,29.7,29.7,29.0,29.0,-0.3,74,2022,0.0,1.42,4.55,131.95,1.2462386166798578,1.99,2.28
2022-06-02,2939,11000,321600,29.45,29.45,29.1,29.3,0.3,11,2022,0.0,1.43,4.55,133.315,1.249252687980599,1.99,2.28
2022-06-06,2939,73161,2113002,29.05,29.25,28.6,28.9,-0.4,40,2022,0.0,1.41,4.55,131.49499999999998,1.2321980437760853,1.99,2.28
2022-06-07,2939,80330,2292165,28.9,29.0,28.4,28.4,-0.5,41,2022,0.0,1.39,4.55,129.22,1.210879738520444,1.99,2.28
2022-06-08,2939,54133,1535474,28.4,28.95,28.05,28.55,0.15,34,2022,0.0,1.4,4.55,129.9025,1.2172752300971366,1.99,2.28
2022-06-09,2939,35000,1018000,28.8,29.5,28.8,29.05,0.5,27,2022,0.0,1.42,4.55,132.1775,1.2385935353527782,1.99,2.28
2022-06-10,2939,54140,1591002,28.8,29.9,28.8,29.1,0.05,44,2022,0.0,1.42,4.55,132.405,1.2407253658783424,1.99,2.28
2022-06-13,2939,19071,554067,29.1,29.35,28.8,29.3,0.2,17,2022,0.0,1.43,4.55,133.315,1.249252687980599,1.99,2.28
2022-06-14,2939,31065,902893,29.3,29.4,28.5,28.7,-0.6,25,2022,0.0,1.4,4.55,130.58499999999998,1.2236707216738287,1.99,2.28
2022-06-15,2939,29271,842537,28.8,29.3,28.5,29.25,0.55,31,2022,0.0,1.43,4.55,133.0875,1.2471208574550348,1.99,2.28
2022-06-16,2939,9000,263450,29.5,29.5,29.2,29.25,0.0,7,2022,0.0,1.43,4.55,133.0875,1.2471208574550348,1.99,2.28
2022-06-17,2939,56000,1614250,29.2,29.4,28.45,28.75,-0.5,31,2022,0.0,1.41,4.55,130.8125,1.2258025521993932,1.99,2.28
2022-06-20,2939,47017,1339038,29.4,29.4,28.05,28.05,-0.7,34,2022,0.0,1.37,4.55,127.6275,1.195956924841495,1.99,2.28
2022-06-21,2939,29005,820540,28.2,28.8,28.1,28.1,0.05,18,2022,0.0,1.37,4.55,127.855,1.198088755367059,1.99,2.28
2022-06-22,2939,57000,1623000,28.25,28.85,28.2,28.2,0.1,31,2022,0.0,1.38,4.55,128.31,1.2023524164181874,1.99,2.28
2022-06-23,2939,38000,1065600,28.25,28.25,27.7,28.2,0.0,21,2022,0.0,1.38,4.55,128.31,1.2023524164181874,1.99,2.28
2022-06-24,2939,80001,2296579,28.2,29.25,28.0,28.9,0.7,40,2022,0.0,1.41,4.55,131.49499999999998,1.2321980437760853,1.99,2.28
2022-06-27,2939,70000,2026800,28.9,29.1,28.8,29.0,0.1,43,2022,0.0,1.42,4.55,131.95,1.236461704827214,1.99,2.28
2022-06-28,2939,71000,2054850,28.95,29.35,28.7,29.05,0.05,37,2022,0.0,1.42,4.55,132.1775,1.2385935353527782,1.99,2.28
2022-06-29,2939,184911,5819054,29.45,31.95,29.45,31.95,2.9,109,2022,0.0,1.56,4.55,145.3725,1.3622397058354996,1.99,2.28
2022-06-30,2939,534547,18626149,33.9,35.1,33.9,35.1,3.15,327,2022,0.0,1.72,4.55,159.705,1.496545028946042,1.99,2.28
2022-07-01,2939,1547534,53786937,35.8,36.3,32.2,33.1,-2.0,1055,2022,0.0,1.62,4.55,150.605,1.4112718079234752,1.99,2.28
2022-07-04,2939,790125,27975856,34.0,36.35,33.7,36.05,2.95,487,2022,0.0,1.76,4.55,164.02749999999997,1.4862894661490895,1.99,2.28
2022-07-05,2939,1320445,49825927,36.05,39.0,36.0,37.6,1.55,956,2022,0.0,1.84,4.55,171.08,1.5501937289100078,1.99,2.28
2022-07-06,2939,900436,33780609,38.0,38.85,36.2,36.2,-1.4,565,2022,0.0,1.77,4.55,164.71,1.4924737496420817,1.99,2.28
2022-07-07,2939,292135,10523541,35.6,36.85,35.6,36.15,-0.05,209,2022,0.0,1.77,4.55,164.4825,1.4904123218110843,1.99,2.28
2022-07-08,2939,152242,5426378,36.2,36.45,35.2,35.4,-0.75,139,2022,0.0,1.73,4.55,161.07,1.4594909043461242,1.99,2.28
2022-07-11,2939,174001,6122686,35.8,36.1,34.6,34.75,-0.65,109,2022,0.0,1.7,4.55,158.11249999999998,1.4326923425431584,1.99,2.28
2022-07-12,2939,180608,6026084,34.6,35.25,32.3,32.75,-2.0,101,2022,0.0,1.6,4.55,149.0125,1.3502352293032647,1.99,2.28
2022-07-13,2939,60031,1984672,33.0,34.1,32.6,33.25,0.5,44,2022,0.0,1.63,4.55,151.2875,1.370849507613238,1.99,2.28
2022-07-14,2939,419168,14470098,32.85,35.8,32.8,34.35,1.1,138,2022,0.0,1.68,4.55,156.2925,1.4162009198951797,1.99,2.28
2022-07-15,2939,142001,4813434,34.65,34.65,33.4,34.0,-0.35,51,2022,0.0,1.66,4.55,154.7,1.4017709250781984,1.99,2.28
2022-07-18,2939,221037,7509401,33.5,34.0,33.5,34.0,0.0,48,2022,0.0,1.66,4.55,154.7,1.4017709250781984,1.99,2.28
2022-07-19,2939,180000,6060650,33.8,34.0,33.3,33.7,-0.3,40,2022,0.0,1.65,4.55,153.335,1.3894023580922141,1.99,2.28
2022-07-20,2939,178130,5997642,33.7,34.1,33.55,33.65,-0.05,42,2022,0.0,1.65,4.55,153.1075,1.3873409302612167,1.99,2.28
2022-07-21,2939,235000,7747550,33.35,33.35,32.6,33.0,-0.65,75,2022,0.0,1.61,4.55,150.15,1.3605423684582514,1.99,2.28
2022-07-22,2939,106000,3455750,33.0,33.15,32.3,32.5,-0.5,72,2022,0.0,1.59,4.55,147.875,1.3399280901482777,1.99,2.28
2022-07-25,2939,145199,4669811,32.5,32.6,31.9,32.2,-0.3,84,2022,0.0,1.58,4.55,146.51000000000002,1.3275595231622939,1.99,2.28
2022-07-26,2939,65050,2070379,31.95,32.1,31.7,31.75,-0.45,48,2022,0.0,1.55,4.55,144.4625,1.3090066726833176,1.99,2.28
2022-07-27,2939,153024,5065793,31.9,34.0,31.9,32.55,0.8,99,2022,0.0,1.59,4.55,148.1025,1.3419895179792751,1.99,2.28
2022-07-28,2939,55000,1803900,33.0,33.2,32.45,32.8,0.25,41,2022,0.0,1.6,4.55,149.23999999999998,1.3522966571342616,1.99,2.28
2022-07-29,2939,28000,934950,33.5,33.6,33.25,33.35,0.55,23,2022,0.0,1.63,4.55,151.7425,1.3749723632752329,1.99,2.28
2022-08-01,2939,50000,1674450,33.45,33.65,33.35,33.55,0.2,32,2022,0.0,1.64,4.55,152.65249999999997,1.383218074599222,1.99,2.28
2022-08-02,2939,76007,2516282,33.55,33.55,32.7,32.95,-0.6,59,2022,0.0,1.61,4.55,149.9225,1.4268073908760845,1.99,2.28
2022-08-03,2939,52000,1687100,32.95,33.15,32.2,32.3,-0.65,34,2022,0.0,1.58,4.55,146.96499999999997,1.3986609628314877,1.99,2.28
2022-08-04,2939,82000,2643250,32.15,32.85,31.85,32.55,0.25,56,2022,0.0,1.59,4.55,148.1025,1.4094865120794096,1.99,2.28
2022-08-05,2939,7000,229500,32.55,33.0,32.5,33.0,0.45,7,2022,0.0,1.61,4.55,150.15,1.4289725007256686,1.99,2.28
2022-08-08,2939,37070,1200940,32.8,32.8,32.05,32.7,-0.3,37,2022,0.0,1.6,4.55,148.785,1.4159818416281627,1.99,2.28
2022-08-09,2939,34000,1107100,32.5,32.85,32.15,32.85,0.15,23,2022,0.0,1.61,4.55,149.4675,1.4224771711769157,1.99,2.28
2022-08-10,2939,37000,1188800,32.0,32.35,32.0,32.1,-0.75,26,2022,0.0,1.57,4.55,146.055,1.3900005234331505,1.99,2.28
2022-08-11,2939,115000,3764550,32.85,32.85,32.5,32.5,0.4,27,2022,0.0,1.59,4.55,147.875,1.4073214022298253,1.99,2.28
2022-08-12,2939,25000,813550,32.9,32.95,32.25,32.4,-0.1,18,2022,0.0,1.59,4.55,147.42,1.4029911825306562,1.99,2.28
2022-08-15,2939,177002,5854766,32.75,33.8,32.55,33.6,1.2,72,2022,0.0,1.64,4.55,152.88,1.4549538189206808,1.99,2.28
2022-08-16,2939,71010,2373235,33.35,34.0,33.0,33.6,0.0,44,2022,0.0,1.64,4.55,152.88,1.4549538189206808,1.99,2.28
2022-08-17,2939,42185,1405532,33.6,33.65,33.1,33.65,0.05,22,2022,0.0,1.65,4.55,153.1075,1.457118928770265,1.99,2.28
2022-08-18,2939,39000,1306850,33.7,33.7,33.4,33.65,0.0,32,2022,0.0,1.65,4.55,153.1075,1.457118928770265,1.99,2.28
2022-08-19,2939,21000,696450,33.4,33.4,32.9,33.35,-0.3,20,2022,0.0,1.63,4.55,151.7425,1.444128269672759,1.99,2.28
2022-08-22,2939,2000,66700,33.35,33.35,33.35,33.35,0.0,1,2022,0.0,1.63,4.55,151.7425,1.444128269672759,1.99,2.28
2022-08-23,2939,34388,1142156,34.6,34.6,32.3,32.65,-0.7,27,2022,0.0,1.6,4.55,148.55749999999998,1.4138167317785781,1.99,2.28
2022-08-24,2939,10001,329033,32.35,33.2,32.35,33.05,0.4,11,2022,0.0,1.62,4.55,150.37749999999997,1.431137610575253,1.99,2.28
2022-08-25,2939,22003,728347,32.7,34.0,32.55,33.75,0.7,17,2022,0.0,1.65,4.55,153.5625,1.4614491484694339,1.99,2.28
2022-08-26,2939,57026,1907174,33.55,33.75,33.15,33.65,-0.1,19,2022,0.0,1.65,4.55,153.1075,1.457118928770265,1.99,2.28
2022-08-29,2939,20000,653650,32.45,33.5,32.4,33.5,-0.15,15,2022,0.0,1.64,4.55,152.42499999999998,1.450623599221512,1.99,2.28
2022-08-30,2939,17001,562083,33.45,33.45,32.85,32.85,-0.65,16,2022,0.0,1.61,4.55,149.4675,1.4224771711769157,1.99,2.28
2022-08-31,2939,24000,785450,32.85,32.85,32.5,32.5,-0.35,17,2022,70.65,1.58,4.55,147.875,1.4073214022298253,1.99,2.28
2022-09-01,2939,31000,1009050,32.5,32.95,32.4,32.4,-0.1,29,2022,70.43,1.58,4.55,147.42,1.4029911825306562,1.99,2.28
2022-09-02,2939,15000,488650,32.5,32.85,32.35,32.8,0.4,13,2022,71.3,1.6,4.55,149.23999999999998,1.6190098047511492,1.99,2.28
2022-09-05,2939,7000,230400,32.85,33.1,32.85,33.05,0.25,6,2022,71.85,1.61,4.55,150.37749999999997,1.6313498185068744,1.99,2.28
2022-09-06,2939,4000,132100,33.05,33.25,32.9,32.9,-0.15,4,2022,71.52,1.6,4.55,149.695,1.6239458102534394,1.99,2.28
2022-09-07,2939,81000,2593350,32.6,33.25,31.0,33.25,0.35,40,2022,72.28,1.62,4.55,151.2875,1.6412218295114547,1.99,2.28
2022-09-08,2939,13076,435280,33.25,33.4,33.2,33.3,0.05,10,2022,72.39,1.62,4.55,151.515,1.6436898322625997,1.99,2.28
2022-09-12,2939,26000,840750,33.0,33.25,32.0,32.95,-0.35,15,2022,71.63,1.61,4.55,149.9225,1.6264138130045849,1.99,2.28
2022-09-13,2939,1019,33725,33.1,33.1,33.1,33.1,0.15,3,2022,71.96,1.61,4.55,150.605,1.6338178212580197,1.99,2.28
2022-09-14,2939,43000,1389600,33.15,33.15,32.05,32.55,-0.55,36,2022,70.76,1.59,4.55,148.1025,1.6066697909954242,1.99,2.28
2022-09-15,2939,16000,514000,32.1,32.25,32.05,32.25,-0.3,15,2022,70.11,1.57,4.55,146.73749999999998,1.5918617744885537,1.99,2.28
2022-09-16,2939,65000,2070700,32.1,32.65,31.25,31.95,-0.3,43,2022,69.46,1.56,4.55,145.3725,1.5770537579816837,1.99,2.28
2022-09-19,2939,36000,1145300,32.0,32.0,31.7,31.95,0.0,22,2022,69.46,1.56,4.55,145.3725,1.5770537579816837,1.99,2.28
2022-09-20,2939,6000,193500,32.0,32.8,31.95,32.4,0.45,6,2022,70.43,1.58,4.55,147.42,1.5992657827419887,1.99,2.28
2022-09-21,2939,6081,196165,32.3,32.4,32.2,32.2,-0.2,8,2022,70.0,1.57,4.55,146.51000000000002,1.5893937717374091,1.99,2.28
2022-09-22,2939,6050,193600,31.75,32.1,31.75,32.05,-0.15,8,2022,69.67,1.56,4.55,145.8275,1.5819897634839735,1.99,2.28
2022-09-23,2939,25050,817952,32.05,33.0,32.05,32.5,0.45,25,2022,70.65,1.58,4.55,147.875,1.6042017882442792,1.99,2.28
2022-09-26,2939,46044,1488147,32.8,32.8,32.0,32.4,-0.1,42,2022,70.43,1.58,4.55,147.42,1.5992657827419887,1.99,2.28
2022-09-27,2939,52000,1683700,32.2,32.9,32.05,32.45,0.05,29,2022,70.54,1.58,4.55,147.6475,1.6017337854931342,1.99,2.28
2022-09-28,2939,35000,1122950,32.2,32.2,31.95,32.1,-0.35,29,2022,69.78,1.56,4.55,146.055,1.5844577662351187,1.99,2.28
2022-09-29,2939,17000,546150,32.1,32.25,32.1,32.15,0.05,13,2022,69.89,1.57,4.55,146.2825,1.5869257689862637,1.99,2.28
2022-09-30,2939,36000,1154400,32.05,32.2,31.9,32.1,-0.05,23,2022,69.78,1.56,4.55,146.055,1.5844577662351187,1.99,2.28
2022-10-03,2939,37040,1188035,32.1,32.2,31.75,32.2,0.1,24,2022,70.0,1.57,4.55,146.51000000000002,1.7120014209226184,1.99,2.28
2022-10-04,2939,25081,804998,32.1,32.2,32.0,32.2,0.0,29,2022,70.0,1.57,4.55,146.51000000000002,1.7120014209226184,1.99,2.28
2022-10-05,2939,16000,511250,32.2,32.2,31.8,31.9,-0.3,13,2022,69.35,1.55,4.55,145.14499999999998,1.696051097125202,1.99,2.28
2022-10-06,2939,13000,414350,31.7,32.3,31.7,32.3,0.4,10,2022,70.22,1.57,4.55,146.96499999999997,1.7173181955217565,1.99,2.28
2022-10-07,2939,2000,64550,32.25,32.3,32.25,32.3,0.0,2,2022,70.22,1.57,4.55,146.96499999999997,1.7173181955217565,1.99,2.28
2022-10-11,2939,100200,3137999,31.55,32.05,31.0,31.25,-1.05,47,2022,67.93,1.52,4.55,142.1875,1.6614920622308018,1.99,2.28
2022-10-12,2939,64000,2029300,32.3,32.3,31.3,31.4,0.15,37,2022,68.26,1.53,4.55,142.86999999999998,1.6694672241295094,1.99,2.28
2022-10-13,2939,65001,2020880,31.4,31.7,30.5,31.0,-0.4,41,2022,67.39,1.51,4.55,141.04999999999998,1.648200125732955,1.99,2.28
2022-10-14,2939,72007,2247717,31.0,31.75,30.9,31.05,0.05,45,2022,67.5,1.51,4.55,141.2775,1.6508585130325246,1.99,2.28
2022-10-17,2939,26000,788050,31.05,31.05,30.1,30.8,-0.25,20,2022,66.96,1.5,4.55,140.14,1.6375665765346779,1.99,2.28
2022-10-18,2939,47000,1433200,30.25,31.1,30.15,30.8,0.0,36,2022,66.96,1.5,4.55,140.14,1.6375665765346779,1.99,2.28
2022-10-19,2939,22000,675650,30.3,30.95,30.25,30.95,0.15,13,2022,67.28,1.51,4.55,140.8225,1.6455417384333861,1.99,2.28
2022-10-20,2939,11001,334230,30.2,30.7,30.2,30.7,-0.25,10,2022,66.74,1.5,4.55,139.685,1.6322498019355396,1.99,2.28
2022-10-21,2939,57000,1781400,31.0,31.6,31.0,31.5,0.8,36,2022,68.48,1.54,4.55,143.325,1.6747839987286481,1.99,2.28
2022-10-24,2939,85482,2737877,32.45,32.55,31.8,31.9,0.4,71,2022,69.35,1.55,4.55,145.14499999999998,1.696051097125202,1.99,2.28
2022-10-25,2939,31000,992600,32.0,32.1,31.25,32.1,0.2,15,2022,69.78,1.56,4.55,146.055,1.7066846463234795,1.99,2.28
2022-10-26,2939,102000,3235600,31.65,31.9,31.35,31.9,-0.2,28,2022,69.35,1.55,4.55,145.14499999999998,1.696051097125202,1.99,2.28
2022-10-27,2939,203244,6588919,32.1,33.0,32.05,32.7,0.8,81,2022,71.09,1.59,4.55,148.785,1.738585293918311,1.99,2.28
2022-10-28,2939,64035,2099051,33.1,33.1,32.7,32.7,0.0,40,2022,71.09,1.59,4.55,148.785,1.738585293918311,1.99,2.28
2022-10-31,2939,440122,15604289,34.2,35.95,34.15,35.3,2.6,268,2022,76.74,1.72,4.55,160.61499999999998,1.8768214334959135,1.99,2.28
2022-11-01,2939,123047,4372777,35.3,36.1,35.15,35.15,-0.15,99,2022,76.41,1.71,4.55,159.93249999999998,1.8688462715972056,1.99,2.28
2022-11-02,2939,67001,2326784,33.9,35.0,33.85,34.8,-0.35,31,2022,75.65,1.7,4.55,158.33999999999997,1.8383347478239869,1.99,2.28
2022-11-03,2939,47527,1623463,34.3,34.55,33.9,34.15,-0.65,37,2022,74.24,1.66,4.55,155.3825,1.8039980355801482,1.99,2.28
2022-11-04,2939,74004,2553836,34.5,34.6,34.3,34.6,0.45,41,2022,75.22,1.69,4.55,157.43,1.8277696055951136,1.99,2.28
2022-11-07,2939,112005,3969122,35.5,36.0,34.75,35.65,1.05,81,2022,77.5,1.74,4.55,162.20749999999998,1.883236602296699,1.99,2.28
2022-11-08,2939,459651,17014188,35.7,38.15,35.7,36.3,0.65,274,2022,78.91,1.77,4.55,165.165,1.9175733145405383,1.99,2.28
2022-11-09,2939,102154,3764424,36.5,37.25,36.5,37.1,0.8,81,2022,80.65,1.81,4.55,168.805,1.9598338834560323,1.99,2.28
2022-11-10,2939,71082,2599526,36.05,37.0,36.05,36.4,-0.7,48,2022,79.13,1.77,4.55,165.61999999999998,1.9228558856549747,1.99,2.28
2022-11-11,2939,138196,5004942,37.1,37.2,35.65,35.7,-0.7,130,2022,77.61,1.74,4.55,162.435,1.8858778878539177,1.99,2.28
2022-11-14,2939,69020,2475150,36.75,36.8,35.45,35.55,-0.15,55,2022,75.64,1.71,4.55,161.75249999999997,1.8779540311822625,1.99,2.28
2022-11-15,2939,98050,3396265,35.0,35.05,34.15,34.4,-1.15,77,2022,73.19,1.66,4.55,156.51999999999998,1.8172044633662399,1.99,2.28
2022-11-16,2939,97000,3329050,34.2,34.95,33.75,34.9,0.5,61,2022,74.26,1.68,4.55,158.795,1.8436173189384235,1.99,2.28
2022-11-17,2939,11006,385756,35.0,35.2,35.0,35.0,0.1,9,2022,74.47,1.69,4.55,159.25,1.8488998900528606,1.99,2.28
2022-11-18,2939,39006,1361906,35.0,35.5,34.55,35.05,0.05,31,2022,74.57,1.69,4.55,159.4775,1.8515411756100788,1.99,2.28
2022-11-21,2939,19000,671350,34.25,35.65,34.25,35.25,0.2,12,2022,75.0,1.7,4.55,160.3875,1.8621063178389523,1.99,2.28
2022-11-22,2939,39550,1385490,35.0,35.9,34.8,35.8,0.55,25,2022,76.17,1.73,4.55,162.89,1.8911604589683542,1.99,2.28
2022-11-23,2939,1283118,45798194,34.6,36.8,34.55,36.8,1.0,186,2022,78.3,1.78,4.55,167.43999999999997,1.9439861701127217,1.99,2.28
2022-11-24,2939,474507,18271237,35.5,40.0,35.5,38.8,2.0,291,2022,82.55,1.87,4.55,176.54,2.049637592401457,1.99,2.28
2022-11-25,2939,1449162,56664756,39.9,40.85,38.55,39.05,0.25,243,2022,83.09,1.88,4.55,177.67749999999998,2.062844020187548,1.99,2.28
2022-11-28,2939,190822,7369197,38.0,39.4,37.2,39.2,0.15,226,2022,83.4,1.89,4.55,178.36,2.070767876859204,1.99,2.28
2022-11-29,2939,250664,9749837,39.0,39.45,37.7,38.1,-1.1,118,2022,81.06,1.84,4.55,173.355,2.0126595946004,1.99,2.28
2022-11-30,2939,151450,5809994,37.9,39.0,37.9,38.1,0.0,86,2022,81.06,1.84,4.55,173.355,2.0126595946004,1.99,2.28
2022-12-01,2939,390171,15045868,38.95,40.0,37.8,37.8,-0.3,171,2022,80.43,1.82,4.55,171.98999999999998,1.9968118812570892,1.99,2.28
2022-12-02,2939,1375731,52220141,37.65,38.95,36.7,38.4,0.6,155,2022,81.7,1.85,4.55,174.72,1.9963870330822995,1.99,2.28
2022-12-05,2939,399100,15682638,38.4,40.0,38.4,39.0,0.6,146,2022,82.98,1.88,4.55,177.45,2.0275805804742104,1.99,2.28
2022-12-06,2939,458208,18372175,39.35,41.5,39.0,39.75,0.75,400,2022,84.57,1.92,4.55,180.86249999999998,2.0665725147140988,1.99,2.28
2022-12-07,2939,271530,10902920,39.8,40.7,39.7,39.95,0.2,175,2022,85.0,1.93,4.55,181.7725,2.0769703638447363,1.99,2.28
2022-12-08,2939,139643,5491158,39.9,39.9,38.95,39.25,-0.7,111,2022,83.51,1.89,4.55,178.5875,2.040577891887507,1.99,2.28
2022-12-09,2939,498899,20765021,39.8,43.0,39.2,43.0,3.75,293,2022,91.49,2.07,4.55,195.65,2.23553756308695,1.99,2.28
2022-12-12,2939,756438,30160465,42.1,42.5,38.9,39.1,-3.9,419,2022,83.19,1.89,4.55,177.905,2.032779505039529,1.99,2.28
2022-12-13,2939,333761,13079247,39.1,39.55,38.4,39.1,0.0,155,2022,83.19,1.89,4.55,177.905,2.032779505039529,1.99,2.28
2022-12-14,2939,1012748,37762508,39.0,39.2,36.15,36.65,-2.45,414,2022,77.98,1.77,4.55,166.7575,1.905405853189226,1.99,2.28
2022-12-15,2939,1390434,50378361,36.75,37.55,34.8,35.4,-1.25,674,2022,75.32,1.71,4.55,161.07,1.8404192961227448,1.99,2.28
2022-12-16,2939,105198,3687642,35.0,35.65,34.2,35.2,-0.2,73,2022,74.89,1.7,4.55,160.16,1.830021446992108,1.99,2.28
2022-12-19,2939,75000,2595950,35.0,35.2,34.2,34.5,-0.7,57,2022,73.4,1.66,4.55,156.975,1.7936289750348784,1.99,2.28
2022-12-20,2939,162041,5461266,34.5,34.6,32.5,33.55,-0.95,121,2022,71.38,1.62,4.55,152.65249999999997,1.7442391916643525,1.99,2.28
2022-12-21,2939,54006,1763693,33.35,33.75,32.0,32.0,-1.55,47,2022,68.09,1.54,4.55,145.6,1.6636558609019163,1.99,2.28
2022-12-22,2939,48119,1573114,32.25,33.25,32.25,33.15,1.15,41,2022,70.53,1.6,4.55,150.83249999999998,1.7234434934030787,1.99,2.28
2022-12-23,2939,40000,1335200,32.7,33.9,32.7,33.7,0.55,32,2022,71.7,1.63,4.55,153.335,1.7520375785123306,1.99,2.28
2022-12-26,2939,23000,773100,33.8,33.9,33.4,33.8,0.1,15,2022,71.91,1.63,4.55,153.79,1.7572365030776491,1.99,2.28
2022-12-27,2939,59002,1969066,33.25,33.85,33.15,33.15,-0.65,45,2022,70.53,1.6,4.55,150.83249999999998,1.7234434934030787,1.99,2.28
2022-12-28,2939,35000,1159000,33.45,33.45,33.0,33.05,-0.1,33,2022,70.32,1.59,4.55,150.37749999999997,1.7182445688377601,1.99,2.28
2022-12-29,2939,33000,1082050,32.95,33.0,32.65,33.0,-0.05,27,2022,70.21,1.59,4.55,150.15,1.7156451065551013,1.99,2.28
2022-12-30,2939,9000,295550,32.8,32.95,32.75,32.95,-0.05,9,2022,70.11,1.59,4.55,149.9225,1.7130456442724422,1.99,2.28
