date,stock_id,Trading_Volume,Trading_money,open,max,min,close,spread,Trading_turnover,year,PER,PBR,equity,mkPrice,PSR,ROA,ROE
2007-01-02,3217,443,8908,21.0,21.0,19.5,19.9,-1.05,245,2007,24.88,1.37,7.37,146.66299999999998,1.0471313713884665,0,0
2007-01-03,3217,1104,20767,18.85,19.4,18.55,18.55,-1.35,498,2007,23.19,1.28,7.37,136.7135,0.9760948210681435,0,0
2007-01-04,3217,1016,18168,18.2,18.2,17.5,18.0,-0.55,381,2007,22.5,1.24,7.37,132.66,0.9471540042709748,0,0
2007-01-05,3217,886,15431,18.0,18.0,17.2,17.25,-0.75,299,2007,21.56,1.19,7.37,127.13250000000001,0.9076892540930176,0,0
2007-01-08,3217,1088,19111,17.0,18.1,16.6,17.5,0.25,476,2007,21.88,1.2,7.37,128.975,0.9208441708190034,0,0
2007-01-09,3217,570,10068,17.7,18.0,17.5,17.65,0.15,228,2007,22.06,1.21,7.37,130.0805,0.9287371208545948,0,0
2007-01-10,3217,872,15669,17.7,18.3,17.65,17.95,0.3,362,2007,22.44,1.23,7.37,132.29149999999998,0.9445230209257776,0,0
2007-01-11,3217,1165,21013,18.3,18.45,17.5,18.2,0.25,443,2007,22.75,1.25,7.37,134.134,0.9576779376517633,0,0
2007-01-12,3217,502,9066,18.45,18.45,17.7,17.75,-0.45,167,2007,22.19,1.22,7.37,130.8175,0.9339990875449891,0,0
2007-01-15,3217,908,16848,17.8,18.95,17.3,18.95,1.2,345,2007,23.69,1.3,7.37,139.6615,0.9971426878297207,0,0
2007-01-16,3217,1477,29399,19.5,20.25,19.3,20.25,1.3,503,2007,25.31,1.39,7.37,149.2425,1.0655482548048467,0,0
2007-01-17,3217,1992,40598,20.8,20.8,19.8,20.3,0.05,731,2007,25.38,1.4,7.37,149.61100000000002,1.0681792381500441,0,0
2007-01-18,3217,1148,23994,20.4,21.45,20.3,20.3,0.0,487,2007,25.38,1.4,7.37,149.61100000000002,1.0681792381500441,0,0
2007-01-19,3217,692,13788,20.0,20.5,19.55,19.75,-0.55,253,2007,24.69,1.36,7.37,145.5575,1.0392384213528751,0,0
2007-01-22,3217,376,7348,19.7,20.0,19.4,19.5,-0.25,157,2007,24.38,1.34,7.37,143.715,1.0260835046268895,0,0
2007-01-23,3217,440,8734,19.65,20.3,19.5,19.6,0.1,195,2007,24.5,1.35,7.37,144.45200000000003,1.0313454713172838,0,0
2007-01-24,3217,1372,28250,19.95,20.95,19.8,20.95,1.35,513,2007,26.19,1.44,7.37,154.4015,1.1023820216376068,0,0
2007-01-25,3217,2427,52835,21.9,22.35,20.55,20.55,-0.4,821,2007,25.69,1.41,7.37,151.45350000000002,1.0813341548760298,0,0
2007-01-26,3217,589,12152,20.4,20.9,20.2,20.55,0.0,250,2007,25.69,1.41,7.37,151.45350000000002,1.0813341548760298,0,0
2007-01-29,3217,825,16163,20.9,20.9,19.15,19.15,-1.4,350,2007,23.94,1.32,7.37,141.13549999999998,1.0076666212105092,0,0
2007-01-30,3217,1224,22133,18.05,18.75,17.85,18.35,-0.8,456,2007,22.94,1.26,7.37,135.23950000000002,0.9655708876873551,0,0
2007-01-31,3217,991,17369,18.35,18.35,17.1,17.3,-1.05,363,2007,21.63,1.19,7.37,127.501,0.9103202374382148,0,0
2007-02-01,3217,854,15186,17.3,18.2,17.3,17.55,0.25,370,2007,21.94,1.21,7.37,129.3435,0.9234751541642005,0,0
2007-02-02,3217,478,8613,17.8,18.15,17.65,17.95,0.4,191,2007,22.44,1.23,7.37,132.29149999999998,0.9532262259975831,0,0
2007-02-05,3217,1305,24261,18.35,19.0,17.95,18.4,0.45,396,2007,23.0,1.27,7.37,135.608,0.9771232623039294,0,0
2007-02-06,3217,2119,40435,18.45,19.45,18.45,19.1,0.7,527,2007,23.88,1.31,7.37,140.76700000000002,1.014296429891579,0,0
2007-02-07,3217,877,16881,20.0,20.0,18.65,19.0,-0.1,305,2007,23.75,1.31,7.37,140.03,1.0089859773790575,0,0
2007-02-08,3217,761,14765,20.0,20.0,19.0,19.3,0.3,307,2007,24.13,1.33,7.37,142.241,1.0249173349166218,0,0
2007-02-09,3217,403,7612,18.8,19.3,18.65,18.9,-0.4,154,2007,23.63,1.3,7.37,139.29299999999998,1.0036755248665359,0,0
2007-02-12,3217,361,6811,18.7,19.1,18.6,19.0,0.1,126,2007,23.75,1.31,7.37,140.03,1.0089859773790575,0,0
2007-02-13,3217,180,3380,18.85,19.0,18.75,18.9,-0.1,71,2007,23.63,1.3,7.37,139.29299999999998,1.0036755248665359,0,0
2007-02-14,3217,429,8256,18.85,19.6,18.85,19.15,0.25,166,2007,23.94,1.32,7.37,141.13549999999998,1.0169516561478393,0,0
2007-02-26,3217,727,14513,20.0,20.3,19.5,20.0,0.85,278,2007,25.0,1.38,7.37,147.4,1.062090502504271,0,0
2007-02-27,3217,982,19760,20.1,20.3,19.7,20.05,0.05,277,2007,25.06,1.38,7.37,147.76850000000002,1.064745728760532,0,0
2007-03-01,3217,557,10833,19.05,19.75,19.0,19.35,-0.7,189,2007,24.19,1.33,7.37,142.60950000000003,1.0275725611728823,0,0
2007-03-02,3217,232,4593,19.8,20.0,19.35,19.7,0.35,107,2007,24.63,1.35,7.37,145.189,1.0356011292616574,0,0
2007-03-05,3217,440,8394,19.1,19.4,18.6,18.6,-0.8,128,2007,23.25,1.28,7.37,137.08200000000002,0.9777756854957783,0,0
2007-03-06,3217,960,18977,18.6,19.9,18.6,19.9,1.3,325,2007,24.88,1.37,7.37,146.66299999999998,1.046114846309999,0,0
2007-03-07,3217,1961,41062,20.4,21.25,20.0,21.25,1.35,574,2007,26.56,1.46,7.37,156.6125,1.1170824363863057,0,0
2007-03-08,3217,1890,42675,22.4,22.7,22.0,22.7,1.45,514,2007,28.38,1.56,7.37,167.299,1.193306884986783,0,0
2007-03-09,3217,6996,164189,23.7,24.25,22.7,22.7,0.0,2185,2007,28.38,1.56,7.37,167.299,1.193306884986783,0,0
2007-03-12,3217,1891,41443,22.8,22.9,21.15,21.5,-1.2,662,2007,26.88,1.48,7.37,158.455,1.130224582696733,0,0
2007-03-13,3217,2860,64612,21.5,23.0,21.1,23.0,1.5,969,2007,28.75,1.58,7.37,169.51,1.2090774605592955,0,0
2007-03-14,3217,2786,64496,22.3,23.85,22.3,22.75,-0.25,1060,2007,28.44,1.56,7.37,167.6675,1.1959353142488685,0,0
2007-03-15,3217,1884,42406,23.0,23.2,21.7,21.85,-0.9,773,2007,27.31,1.5,7.37,161.0345,1.1486235875313306,0,0
2007-03-16,3217,3886,89900,22.5,23.35,22.2,22.7,0.85,1180,2007,28.38,1.56,7.37,167.299,1.193306884986783,0,0
2007-03-19,3217,2373,54566,23.0,23.45,22.1,22.7,0.0,711,2007,28.38,1.56,7.37,167.299,1.193306884986783,0,0
2007-03-20,3217,1022,23634,23.45,23.45,22.7,23.3,0.6,368,2007,29.13,1.6,7.37,171.721,1.2248480361318081,0,0
2007-03-21,3217,2269,55974,23.75,24.9,23.6,24.9,1.6,540,2007,31.13,1.71,7.37,183.513,1.3089577725185417,0,0
2007-03-22,3217,6089,157460,26.6,26.6,24.0,24.0,-0.9,1745,2007,30.0,1.65,7.37,176.88,1.261646045801004,0,0
2007-03-23,3217,1692,40562,24.5,24.5,23.6,23.9,-0.1,594,2007,29.88,1.64,7.37,176.143,1.2563891872768331,0,0
2007-03-26,3217,1281,31376,24.0,25.2,23.9,24.05,0.15,514,2007,30.06,1.65,7.37,177.2485,1.2642744750630894,0,0
2007-03-27,3217,1227,29294,24.3,24.5,23.3,23.45,-0.6,420,2007,29.31,1.61,7.37,172.8265,1.2327333239180642,0,0
2007-03-28,3217,495,11698,23.45,24.0,23.45,23.45,0.0,235,2007,29.31,1.61,7.37,172.8265,1.2327333239180642,0,0
2007-03-29,3217,837,19475,23.8,23.8,22.9,23.0,-0.45,287,2007,28.75,1.58,7.37,169.51,1.2090774605592955,0,0
2007-03-30,3217,3124,75846,23.2,24.6,23.1,24.6,1.6,936,2007,30.75,1.69,7.37,181.30200000000002,1.2931871969460293,0,0
2007-04-02,3217,4421,113952,25.0,26.3,25.0,26.3,1.7,1318,2007,32.88,1.81,7.37,193.83100000000002,1.353305712997058,0,0
2007-04-03,3217,5174,141226,27.0,28.1,26.5,27.0,0.7,1432,2007,33.75,1.86,7.37,198.99,1.3893252566889946,0,0
2007-04-04,3217,2643,72112,28.0,28.0,26.5,27.1,0.1,728,2007,33.88,1.86,7.37,199.727,1.3944709057878428,0,0
2007-04-09,3217,4975,143571,28.6,28.95,28.4,28.65,1.55,1044,2007,35.81,1.97,7.37,211.1505,1.4742284668199888,0,0
2007-04-10,3217,548,14617,26.65,26.65,26.65,26.65,-2.0,193,2007,33.31,1.83,7.37,196.41049999999998,1.371315484843026,0,0
2007-04-11,3217,1249,32593,25.1,26.85,25.1,26.6,-0.05,448,2007,33.25,1.83,7.37,196.042,1.3687426602936021,0,0
2007-04-12,3217,1043,27785,26.3,27.2,26.0,26.95,0.35,369,2007,33.69,1.85,7.37,198.6215,1.3867524321395708,0,0
2007-04-13,3217,1438,39063,27.35,27.85,26.45,26.55,-0.4,494,2007,33.19,1.83,7.37,195.67350000000002,1.3661698357441783,0,0
2007-04-16,3217,724,19109,26.15,27.0,26.0,26.0,-0.15,260,2007,32.5,1.79,7.37,191.62,1.3378687657005135,0,0
2007-04-17,3217,863,21905,26.5,26.5,24.7,24.7,-1.3,333,2007,30.88,1.7,7.37,182.039,1.2709753274154876,0,0
2007-04-18,3217,646,16643,25.0,26.3,24.9,25.9,1.2,268,2007,32.38,1.78,7.37,190.88299999999998,1.332723116601665,0,0
2007-04-19,3217,371,9486,25.9,26.2,25.3,25.35,-0.55,146,2007,31.69,1.74,7.37,186.82950000000002,1.3044220465580008,0,0
2007-04-20,3217,188,4862,26.3,26.3,25.5,25.65,0.3,87,2007,32.06,1.76,7.37,189.04049999999998,1.3198589938545449,0,0
2007-04-23,3217,310,7908,26.2,26.2,25.2,25.2,-0.45,136,2007,31.5,1.73,7.37,185.724,1.2967035729097285,0,0
2007-04-24,3217,266,6639,25.2,25.45,24.75,24.85,-0.35,123,2007,31.06,1.71,7.37,183.14450000000002,1.27869380106376,0,0
2007-04-25,3217,690,16720,24.85,25.0,24.0,24.0,-0.85,259,2007,30.0,1.65,7.37,176.88,1.234955783723551,0,0
2007-04-26,3217,656,16268,24.4,25.5,24.1,24.1,0.1,268,2007,30.13,1.66,7.37,177.61700000000002,1.2401014328223992,0,0
2007-04-27,3217,583,13950,24.2,24.75,23.5,24.0,-0.1,260,2007,30.0,1.65,7.37,176.88,1.234955783723551,0,0
2007-04-30,3217,143,3424,24.5,24.5,23.5,23.7,-0.3,79,2007,29.63,1.63,7.37,174.669,1.2195188364270064,0,0
2007-05-02,3217,184,4391,24.0,24.2,23.7,23.85,0.15,109,2007,29.81,1.64,7.37,175.77450000000002,1.212753142024474,0,0
2007-05-03,3217,358,8319,24.2,24.25,22.35,22.8,-1.05,149,2007,28.5,1.57,7.37,168.036,1.15936149426239,0,0
2007-05-04,3217,218,5154,23.1,24.2,23.1,23.5,0.7,112,2007,29.38,1.62,7.37,173.195,1.1949559261037792,0,0
2007-05-07,3217,197,4682,23.5,24.15,23.5,23.85,0.35,80,2007,29.81,1.64,7.37,175.77450000000002,1.212753142024474,0,0
2007-05-08,3217,404,9733,23.85,24.3,23.65,24.0,0.15,132,2007,30.0,1.65,7.37,176.88,1.2203805202762001,0,0
2007-05-09,3217,524,13344,24.5,25.65,24.5,25.65,1.65,152,2007,32.06,1.76,7.37,189.04049999999998,1.3042816810451887,0,0
2007-05-10,3217,1637,42866,26.6,26.8,25.5,25.7,0.05,568,2007,17.48,1.58,7.37,189.409,1.306824140462431,0,0
2007-05-11,3217,1417,37026,25.8,26.9,25.3,26.45,0.75,494,2007,17.99,1.62,7.37,194.9365,1.3449610317210623,0,0
2007-05-14,3217,1349,35925,26.6,27.15,26.0,26.6,0.15,434,2007,18.1,1.63,7.37,196.042,1.3525884099727885,0,0
2007-05-15,3217,619,16050,26.5,26.5,25.5,25.8,-0.8,231,2007,17.55,1.58,7.37,190.14600000000002,1.3119090592969154,0,0
2007-05-16,3217,365,9359,25.9,26.05,25.4,25.4,-0.4,128,2007,17.28,1.56,7.37,187.19799999999998,1.2915693839589784,0,0
2007-05-17,3217,387,9865,25.6,25.85,25.2,25.3,-0.1,181,2007,17.21,1.55,7.37,186.461,1.2864844651244944,0,0
2007-05-18,3217,268,6721,25.2,25.5,24.8,24.85,-0.45,132,2007,16.9,1.53,7.37,183.14450000000002,1.2636023303693156,0,0
2007-05-21,3217,595,15241,25.0,26.1,24.9,26.0,1.15,253,2007,17.69,1.6,7.37,191.62,1.3220788969658834,0,0
2007-05-22,3217,560,14510,26.1,26.3,25.5,25.9,-0.1,213,2007,17.62,1.59,7.37,190.88299999999998,1.316993978131399,0,0
2007-05-23,3217,1104,28924,25.9,26.6,25.6,26.15,0.25,347,2007,17.79,1.61,7.37,192.72549999999998,1.3297062752176094,0,0
2007-05-24,3217,570,14925,26.3,26.45,25.9,26.15,0.0,204,2007,17.79,1.61,7.37,192.72549999999998,1.3297062752176094,0,0
2007-05-25,3217,4055,109831,26.3,27.85,25.8,26.85,0.7,1110,2007,18.27,1.65,7.37,197.8845,1.3653007070589989,0,0
2007-05-28,3217,2765,74815,27.0,27.5,26.3,27.45,0.6,849,2007,18.67,1.69,7.37,202.3065,1.395810220065904,0,0
2007-05-29,3217,1746,51246,29.35,29.35,29.35,29.35,1.9,405,2007,19.97,1.8,7.37,216.3095,1.492423677921103,0,0
2007-05-30,3217,13607,419861,31.4,31.4,30.1,30.3,0.95,3535,2007,20.61,1.86,7.37,223.311,1.5407304068487027,0,0
2007-05-31,3217,5891,186729,30.5,32.4,30.3,32.4,2.1,1298,2007,22.04,1.99,7.37,238.78799999999998,1.64751370237287,0,0
2007-06-01,3217,9426,306829,33.85,33.85,31.2,32.3,-0.1,2611,2007,21.97,1.98,7.37,238.051,1.642428783538386,0,0
2007-06-04,3217,8045,270844,32.7,34.45,32.7,34.3,2.0,2323,2007,23.33,2.11,7.37,252.791,1.7247129185460317,0,0
2007-06-05,3217,6516,228894,34.3,36.5,33.7,35.3,1.0,2045,2007,24.01,2.17,7.37,260.161,1.774996094013846,0,0
2007-06-06,3217,3613,125095,35.55,35.9,32.85,33.05,-2.25,1225,2007,22.48,2.03,7.37,243.5785,1.6618589492112636,0,0
2007-06-07,3217,2116,70119,33.1,34.15,32.0,34.0,0.95,865,2007,23.13,2.09,7.37,250.58,1.7096279659056872,0,0
2007-06-08,3217,4349,152958,33.6,36.0,33.15,35.6,1.6,1277,2007,24.22,2.19,7.37,262.372,1.7900810466541903,0,0
2007-06-11,3217,2216,77511,36.0,36.0,34.0,34.0,-1.6,748,2007,23.13,2.09,7.37,250.58,1.7096279659056872,0,0
2007-06-12,3217,1430,47932,34.15,34.5,32.6,33.5,-0.5,510,2007,22.79,2.06,7.37,246.895,1.6844863781717803,0,0
2007-06-13,3217,1325,44878,33.3,34.5,33.0,33.2,-0.3,533,2007,22.59,2.04,7.37,244.68400000000003,1.6694014255314362,0,0
2007-06-14,3217,5433,192790,35.5,35.5,35.2,35.5,2.3,1473,2007,24.15,2.18,7.37,261.635,1.7850527291074088,0,0
2007-06-15,3217,4497,160507,35.8,36.5,34.65,34.8,-0.7,1669,2007,23.67,2.14,7.37,256.476,1.7498545062799389,0,0
2007-06-20,3217,1377,46711,34.8,35.6,33.1,33.1,-1.7,570,2007,22.52,2.03,7.37,243.947,1.6643731079846544,0,0
2007-06-21,3217,966,31822,33.1,33.8,32.5,32.9,-0.2,440,2007,22.38,2.02,7.37,242.47299999999998,1.6543164728910915,0,0
2007-06-22,3217,2256,76667,32.9,34.8,32.9,34.0,1.1,805,2007,23.13,2.09,7.37,250.58,1.7096279659056872,0,0
2007-06-25,3217,2704,87261,33.8,33.8,32.0,32.3,-1.35,1087,2007,21.97,1.98,7.37,238.051,1.624146567610403,0,0
2007-06-26,3217,1223,39349,32.3,32.5,32.0,32.0,-0.3,517,2007,21.77,1.97,7.37,235.84,1.6090616149700587,0,0
2007-06-27,3217,1450,47322,32.1,33.2,32.0,32.55,0.55,597,2007,22.14,2.0,7.37,239.8935,1.6367173614773565,0,0
2007-06-28,3217,1063,34745,33.0,33.15,32.4,32.45,-0.1,444,2007,22.07,1.99,7.37,239.15650000000002,1.6316890439305751,0,0
2007-06-29,3217,793000,25811250,32.6,32.85,32.3,32.45,0.0,351,2007,22.07,1.99,7.37,239.15650000000002,1.6316890439305751,0,0
2007-07-02,3217,1445000,47932450,32.5,33.35,32.5,33.15,0.7,648,2007,22.55,2.04,7.37,244.3155,1.5599741021140363,0,0
2007-07-03,3217,1215000,40548200,33.6,33.7,33.15,33.15,0.0,417,2007,22.55,2.04,7.37,244.3155,1.5599741021140363,0,0
2007-07-04,3217,2532000,85832550,33.5,34.5,33.2,33.75,0.6,921,2007,22.96,2.07,7.37,248.7375,1.588208927491666,0,0
2007-07-05,3217,6679000,239156950,34.2,36.1,34.2,36.1,2.35,1893,2007,24.56,2.22,7.37,266.057,1.6987953268873819,0,0
2007-07-06,3217,2808000,97900950,35.7,35.7,34.5,34.5,-1.6,1013,2007,23.47,2.12,7.37,254.26500000000001,1.6235024592137028,0,0
2007-07-09,3217,3610000,127306750,35.8,35.8,34.8,35.0,0.5,977,2007,23.81,2.15,7.37,257.95,1.6470314803617276,0,0
2007-07-10,3217,6027000,220351500,35.7,37.45,34.5,37.45,2.45,1875,2007,25.48,2.3,7.37,276.0065,1.7623236839870484,0,0
2007-07-11,3217,2895000,106239200,37.6,37.6,35.8,35.85,-1.6,1055,2007,24.39,2.2,7.37,264.2145,1.6870308163133696,0,0
2007-07-12,3217,2108000,74552800,36.2,36.2,34.9,34.9,-0.95,865,2007,23.74,2.14,7.37,257.21299999999997,1.6423256761321223,0,0
2007-07-13,3217,1521000,52978700,35.0,35.45,34.1,34.15,-0.75,615,2007,23.23,2.1,7.37,251.6855,1.6070321444100857,0,0
2007-07-16,3217,1664000,55727050,34.15,34.25,32.5,33.45,-0.7,693,2007,22.76,2.05,7.37,246.52650000000003,1.5740915148028514,0,0
2007-07-17,3217,1408000,48590650,33.45,35.75,33.45,34.15,0.7,572,2007,23.23,2.1,7.37,251.6855,1.6070321444100857,0,0
2007-07-18,3217,774000,26133750,34.45,34.5,33.0,33.0,-1.15,393,2007,22.45,2.03,7.37,243.21,1.552915395769629,0,0
2007-07-19,3217,856000,29062350,33.15,34.5,33.15,33.6,0.6,366,2007,22.86,2.06,7.37,247.632,1.5811502211472586,0,0
2007-07-20,3217,2212000,76967500,34.5,35.6,33.4,34.7,1.1,798,2007,23.61,2.13,7.37,255.73900000000003,1.632914067672913,0,0
2007-07-23,3217,4249000,153320350,34.9,37.1,34.15,37.1,2.4,1381,2007,25.24,2.28,7.37,273.427,1.7458533691834313,0,0
2007-07-24,3217,9122000,355025800,37.6,39.65,37.5,39.05,1.95,2679,2007,26.56,2.4,7.37,287.7985,1.8376165516607275,0,0
2007-07-25,3217,7479000,300062900,39.35,41.75,39.0,41.5,2.45,2287,2007,28.23,2.55,7.37,305.855,1.9529087552860485,0,0
2007-07-26,3217,3756000,152627750,43.0,43.0,38.6,38.6,-2.9,1327,2007,26.26,2.37,7.37,284.482,1.8164404326275057,0,0
2007-07-27,3217,1564000,57508450,35.9,37.8,35.9,36.8,-1.8,629,2007,25.03,2.26,7.37,271.216,1.7317359564946164,0,0
2007-07-30,3217,1138000,42330400,36.35,38.2,36.35,36.7,-0.1,483,2007,24.97,2.25,7.37,270.47900000000004,1.7270301522650118,0,0
2007-07-31,3217,1602000,61724600,38.2,39.25,37.3,38.2,1.5,575,2007,25.99,2.35,7.37,281.53400000000005,1.7976172157090857,0,0
2007-08-01,3217,2574000,95169050,37.55,38.65,35.55,35.55,-2.65,776,2007,24.18,2.18,7.37,262.0035,1.6729134036245543,0,0
2007-08-02,3217,1350000,47065200,36.6,36.6,33.15,35.05,-0.5,573,2007,23.84,2.15,7.37,258.3185,1.5864988361595103,0,0
2007-08-03,3217,1153000,41489600,35.9,36.7,35.2,35.75,0.7,462,2007,24.32,2.2,7.37,263.4775,1.618183549007204,0,0
2007-08-06,3217,581000,20357350,35.75,35.75,34.6,35.0,-0.75,208,2007,23.81,2.15,7.37,257.95,1.5842356423846753,0,0
2007-08-07,3217,522000,18463300,35.5,35.8,34.85,35.0,0.0,213,2007,23.81,2.15,7.37,257.95,1.5842356423846753,0,0
2007-08-08,3217,704000,24931900,35.0,36.35,34.9,36.15,1.15,283,2007,24.59,2.22,7.37,266.4255,1.636289099205886,0,0
2007-08-09,3217,1758000,65630100,36.2,38.65,35.7,38.2,2.05,629,2007,25.99,2.35,7.37,281.53400000000005,1.7290800439741316,0,0
2007-08-10,3217,1268000,47567050,36.6,38.2,36.6,37.35,-0.85,562,2007,25.41,2.29,7.37,275.2695,1.6906057498019322,0,0
2007-08-13,3217,2273000,86284900,37.8,38.65,37.35,37.55,0.2,837,2007,25.54,2.31,7.37,276.7435,1.6996585249012732,0,0
2007-08-14,3217,6549000,252362100,37.8,39.3,37.15,38.8,0.0,2213,2007,26.39,2.38,7.37,285.95599999999996,1.7562383692721542,0,0
2007-08-15,3217,2532000,94204300,38.4,38.8,36.1,37.1,-1.7,1069,2007,25.24,2.28,7.37,273.427,1.6792897809277558,0,0
2007-08-16,3217,1419000,50738800,36.2,37.3,34.55,34.55,-2.55,661,2007,23.5,2.12,7.37,254.63349999999997,1.563866898411158,0,0
2007-08-17,3217,1823000,60068050,35.1,35.3,32.15,32.25,-2.3,739,2007,21.94,1.98,7.37,237.6825,1.4597599847687366,0,0
2007-08-20,3217,1095000,37169450,33.95,34.5,33.4,34.45,2.2,527,2007,23.44,2.12,7.37,253.89650000000003,1.559340510861488,0,0
2007-08-21,3217,659000,22299800,34.5,34.85,33.5,33.5,-0.95,330,2007,22.79,2.06,7.37,246.895,1.516339829139618,0,0
2007-08-22,3217,420000,14058800,34.25,34.25,33.0,33.3,-0.2,224,2007,22.65,2.05,7.37,245.421,1.507287054040277,0,0
2007-08-23,3217,1801000,62554350,33.7,35.6,33.7,34.6,1.3,632,2007,23.54,2.13,7.37,255.002,1.5661300921859933,0,0
2007-08-24,3217,1202000,42409900,34.9,36.0,34.8,35.2,0.6,544,2007,23.95,2.16,7.37,259.42400000000004,1.5932884174840167,0,0
2007-08-27,3217,1610000,58619900,36.2,37.0,35.6,35.6,0.4,665,2007,24.22,2.19,7.37,262.372,1.6113939676826985,0,0
2007-08-28,3217,611000,21570550,35.3,36.0,34.6,34.85,-0.75,301,2007,23.71,2.14,7.37,256.84450000000004,1.57744606106017,0,0
2007-08-29,3217,503000,16981500,33.6,34.3,33.4,33.8,-1.05,248,2007,22.99,2.08,7.37,249.106,1.5299189917886293,0,0
2007-08-30,3217,1160000,40756400,34.75,35.6,34.5,35.0,1.2,478,2007,23.81,2.15,7.37,257.95,1.5842356423846753,0,0
2007-08-31,3217,510000,17902500,35.3,35.65,34.8,35.15,0.15,220,2007,23.91,2.16,7.37,259.0555,1.591025223709181,0,0
2007-09-03,3217,487000,17109350,35.45,35.75,34.8,35.1,-0.05,215,2007,23.88,2.16,7.37,258.687,1.5117780853043343,0,0
2007-09-04,3217,809000,27471050,35.2,35.4,32.8,33.7,-1.4,371,2007,22.93,2.07,7.37,248.36900000000003,1.451479244295045,0,0
2007-09-05,3217,654000,22360650,34.0,34.9,33.8,34.0,0.3,267,2007,23.13,2.09,7.37,250.58,1.4644004245113211,0,0
2007-09-06,3217,703000,24486300,34.0,35.4,33.9,35.0,1.0,316,2007,23.81,2.15,7.37,257.95,1.5074710252322423,0,0
2007-09-07,3217,1264000,45165650,35.1,36.6,34.8,36.0,1.0,587,2007,24.49,2.21,7.37,265.32,1.5505416259531635,0,0
2007-09-10,3217,260000,9207400,35.5,35.7,35.1,35.3,-0.7,160,2007,24.01,2.17,7.37,260.161,1.5203922054485186,0,0
2007-09-11,3217,377000,13316500,35.4,35.9,34.85,35.3,0.0,160,2007,24.01,2.17,7.37,260.161,1.5203922054485186,0,0
2007-09-12,3217,1176000,42477050,35.8,36.8,35.1,35.9,0.6,536,2007,17.43,2.26,7.37,264.58299999999997,1.546234565881071,0,0
2007-09-13,3217,1215000,44108350,36.4,36.7,35.8,35.9,0.0,490,2007,17.43,2.26,7.37,264.58299999999997,1.546234565881071,0,0
2007-09-14,3217,474000,16917650,36.2,36.2,35.3,35.3,-0.6,200,2007,17.14,2.22,7.37,260.161,1.5203922054485186,0,0
2007-09-17,3217,236000,8366900,35.5,35.8,35.1,35.1,-0.2,123,2007,17.04,2.2,7.37,258.687,1.5117780853043343,0,0
2007-09-19,3217,571000,19413250,35.3,35.5,32.8,33.55,-1.55,279,2007,16.29,2.11,7.37,247.2635,1.4450186541869066,0,0
2007-09-20,3217,339000,11330500,33.55,34.3,33.0,33.0,-0.55,176,2007,16.02,2.07,7.37,243.21,1.4213298237904,0,0
2007-09-21,3217,196000,6591200,33.0,33.9,33.0,33.7,0.7,86,2007,16.36,2.12,7.37,248.36900000000003,1.451479244295045,0,0
2007-09-26,3217,174000,5892400,34.2,34.3,33.5,33.7,0.0,105,2007,16.36,2.12,7.37,248.36900000000003,1.451479244295045,0,0
2007-09-27,3217,290000,9852000,34.0,34.5,33.7,34.0,0.3,159,2007,16.5,2.14,7.37,250.58,1.4644004245113211,0,0
2007-09-28,3217,172000,5890750,34.2,34.5,33.9,34.1,0.1,113,2007,16.55,2.14,7.37,251.317,1.4687074845834132,0,0
2007-10-01,3217,345000,11950750,35.15,35.15,34.3,34.4,-0.75,164,2007,16.7,2.16,7.37,253.528,1.4816286647996895,0,0
2007-10-02,3217,1149000,39871700,34.6,35.15,34.1,34.1,-0.3,321,2007,16.55,2.14,7.37,251.317,1.393542341303287,0,0
2007-10-03,3217,523000,17778000,34.1,34.35,33.7,33.85,-0.25,189,2007,16.43,2.13,7.37,249.4745,1.3833257552233509,0,0
2007-10-04,3217,183000,6232350,33.7,34.25,33.7,34.1,0.25,87,2007,16.55,2.14,7.37,251.317,1.393542341303287,0,0
2007-10-05,3217,222000,7499450,34.4,34.4,33.6,33.75,-0.35,106,2007,16.38,2.12,7.37,248.7375,1.3792391207913766,0,0
2007-10-08,3217,135000,4620150,34.8,34.8,33.7,33.8,0.05,71,2007,16.41,2.12,7.37,249.106,1.3812824380073636,0,0
2007-10-09,3217,1136000,39733150,33.6,35.4,33.6,35.1,1.3,476,2007,17.04,2.2,7.37,258.687,1.4344086856230316,0,0
2007-10-11,3217,989000,35353800,36.25,36.3,35.1,35.35,0.25,387,2007,17.16,2.22,7.37,260.52950000000004,1.444625271702968,0,0
2007-10-12,3217,487000,17171250,35.95,35.95,34.8,34.95,-0.4,231,2007,16.97,2.2,7.37,257.5815,1.4282787339750698,0,0
2007-10-15,3217,251000,8666350,34.9,35.05,34.25,34.6,-0.35,134,2007,16.8,2.17,7.37,255.002,1.4139755134631593,0,0
2007-10-16,3217,184000,6320600,34.4,34.7,34.0,34.3,-0.3,75,2007,16.65,2.15,7.37,252.791,1.401715610167236,0,0
2007-10-17,3217,302000,10390200,34.4,34.7,34.0,34.3,0.0,120,2007,16.65,2.15,7.37,252.791,1.401715610167236,0,0
2007-10-18,3217,1264000,44656750,34.5,35.9,34.5,35.3,1.0,434,2007,17.14,2.22,7.37,260.161,1.4425819544869805,0,0
2007-10-19,3217,353000,12301750,35.6,35.6,34.5,34.5,-0.8,147,2007,16.75,2.17,7.37,254.26500000000001,1.4098888790311848,0,0
2007-10-22,3217,431000,14447250,33.65,34.0,32.9,33.3,-1.2,183,2007,16.17,2.09,7.37,245.421,1.3608492658474916,0,0
2007-10-23,3217,251000,8418450,33.7,33.7,33.35,33.6,0.3,100,2007,16.31,2.11,7.37,247.632,1.3731091691434147,0,0
2007-10-24,3217,484000,16141450,33.6,34.0,32.9,33.1,-0.5,190,2007,16.07,2.08,7.37,243.947,1.3526759969835425,0,0
2007-10-25,3217,486000,15805150,33.1,33.5,31.7,32.0,-1.1,223,2007,15.53,2.01,7.37,235.84,1.3077230182318236,0,0
2007-10-26,3217,247000,7962700,32.0,32.5,32.0,32.15,0.15,138,2007,15.61,2.02,7.37,236.94549999999998,1.3138529698797854,0,0
2007-10-29,3217,318000,10239350,32.15,32.65,32.05,32.1,-0.05,110,2007,15.58,2.02,7.37,236.57700000000003,1.3118096526637983,0,0
2007-10-30,3217,216000,6884900,32.1,32.25,31.5,31.5,-0.6,110,2007,15.29,1.98,7.37,232.155,1.2872898460719513,0,0
2007-10-31,3217,393000,12399350,31.3,32.0,31.0,31.8,0.3,165,2007,15.44,2.0,7.37,234.366,1.2995497493678747,0,0
2007-11-01,3217,380000,11793850,32.0,32.0,30.05,30.05,-1.75,173,2007,14.59,1.89,7.37,221.4685,1.228033646808322,0,0
2007-11-02,3217,509000,14574350,28.5,29.7,28.1,28.9,-1.15,227,2007,14.03,1.82,7.37,212.993,1.1162277598721275,0,0
2007-11-05,3217,755000,20533850,28.9,28.9,26.9,27.7,-1.2,290,2007,13.45,1.74,7.37,204.149,1.0698792023687864,0,0
2007-11-06,3217,287000,8132750,26.5,28.9,26.5,28.55,0.85,175,2007,13.86,1.79,7.37,210.4135,1.1027094306003198,0,0
2007-11-07,3217,264000,7734250,29.6,29.6,29.0,29.3,0.75,133,2007,14.22,1.84,7.37,215.941,1.1316772790399077,0,0
2007-11-08,3217,538000,14959600,28.0,28.5,27.25,27.7,-1.6,206,2007,13.45,1.74,7.37,204.149,1.0698792023687864,0,0
2007-11-09,3217,403000,11459000,28.7,29.6,27.2,28.3,0.6,214,2007,13.74,1.78,7.37,208.571,1.093053481120457,0,0
2007-11-12,3217,270000,7353800,27.1,27.9,26.8,27.5,-0.8,127,2007,10.58,1.65,7.37,202.675,1.0621544427848963,0,0
2007-11-13,3217,116000,3168550,27.5,27.75,27.0,27.5,0.0,59,2007,10.58,1.65,7.37,202.675,1.0621544427848963,0,0
2007-11-14,3217,293000,8342300,28.3,28.8,28.0,28.15,0.65,118,2007,10.83,1.69,7.37,207.4655,1.0872599114325394,0,0
2007-11-15,3217,126000,3492100,28.15,28.15,27.55,27.6,-0.55,46,2007,10.62,1.65,7.37,203.412,1.0660168225768414,0,0
2007-11-16,3217,126000,3458850,26.8,27.9,26.8,27.65,0.05,47,2007,10.63,1.66,7.37,203.7805,1.067948012472814,0,0
2007-11-19,3217,406000,11642900,28.65,29.0,28.2,28.35,0.7,194,2007,10.9,1.7,7.37,208.9395,1.0949846710164295,0,0
2007-11-20,3217,226000,6286400,28.0,28.2,27.55,28.2,-0.15,93,2007,10.85,1.69,7.37,207.834,1.0891911013285118,0,0
2007-11-21,3217,241000,6754250,28.4,28.45,27.6,27.6,-0.6,104,2007,10.62,1.65,7.37,203.412,1.0660168225768414,0,0
2007-11-22,3217,67000,1833500,27.6,28.0,27.15,27.4,-0.2,45,2007,10.54,1.64,7.37,201.938,1.0582920629929513,0,0
2007-11-23,3217,177000,4763300,27.8,27.8,26.5,26.5,-0.9,85,2007,10.19,1.59,7.37,195.305,1.0235306448654455,0,0
2007-11-26,3217,138000,3633250,26.6,27.1,26.0,26.1,-0.4,69,2007,10.04,1.56,7.37,192.357,1.0080811256976652,0,0
2007-11-27,3217,417000,10264450,25.7,25.7,24.3,24.9,-1.2,189,2007,9.58,1.49,7.37,183.513,0.9617325681943244,0,0
2007-11-28,3217,156000,3858050,25.0,25.3,24.3,24.85,-0.05,76,2007,9.56,1.49,7.37,183.14450000000002,0.9598013782983519,0,0
2007-11-29,3217,160000,4016400,25.0,25.5,24.9,24.9,0.05,80,2007,9.58,1.49,7.37,183.513,0.9617325681943244,0,0
2007-11-30,3217,107000,2668600,25.1,25.1,24.35,25.0,0.1,57,2007,9.62,1.5,7.37,184.25,0.9655949479862694,0,0
2007-12-03,3217,121000,3056000,25.2,25.5,25.1,25.3,0.3,43,2007,9.73,1.52,7.37,186.461,0.9238833414014551,0,0
2007-12-04,3217,150000,3860850,25.5,26.15,25.3,25.9,0.6,73,2007,9.96,1.55,7.37,190.88299999999998,0.9457936182726356,0,0
2007-12-05,3217,187000,4858000,26.0,26.25,25.2,26.25,0.35,78,2007,10.1,1.57,7.37,193.4625,0.9585746131141579,0,0
2007-12-06,3217,101000,2626450,26.5,26.6,25.6,25.6,-0.65,63,2007,9.85,1.53,7.37,188.67200000000003,0.9348384798370455,0,0
2007-12-07,3217,30000,774950,26.2,26.2,25.65,25.7,0.1,24,2007,9.88,1.54,7.37,189.409,0.9384901926489089,0,0
2007-12-10,3217,163000,4251500,26.0,26.3,25.9,25.9,0.2,78,2007,9.96,1.55,7.37,190.88299999999998,0.9457936182726356,0,0
2007-12-11,3217,137000,3548850,25.9,26.2,25.75,25.9,0.0,46,2007,9.96,1.55,7.37,190.88299999999998,0.9457936182726356,0,0
2007-12-12,3217,276000,7192350,25.8,26.4,25.8,26.3,0.4,111,2007,10.12,1.58,7.37,193.83100000000002,0.9604004695200897,0,0
2007-12-13,3217,250000,6579700,26.5,26.7,25.7,26.1,-0.2,118,2007,10.04,1.56,7.37,192.357,0.9530970438963627,0,0
2007-12-14,3217,289000,7360350,25.9,26.0,24.55,25.95,-0.15,118,2007,9.98,1.55,7.37,191.2515,0.9476194746785676,0,0
2007-12-17,3217,1966000,53510700,26.25,27.75,26.25,26.7,0.75,752,2007,10.27,1.6,7.37,196.779,0.9750073207675435,0,0
2007-12-18,3217,1139000,29295650,26.7,26.9,24.85,25.7,-1.0,440,2007,9.88,1.54,7.37,189.409,0.9384901926489089,0,0
2007-12-19,3217,688000,17621200,25.5,26.2,24.85,25.1,-0.6,275,2007,9.65,1.5,7.37,184.98700000000002,0.9165799157777282,0,0
2007-12-20,3217,275000,6898250,25.6,25.7,24.7,24.75,-0.35,133,2007,9.52,1.48,7.37,182.4075,0.9037989209362061,0,0
2007-12-21,3217,475000,11411900,25.0,25.0,23.5,23.95,-0.8,198,2007,9.21,1.43,7.37,176.51149999999998,0.8745852184412982,0,0
2007-12-24,3217,185000,4500100,24.6,24.7,24.05,24.7,0.75,108,2007,9.5,1.48,7.37,182.039,0.9019730645302741,0,0
2007-12-25,3217,104000,2557150,24.7,24.8,24.35,24.55,-0.15,58,2007,9.44,1.47,7.37,180.9335,0.8964954953124791,0,0
2007-12-26,3217,123000,3008250,24.55,24.7,24.3,24.3,-0.25,59,2007,9.35,1.46,7.37,179.091,0.8873662132828205,0,0
2007-12-27,3217,271000,6724750,24.3,25.1,24.3,24.8,0.5,120,2007,9.54,1.49,7.37,182.776,0.9056247773421378,0,0
2007-12-28,3217,222000,5533200,24.8,25.2,24.6,25.1,0.3,120,2007,9.65,1.5,7.37,184.98700000000002,0.9165799157777282,0,0
2007-12-31,3217,656000,17275000,25.1,26.7,25.1,26.65,1.55,290,2007,10.25,1.6,7.37,196.41049999999998,0.9731814643616116,0,0
2008-01-02,3217,326000,8565450,26.7,26.7,25.8,25.8,-0.85,162,2008,9.92,1.55,7.55,194.79,0.898860953653679,0,0
2008-01-03,3217,293000,7402150,25.5,25.7,25.0,25.5,-0.3,116,2008,9.81,1.53,7.55,192.525,0.8884090820995664,0,0
2008-01-04,3217,132000,3355050,25.7,25.75,25.15,25.4,-0.1,74,2008,9.77,1.52,7.55,191.76999999999998,0.8849251249148621,0,0
2008-01-07,3217,194000,4707050,25.0,25.0,23.8,24.0,-1.4,84,2008,9.23,1.44,7.55,181.2,0.8361497243290037,0,0
2008-01-08,3217,90000,2173050,24.7,24.7,23.9,24.0,0.0,52,2008,9.23,1.44,7.55,181.2,0.8361497243290037,0,0
2008-01-09,3217,204000,5018200,24.55,24.9,24.2,24.7,0.7,97,2008,9.5,1.48,7.55,186.48499999999999,0.8605374246219328,0,0
2008-01-10,3217,191000,4782950,25.0,25.3,24.85,25.0,0.3,96,2008,9.62,1.5,7.55,188.75,0.8709892961760455,0,0
2008-01-11,3217,289000,7403950,25.25,26.0,25.2,25.8,0.8,138,2008,9.92,1.55,7.55,194.79,0.898860953653679,0,0
2008-01-14,3217,253000,6518650,26.3,26.4,25.45,25.6,-0.2,132,2008,9.85,1.53,7.55,193.28,0.8918930392842706,0,0
2008-01-15,3217,342000,8856150,25.8,26.2,25.6,25.65,0.05,149,2008,9.87,1.54,7.55,193.6575,0.8936350178766227,0,0
2008-01-16,3217,164000,4091550,25.4,25.4,24.75,24.75,-0.9,82,2008,9.52,1.48,7.55,186.86249999999998,0.862279403214285,0,0
2008-01-17,3217,429000,10624400,25.3,25.6,24.0,24.75,0.0,190,2008,9.52,1.48,7.55,186.86249999999998,0.862279403214285,0,0
2008-01-18,3217,250000,6151550,24.3,25.0,24.3,24.9,0.15,120,2008,9.58,1.49,7.55,187.99499999999998,0.8675053389913412,0,0
2008-01-21,3217,348000,8808400,25.4,25.6,25.05,25.05,0.15,188,2008,9.63,1.5,7.55,189.1275,0.8727312747683976,0,0
2008-01-22,3217,333000,7807250,23.4,24.4,23.3,23.3,-1.75,156,2008,8.96,1.4,7.55,175.915,0.8117620240360744,0,0
2008-01-23,3217,344000,7620800,23.5,23.5,21.7,21.7,-1.6,191,2008,8.35,1.3,7.55,163.83499999999998,0.7560187090808074,0,0
2008-01-24,3217,478000,10119300,21.8,22.25,20.4,20.6,-1.1,192,2008,7.92,1.23,7.55,155.53,0.7176951800490615,0,0
2008-01-25,3217,264000,5593150,21.2,21.65,20.8,21.6,1.0,144,2008,8.31,1.29,7.55,163.08,0.7525347518961034,0,0
2008-01-28,3217,255000,5198800,21.35,21.35,20.1,20.1,-1.5,126,2008,7.73,1.2,7.55,151.755,0.7002753941255406,0,0
2008-01-29,3217,151000,3047700,20.4,20.6,20.0,20.2,0.1,82,2008,7.77,1.21,7.55,152.51,0.7037593513102448,0,0
2008-01-30,3217,120000,2457000,20.55,20.8,20.2,20.45,0.25,64,2008,7.87,1.23,7.55,154.39749999999998,0.7124692442720051,0,0
2008-01-31,3217,88000,1771700,20.6,20.6,19.65,20.0,-0.45,40,2008,7.69,1.2,7.55,151.0,0.6967914369408365,0,0
2008-02-01,3217,220000,4484350,20.0,20.8,20.0,20.65,0.65,110,2008,7.94,1.24,7.55,155.9075,0.7194371586414136,0,0
2008-02-12,3217,94000,1896250,20.35,20.5,19.75,20.35,-0.3,45,2008,7.83,1.22,7.55,153.6425,0.6609032857508491,0,0
2008-02-13,3217,165000,3411100,20.4,20.8,20.25,20.7,0.35,107,2008,7.96,1.24,7.55,156.285,0.6722701727293648,0,0
2008-02-14,3217,395000,8674650,21.9,22.1,21.7,22.1,1.4,168,2008,8.5,1.32,7.55,166.85500000000002,0.7177377206434282,0,0
2008-02-15,3217,314000,6998050,22.1,22.6,21.7,22.6,0.5,153,2008,8.69,1.35,7.55,170.63,0.7339761306127365,0,0
2008-02-18,3217,299000,6756350,22.9,22.95,22.3,22.65,0.05,118,2008,8.71,1.36,7.55,171.0075,0.7355999716096674,0,0
2008-02-19,3217,552000,12719850,23.0,23.3,22.65,23.2,0.55,209,2008,8.92,1.39,7.55,175.16,0.7534622225759064,0,0
2008-02-20,3217,146000,3310450,22.9,23.1,22.5,22.65,-0.55,79,2008,8.71,1.36,7.55,171.0075,0.7355999716096674,0,0
2008-02-21,3217,187000,4309400,22.8,23.3,22.65,23.05,0.4,79,2008,8.87,1.38,7.55,174.0275,0.748590699585114,0,0
2008-02-22,3217,219000,5023100,22.65,23.3,22.65,23.3,0.25,73,2008,8.96,1.4,7.55,175.915,0.7567099045697682,0,0
2008-02-25,3217,429000,10192300,23.7,24.4,23.5,23.5,0.2,177,2008,9.04,1.41,7.55,177.42499999999998,0.7632052685574914,0,0
2008-02-26,3217,249000,5774550,23.6,23.9,22.95,23.0,-0.5,100,2008,8.85,1.38,7.55,173.65,0.7469668585881831,0,0
2008-02-27,3217,279000,6593300,23.5,23.9,23.4,23.5,0.5,129,2008,9.04,1.41,7.55,177.42499999999998,0.7632052685574914,0,0
2008-02-29,3217,412000,9514750,23.3,23.5,22.9,23.25,-0.25,157,2008,8.94,1.39,7.55,175.5375,0.7550860635728374,0,0
2008-03-03,3217,504000,11635700,22.85,23.7,22.6,23.65,0.4,190,2008,9.1,1.42,7.55,178.55749999999998,0.7405239313346869,0,0
2008-03-04,3217,1042000,25522850,24.5,24.95,24.3,24.35,0.7,481,2008,9.37,1.46,7.55,183.8425,0.7624421872304282,0,0
2008-03-05,3217,390000,9358600,24.3,24.45,23.8,23.8,-0.55,188,2008,9.15,1.43,7.55,179.69,0.745220700455203,0,0
2008-03-06,3217,623000,15085000,23.9,24.6,23.7,24.2,0.4,276,2008,9.31,1.45,7.55,182.70999999999998,0.7577454181099121,0,0
2008-03-07,3217,1017000,25047650,24.05,25.25,24.0,24.5,0.3,419,2008,9.42,1.47,7.55,184.975,0.7671389563509442,0,0
2008-03-10,3217,352000,8573800,24.2,24.8,24.15,24.3,-0.2,164,2008,9.35,1.46,7.55,183.465,0.7608765975235896,0,0
2008-03-11,3217,321000,7756150,24.25,24.3,24.0,24.1,-0.2,130,2008,9.27,1.44,7.55,181.955,0.754614238696235,0,0
2008-03-12,3217,490000,11956950,24.55,24.65,24.2,24.2,0.1,181,2008,9.31,1.45,7.55,182.70999999999998,0.7577454181099121,0,0
2008-03-13,3217,672000,16427400,24.3,24.8,24.0,24.0,-0.2,313,2008,9.23,1.44,7.55,181.2,0.7514830592825577,0,0
2008-03-14,3217,795000,18246550,24.0,24.1,22.35,22.35,-1.65,369,2008,8.6,1.34,7.55,168.7425,0.6998185989568818,0,0
2008-03-17,3217,324000,6874800,22.1,22.1,21.0,21.15,-1.2,149,2008,8.13,1.27,7.55,159.68249999999998,0.6622444459927538,0,0
2008-03-18,3217,117000,2485650,21.4,21.45,21.0,21.15,0.0,67,2008,8.13,1.27,7.55,159.68249999999998,0.6622444459927538,0,0
2008-03-19,3217,203000,4336550,21.75,21.75,21.25,21.25,0.1,89,2008,8.17,1.27,7.55,160.4375,0.6653756254064312,0,0
2008-03-20,3217,168000,3561950,21.25,21.5,21.05,21.5,0.25,79,2008,8.27,1.29,7.55,162.325,0.6732035739406246,0,0
2008-03-21,3217,196000,4244000,21.75,21.8,21.25,21.8,0.3,102,2008,8.38,1.31,7.55,164.59,0.6825971121816565,0,0
2008-03-24,3217,439000,9626500,22.8,22.8,21.5,21.8,0.0,195,2008,8.38,1.31,7.55,164.59,0.6825971121816565,0,0
2008-03-25,3217,232000,5038950,22.0,22.0,21.55,21.55,-0.25,115,2008,8.29,1.29,7.55,162.70250000000001,0.6747691636474633,0,0
2008-03-26,3217,235000,5007200,21.7,21.7,21.15,21.15,-0.4,111,2008,8.13,1.27,7.55,159.68249999999998,0.6622444459927538,0,0
2008-03-27,3217,72000,1524550,21.4,21.4,21.05,21.15,0.0,46,2008,8.13,1.27,7.55,159.68249999999998,0.6622444459927538,0,0
2008-03-28,3217,316000,6821350,21.3,21.85,21.1,21.75,0.6,135,2008,8.37,1.3,7.55,164.2125,0.6810315224748179,0,0
2008-03-31,3217,332000,7306500,21.9,22.3,21.75,22.2,0.45,153,2008,8.54,1.33,7.55,167.60999999999999,0.6951218298363657,0,0
2008-04-01,3217,434000,9712300,22.4,22.7,22.05,22.25,0.05,192,2008,8.56,1.33,7.55,167.98749999999998,0.6966874195432043,0,0
2008-04-02,3217,282000,6380600,22.4,22.75,22.4,22.65,0.4,115,2008,8.71,1.36,7.55,171.0075,0.6838256728889408,0,0
2008-04-03,3217,233000,5225650,22.7,22.7,22.3,22.5,-0.15,88,2008,8.65,1.35,7.55,169.875,0.6792970260486166,0,0
2008-04-07,3217,385000,8642100,22.7,22.75,22.2,22.5,0.0,144,2008,8.65,1.35,7.55,169.875,0.6792970260486166,0,0
2008-04-08,3217,162000,3648350,22.55,22.7,22.4,22.4,-0.1,81,2008,8.62,1.34,7.55,169.11999999999998,0.6762779281550672,0,0
2008-04-09,3217,249000,5610150,22.7,22.8,22.35,22.5,0.1,92,2008,8.65,1.35,7.55,169.875,0.6792970260486166,0,0
2008-04-10,3217,942000,21643400,22.55,23.3,22.55,23.15,0.65,371,2008,8.9,1.39,7.55,174.7825,0.6989211623566878,0,0
2008-04-11,3217,401000,9236750,23.2,23.45,22.7,22.7,-0.45,175,2008,8.73,1.36,7.55,171.385,0.6853352218357155,0,0
2008-04-14,3217,415000,9306550,22.7,23.0,22.1,22.35,-0.35,182,2008,8.6,1.34,7.55,168.7425,0.6747683792082926,0,0
2008-04-15,3217,841000,18566150,22.2,22.55,21.5,22.1,-0.25,345,2008,8.5,1.32,7.55,166.85500000000002,0.6672206344744191,0,0
2008-04-16,3217,585000,13008800,22.0,22.45,21.9,22.1,0.0,222,2008,8.5,1.32,7.55,166.85500000000002,0.6672206344744191,0,0
2008-04-17,3217,1195000,27441400,22.3,23.55,22.2,23.0,0.9,460,2008,8.85,1.38,7.55,173.65,0.6943925155163637,0,0
2008-04-18,3217,589000,13417200,23.25,23.25,22.5,22.95,-0.05,255,2008,8.83,1.38,7.55,173.27249999999998,0.6928829665695889,0,0
2008-04-21,3217,485000,11155750,23.25,23.25,22.6,22.9,-0.05,191,2008,8.81,1.37,7.55,172.89499999999998,0.6913734176228142,0,0
2008-04-22,3217,251000,5744200,23.0,23.1,22.7,22.8,-0.1,118,2008,8.77,1.37,7.55,172.14000000000001,0.688354319729265,0,0
2008-04-23,3217,318000,7271600,23.0,23.1,22.6,23.1,0.3,150,2008,8.88,1.38,7.55,174.405,0.6974116134099131,0,0
2008-04-24,3217,326000,7475900,23.1,23.2,22.8,22.8,-0.3,127,2008,8.77,1.37,7.55,172.14000000000001,0.688354319729265,0,0
2008-04-25,3217,268000,6076950,23.0,23.0,22.6,22.7,-0.1,118,2008,8.73,1.36,7.55,171.385,0.6853352218357155,0,0
2008-04-28,3217,293000,6559650,22.5,22.85,22.15,22.3,-0.4,143,2008,8.58,1.34,7.55,168.365,0.6732588302615179,0,0
2008-04-29,3217,376000,8189800,22.3,22.3,21.65,21.7,-0.6,156,2008,8.35,1.3,7.55,163.83499999999998,0.6551442429002213,0,0
2008-04-30,3217,354000,7536800,21.5,21.7,21.0,21.5,-0.2,168,2008,8.27,1.29,7.55,162.325,0.6491060471131226,0,0
2008-05-02,3217,416000,8858100,22.0,22.0,21.0,21.0,-0.5,174,2008,8.08,1.26,7.55,158.54999999999998,0.6275157027344723,0,0
2008-05-05,3217,324000,6927050,22.0,22.0,21.0,21.15,0.15,133,2008,8.13,1.27,7.55,159.68249999999998,0.6319979577540042,0,0
2008-05-06,3217,207000,4363700,21.35,21.35,21.0,21.0,-0.15,90,2008,8.08,1.26,7.55,158.54999999999998,0.6275157027344723,0,0
2008-05-07,3217,216000,4552400,21.2,21.3,21.0,21.05,0.05,93,2008,8.1,1.26,7.55,158.9275,0.629009787740983,0,0
2008-05-08,3217,203000,4187850,20.7,20.75,20.5,20.55,-0.5,92,2008,7.9,1.23,7.55,155.1525,0.6140689376758766,0,0
2008-05-09,3217,240000,4978350,20.55,21.0,20.55,20.9,0.35,98,2008,14.03,1.16,7.55,157.795,0.624527532721451,0,0
2008-05-12,3217,180000,3742150,20.9,21.0,20.5,20.85,-0.05,58,2008,13.99,1.16,7.55,157.41750000000002,0.6230334477149405,0,0
2008-05-13,3217,159000,3301150,20.9,20.95,20.7,20.75,-0.1,74,2008,13.93,1.16,7.55,156.6625,0.6200452777019192,0,0
2008-05-14,3217,215000,4402600,20.6,20.65,20.4,20.5,-0.25,106,2008,13.76,1.14,7.55,154.775,0.612574852669366,0,0
2008-05-15,3217,341000,7185200,20.8,21.4,20.6,21.15,0.65,152,2008,14.19,1.18,7.55,159.68249999999998,0.6319979577540042,0,0
2008-05-16,3217,256000,5368800,21.2,21.2,20.8,20.95,-0.2,94,2008,14.06,1.17,7.55,158.17249999999999,0.6260216177279616,0,0
2008-05-19,3217,531000,11092700,20.95,21.2,20.55,21.15,0.2,146,2008,14.19,1.18,7.55,159.68249999999998,0.6319979577540042,0,0
2008-05-20,3217,123000,2558850,21.1,21.15,20.55,20.8,-0.35,74,2008,13.96,1.16,7.55,157.04,0.6215393627084298,0,0
2008-05-21,3217,134000,2768350,20.8,20.8,20.6,20.7,-0.1,72,2008,13.89,1.15,7.55,156.285,0.6185511926954085,0,0
2008-05-22,3217,184000,3768250,20.7,20.7,20.35,20.35,-0.35,106,2008,13.66,1.13,7.55,153.6425,0.608092597649834,0,0
2008-05-23,3217,137000,2772650,20.4,20.5,20.1,20.15,-0.2,63,2008,13.52,1.12,7.55,152.1325,0.6021162576237914,0,0
2008-05-26,3217,261000,5137250,20.05,20.05,19.4,19.4,-0.75,105,2008,13.02,1.08,7.55,146.47,0.5797049825261317,0,0
2008-05-27,3217,176000,3361000,19.5,19.5,18.9,19.0,-0.4,98,2008,12.75,1.06,7.55,143.45,0.5677523024740465,0,0
2008-05-28,3217,81000,1533850,19.0,19.2,18.75,19.0,0.0,41,2008,12.75,1.06,7.55,143.45,0.5677523024740465,0,0
2008-05-29,3217,291000,5399200,19.0,19.35,18.1,18.3,-0.7,122,2008,12.28,1.02,7.55,138.165,0.5468351123828974,0,0
2008-05-30,3217,227000,4118000,18.3,18.6,17.8,18.0,-0.3,98,2008,12.08,1.0,7.55,135.9,0.5378706023438334,0,0
2008-06-02,3217,55000,1000200,18.3,18.3,18.05,18.25,0.25,31,2008,12.25,1.02,7.55,137.7875,0.5393317316311137,0,0
2008-06-03,3217,68000,1223650,18.0,18.05,17.9,18.0,-0.25,35,2008,12.08,1.0,7.55,135.9,0.5319436257183587,0,0
2008-06-04,3217,117000,2085450,18.0,18.0,17.7,17.7,-0.3,53,2008,11.88,0.99,7.55,133.635,0.5230778986230528,0,0
2008-06-05,3217,127000,2236450,17.75,17.85,17.5,17.85,0.15,68,2008,11.98,0.99,7.55,134.7675,0.5275107621707058,0,0
2008-06-06,3217,179000,3229100,18.0,18.2,17.95,18.05,0.2,84,2008,12.11,1.01,7.55,136.2775,0.5334212469009098,0,0
2008-06-09,3217,159000,2762100,17.75,17.75,17.2,17.35,-0.7,68,2008,11.64,0.97,7.55,130.9925,0.5127345503451958,0,0
2008-06-10,3217,65000,1141350,17.4,17.7,17.4,17.5,0.15,38,2008,11.74,0.98,7.55,132.125,0.5171674138928488,0,0
2008-06-11,3217,100000,1738200,17.5,17.7,17.2,17.3,-0.2,52,2008,11.61,0.96,7.55,130.615,0.5112569291626448,0,0
2008-06-12,3217,319000,5245150,17.1,17.3,16.1,16.1,-1.2,138,2008,10.81,0.9,7.55,121.555,0.47579402078142086,0,0
2008-06-13,3217,303000,4655500,15.5,15.95,15.05,15.1,-1.0,136,2008,10.13,0.84,7.55,114.005,0.44624159713040096,0,0
2008-06-16,3217,89000,1373400,15.5,15.6,15.3,15.4,0.3,43,2008,10.34,0.86,7.55,116.27,0.45510732422570693,0,0
2008-06-17,3217,235000,3615950,15.4,16.1,15.0,16.1,0.7,89,2008,10.81,0.9,7.55,121.555,0.47579402078142086,0,0
2008-06-18,3217,192000,3083750,15.95,16.4,15.75,16.4,0.3,62,2008,11.01,0.91,7.55,123.82,0.4846597478767269,0,0
2008-06-19,3217,319000,5271900,16.15,16.9,16.1,16.9,0.5,81,2008,11.34,0.94,7.55,127.59499999999998,0.49943595970223675,0,0
2008-06-20,3217,890000,15057600,16.8,17.35,16.2,16.2,-0.7,140,2008,10.87,0.9,7.55,122.30999999999999,0.4787492631465228,0,0
2008-06-23,3217,474000,7636050,15.8,16.3,15.7,16.1,-0.1,57,2008,10.81,0.9,7.55,121.555,0.47579402078142086,0,0
2008-06-24,3217,48000,745500,15.8,15.85,15.3,15.5,-0.6,33,2008,10.4,0.86,7.55,117.02499999999999,0.4580625665908089,0,0
2008-06-25,3217,165000,2532750,15.5,15.5,15.25,15.4,-0.1,70,2008,10.34,0.86,7.55,116.27,0.45510732422570693,0,0
2008-06-26,3217,525000,8521350,16.2,16.4,15.7,15.7,0.3,74,2008,10.54,0.88,7.55,118.535,0.4639730513210129,0,0
2008-06-27,3217,421000,6192150,15.15,15.15,14.65,14.65,-1.05,120,2008,9.83,0.82,7.55,110.6075,0.432943006487442,0,0
2008-06-30,3217,427000,5923800,14.65,15.2,13.65,13.65,-1.0,143,2008,9.16,0.76,7.55,103.0575,0.40339058283642204,0,0
2008-07-01,3217,213000,2831900,13.65,13.65,13.0,13.2,-0.45,81,2008,8.86,0.74,7.55,99.66,0.3900919921934631,0,0
2008-07-02,3217,725000,10126250,13.2,14.1,13.2,14.05,0.85,112,2008,9.43,0.78,7.55,106.0775,0.42128199354320883,0,0
2008-07-03,3217,171000,2433950,14.0,14.7,13.75,14.7,0.65,83,2008,9.87,0.82,7.55,110.98499999999999,0.44077190783524334,0,0
2008-07-04,3217,86000,1240950,14.6,14.85,14.1,14.2,-0.5,50,2008,9.53,0.79,7.55,107.21,0.42577966607213985,0,0
2008-07-07,3217,73000,1012550,14.0,14.15,13.5,14.15,-0.05,43,2008,9.5,0.79,7.55,106.8325,0.42428044189582953,0,0
2008-07-08,3217,239000,3249400,14.3,14.3,13.5,13.75,-0.4,51,2008,9.23,0.77,7.55,103.8125,0.41228664848534674,0,0
2008-07-09,3217,967000,13923600,14.5,14.7,13.75,13.75,0.0,226,2008,9.23,0.77,7.55,103.8125,0.41228664848534674,0,0
2008-07-10,3217,149000,1998050,13.7,13.7,13.3,13.35,-0.4,66,2008,8.96,0.74,7.55,100.79249999999999,0.40029285507486384,0,0
2008-07-11,3217,192000,2545000,13.2,13.7,13.0,13.7,0.35,97,2008,9.19,0.76,7.55,103.43499999999999,0.4107874243090363,0,0
2008-07-14,3217,590000,8060700,13.5,13.75,13.45,13.6,-0.1,97,2008,9.13,0.76,7.55,102.67999999999999,0.4077889759564156,0,0
2008-07-15,3217,357000,4588150,13.55,13.55,12.65,12.65,-0.95,146,2008,8.49,0.71,7.55,95.50750000000001,0.379303716606519,0,0
2008-07-16,3217,208000,2612500,12.45,12.8,12.45,12.55,-0.1,67,2008,8.42,0.7,7.55,94.7525,0.37630526825389826,0,0
2008-07-17,3217,380000,4879700,12.6,12.95,12.55,12.9,0.35,86,2008,8.66,0.72,7.55,97.395,0.38679983748807073,0,0
2008-07-18,3217,732000,9879000,13.6,13.65,13.4,13.5,0.6,219,2008,9.06,0.75,7.55,101.925,0.40479052760379497,0,0
2008-07-21,3217,611000,8258000,13.7,13.7,13.3,13.55,0.05,143,2008,9.09,0.76,7.55,102.30250000000001,0.40628975178010535,0,0
2008-07-22,3217,209000,2851400,13.6,13.9,13.5,13.8,0.25,55,2008,9.26,0.77,7.55,104.19,0.41378587266165706,0,0
2008-07-23,3217,738000,10774450,14.05,14.75,14.05,14.7,0.9,199,2008,9.87,0.82,7.55,110.98499999999999,0.44077190783524334,0,0
2008-07-24,3217,165000,2431850,14.7,14.85,14.6,14.75,0.05,61,2008,9.9,0.82,7.55,111.3625,0.44227113201155377,0,0
2008-07-25,3217,185000,2689550,14.5,14.65,14.45,14.6,-0.15,57,2008,9.8,0.81,7.55,110.22999999999999,0.4377734594826227,0,0
2008-07-29,3217,294000,4219100,14.6,14.6,14.2,14.5,-0.1,86,2008,9.73,0.81,7.55,109.475,0.434775011130002,0,0
2008-07-30,3217,95000,1397200,14.95,14.95,14.6,14.7,0.2,41,2008,9.87,0.82,7.55,110.98499999999999,0.44077190783524334,0,0
2008-07-31,3217,116000,1673000,14.85,14.85,14.1,14.3,-0.4,37,2008,9.6,0.8,7.55,107.965,0.4287781144247606,0,0
2008-08-01,3217,92000,1291150,14.1,14.5,13.85,14.05,-0.25,36,2008,9.43,0.78,7.55,106.0775,0.42128199354320883,0,0
2008-08-04,3217,96000,1374000,14.35,14.5,14.1,14.3,0.25,37,2008,9.6,0.8,7.55,107.965,0.4262002314070075,0,0
2008-08-05,3217,103000,1417500,14.15,14.15,13.3,13.3,-1.0,40,2008,8.93,0.74,7.55,100.415,0.3963960194205035,0,0
2008-08-06,3217,85000,1170700,13.55,14.2,13.55,14.2,0.9,45,2008,9.53,0.79,7.55,107.21,0.42321981020835703,0,0
2008-08-07,3217,103000,1463550,14.0,14.5,13.9,14.5,0.3,34,2008,9.73,0.81,7.55,109.475,0.4321610738043083,0,0
2008-08-08,3217,297000,4474050,14.5,15.35,14.5,15.05,0.55,114,2008,10.1,0.84,7.55,113.6275,0.4485533903968855,0,0
2008-08-11,3217,233000,3671100,16.0,16.0,15.25,15.8,0.75,99,2008,10.6,0.88,7.55,119.29,0.4709065493867635,0,0
2008-08-12,3217,184000,2829250,15.8,15.8,15.3,15.3,-0.5,51,2008,10.27,0.85,7.55,115.515,0.45600444339351154,0,0
2008-08-13,3217,171000,2614550,15.3,15.4,15.2,15.3,0.0,59,2008,10.27,0.85,7.55,115.515,0.45600444339351154,0,0
2008-08-14,3217,579000,8961350,15.4,16.0,15.0,15.8,0.5,195,2008,10.6,0.88,7.55,119.29,0.4709065493867635,0,0
2008-08-15,3217,473000,6871750,14.7,14.7,14.05,14.35,0.0,170,2008,9.63,0.8,7.55,108.3425,0.4276904420063327,0,0
2008-08-18,3217,206000,2914500,14.35,14.5,13.9,14.2,-0.15,86,2008,9.53,0.79,7.55,107.21,0.42321981020835703,0,0
2008-08-19,3217,230000,3252200,14.25,14.35,14.0,14.2,0.0,84,2008,9.53,0.79,7.55,107.21,0.42321981020835703,0,0
2008-08-20,3217,147000,2083400,14.2,14.4,14.0,14.35,0.15,53,2008,9.63,0.8,7.55,108.3425,0.4276904420063327,0,0
2008-08-21,3217,111000,1576550,14.3,14.4,14.1,14.25,-0.1,39,2008,9.56,0.79,7.55,107.58749999999999,0.4247100208076823,0,0
2008-08-22,3217,97000,1320550,14.2,14.2,13.3,13.9,-0.35,43,2008,9.33,0.77,7.55,104.945,0.4142785466124059,0,0
2008-08-25,3217,122000,1717350,14.0,14.2,13.9,14.15,0.25,56,2008,9.5,0.79,7.55,106.8325,0.4217295996090319,0,0
2008-08-26,3217,145000,2039100,14.1,14.15,13.95,14.0,-0.15,41,2008,9.4,0.78,7.55,105.7,0.4172589678110563,0,0
2008-08-27,3217,240000,3378800,14.0,14.3,13.95,14.2,0.2,68,2008,9.53,0.79,7.55,107.21,0.42321981020835703,0,0
2008-08-28,3217,80000,1140600,14.3,14.35,14.2,14.2,0.0,34,2008,9.53,0.79,7.55,107.21,0.42321981020835703,0,0
2008-08-29,3217,98000,1400150,14.4,14.4,14.2,14.2,0.0,45,2008,9.53,0.79,7.55,107.21,0.42321981020835703,0,0
2008-09-01,3217,144000,2007300,13.9,14.2,13.8,13.9,-0.3,51,2008,9.33,0.77,7.55,104.945,0.4142785466124059,0,0
2008-09-02,3217,106000,1458150,13.95,13.95,13.6,13.65,-0.25,47,2008,9.16,0.76,7.55,103.0575,0.4074103357283338,0,0
2008-09-03,3217,171000,2247800,13.5,13.5,12.85,13.4,-0.25,84,2008,8.99,0.75,7.55,101.17,0.3999486079677416,0,0
2008-09-04,3217,143000,1820900,13.3,13.3,12.5,12.8,-0.6,62,2008,8.59,0.71,7.55,96.64,0.38204046134232034,0,0
2008-09-05,3217,100000,1239100,12.1,12.8,12.1,12.4,-0.4,45,2008,8.32,0.69,7.55,93.62,0.3701016969253728,0,0
2008-09-08,3217,66000,862900,12.5,13.25,12.5,13.25,0.85,33,2008,8.23,0.76,7.55,100.0375,0.3954715713113863,0,0
2008-09-09,3217,59000,756350,13.25,13.25,12.55,12.75,-0.5,32,2008,7.92,0.74,7.55,96.2625,0.3805481157902019,0,0
2008-09-10,3217,29000,378750,12.75,13.4,12.7,13.4,0.65,14,2008,8.32,0.77,7.55,101.17,0.3999486079677416,0,0
2008-09-11,3217,55000,708850,12.8,13.0,12.8,12.85,-0.55,24,2008,7.98,0.74,7.55,97.0175,0.3835328068944388,0,0
2008-09-12,3217,115000,1440700,12.15,13.1,12.15,12.65,-0.2,40,2008,7.86,0.73,7.55,95.50750000000001,0.3775634246859651,0,0
2008-09-15,3217,289000,3550600,12.4,12.8,12.1,12.55,-0.1,80,2008,7.8,0.72,7.55,94.7525,0.37457873358172816,0,0
2008-09-16,3217,151000,1789350,12.05,12.05,11.7,11.7,-0.85,61,2008,7.27,0.68,7.55,88.335,0.34920885919571465,0,0
2008-09-17,3217,145000,1688600,12.0,12.1,11.3,11.5,-0.2,65,2008,7.14,0.66,7.55,86.825,0.34323947698724094,0,0
2008-09-18,3217,95000,1021100,10.8,10.8,10.7,10.7,-0.8,40,2008,6.65,0.62,7.55,80.785,0.3193619481533459,0,0
2008-09-19,3217,98000,1082350,10.5,11.3,10.5,11.3,0.6,49,2008,7.02,0.65,7.55,85.315,0.3372700947787672,0,0
2008-09-22,3217,54000,624300,11.5,11.9,11.5,11.7,0.4,33,2008,7.27,0.68,7.55,88.335,0.34920885919571465,0,0
2008-09-23,3217,51000,608650,11.5,12.1,11.5,12.05,0.35,12,2008,7.48,0.7,7.55,90.9775,0.3596552780605438,0,0
2008-09-24,3217,194000,2388900,12.1,12.65,12.1,12.65,0.6,102,2008,7.86,0.73,7.55,95.50750000000001,0.3775634246859651,0,0
2008-09-25,3217,28000,346450,12.5,12.5,12.2,12.25,-0.4,17,2008,7.61,0.71,7.55,92.4875,0.3656246602690175,0,0
2008-09-26,3217,38000,455050,12.3,12.3,11.7,12.15,-0.1,23,2008,7.55,0.7,7.55,91.7325,0.36263996916478064,0,0
2008-09-30,3217,22000,248600,11.3,11.3,11.3,11.3,-0.85,11,2008,7.02,0.65,7.55,85.315,0.3372700947787672,0,0
2008-10-01,3217,67000,768850,11.5,11.85,11.3,11.85,0.55,29,2008,7.36,0.68,7.55,89.4675,0.35368589585207,0,0
2008-10-02,3217,17000,199050,12.0,12.0,11.35,11.75,-0.1,14,2008,7.3,0.68,7.55,88.71249999999999,0.3601793578504991,0,0
2008-10-03,3217,78000,885750,11.0,11.75,11.0,11.75,0.0,42,2008,7.3,0.68,7.55,88.71249999999999,0.3601793578504991,0,0
2008-10-06,3217,33000,378850,11.5,11.55,11.35,11.55,-0.2,14,2008,7.17,0.67,7.55,87.2025,0.3540486453764481,0,0
2008-10-07,3217,52000,580300,11.05,11.4,11.05,11.4,-0.15,23,2008,7.08,0.66,7.55,86.07000000000001,0.34945061102090985,0,0
2008-10-08,3217,68000,734950,11.1,11.1,10.65,10.95,-0.45,34,2008,6.8,0.63,7.55,82.6725,0.3356565079542949,0,0
2008-10-09,3217,80000,839800,10.95,10.95,10.25,10.25,-0.7,43,2008,6.37,0.59,7.55,77.3875,0.31419901429511626,0,0
2008-10-13,3217,88000,871200,9.9,9.9,9.9,9.9,-0.35,28,2008,6.15,0.57,7.55,74.745,0.3034702674655269,0,0
2008-10-14,3217,176000,1820050,10.0,10.55,10.0,10.55,0.65,71,2008,6.55,0.61,7.55,79.6525,0.32339508300619285,0,0
2008-10-15,3217,88000,902900,10.25,10.45,10.25,10.25,-0.3,23,2008,6.37,0.59,7.55,77.3875,0.31419901429511626,0,0
2008-10-16,3217,137000,1356900,9.9,10.0,9.9,9.9,-0.35,82,2008,6.15,0.57,7.55,74.745,0.3034702674655269,0,0
2008-10-17,3217,126000,1216390,10.0,10.0,9.56,9.6,-0.3,41,2008,5.96,0.55,7.55,72.47999999999999,0.2942741987544503,0,0
2008-10-20,3217,55000,528510,9.8,9.8,9.41,9.8,0.2,28,2008,6.09,0.57,7.55,73.99000000000001,0.30040491122850144,0,0
2008-10-21,3217,451000,4661380,9.87,10.45,9.85,10.45,0.65,82,2008,6.49,0.6,7.55,78.8975,0.32032972676916727,0,0
2008-10-22,3217,188000,1970350,10.8,10.8,10.15,10.4,-0.05,87,2008,6.46,0.6,7.55,78.52,0.31879704865065456,0,0
2008-10-23,3217,138000,1390600,10.05,10.3,10.05,10.1,-0.3,52,2008,6.27,0.58,7.55,76.255,0.30960097993957797,0,0
2008-10-24,3217,140000,1370670,9.9,10.25,9.75,9.75,-0.35,59,2008,6.06,0.56,7.55,73.6125,0.2988722331099886,0,0
2008-10-27,3217,69000,650740,9.3,9.85,9.11,9.3,-0.45,37,2008,5.78,0.54,7.55,70.215,0.2850781300433738,0,0
2008-10-28,3217,172000,1564990,9.0,9.6,8.9,9.6,0.3,57,2008,5.96,0.55,7.55,72.47999999999999,0.2942741987544503,0,0
2008-10-29,3217,203000,1998440,10.25,10.25,9.5,9.55,-0.05,67,2008,5.93,0.55,7.55,72.1025,0.2927415206359376,0,0
2008-10-30,3217,191000,1909140,9.55,10.2,9.55,10.2,0.65,59,2008,6.34,0.59,7.55,77.00999999999999,0.31266633617660344,0,0
2008-10-31,3217,221000,2367450,10.15,10.9,10.15,10.9,0.7,78,2008,6.77,0.63,7.55,82.295,0.33412382983578215,0,0
2008-11-03,3217,206000,2348950,11.0,11.65,11.0,11.55,0.65,88,2008,7.17,0.67,7.55,87.2025,0.3464914180271297,0,0
2008-11-04,3217,272000,3171400,11.75,11.9,11.4,11.6,0.05,87,2008,7.2,0.67,7.55,87.58,0.34799138087573195,0,0
2008-11-05,3217,89000,1030700,11.7,11.7,11.45,11.55,-0.05,47,2008,6.64,0.7,7.55,87.2025,0.3464914180271297,0,0
2008-11-06,3217,84000,932700,11.0,11.3,11.0,11.2,-0.35,35,2008,6.44,0.67,7.55,84.55999999999999,0.33599167808691355,0,0
2008-11-07,3217,92000,1019650,10.8,11.3,10.8,11.25,0.05,45,2008,6.47,0.68,7.55,84.9375,0.3374916409355159,0,0
2008-11-10,3217,451000,5406950,12.0,12.0,11.75,12.0,0.75,157,2008,6.9,0.72,7.55,90.6,0.3599910836645503,0,0
2008-11-11,3217,190000,2166100,11.5,11.7,11.25,11.3,-0.7,95,2008,6.49,0.68,7.55,85.315,0.3389916037841182,0,0
2008-11-12,3217,163000,1845200,10.9,11.6,10.9,11.5,0.2,63,2008,6.61,0.69,7.55,86.825,0.34499145517852736,0,0
2008-11-13,3217,161000,1764450,11.2,11.2,10.8,10.8,-0.7,53,2008,6.21,0.65,7.55,81.54,0.3239919752980953,0,0
2008-11-14,3217,175000,1846750,11.1,11.2,10.1,10.6,-0.2,84,2008,6.09,0.64,7.55,80.03,0.3179921239036861,0,0
2008-11-17,3217,79000,802700,10.6,10.6,10.0,10.2,-0.4,42,2008,5.86,0.61,7.55,77.00999999999999,0.3059924211148677,0,0
2008-11-18,3217,194000,1914870,10.15,10.2,9.7,9.85,-0.35,64,2008,5.66,0.59,7.55,74.36749999999999,0.29549268117465166,0,0
2008-11-19,3217,136000,1358280,9.85,10.3,9.85,10.2,0.35,69,2008,5.86,0.61,7.55,77.00999999999999,0.3059924211148677,0,0
2008-11-20,3217,132000,1289900,9.8,9.88,9.65,9.69,-0.51,58,2008,5.57,0.58,7.55,73.1595,0.29069280005912435,0,0
2008-11-21,3217,147000,1459610,9.43,10.3,9.4,10.05,0.36,59,2008,5.78,0.61,7.55,75.8775,0.3014925325690609,0,0
2008-11-24,3217,57000,568940,10.0,10.35,9.91,9.95,-0.1,35,2008,5.72,0.6,7.55,75.12249999999999,0.29849260687185625,0,0
2008-11-25,3217,123000,1240280,10.15,10.3,9.81,10.15,0.2,48,2008,5.83,0.61,7.55,76.63250000000001,0.30449245826626553,0,0
2008-11-26,3217,131000,1304240,10.15,10.15,9.91,10.1,-0.05,35,2008,5.8,0.61,7.55,76.255,0.30299249541766315,0,0
2008-11-27,3217,278000,2963050,10.2,10.8,10.2,10.8,0.7,103,2008,6.21,0.65,7.55,81.54,0.3239919752980953,0,0
2008-11-28,3217,209000,2316950,11.15,11.3,10.8,11.05,0.25,89,2008,6.35,0.67,7.55,83.42750000000001,0.33149178954110675,0,0
2008-12-01,3217,136000,1556000,11.0,11.75,11.0,11.3,0.25,56,2008,6.49,0.68,7.55,85.315,0.3389916037841182,0,0
2008-12-02,3217,109000,1175850,10.8,11.0,10.6,10.75,-0.55,57,2008,6.18,0.65,7.55,81.1625,0.3165083913476852,0,0
2008-12-03,3217,96000,1033450,10.95,10.95,10.5,10.75,0.0,41,2008,6.18,0.65,7.55,81.1625,0.3165083913476852,0,0
2008-12-04,3217,58000,623100,10.9,10.95,10.55,10.6,-0.15,28,2008,6.09,0.64,7.55,80.03,0.31209199518934544,0,0
2008-12-05,3217,5000,52400,10.65,10.65,10.35,10.5,-0.1,5,2008,6.03,0.63,7.55,79.27499999999999,0.3091477310837855,0,0
2008-12-08,3217,84000,913100,10.75,11.1,10.75,11.1,0.6,45,2008,6.38,0.67,7.55,83.80499999999999,0.32681331571714467,0,0
2008-12-09,3217,720000,8478850,11.4,11.85,11.3,11.6,0.5,261,2008,6.67,0.7,7.55,87.58,0.34153463624494407,0,0
2008-12-10,3217,371000,4390300,11.85,11.95,11.65,11.85,0.25,149,2008,6.81,0.71,7.55,89.4675,0.3488952965088437,0,0
2008-12-11,3217,315000,3798500,12.05,12.3,11.85,12.0,0.15,130,2008,6.9,0.72,7.55,90.6,0.3533116926671835,0,0
2008-12-12,3217,243000,2862500,12.05,12.05,11.35,11.65,-0.35,101,2008,6.7,0.7,7.55,87.9575,0.343006768297724,0,0
2008-12-15,3217,200000,2403350,11.75,12.25,11.75,12.15,0.5,96,2008,6.98,0.73,7.55,91.7325,0.3577280888255233,0,0
2008-12-16,3217,232000,2780600,12.1,12.15,11.8,11.95,-0.2,90,2008,6.87,0.72,7.55,90.2225,0.3518395606144036,0,0
2008-12-17,3217,300000,3586700,12.15,12.2,11.7,11.7,-0.25,132,2008,6.72,0.7,7.55,88.335,0.3444789003505039,0,0
2008-12-18,3217,716000,8650350,12.0,12.25,11.9,12.05,0.35,219,2008,6.93,0.73,7.55,90.9775,0.3547838247199635,0,0
2008-12-19,3217,342000,4031500,11.9,11.9,11.7,11.75,-0.3,126,2008,6.75,0.71,7.55,88.71249999999999,0.3459510324032838,0,0
2008-12-22,3217,150000,1744500,11.9,11.9,11.5,11.5,-0.25,64,2008,6.61,0.69,7.55,86.825,0.3385903721393842,0,0
2008-12-23,3217,262000,2891300,11.3,11.35,10.8,10.8,-0.7,109,2008,6.21,0.65,7.55,81.54,0.3179805234004652,0,0
2008-12-24,3217,28000,300250,10.65,10.85,10.6,10.85,0.05,15,2008,6.24,0.65,7.55,81.91749999999999,0.319452655453245,0,0
2008-12-25,3217,186000,2061000,10.8,11.25,10.6,11.15,0.3,59,2008,6.41,0.67,7.55,84.1825,0.3282854477699247,0,0
2008-12-26,3217,441000,5029050,11.15,11.7,11.15,11.25,0.1,168,2008,6.47,0.68,7.55,84.9375,0.33122971187548456,0,0
2008-12-29,3217,137000,1504450,11.4,11.4,10.9,11.0,-0.25,51,2008,6.32,0.66,7.55,83.05,0.32386905161158486,0,0
2008-12-30,3217,183000,2044050,11.1,11.35,11.05,11.2,0.2,84,2008,6.44,0.67,7.55,84.55999999999999,0.32975757982270454,0,0
2008-12-31,3217,75000,837500,11.2,11.3,11.1,11.1,-0.1,30,2008,6.38,0.67,7.55,83.80499999999999,0.32681331571714467,0,0
2009-01-05,3217,167000,1900450,11.5,11.5,11.3,11.35,0.25,60,2009,6.52,0.68,7.55,85.6925,0.3452849172230861,0,0
2009-01-06,3217,223000,2573700,11.3,11.7,11.25,11.5,0.15,89,2009,6.61,0.69,7.55,86.825,0.3498481540145806,0,0
2009-01-07,3217,389000,4535400,11.5,11.85,11.5,11.7,0.2,143,2009,6.72,0.7,7.55,88.335,0.3559324697365733,0,0
2009-01-08,3217,284000,3234450,11.5,11.65,11.2,11.6,-0.1,109,2009,6.67,0.7,7.55,87.58,0.35289031187557696,0,0
2009-01-09,3217,340000,3801600,11.5,11.5,10.95,11.15,-0.45,147,2009,6.41,0.67,7.55,84.1825,0.3392006015010934,0,0
2009-01-12,3217,142000,1527450,11.0,11.05,10.65,10.85,0.0,70,2009,6.24,0.65,7.55,81.91749999999999,0.33007412791810425,0,0
2009-01-13,3217,251000,2701300,10.65,11.0,10.6,10.9,0.05,92,2009,6.26,0.66,7.55,82.295,0.3315952068486025,0,0
2009-01-14,3217,74000,807200,11.0,11.0,10.85,10.9,0.0,31,2009,6.26,0.66,7.55,82.295,0.3315952068486025,0,0
2009-01-15,3217,137000,1447200,10.65,10.7,10.35,10.6,-0.3,47,2009,6.09,0.64,7.55,80.03,0.3224687332656134,0,0
2009-01-16,3217,86000,909200,10.7,10.7,10.4,10.5,-0.1,44,2009,6.03,0.63,7.55,79.27499999999999,0.319426575404617,0,0
2009-01-19,3217,35000,372550,10.65,10.7,10.55,10.6,0.05,15,2009,6.09,0.64,7.55,80.03,0.3224687332656134,0,0
2009-01-20,3217,243000,2544900,10.4,11.0,10.1,10.75,0.15,76,2009,6.18,0.65,7.55,81.1625,0.32703197005710793,0,0
2009-01-21,3217,89000,924950,10.6,10.6,10.25,10.45,-0.3,45,2009,6.01,0.63,7.55,78.8975,0.31790549647411886,0,0
2009-02-02,3217,150000,1575750,10.2,10.7,10.2,10.6,0.15,33,2009,6.09,0.64,7.55,80.03,0.3335086375528309,0,0
2009-02-03,3217,139000,1463750,10.55,10.65,10.5,10.6,0.0,57,2009,6.09,0.64,7.55,80.03,0.3335086375528309,0,0
2009-02-04,3217,229000,2453000,10.75,10.9,10.4,10.75,0.15,74,2009,6.18,0.65,7.55,81.1625,0.3382280994049936,0,0
2009-02-05,3217,103000,1077450,10.6,10.6,10.4,10.4,-0.35,40,2009,5.98,0.63,7.55,78.52,0.3272160217499473,0,0
2009-02-06,3217,68000,711050,10.45,10.55,10.35,10.35,-0.05,44,2009,5.95,0.62,7.55,78.1425,0.3256428677992264,0,0
2009-02-09,3217,196000,2059750,10.45,10.75,10.3,10.5,0.15,66,2009,6.03,0.63,7.55,79.27499999999999,0.330362329651389,0,0
2009-02-10,3217,77000,804250,10.4,10.6,10.35,10.5,0.0,30,2009,6.03,0.63,7.55,79.27499999999999,0.330362329651389,0,0
2009-02-11,3217,55000,577850,10.35,10.6,10.35,10.55,0.05,26,2009,6.06,0.64,7.55,79.6525,0.33193548360211,0,0
2009-02-12,3217,265000,2871550,10.65,11.1,10.5,10.55,0.0,95,2009,6.06,0.64,7.55,79.6525,0.33193548360211,0,0
2009-02-13,3217,139000,1486800,10.8,10.9,10.35,10.65,0.1,75,2009,6.12,0.64,7.55,80.4075,0.3350817915035518,0,0
2009-02-16,3217,92000,978950,10.6,10.7,10.5,10.65,0.0,38,2009,6.12,0.64,7.55,80.4075,0.3350817915035518,0,0
2009-02-17,3217,42000,439250,10.5,10.6,10.35,10.35,-0.3,24,2009,5.95,0.62,7.55,78.1425,0.3256428677992264,0,0
2009-02-18,3217,64000,661750,10.35,10.4,10.25,10.35,0.0,33,2009,5.95,0.62,7.55,78.1425,0.3256428677992264,0,0
2009-02-19,3217,33000,345700,10.45,10.6,10.4,10.4,0.05,19,2009,5.98,0.63,7.55,78.52,0.3272160217499473,0,0
2009-02-20,3217,91000,933400,10.4,10.4,10.1,10.2,-0.2,43,2009,5.86,0.61,7.55,77.00999999999999,0.32092340594706364,0,0
2009-02-23,3217,55000,560800,10.1,10.25,10.1,10.2,0.0,19,2009,5.86,0.61,7.55,77.00999999999999,0.32092340594706364,0,0
2009-02-24,3217,202000,2092800,10.1,10.7,10.05,10.4,0.2,58,2009,5.98,0.63,7.55,78.52,0.3272160217499473,0,0
2009-02-25,3217,91000,955650,10.5,10.65,10.3,10.3,-0.1,39,2009,5.92,0.62,7.55,77.765,0.32406971384850547,0,0
2009-02-26,3217,241000,2532200,10.4,10.65,10.3,10.55,0.25,82,2009,6.06,0.64,7.55,79.6525,0.33193548360211,0,0
2009-02-27,3217,510000,5438600,10.6,10.75,10.5,10.75,0.2,142,2009,6.18,0.65,7.55,81.1625,0.3382280994049936,0,0
2009-03-02,3217,238000,2550900,10.65,10.9,10.5,10.7,-0.05,84,2009,6.15,0.64,7.55,80.785,0.34084081803483973,0,0
2009-03-03,3217,127000,1333050,10.5,10.6,10.3,10.6,-0.1,50,2009,6.09,0.64,7.55,80.03,0.33765538982890664,0,0
2009-03-04,3217,333000,3597600,10.55,10.9,10.5,10.85,0.25,113,2009,6.24,0.65,7.55,81.91749999999999,0.3456189603437393,0,0
2009-03-05,3217,378000,4132000,10.9,11.15,10.8,10.8,-0.05,108,2009,6.21,0.65,7.55,81.54,0.3440262462407729,0,0
2009-03-06,3217,276000,2955250,10.75,10.8,10.6,10.7,-0.1,59,2009,6.15,0.64,7.55,80.785,0.34084081803483973,0,0
2009-03-09,3217,280000,2992350,10.8,10.85,10.6,10.75,0.05,85,2009,6.18,0.65,7.55,81.1625,0.34243353213780625,0,0
2009-03-10,3217,245000,2661600,10.85,11.0,10.75,10.95,0.2,94,2009,6.29,0.66,7.55,82.6725,0.34880438854967244,0,0
2009-03-11,3217,621000,6896150,11.1,11.45,10.7,10.95,0.0,239,2009,6.29,0.66,7.55,82.6725,0.34880438854967244,0,0
2009-03-12,3217,314000,3474450,11.0,11.3,10.9,11.15,0.2,130,2009,6.41,0.67,7.55,84.1825,0.35517524496153857,0,0
2009-03-13,3217,1324000,15596700,11.4,11.9,11.35,11.75,0.6,363,2009,6.75,0.71,7.55,88.71249999999999,0.374287814197137,0,0
2009-03-16,3217,648000,7592450,11.8,11.9,11.55,11.75,0.0,203,2009,6.75,0.71,7.55,88.71249999999999,0.374287814197137,0,0
2009-03-17,3217,356000,4200700,11.7,11.95,11.65,11.9,0.15,127,2009,6.84,0.72,7.55,89.845,0.3790659565060367,0,0
2009-03-18,3217,650000,7579150,12.0,12.0,11.55,11.65,-0.25,195,2009,6.7,0.7,7.55,87.9575,0.371102385991204,0,0
2009-03-19,3217,261000,3007200,11.65,11.7,11.4,11.5,-0.15,102,2009,6.61,0.69,7.55,86.825,0.3663242436823044,0,0
2009-03-20,3217,110000,1245850,11.3,11.45,11.2,11.4,-0.1,47,2009,6.55,0.69,7.55,86.07000000000001,0.36313881547637133,0,0
2009-03-23,3217,91000,1044600,11.45,11.6,11.3,11.6,0.2,42,2009,6.67,0.7,7.55,87.58,0.36950967188823747,0,0
2009-03-24,3217,215000,2498100,11.55,11.75,11.45,11.65,0.05,84,2009,6.7,0.7,7.55,87.9575,0.371102385991204,0,0
2009-03-25,3217,737000,8836150,11.7,12.3,11.6,12.0,0.35,203,2009,6.9,0.72,7.55,90.6,0.3822513847119698,0,0
2009-03-26,3217,308000,3721450,12.1,12.25,12.0,12.1,0.1,111,2009,6.95,0.73,7.55,91.35499999999999,0.3854368129179028,0,0
2009-03-27,3217,535000,6548550,12.2,12.45,12.1,12.2,0.1,172,2009,7.01,0.73,7.55,92.11,0.3886222411238359,0,0
2009-03-30,3217,143000,1698850,12.0,12.1,11.5,11.5,-0.7,87,2009,6.61,0.69,7.55,86.825,0.3663242436823044,0,0
2009-03-31,3217,259000,2977150,11.5,11.7,11.45,11.5,0.0,79,2009,6.61,0.69,7.55,86.825,0.3663242436823044,0,0
2009-04-01,3217,243000,2835800,11.6,11.8,11.5,11.7,0.2,75,2009,6.72,0.7,7.55,88.335,0.3726951000941705,0,0
2009-04-02,3217,281000,3345550,11.75,12.05,11.75,12.0,0.3,117,2009,6.9,0.72,7.55,90.6,0.3815278210002851,0,0
2009-04-03,3217,709000,8710750,12.05,12.45,12.05,12.35,0.35,240,2009,7.1,0.74,7.55,93.24249999999999,0.39265571577946,0,0
2009-04-06,3217,708000,9345600,13.2,13.2,13.2,13.2,0.85,213,2009,7.59,0.8,7.55,99.66,0.4196806031003136,0,0
2009-04-07,3217,2342000,32578650,14.05,14.05,13.6,14.0,0.8,797,2009,8.05,0.84,7.55,105.7,0.4451157911669993,0,0
2009-04-08,3217,668000,9120300,13.4,13.9,13.4,13.6,-0.4,294,2009,7.82,0.82,7.55,102.67999999999999,0.4323981971336564,0,0
2009-04-09,3217,1396000,19313500,13.7,14.2,13.5,14.0,0.4,476,2009,8.05,0.84,7.55,105.7,0.4451157911669993,0,0
2009-04-10,3217,629000,8678800,14.15,14.2,13.55,13.6,-0.4,266,2009,7.82,0.82,7.55,102.67999999999999,0.4323981971336564,0,0
2009-04-13,3217,613000,8401550,13.6,13.9,13.55,13.85,0.25,223,2009,7.96,0.83,7.55,104.5675,0.4403466934044957,0,0
2009-04-14,3217,668000,9439100,13.65,14.5,13.65,14.0,0.15,231,2009,8.05,0.84,7.55,105.7,0.4451157911669993,0,0
2009-04-15,3217,469000,6515950,14.0,14.2,13.7,13.7,-0.3,140,2009,7.87,0.83,7.55,103.43499999999999,0.4355775956419921,0,0
2009-04-16,3217,667000,9359300,13.9,14.15,13.85,14.1,0.4,253,2009,8.1,0.85,7.55,106.455,0.448295189675335,0,0
2009-04-17,3217,1276000,18284650,14.4,14.95,13.4,13.4,-0.7,477,2009,7.7,0.81,7.55,101.17,0.42603940011698505,0,0
2009-04-20,3217,795000,10506150,13.4,13.5,12.9,13.2,-0.2,216,2009,7.59,0.8,7.55,99.66,0.4196806031003136,0,0
2009-04-21,3217,521000,6987250,12.9,13.8,12.9,13.7,0.5,196,2009,7.87,0.83,7.55,103.43499999999999,0.4355775956419921,0,0
2009-04-22,3217,733000,10269800,13.8,14.3,13.6,14.1,0.4,236,2009,8.1,0.85,7.55,106.455,0.448295189675335,0,0
2009-04-23,3217,858000,12347900,14.25,14.7,14.0,14.55,0.45,346,2009,8.36,0.88,7.55,109.8525,0.4626024829628457,0,0
2009-04-24,3217,3376000,50920450,15.55,15.55,14.6,14.8,0.25,888,2009,8.51,0.89,7.55,111.74000000000001,0.47055097923368494,0,0
2009-04-27,3217,1531000,22244800,14.95,14.95,13.95,14.0,-0.8,421,2009,8.05,0.84,7.55,105.7,0.4451157911669993,0,0
2009-04-28,3217,665000,9053650,14.1,14.3,13.3,13.45,-0.55,243,2009,7.73,0.81,7.55,101.54749999999999,0.42762909937115284,0,0
2009-04-29,3217,801000,10522800,13.4,13.6,12.8,12.85,-0.6,223,2009,7.39,0.77,7.55,97.0175,0.4085527083211386,0,0
2009-04-30,3217,1164000,15887650,13.7,13.7,13.45,13.7,0.85,181,2009,7.87,0.83,7.55,103.43499999999999,0.4355775956419921,0,0
2009-05-04,3217,1973000,28444900,14.5,14.65,13.9,14.55,0.85,479,2009,8.36,0.88,7.55,109.8525,0.4506545521227459,0,0
2009-05-05,3217,975000,13660400,14.55,14.55,13.8,13.85,-0.7,297,2009,7.96,0.83,7.55,104.5675,0.42897357710653133,0,0
2009-05-06,3217,1179000,16973350,14.0,14.8,13.95,14.8,0.95,360,2009,0.0,1.11,7.55,111.74000000000001,0.4583977574856797,0,0
2009-05-07,3217,1545000,24411000,15.8,15.8,15.8,15.8,1.0,412,2009,0.0,1.18,7.55,119.29,0.4893705789374148,0,0
2009-05-08,3217,2346000,38014650,16.8,16.8,15.6,16.0,0.2,761,2009,0.0,1.2,7.55,120.8,0.4955651432277618,0,0
2009-05-11,3217,1169000,18682450,16.2,16.35,15.6,15.85,-0.15,413,2009,0.0,1.19,7.55,119.66749999999999,0.49091922001000154,0,0
2009-05-12,3217,802000,12230800,15.65,15.8,15.05,15.2,-0.65,282,2009,0.0,1.14,7.55,114.75999999999999,0.47078688606637376,0,0
2009-05-13,3217,2140000,33962050,15.25,16.25,15.0,16.25,1.05,746,2009,0.0,1.22,7.55,122.6875,0.5033083485906956,0,0
2009-05-14,3217,3719000,62527400,15.8,17.35,15.75,16.5,0.25,1221,2009,0.0,1.24,7.55,124.575,0.5110515539536293,0,0
2009-05-15,3217,1829000,30339300,17.0,17.1,16.25,16.7,0.2,618,2009,0.0,1.25,7.55,126.085,0.5172461182439764,0,0
2009-05-18,3217,1005000,16450050,16.65,16.9,16.1,16.3,-0.4,383,2009,0.0,1.22,7.55,123.065,0.5048569896632824,0,0
2009-05-19,3217,891000,14560000,16.55,16.7,16.15,16.3,0.0,359,2009,0.0,1.22,7.55,123.065,0.5048569896632824,0,0
2009-05-20,3217,2010000,34166450,16.5,17.4,16.25,17.4,1.1,686,2009,0.0,1.3,7.55,131.36999999999998,0.5389270932601908,0,0
2009-05-21,3217,665000,12369000,18.6,18.6,18.6,18.6,1.2,189,2009,0.0,1.39,7.55,140.43,0.5760944790022731,0,0
2009-05-22,3217,5290000,103928050,19.8,19.9,18.6,19.9,1.3,1184,2009,0.0,1.49,7.55,150.24499999999998,0.6163591468895286,0,0
2009-05-25,3217,3663000,75812100,20.8,21.25,19.65,21.25,1.35,910,2009,0.0,1.59,7.55,160.4375,0.6581724558493711,0,0
2009-05-26,3217,2837000,60193100,21.25,22.25,20.0,21.25,0.0,761,2009,0.0,1.59,7.55,160.4375,0.6581724558493711,0,0
2009-05-27,3217,1954000,42001150,22.0,22.1,20.25,21.5,0.25,474,2009,0.0,1.61,7.55,162.325,0.6659156612123049,0,0
2009-06-01,3217,1957000,41320700,21.7,21.85,20.8,21.0,-0.5,286,2009,0.0,1.57,7.55,158.54999999999998,0.6504292504864373,0,0
2009-06-02,3217,2268000,49405950,21.9,22.45,20.9,22.45,1.45,822,2009,0.0,1.68,7.55,169.4975,0.6868361752021334,0,0
2009-06-03,3217,2169000,46015450,20.9,21.75,20.9,21.35,-1.1,584,2009,0.0,1.6,7.55,161.1925,0.6531827323191781,0,0
2009-06-04,3217,2046000,44703000,21.6,22.4,21.3,22.35,1.0,806,2009,0.0,1.67,7.55,168.7425,0.6837767713036829,0,0
2009-06-05,3217,2615000,59715350,22.3,23.65,21.85,23.5,1.15,944,2009,0.0,1.76,7.55,177.42499999999998,0.7189599161358634,0,0
2009-06-08,3217,2690000,68444650,25.6,26.0,24.6,25.2,0.1,932,2009,0.0,1.89,7.55,190.26,0.7709697824095216,0,0
2009-06-09,3217,1145000,27082200,25.2,25.2,23.45,23.45,-1.75,487,2009,0.0,1.76,7.55,177.04749999999999,0.7174302141866381,0,0
2009-06-10,3217,1421000,31414250,23.45,23.45,21.85,22.0,-1.45,547,2009,0.0,1.65,7.55,166.1,0.6730688576591062,0,0
2009-06-11,3217,1680000,36523000,22.0,22.4,20.55,21.95,-0.05,429,2009,0.0,1.64,7.55,165.7225,0.671539155709881,0,0
2009-06-12,3217,1405000,31946000,22.35,23.4,22.0,22.5,0.55,589,2009,0.0,1.69,7.55,169.875,0.6883658771513587,0,0
2009-06-15,3217,527000,11224800,21.8,22.25,20.95,21.0,-1.5,245,2009,0.0,1.57,7.55,158.54999999999998,0.6424748186746013,0,0
2009-06-16,3217,721000,14309250,20.0,20.9,19.55,19.55,-1.45,296,2009,0.0,1.46,7.55,147.6025,0.5981134621470694,0,0
2009-06-17,3217,703000,14441250,19.7,20.9,19.7,19.95,0.4,356,2009,0.0,1.49,7.55,150.6225,0.6103510777408713,0,0
2009-06-18,3217,1432000,30035300,21.0,21.3,20.2,20.7,0.75,673,2009,0.0,1.55,7.55,156.285,0.6332966069792499,0,0
2009-06-19,3217,521000,10694100,20.6,21.1,20.2,20.8,0.1,251,2009,0.0,1.56,7.55,157.04,0.6363560108777004,0,0
2009-06-22,3217,398000,8263800,20.7,21.35,20.5,20.7,-0.1,183,2009,0.0,1.55,7.55,156.285,0.6332966069792499,0,0
2009-06-23,3217,345000,6931450,20.3,20.5,19.9,20.4,-0.3,159,2009,0.0,1.53,7.55,154.01999999999998,0.6241183952838985,0,0
2009-06-24,3217,787000,16352750,20.4,21.2,20.4,20.8,0.4,334,2009,0.0,1.56,7.55,157.04,0.6363560108777004,0,0
2009-06-25,3217,1109000,23286250,21.1,21.4,20.7,21.05,0.25,348,2009,0.0,1.58,7.55,158.9275,0.6440045206238266,0,0
2009-06-26,3217,494000,10319700,21.4,21.45,20.45,20.45,-0.6,185,2009,0.0,1.53,7.55,154.39749999999998,0.6256480972331236,0,0
2009-06-29,3217,685000,13414800,20.55,20.6,19.1,19.1,-1.35,241,2009,0.0,1.43,7.55,144.205,0.5843461446040423,0,0
2009-06-30,3217,493000,9350850,19.2,19.4,18.8,19.2,0.1,232,2009,0.0,1.44,7.55,144.95999999999998,0.5874055485024926,0,0
2009-07-01,3217,333000,6499250,19.2,19.85,19.2,19.55,0.35,152,2009,0.0,1.46,7.55,147.6025,0.5981134621470694,0,0
2009-07-02,3217,648000,12973050,19.55,20.5,19.55,20.2,0.65,307,2009,0.0,1.51,7.55,152.51,0.6045159334005854,0,0
2009-07-03,3217,602000,12312450,20.1,20.9,19.8,20.6,0.4,298,2009,0.0,1.54,7.55,155.53,0.6164865459431713,0,0
2009-07-06,3217,304000,6154250,20.5,20.5,20.1,20.1,-0.5,153,2009,0.0,1.51,7.55,151.755,0.601523280264939,0,0
2009-07-07,3217,1706000,36417600,20.15,21.5,20.15,21.5,1.4,640,2009,0.0,1.61,7.55,162.325,0.6434204241639895,0,0
2009-07-08,3217,1166000,24909400,21.5,21.9,20.9,21.1,-0.4,504,2009,0.0,1.58,7.55,159.305,0.6314498116214036,0,0
2009-07-09,3217,1325000,28581700,21.3,21.9,21.1,21.15,0.05,474,2009,0.0,1.58,7.55,159.68249999999998,0.6329461381892267,0,0
2009-07-10,3217,2304000,51262800,21.7,22.6,21.15,22.6,1.45,757,2009,0.0,1.69,7.55,170.63,0.6763396086561005,0,0
2009-07-13,3217,1680000,38336250,23.55,23.55,21.8,22.5,-0.1,748,2009,0.0,1.69,7.55,169.875,0.6733469555204541,0,0
2009-07-14,3217,2204000,51292450,23.1,23.8,22.8,23.0,0.5,884,2009,0.0,1.72,7.55,173.65,0.6883102211986865,0,0
2009-07-15,3217,1699000,39748800,23.4,24.0,22.8,23.8,0.8,737,2009,0.0,1.78,7.55,179.69,0.7122514462838581,0,0
2009-07-16,3217,1531000,36987800,23.9,24.75,23.6,23.9,0.1,646,2009,0.0,1.79,7.55,180.445,0.7152440994195046,0,0
2009-07-17,3217,1824000,44212400,24.4,24.6,23.9,24.1,0.2,682,2009,0.0,1.81,7.55,181.955,0.7212294056907976,0,0
2009-07-20,3217,1585000,38251150,24.5,24.6,23.8,23.95,-0.15,746,2009,0.0,1.79,7.55,180.8225,0.7167404259873278,0,0
2009-07-21,3217,1570000,36781050,24.15,24.15,22.9,23.25,-0.7,642,2009,0.0,1.74,7.55,175.5375,0.6957918540378025,0,0
2009-07-22,3217,2423000,57961350,23.3,24.6,22.95,23.7,0.45,1072,2009,0.0,1.78,7.55,178.935,0.7092587931482116,0,0
2009-07-23,3217,1368000,32390400,23.9,24.15,23.15,23.8,0.1,452,2009,0.0,1.78,7.55,179.69,0.7122514462838581,0,0
2009-07-24,3217,5453000,135247550,23.9,25.45,23.9,25.0,1.2,1551,2009,0.0,1.87,7.55,188.75,0.7481632839116157,0,0
2009-07-27,3217,8582000,225045650,26.4,26.75,25.5,26.0,1.0,2260,2009,0.0,1.95,7.55,196.29999999999998,0.7780898152680802,0,0
2009-07-28,3217,2632000,67853500,25.7,26.3,25.2,25.8,-0.2,959,2009,0.0,1.93,7.55,194.79,0.7721045089967874,0,0
2009-07-29,3217,2484000,64746700,26.05,26.4,25.7,26.3,0.5,872,2009,0.0,1.97,7.55,198.565,0.7870677746750196,0,0
2009-07-30,3217,1513000,38942700,26.4,26.4,25.3,26.1,-0.2,552,2009,0.0,1.96,7.55,197.055,0.7810824684037267,0,0
2009-07-31,3217,6241000,167087850,26.35,27.45,25.85,26.1,0.0,1604,2009,0.0,1.96,7.55,197.055,0.7810824684037267,0,0
2009-08-03,3217,2105000,54730100,25.9,26.45,25.5,25.8,-0.3,649,2009,0.0,1.93,7.55,194.79,0.7789456341614788,0,0
2009-08-04,3217,2697000,67768000,26.3,26.3,24.0,24.0,-1.8,885,2009,0.0,1.8,7.55,181.2,0.7246005899176546,0,0
2009-08-05,3217,1673000,39100400,23.5,24.2,22.5,22.7,-1.3,599,2009,0.0,1.7,7.55,171.385,0.6853513912971151,0,0
2009-08-06,3217,790000,18208800,23.2,23.25,22.7,23.1,0.4,272,2009,0.0,1.73,7.55,174.405,0.6974280677957426,0,0
2009-08-10,3217,602000,14150350,23.5,23.9,23.2,23.4,0.3,250,2009,0.0,1.75,7.55,176.67,0.7064855751697132,0,0
2009-08-11,3217,1194000,28155200,23.4,23.9,23.1,23.6,0.2,359,2009,0.0,1.77,7.55,178.18,0.7125239134190271,0,0
2009-08-12,3217,541000,12750900,23.5,23.8,23.4,23.4,-0.2,217,2009,0.0,1.75,7.55,176.67,0.7064855751697132,0,0
2009-08-13,3217,976000,23393550,23.7,24.5,23.65,24.15,0.75,392,2009,0.0,1.81,7.55,182.33249999999998,0.7291293436046399,0,0
2009-08-14,3217,4548000,116367950,24.2,25.8,24.2,25.8,1.65,1198,2009,0.0,1.93,7.55,194.79,0.7789456341614788,0,0
2009-08-17,3217,3679000,95534550,25.95,26.35,25.55,25.7,-0.1,1172,2009,0.0,1.93,7.55,194.035,0.7759264650368218,0,0
2009-08-18,3217,1562000,38270700,25.3,25.3,23.95,23.95,-1.75,577,2009,0.0,1.79,7.55,180.8225,0.7230910053553262,0,0
2009-08-19,3217,935000,22394900,24.65,24.65,23.6,23.6,-0.35,359,2009,0.0,1.77,7.55,178.18,0.7125239134190271,0,0
2009-08-20,3217,3493000,86914400,25.25,25.25,24.25,24.7,1.1,1070,2009,0.0,1.85,7.55,186.48499999999999,0.7457347737902529,0,0
2009-08-21,3217,2454000,60971550,24.7,25.5,24.1,24.35,-0.35,856,2009,0.0,1.82,7.55,183.8425,0.7351676818539538,0,0
2009-08-24,3217,1805000,43962100,24.9,24.9,24.05,24.4,0.05,565,2009,0.0,1.83,7.55,184.22,0.7366772664162823,0,0
2009-08-25,3217,1065000,26097050,24.4,24.85,24.1,24.1,-0.3,445,2009,0.0,1.81,7.55,181.955,0.7276197590423117,0,0
2009-08-26,3217,1160000,26983350,24.1,24.3,22.5,22.9,-1.2,495,2009,0.0,1.72,7.55,172.89499999999998,0.6913897295464287,0,0
2009-08-27,3217,926000,21193950,22.9,23.5,22.2,22.4,-0.5,395,2009,0.0,1.68,7.55,169.11999999999998,0.6762938839231443,0,0
2009-08-28,3217,1039000,23613950,22.5,23.05,22.4,22.85,0.45,426,2009,0.0,1.71,7.55,172.5175,0.6898801449841004,0,0
2009-08-31,3217,2377000,56610550,23.5,24.35,23.25,24.3,1.45,958,2009,0.0,1.82,7.55,183.465,0.7336580972916253,0,0
2009-09-01,3217,2838000,70276050,24.5,25.15,24.1,24.65,0.35,946,2009,0.0,1.85,7.55,186.1075,0.7442251892279244,0,0
2009-09-02,3217,1409000,34717750,24.15,24.95,24.15,24.6,-0.05,489,2009,0.0,1.73,7.55,185.73000000000002,0.7608327417383921,0,0
2009-09-03,3217,1700000,42702100,24.9,25.5,24.65,25.15,0.55,659,2009,0.0,1.77,7.55,189.8825,0.7778432298666894,0,0
2009-09-04,3217,1161000,29106400,25.25,25.5,24.8,24.8,-0.35,432,2009,0.0,1.75,7.55,187.24,0.7670183737850456,0,0
2009-09-07,3217,3280000,84154950,25.0,26.2,24.75,25.75,0.95,1080,2009,0.0,1.81,7.55,194.4125,0.7964001260066502,0,0
2009-09-08,3217,4461000,118770150,25.95,27.4,25.5,26.35,0.6,1455,2009,0.0,1.85,7.55,198.9425,0.8149570221466109,0,0
2009-09-09,3217,1482000,38210600,26.5,26.5,24.95,25.1,-1.25,573,2009,0.0,1.77,7.55,189.505,0.776296821855026,0,0
2009-09-10,3217,2427000,59074600,25.2,25.45,23.6,24.2,-0.9,782,2009,0.0,1.7,7.55,182.70999999999998,0.7484614776450847,0,0
2009-09-11,3217,599000,14570700,24.15,24.5,24.15,24.25,0.05,271,2009,0.0,1.71,7.55,183.0875,0.7500078856567483,0,0
2009-09-14,3217,1946000,48339900,24.5,25.5,24.15,25.1,0.85,638,2009,0.0,1.77,7.55,189.505,0.776296821855026,0,0
2009-09-15,3217,993000,24971400,25.3,25.6,24.7,25.0,-0.1,366,2009,0.0,1.76,7.55,188.75,0.7732040058316992,0,0
2009-09-16,3217,1021000,25424500,25.0,25.5,24.6,24.75,-0.25,381,2009,0.0,1.74,7.55,186.86249999999998,0.7654719657733821,0,0
2009-09-17,3217,1056000,26227150,25.3,25.3,24.2,24.35,-0.4,410,2009,0.0,1.71,7.55,183.8425,0.753100701680075,0,0
2009-09-18,3217,857000,21178450,24.6,24.9,24.55,24.9,0.55,344,2009,0.0,1.75,7.55,187.99499999999998,0.7701111898083723,0,0
2009-09-21,3217,1327000,33426850,25.4,25.45,25.0,25.4,0.5,434,2009,0.0,1.79,7.55,191.76999999999998,0.7855752699250063,0,0
2009-09-22,3217,1157000,28930700,25.4,25.4,24.65,24.8,-0.6,379,2009,0.0,1.75,7.55,187.24,0.7670183737850456,0,0
2009-09-23,3217,1002000,24436050,24.85,25.0,24.05,24.2,-0.6,395,2009,0.0,1.7,7.55,182.70999999999998,0.7484614776450847,0,0
2009-09-24,3217,1877000,46661850,24.2,25.4,24.2,24.6,0.4,649,2009,0.0,1.73,7.55,185.73000000000002,0.7608327417383921,0,0
2009-09-25,3217,2069000,50252400,24.8,25.0,23.9,24.4,-0.2,736,2009,0.0,1.72,7.55,184.22,0.7546471096917384,0,0
2009-09-28,3217,4168000,105579350,24.5,26.0,24.5,25.4,1.0,1620,2009,0.0,1.79,7.55,191.76999999999998,0.7855752699250063,0,0
2009-09-29,3217,1374000,34772800,25.7,25.7,25.05,25.15,-0.25,533,2009,0.0,1.77,7.55,189.8825,0.7778432298666894,0,0
2009-09-30,3217,1755000,44824700,25.4,25.9,25.2,25.3,0.15,652,2009,0.0,1.78,7.55,191.01500000000001,0.7824824539016797,0,0
2009-10-01,3217,958000,24222850,25.7,25.7,25.1,25.1,-0.2,417,2009,0.0,1.77,7.55,189.505,0.776296821855026,0,0
2009-10-02,3217,896000,22196500,24.8,25.05,24.5,24.75,-0.35,337,2009,0.0,1.74,7.55,186.86249999999998,0.753825250912013,0,0
2009-10-05,3217,1284000,31981650,24.8,25.15,24.6,25.1,0.35,417,2009,0.0,1.77,7.55,189.505,0.7644854059754153,0,0
2009-10-06,3217,1347000,34164200,25.3,25.7,25.0,25.15,0.05,519,2009,0.0,1.77,7.55,189.8825,0.766008285270187,0,0
2009-10-07,3217,1070000,26769650,25.3,25.45,24.8,24.9,-0.25,408,2009,0.0,1.75,7.55,187.99499999999998,0.7583938887963282,0,0
2009-10-08,3217,1875000,47396050,25.5,25.7,24.8,24.9,0.0,693,2009,0.0,1.75,7.55,187.99499999999998,0.7583938887963282,0,0
2009-10-09,3217,905000,22521400,25.3,25.3,24.65,24.9,0.0,319,2009,0.0,1.75,7.55,187.99499999999998,0.7583938887963282,0,0
2009-10-12,3217,2772000,71051250,25.0,26.2,25.0,25.85,0.95,1086,2009,0.0,1.82,7.55,195.16750000000002,0.7873285953969915,0,0
2009-10-13,3217,3814000,99629650,25.2,26.6,25.2,26.3,0.45,1230,2009,0.0,1.85,7.55,198.565,0.8010345090499371,0,0
2009-10-14,3217,11854000,323734600,26.5,28.1,26.1,28.1,1.8,3479,2009,0.0,1.98,7.55,212.155,0.8558581636617199,0,0
2009-10-15,3217,8433000,240258600,28.35,29.3,27.4,27.8,-0.3,3117,2009,0.0,1.96,7.55,209.89,0.8467208878930893,0,0
2009-10-16,3217,2364000,65915500,27.8,28.2,27.5,27.7,-0.1,1081,2009,0.0,1.95,7.55,209.135,0.8436751293035459,0,0
2009-10-19,3217,1928000,53850750,27.8,28.2,27.7,28.0,0.3,788,2009,0.0,1.97,7.55,211.4,0.8528124050721764,0,0
2009-10-20,3217,2144000,59350100,28.1,28.3,27.3,27.3,-0.7,829,2009,0.0,1.92,7.55,206.115,0.831492094945372,0,0
2009-10-21,3217,2150000,58672400,27.4,27.75,26.95,27.4,0.1,818,2009,0.0,1.93,7.55,206.86999999999998,0.8345378535349154,0,0
2009-10-22,3217,4470000,126138500,27.65,28.65,27.45,27.9,0.5,1681,2009,0.0,1.96,7.55,210.64499999999998,0.8497666464826328,0,0
2009-10-23,3217,2200000,61956550,28.6,28.8,27.6,27.75,-0.15,848,2009,0.0,1.95,7.55,209.5125,0.8451980085983177,0,0
2009-10-26,3217,2061000,55022800,27.65,27.7,26.15,26.3,-1.45,912,2009,0.0,1.85,7.55,198.565,0.8010345090499371,0,0
2009-10-27,3217,1070000,27747450,26.55,26.55,25.65,26.1,-0.2,486,2009,0.0,1.84,7.55,197.055,0.7949429918708502,0,0
2009-10-28,3217,1044000,26854050,26.1,26.3,25.2,25.4,-0.7,458,2009,0.0,1.79,7.55,191.76999999999998,0.7736226817440457,0,0
2009-10-29,3217,1524000,36846400,24.5,24.8,23.75,24.0,-1.4,604,2009,0.0,1.69,7.55,181.2,0.7309820614904369,0,0
2009-10-30,3217,905000,21858400,24.05,24.45,24.0,24.05,0.05,345,2009,0.0,1.69,7.55,181.57750000000001,0.7325049407852088,0,0
2009-11-02,3217,792000,19138350,23.6,24.6,23.4,24.3,0.25,308,2009,0.0,1.71,7.55,183.465,0.7709967548922457,0,0
2009-11-03,3217,440000,10730150,24.7,24.7,24.2,24.4,0.1,246,2009,0.0,1.72,7.55,184.22,0.7741695810440657,0,0
2009-11-04,3217,665000,16506900,24.6,24.95,24.6,24.95,0.55,332,2009,0.0,1.76,7.55,188.3725,0.7916201248790754,0,0
2009-11-05,3217,510000,12686650,24.95,25.2,24.65,24.65,-0.3,230,2009,0.0,1.62,7.55,186.1075,0.7821016464236155,0,0
2009-11-06,3217,714000,17650400,24.95,25.1,24.0,24.0,-0.65,283,2009,0.0,1.58,7.55,181.2,0.761478276436786,0,0
2009-11-09,3217,421000,10217350,24.3,24.45,24.15,24.2,0.2,174,2009,0.0,1.59,7.55,182.70999999999998,0.7678239287404257,0,0
2009-11-10,3217,461000,11183650,24.4,24.5,24.1,24.3,0.1,194,2009,0.0,1.6,7.55,183.465,0.7709967548922457,0,0
2009-11-11,3217,953000,23208850,24.3,24.65,24.1,24.35,0.05,299,2009,0.0,1.6,7.55,183.8425,0.7725831679681557,0,0
2009-11-12,3217,671000,16317500,24.4,24.45,24.2,24.3,-0.05,260,2009,0.0,1.6,7.55,183.465,0.7709967548922457,0,0
2009-11-13,3217,2115000,53112650,24.1,25.7,24.1,25.4,1.1,898,2009,0.0,1.67,7.55,191.76999999999998,0.805897842562265,0,0
2009-11-16,3217,1361000,35013800,25.45,25.95,25.4,25.8,0.4,486,2009,0.0,1.7,7.55,194.79,0.8185891471695449,0,0
2009-11-17,3217,3308000,87231450,26.1,26.8,25.8,25.8,0.0,1207,2009,0.0,1.7,7.55,194.79,0.8185891471695449,0,0
2009-11-18,3217,926000,23834350,26.0,26.15,25.5,25.6,-0.2,376,2009,0.0,1.69,7.55,193.28,0.812243494865905,0,0
2009-11-19,3217,1363000,35389450,25.6,26.2,25.45,25.9,0.3,493,2009,0.0,1.71,7.55,195.545,0.8217619733213647,0,0
2009-11-20,3217,733000,18761900,25.65,25.8,25.3,25.65,-0.25,279,2009,0.0,1.69,7.55,193.6575,0.813829907941815,0,0
2009-11-23,3217,612000,15609850,25.6,25.8,25.4,25.45,-0.2,215,2009,0.0,1.68,7.55,192.14749999999998,0.807484255638175,0,0
2009-11-24,3217,1689000,43771550,25.6,26.3,25.5,26.0,0.55,560,2009,0.0,1.71,7.55,196.29999999999998,0.8249347994731847,0,0
2009-11-25,3217,1475000,38361800,26.0,26.45,25.65,25.7,-0.3,427,2009,0.0,1.69,7.55,194.035,0.815416321017725,0,0
2009-11-26,3217,1631000,42195650,25.9,26.25,25.5,25.6,-0.1,500,2009,0.0,1.69,7.55,193.28,0.812243494865905,0,0
2009-11-27,3217,938000,23236150,25.1,25.4,24.5,24.55,-1.05,372,2009,0.0,1.62,7.55,185.3525,0.7789288202717957,0,0
2009-11-30,3217,455000,11305100,24.65,25.0,24.65,24.7,0.15,159,2009,0.0,1.63,7.55,186.48499999999999,0.7836880594995255,0,0
2009-12-01,3217,312000,7741950,24.95,25.0,24.7,24.75,0.05,135,2009,0.0,1.63,7.55,186.86249999999998,0.7852744725754354,0,0
2009-12-02,3217,666000,16678550,25.0,25.4,24.6,24.7,-0.05,252,2009,0.0,1.63,7.55,186.48499999999999,0.7966581241528151,0,0
2009-12-03,3217,604000,14878650,24.8,25.0,24.5,24.5,-0.2,219,2009,0.0,1.61,7.55,184.975,0.7902074510827519,0,0
2009-12-04,3217,432000,10661750,24.2,25.0,24.2,24.6,0.1,219,2009,0.0,1.62,7.55,185.73000000000002,0.7934327876177836,0,0
2009-12-07,3217,586000,14670650,24.8,25.3,24.8,25.1,0.5,248,2009,0.0,1.65,7.55,189.505,0.8095594702929417,0,0
2009-12-08,3217,577000,14420700,25.1,25.25,24.8,25.1,0.0,206,2009,0.0,1.65,7.55,189.505,0.8095594702929417,0,0
2009-12-09,3217,3489000,90288650,24.5,26.55,24.5,26.35,1.25,1240,2009,0.0,1.73,7.55,198.9425,0.8498761769808373,0,0
2009-12-10,3217,1586000,41366100,26.55,26.7,25.2,25.6,-0.75,634,2009,0.0,1.69,7.55,193.28,0.8256861529680999,0,0
2009-12-11,3217,3954000,107313350,25.9,27.35,25.8,27.35,1.75,1241,2009,0.0,1.8,7.55,206.4925,0.8821295423311536,0,0
2009-12-14,3217,11530000,330233350,28.0,29.25,26.95,29.25,1.9,3392,2009,0.0,1.93,7.55,220.8375,0.9434109364967548,0,0
2009-12-15,3217,4176000,120452950,29.3,29.3,28.35,28.5,-0.75,1480,2009,0.0,1.88,7.55,215.17499999999998,0.9192209124840175,0,0
2009-12-16,3217,3494000,101220700,28.5,29.7,28.5,28.5,0.0,1300,2009,0.0,1.88,7.55,215.17499999999998,0.9192209124840175,0,0
2009-12-17,3217,2670000,75629500,29.4,29.4,27.4,27.8,-0.7,1027,2009,0.0,1.83,7.55,209.89,0.8966435567387959,0,0
2009-12-18,3217,2284000,63962750,27.8,28.5,27.7,28.0,0.2,939,2009,0.0,1.84,7.55,211.4,0.9030942298088593,0,0
2009-12-21,3217,2616000,75084550,28.4,29.25,28.0,28.3,0.3,1028,2009,0.0,1.86,7.55,213.665,0.9127702394139542,0,0
2009-12-22,3217,1493000,42558850,28.5,28.9,28.1,28.3,0.0,654,2009,0.0,1.86,7.55,213.665,0.9127702394139542,0,0
2009-12-23,3217,1909000,54805050,28.5,29.1,28.35,28.5,0.2,772,2009,0.0,1.88,7.55,215.17499999999998,0.9192209124840175,0,0
2009-12-24,3217,2527000,71383850,28.5,28.7,27.8,28.2,-0.3,877,2009,0.0,1.86,7.55,212.91,0.9095449028789225,0,0
2009-12-25,3217,1388000,38797600,28.2,28.35,27.8,27.85,-0.35,564,2009,0.0,1.83,7.55,210.2675,0.898256225006312,0,0
2009-12-28,3217,1286000,35928700,27.85,28.3,27.65,27.85,0.0,550,2009,0.0,1.83,7.55,210.2675,0.898256225006312,0,0
2009-12-29,3217,743000,20782750,27.95,28.15,27.85,27.9,0.05,354,2009,0.0,1.84,7.55,210.64499999999998,0.8998688932738276,0,0
2009-12-30,3217,2162000,61267400,28.0,28.7,27.9,28.3,0.4,887,2009,0.0,1.86,7.55,213.665,0.9127702394139542,0,0
2009-12-31,3217,1243000,35268900,28.75,28.75,28.2,28.2,-0.1,506,2009,0.0,1.86,7.55,212.91,0.9095449028789225,0,0
2010-01-04,3217,1140000,32110900,28.2,28.6,27.9,28.05,-0.15,423,2010,0.0,1.85,8.34,233.937,0.9612614159988757,0,0
2010-01-05,3217,4496000,118645250,26.8,27.4,26.1,26.2,-1.85,1497,2010,0.0,1.72,8.34,218.50799999999998,0.8978627129829071,0,0
2010-01-06,3217,1370000,36297200,26.5,26.7,26.25,26.35,0.15,559,2010,0.0,1.73,8.34,219.75900000000001,0.9030031483625802,0,0
2010-01-07,3217,1340000,34751700,26.35,26.65,25.25,25.3,-1.05,559,2010,0.0,1.67,8.34,211.002,0.8670201007048683,0,0
2010-01-08,3217,849000,21240050,25.3,25.5,24.6,25.1,-0.2,360,2010,0.0,1.65,8.34,209.334,0.8601661868653041,0,0
2010-01-11,3217,998000,25800800,25.25,26.2,25.2,25.65,0.55,482,2010,0.0,1.69,8.34,213.921,0.8790144499241056,0,0
2010-01-12,3217,684000,17808300,25.8,26.65,25.6,26.4,0.75,360,2010,0.0,1.74,8.34,220.176,0.9047166268224713,0,0
2010-01-13,3217,465000,12166300,26.2,26.3,26.0,26.2,-0.2,207,2010,0.0,1.72,8.34,218.50799999999998,0.8978627129829071,0,0
2010-01-14,3217,3238000,88575650,26.25,28.0,26.25,27.3,1.1,1028,2010,0.0,1.8,8.34,227.682,0.9355592391005101,0,0
2010-01-15,3217,2305000,63171400,27.2,27.65,27.0,27.1,-0.2,689,2010,0.0,1.78,8.34,226.014,0.928705325260946,0,0
2010-01-18,3217,992000,27025000,27.0,27.55,27.0,27.3,0.2,356,2010,0.0,1.8,8.34,227.682,0.9355592391005101,0,0
2010-01-19,3217,1034000,28043750,27.5,27.75,26.7,26.9,-0.4,412,2010,0.0,1.77,8.34,224.34599999999998,0.9218514114213815,0,0
2010-01-20,3217,4466000,124541850,27.05,28.4,27.0,27.8,0.9,1355,2010,0.0,1.83,8.34,231.852,0.9526940236994206,0,0
2010-01-21,3217,2285000,62871350,27.8,28.2,26.85,26.85,-0.95,739,2010,0.0,1.77,8.34,223.929,0.9201379329614907,0,0
2010-01-22,3217,1117000,29362850,26.05,26.55,26.05,26.4,-0.45,411,2010,0.0,1.74,8.34,220.176,0.9047166268224713,0,0
2010-01-25,3217,1336000,36101000,26.05,27.5,26.05,26.9,0.5,531,2010,0.0,1.77,8.34,224.34599999999998,0.9218514114213815,0,0
2010-01-26,3217,1448000,37893300,27.2,27.25,25.1,25.2,-1.7,532,2010,0.0,1.66,8.34,210.16799999999998,0.8635931437850861,0,0
2010-01-27,3217,758000,19349300,25.5,25.9,25.25,25.5,0.3,313,2010,0.0,1.68,8.34,212.67,0.8738740145444324,0,0
2010-01-28,3217,519000,13571350,25.6,26.7,25.6,26.4,0.9,233,2010,0.0,1.74,8.34,220.176,0.9047166268224713,0,0
2010-01-29,3217,438000,11325650,25.95,26.35,25.5,25.85,-0.55,203,2010,0.0,1.7,8.34,215.589,0.8858683637636698,0,0
2010-02-01,3217,315000,8134200,26.05,26.05,25.5,25.8,-0.05,124,2010,0.0,1.7,8.34,215.172,0.8841548853037787,0,0
2010-02-02,3217,1263000,33171400,26.2,26.9,25.75,25.8,0.0,470,2010,0.0,1.7,8.34,215.172,0.8503084547545028,0,0
2010-02-03,3217,702000,18375250,26.5,26.5,25.6,26.1,0.3,351,2010,0.0,1.72,8.34,217.674,0.8601957623679272,0,0
2010-02-04,3217,510000,13248150,26.25,26.3,25.8,25.85,-0.25,261,2010,0.0,1.7,8.34,215.589,0.8519563393567402,0,0
2010-02-05,3217,720000,17734550,25.2,25.5,24.05,24.1,-1.75,309,2010,0.0,1.59,8.34,200.994,0.7942803782784309,0,0
2010-02-08,3217,407000,9532500,23.4,23.8,23.15,23.15,-0.15,223,2010,0.0,1.52,8.34,193.071,0.7629705708359201,0,0
2010-02-09,3217,486000,11522950,23.4,24.3,23.3,23.9,0.75,228,2010,0.0,1.57,8.34,199.326,0.7876888398694812,0,0
2010-02-10,3217,472000,11591300,24.3,24.85,24.2,24.4,0.5,219,2010,0.0,1.61,8.34,203.49599999999998,0.8041676858918552,0,0
2010-02-22,3217,334000,8327950,24.8,25.1,24.7,25.05,0.65,139,2010,0.0,1.65,8.34,208.917,0.8255901857209416,0,0
2010-02-23,3217,164000,4081800,25.0,25.0,24.8,24.85,-0.2,73,2010,0.0,1.64,8.34,207.249,0.818998647311992,0,0
2010-02-24,3217,180000,4454550,24.8,25.0,24.55,24.55,-0.3,88,2010,0.0,1.62,8.34,204.747,0.8091113396985676,0,0
2010-02-25,3217,233000,5738800,24.75,25.0,24.2,24.7,0.15,133,2010,0.0,1.63,8.34,205.998,0.8140549935052798,0,0
2010-02-26,3217,475000,11890900,24.9,25.3,24.75,25.0,0.3,252,2010,0.0,1.65,8.34,208.5,0.8239423011187043,0,0
2010-03-01,3217,1238000,32428700,25.2,26.75,25.2,26.75,1.75,465,2010,0.0,1.76,8.34,223.095,0.8816182621970134,0,0
2010-03-02,3217,1504000,40678150,26.5,27.5,26.5,27.05,0.3,686,2010,0.0,1.78,8.34,225.597,0.8785597037158196,0,0
2010-03-03,3217,694000,18664100,27.2,27.2,26.55,27.05,0.0,272,2010,0.0,1.78,8.34,225.597,0.8785597037158196,0,0
2010-03-04,3217,1608000,44244950,27.0,27.8,27.0,27.4,0.35,697,2010,0.0,1.8,8.34,228.516,0.8899273893461537,0,0
2010-03-05,3217,1135000,31418300,27.9,28.1,27.15,27.3,-0.1,423,2010,0.0,1.8,8.34,227.682,0.8866794791660582,0,0
2010-03-08,3217,793000,21436700,27.5,27.5,26.7,27.2,-0.1,279,2010,0.0,1.79,8.34,226.84799999999998,0.8834315689859628,0,0
2010-03-09,3217,253000,6788350,27.2,27.2,26.7,26.75,-0.45,147,2010,0.0,1.76,8.34,223.095,0.8688159731755332,0,0
2010-03-10,3217,408000,11033000,26.6,27.35,26.6,27.0,0.25,195,2010,0.0,1.78,8.34,225.18,0.8769357486257718,0,0
2010-03-11,3217,227000,6109400,27.0,27.1,26.65,27.0,0.0,100,2010,0.0,1.78,8.34,225.18,0.8769357486257718,0,0
2010-03-12,3217,209000,5607900,27.0,27.2,26.65,27.0,0.0,110,2010,0.0,1.78,8.34,225.18,0.8769357486257718,0,0
2010-03-15,3217,481000,13031700,27.0,27.5,26.65,27.0,0.0,239,2010,0.0,1.78,8.34,225.18,0.8769357486257718,0,0
2010-03-16,3217,633000,17224350,27.4,27.5,26.8,27.25,0.25,355,2010,0.0,1.79,8.34,227.265,0.8850555240760104,0,0
2010-03-17,3217,729000,19963750,27.3,27.5,27.25,27.3,0.05,264,2010,0.0,1.8,8.34,227.682,0.8866794791660582,0,0
2010-03-18,3217,2022000,56478750,27.35,28.5,27.3,27.9,0.6,723,2010,0.0,1.84,8.34,232.68599999999998,0.9061669402466309,0,0
2010-03-19,3217,1921000,54554650,28.0,28.75,27.8,28.15,0.25,702,2010,0.0,1.85,8.34,234.771,0.9142867156968695,0,0
2010-03-22,3217,2188000,62832950,28.2,29.35,27.9,29.3,1.15,805,2010,0.0,1.93,8.34,244.362,0.9516376827679672,0,0
2010-03-23,3217,3090000,89110350,29.8,29.8,27.9,28.0,-1.3,1283,2010,0.0,1.84,8.34,233.51999999999998,0.9094148504267263,0,0
2010-03-24,3217,1192000,33428350,28.4,28.4,27.75,28.2,0.2,423,2010,0.0,1.86,8.34,235.188,0.9159106707869172,0,0
2010-03-25,3217,923000,25801300,28.2,28.3,27.7,28.05,-0.15,321,2010,0.0,1.85,8.34,233.937,0.9110388055167741,0,0
2010-03-26,3217,697000,19595650,28.1,28.35,27.8,28.1,0.05,276,2010,0.0,1.85,8.34,234.354,0.9126627606068218,0,0
2010-03-29,3217,1419000,40735200,28.2,29.1,28.2,28.55,0.45,541,2010,0.0,1.88,8.34,238.107,0.9272783564172513,0,0
2010-03-30,3217,654000,18665700,28.7,28.9,28.3,28.3,-0.25,297,2010,0.0,1.86,8.34,236.022,0.9191585809670126,0,0
2010-03-31,3217,505000,14365650,28.4,28.6,28.3,28.45,0.15,219,2010,0.0,1.87,8.34,237.273,0.9240304462371559,0,0
2010-04-01,3217,588000,16873300,28.5,28.95,28.5,28.55,0.1,268,2010,0.0,1.88,8.34,238.107,0.9272783564172513,0,0
2010-04-02,3217,456000,13039600,28.7,29.0,28.5,28.65,0.1,164,2010,0.0,1.89,8.34,238.94099999999997,0.9137165899630788,0,0
2010-04-06,3217,966000,27751650,28.8,28.95,28.5,28.75,0.1,297,2010,0.0,1.89,8.34,239.775,0.9169058276243812,0,0
2010-04-07,3217,1095000,31622650,28.85,29.15,28.55,28.95,0.2,370,2010,0.0,1.91,8.34,241.44299999999998,0.9232843029469856,0,0
2010-04-08,3217,4893000,144676700,28.95,30.4,28.85,29.15,0.2,1573,2010,0.0,1.92,8.34,243.111,0.92966277826959,0,0
2010-04-09,3217,2391000,70752800,29.45,30.05,29.15,29.35,0.2,746,2010,0.0,1.93,8.34,244.779,0.9360412535921944,0,0
2010-04-12,3217,1329000,39141700,29.7,29.75,29.25,29.35,0.0,436,2010,0.0,1.93,8.34,244.779,0.9360412535921944,0,0
2010-04-13,3217,888000,26104700,29.6,29.6,29.15,29.5,0.15,313,2010,0.0,1.94,8.34,246.03,0.9408251100841477,0,0
2010-04-14,3217,804000,23689150,29.7,29.8,29.3,29.3,-0.2,293,2010,0.0,1.93,8.34,244.362,0.9344466347615433,0,0
2010-04-15,3217,1014000,29925900,29.7,29.7,29.35,29.45,0.15,332,2010,0.0,1.94,8.34,245.613,0.9392304912534966,0,0
2010-04-16,3217,874000,25686750,29.55,29.55,29.25,29.25,-0.2,288,2010,0.0,1.93,8.34,243.945,0.9328520159308922,0,0
2010-04-19,3217,1489000,42279650,29.0,29.05,27.65,27.8,-1.45,504,2010,0.0,1.83,8.34,231.852,0.8866080698420103,0,0
2010-04-20,3217,528000,14884700,28.3,28.6,27.7,28.35,0.55,221,2010,0.0,1.87,8.34,236.43900000000002,0.9041488769791725,0,0
2010-04-21,3217,867000,24947050,28.35,29.1,28.35,28.8,0.45,340,2010,0.0,1.9,8.34,240.192,0.9185004464550324,0,0
2010-04-22,3217,2675000,79138150,29.0,29.9,28.8,29.45,0.65,917,2010,0.0,1.94,8.34,245.613,0.9392304912534966,0,0
2010-04-23,3217,953000,28205750,29.8,29.8,29.45,29.5,0.05,341,2010,0.0,1.94,8.34,246.03,0.9408251100841477,0,0
2010-04-26,3217,2540000,75559050,29.5,30.35,29.15,29.15,-0.35,763,2010,0.0,1.92,8.34,243.111,0.92966277826959,0,0
2010-04-27,3217,1668000,49200450,29.15,29.9,29.1,29.55,0.4,608,2010,0.0,1.95,8.34,246.447,0.9424197289147987,0,0
2010-04-28,3217,1137000,33118800,29.0,29.4,28.8,29.35,-0.2,429,2010,0.0,1.93,8.34,244.779,0.9360412535921944,0,0
2010-04-29,3217,3652000,110457750,29.4,30.8,29.4,29.75,0.4,1202,2010,0.0,1.96,8.34,248.115,0.9487982042374031,0,0
2010-04-30,3217,1734000,51249800,30.2,30.2,28.7,28.75,-1.0,647,2010,0.0,1.89,8.34,239.775,0.9169058276243812,0,0
2010-05-03,3217,663000,19123500,29.3,29.3,28.35,29.1,0.35,288,2010,0.0,1.92,8.34,242.69400000000002,0.911056946033088,0,0
2010-05-04,3217,564000,16370150,29.3,29.45,28.75,29.1,0.0,230,2010,0.0,1.92,8.34,242.69400000000002,0.911056946033088,0,0
2010-05-05,3217,669000,19107700,28.3,29.1,28.3,28.6,-0.5,252,2010,9.32,1.68,8.34,238.524,0.8954030466167119,0,0
2010-05-06,3217,639000,18113800,29.0,29.0,27.9,28.2,-0.4,256,2010,9.19,1.66,8.34,235.188,0.882879927083611,0,0
2010-05-07,3217,689000,19167700,27.7,28.5,27.3,28.15,-0.05,270,2010,9.17,1.65,8.34,234.771,0.8813145371419734,0,0
2010-05-10,3217,471000,13441650,28.4,28.85,28.2,28.8,0.65,192,2010,9.38,1.69,8.34,240.192,0.9016646063832623,0,0
2010-05-11,3217,760000,21921600,29.0,29.3,28.3,28.3,-0.5,280,2010,9.22,1.66,8.34,236.022,0.8860107069668862,0,0
2010-05-12,3217,213000,6056450,28.5,28.75,28.3,28.5,0.2,109,2010,9.28,1.68,8.34,237.69,0.8922722667334366,0,0
2010-05-13,3217,709000,20347450,29.0,29.0,28.5,28.8,0.3,267,2010,9.38,1.69,8.34,240.192,0.9016646063832623,0,0
2010-05-14,3217,344000,9896400,28.65,28.9,28.6,28.8,0.0,137,2010,9.38,1.69,8.34,240.192,0.9016646063832623,0,0
2010-05-17,3217,314000,8899100,28.7,28.7,28.1,28.15,-0.65,149,2010,9.17,1.65,8.34,234.771,0.8813145371419734,0,0
2010-05-18,3217,259000,7283800,28.4,28.4,27.9,28.0,-0.15,123,2010,9.12,1.65,8.34,233.51999999999998,0.8766183673170606,0,0
2010-05-19,3217,333000,9305150,28.0,28.1,27.8,27.9,-0.1,152,2010,9.09,1.64,8.34,232.68599999999998,0.8734875874337853,0,0
2010-05-20,3217,909000,25311350,28.0,28.2,27.6,27.7,-0.2,223,2010,9.02,1.63,8.34,231.018,0.8672260276672349,0,0
2010-05-21,3217,610000,16433350,27.05,27.5,26.4,27.0,-0.7,221,2010,8.79,1.59,8.34,225.18,0.8453105684843084,0,0
2010-05-24,3217,296000,8009850,27.0,27.4,27.0,27.1,0.1,116,2010,8.83,1.59,8.34,226.014,0.8484413483675836,0,0
2010-05-25,3217,805000,20664800,27.0,27.0,25.25,25.25,-1.85,337,2010,8.22,1.48,8.34,210.585,0.7905219205269921,0,0
2010-05-26,3217,457000,11605050,25.8,25.8,25.1,25.4,0.15,196,2010,8.27,1.49,8.34,211.83599999999998,0.7952180903519048,0,0
2010-05-27,3217,339000,8768950,25.3,26.3,25.25,26.2,0.8,186,2010,8.53,1.54,8.34,218.50799999999998,0.8202643294181067,0,0
2010-05-28,3217,415000,11162700,26.8,27.15,26.55,26.9,0.7,200,2010,8.76,1.58,8.34,224.34599999999998,0.8421797886010329,0,0
2010-05-31,3217,156000,4202250,26.9,27.15,26.75,26.9,0.0,92,2010,8.76,1.58,8.34,224.34599999999998,0.8421797886010329,0,0
2010-06-01,3217,168000,4524950,26.9,27.05,26.7,26.9,0.0,82,2010,8.76,1.58,8.34,224.34599999999998,0.8421797886010329,0,0
2010-06-02,3217,142000,3828250,26.9,27.2,26.75,26.8,-0.1,72,2010,8.73,1.58,8.34,223.512,0.804313913883656,0,0
2010-06-03,3217,308000,8327900,27.1,27.15,26.9,26.9,0.1,130,2010,8.76,1.58,8.34,224.34599999999998,0.8073150852041172,0,0
2010-06-04,3217,178000,4820200,27.1,27.3,26.95,27.05,0.15,87,2010,8.81,1.59,8.34,225.597,0.8118168421848095,0,0
2010-06-07,3217,250000,6640500,27.0,27.0,26.4,26.5,-0.55,114,2010,8.63,1.56,8.34,221.01,0.7953103999222718,0,0
2010-06-08,3217,147000,3922400,26.5,26.9,26.35,26.8,0.3,69,2010,8.73,1.58,8.34,223.512,0.804313913883656,0,0
2010-06-09,3217,175000,4687000,27.0,27.1,26.5,26.5,-0.3,109,2010,8.63,1.56,8.34,221.01,0.7953103999222718,0,0
2010-06-10,3217,190000,5105900,27.0,27.1,26.65,27.05,0.55,92,2010,8.81,1.59,8.34,225.597,0.8118168421848095,0,0
2010-06-11,3217,301000,8218000,27.3,27.45,27.15,27.2,0.15,155,2010,8.86,1.6,8.34,226.84799999999998,0.8163185991655016,0,0
2010-06-14,3217,194000,5290250,27.2,27.45,27.2,27.2,0.0,89,2010,8.86,1.6,8.34,226.84799999999998,0.8163185991655016,0,0
2010-06-15,3217,154000,4187000,27.2,27.3,27.1,27.15,-0.05,76,2010,8.84,1.6,8.34,226.43099999999998,0.8148180135052709,0,0
2010-06-17,3217,221000,6050800,27.25,27.6,27.25,27.35,0.2,115,2010,8.91,1.61,8.34,228.09900000000002,0.8208203561461938,0,0
2010-06-18,3217,206000,5654200,27.4,27.6,27.35,27.5,0.15,99,2010,8.96,1.62,8.34,229.35,0.8253221131268859,0,0
2010-06-21,3217,251000,6965700,27.7,27.85,27.65,27.8,0.3,107,2010,9.06,1.63,8.34,231.852,0.8343256270882701,0,0
2010-06-22,3217,294000,8271450,27.8,28.45,27.8,28.25,0.45,163,2010,9.2,1.66,8.34,235.605,0.8478308980303464,0,0
2010-06-23,3217,427000,12122000,28.25,28.75,28.1,28.35,0.1,199,2010,9.23,1.67,8.34,236.43900000000002,0.8508320693508078,0,0
2010-06-24,3217,361000,10259000,28.5,28.6,28.25,28.4,0.05,137,2010,9.25,1.67,8.34,236.856,0.8523326550110385,0,0
2010-06-25,3217,224000,6256300,28.1,28.1,27.8,27.85,-0.55,107,2010,9.07,1.64,8.34,232.269,0.8358262127485008,0,0
2010-06-28,3217,123000,3419800,28.0,28.1,27.6,27.6,-0.25,70,2010,8.99,1.62,8.34,230.184,0.8283232844473473,0,0
2010-06-29,3217,112000,3085950,27.7,27.7,27.4,27.4,-0.2,68,2010,8.93,1.61,8.34,228.516,0.8223209418064245,0,0
2010-06-30,3217,174000,4680800,26.9,27.05,26.8,27.05,-0.35,92,2010,8.81,1.59,8.34,225.597,0.8118168421848095,0,0
2010-07-01,3217,122000,3279850,27.0,27.0,26.85,26.85,-0.2,70,2010,8.75,1.58,8.34,223.929,0.8058144995438867,0,0
2010-07-02,3217,139000,3765000,26.9,27.2,26.9,27.1,0.25,65,2010,8.83,1.59,8.34,226.014,0.810294839422776,0,0
2010-07-05,3217,274000,7555900,27.2,27.85,27.15,27.65,0.55,155,2010,9.01,1.63,8.34,230.60099999999997,0.8267399376398432,0,0
2010-07-06,3217,429000,11950200,27.65,27.95,27.6,27.85,0.2,192,2010,9.07,1.64,8.34,232.269,0.8327199733551406,0,0
2010-07-07,3217,951000,26106050,27.65,27.7,27.3,27.3,-0.55,488,2010,8.89,1.6,8.34,227.682,0.8162748751380732,0,0
2010-07-08,3217,587000,16197800,27.6,27.7,27.55,27.55,0.25,263,2010,8.97,1.62,8.34,229.767,0.8237499197821948,0,0
2010-07-09,3217,351000,9659350,27.7,27.7,27.35,27.4,-0.15,158,2010,8.93,1.61,8.34,228.516,0.8192648929957218,0,0
2010-07-12,3217,251000,6920300,27.4,27.65,27.4,27.55,0.15,104,2010,8.97,1.62,8.34,229.767,0.8237499197821948,0,0
2010-07-13,3217,384000,10593750,27.7,27.7,27.5,27.55,0.0,136,2010,8.97,1.62,8.34,229.767,0.8237499197821948,0,0
2010-07-14,3217,600000,16776950,27.7,28.4,27.7,28.2,0.65,281,2010,9.19,1.66,8.34,235.188,0.8431850358569108,0,0
2010-07-15,3217,319000,8981950,28.4,28.4,28.0,28.1,-0.1,154,2010,9.15,1.65,8.34,234.354,0.8401950179992622,0,0
2010-07-16,3217,334000,9404300,28.25,28.3,28.0,28.0,-0.1,173,2010,9.12,1.65,8.34,233.51999999999998,0.8372050001416136,0,0
2010-07-19,3217,254000,7100700,27.7,28.2,27.7,28.0,0.0,129,2010,9.12,1.65,8.34,233.51999999999998,0.8372050001416136,0,0
2010-07-20,3217,354000,10001050,28.2,28.3,28.15,28.25,0.25,154,2010,9.2,1.66,8.34,235.605,0.8446800447857351,0,0
2010-07-21,3217,294000,8311600,28.4,28.4,28.15,28.2,-0.05,152,2010,9.19,1.66,8.34,235.188,0.8431850358569108,0,0
2010-07-22,3217,535000,15236200,28.2,28.75,28.2,28.7,0.5,233,2010,9.35,1.69,8.34,239.358,0.8581351251451539,0,0
2010-07-23,3217,1016000,29209700,28.85,29.0,28.55,28.6,-0.1,320,2010,9.32,1.68,8.34,238.524,0.8551451072875053,0,0
2010-07-26,3217,615000,17718200,28.8,29.0,28.75,28.75,0.15,230,2010,9.36,1.69,8.34,239.775,0.8596301340739783,0,0
2010-07-27,3217,496000,14310350,28.85,29.0,28.7,28.8,0.05,211,2010,9.38,1.69,8.34,240.192,0.8611251430028025,0,0
2010-07-28,3217,722000,20951300,29.0,29.3,28.75,29.1,0.3,242,2010,9.48,1.71,8.34,242.69400000000002,0.8700951965757484,0,0
2010-07-29,3217,1011000,29366500,29.2,29.25,28.9,28.9,-0.2,366,2010,9.41,1.7,8.34,241.02599999999998,0.8641151608604511,0,0
2010-07-30,3217,2031000,58850100,28.9,29.1,28.9,28.95,0.05,765,2010,9.43,1.7,8.34,241.44299999999998,0.8656101697892754,0,0
2010-08-02,3217,2435000,60588050,24.9,25.3,24.4,24.7,0.0,730,2010,8.05,1.45,8.34,205.998,0.7394519387469398,0,0
2010-08-03,3217,445000,10956000,25.0,25.0,24.45,24.5,-0.2,239,2010,7.98,1.44,8.34,204.32999999999998,0.7334644736558714,0,0
2010-08-04,3217,506000,12258400,24.5,24.6,24.0,24.05,-0.45,238,2010,7.83,1.41,8.34,200.577,0.7199926772009677,0,0
2010-08-05,3217,294000,7080500,24.1,24.3,24.0,24.05,0.0,144,2010,7.83,1.41,8.34,200.577,0.7199926772009677,0,0
2010-08-06,3217,217000,5205200,24.05,24.15,23.85,24.0,-0.05,95,2010,7.82,1.41,8.34,200.16,0.7184958109282007,0,0
2010-08-09,3217,450000,10737600,24.2,24.2,23.7,23.8,-0.2,222,2010,7.75,1.4,8.34,198.492,0.7125083458371323,0,0
2010-08-10,3217,801000,18489550,23.5,23.7,22.75,22.8,-1.0,395,2010,7.43,1.34,8.34,190.15200000000002,0.6825710203817907,0,0
2010-08-11,3217,343000,7814800,22.8,23.0,22.65,22.75,-0.05,152,2010,7.41,1.34,8.34,189.73499999999999,0.6810741541090235,0,0
2010-08-12,3217,225000,5103300,22.6,22.8,22.55,22.75,0.0,116,2010,7.41,1.34,8.34,189.73499999999999,0.6810741541090235,0,0
2010-08-13,3217,249000,5700750,22.75,23.0,22.75,22.9,0.15,106,2010,7.46,1.35,8.34,190.986,0.6855647529273248,0,0
2010-08-16,3217,201000,4619550,22.95,23.15,22.9,22.95,0.05,80,2010,7.48,1.35,8.34,191.403,0.6870616192000919,0,0
2010-08-17,3217,287000,6598950,23.05,23.1,22.9,22.9,-0.05,123,2010,7.46,1.35,8.34,190.986,0.6855647529273248,0,0
2010-08-18,3217,330000,7531950,22.9,23.1,22.7,22.7,-0.2,135,2010,7.39,1.33,8.34,189.31799999999998,0.6795772878362564,0,0
2010-08-19,3217,300000,6823250,22.85,22.95,22.65,22.65,-0.05,102,2010,7.38,1.33,8.34,188.90099999999998,0.6780804215634894,0,0
2010-08-20,3217,312000,7034000,22.7,22.7,22.45,22.5,-0.15,112,2010,7.33,1.32,8.34,187.65,0.6735898227451881,0,0
2010-08-23,3217,169000,3809750,22.3,22.8,22.3,22.45,-0.05,70,2010,7.31,1.32,8.34,187.233,0.6720929564724211,0,0
2010-08-24,3217,417000,9389950,22.5,22.75,22.35,22.6,0.15,122,2010,7.36,1.33,8.34,188.484,0.6765835552907223,0,0
2010-08-25,3217,286000,6424150,22.6,22.85,22.3,22.7,0.1,125,2010,7.39,1.33,8.34,189.31799999999998,0.6795772878362564,0,0
2010-08-26,3217,255000,5746900,22.75,22.85,22.35,22.6,-0.1,123,2010,7.36,1.33,8.34,188.484,0.6765835552907223,0,0
2010-08-27,3217,188000,4199300,22.7,22.8,22.1,22.45,-0.15,109,2010,7.31,1.32,8.34,187.233,0.6720929564724211,0,0
2010-08-30,3217,113000,2521550,22.6,22.6,22.15,22.15,-0.3,58,2010,7.21,1.3,8.34,184.731,0.6631117588358185,0,0
2010-08-31,3217,455000,9573050,22.1,22.1,20.65,21.05,-1.1,159,2010,6.86,1.24,8.34,175.55700000000002,0.6301807008349427,0,0
2010-09-01,3217,248000,5243100,21.1,21.5,20.9,21.5,0.45,102,2010,7.0,1.26,8.34,179.31,0.6436524972898464,0,0
2010-09-02,3217,194000,4168600,21.6,22.0,21.25,21.3,-0.2,94,2010,6.94,1.25,8.34,177.642,0.6224615547417658,0,0
2010-09-03,3217,337000,7296250,21.5,21.95,21.3,21.95,0.65,162,2010,7.15,1.29,8.34,183.063,0.6414568604028995,0,0
2010-09-06,3217,356000,7873550,22.05,22.4,21.8,21.95,0.0,171,2010,7.34,1.34,8.34,183.063,0.6414568604028995,0,0
2010-09-07,3217,163000,3580850,22.2,22.2,21.8,21.9,-0.05,85,2010,7.32,1.34,8.34,182.646,0.6399956830443507,0,0
2010-09-08,3217,123000,2665950,22.0,22.0,21.5,21.8,-0.1,70,2010,7.29,1.33,8.34,181.812,0.6370733283272533,0,0
2010-09-09,3217,176000,3818500,21.9,21.95,21.55,21.55,-0.25,91,2010,7.21,1.32,8.34,179.727,0.6297674415345096,0,0
2010-09-10,3217,272000,5883500,21.9,22.2,21.45,21.6,0.05,131,2010,7.22,1.32,8.34,180.144,0.6312286188930583,0,0
2010-09-13,3217,242000,5277200,21.8,21.9,21.7,21.85,0.25,85,2010,7.31,1.34,8.34,182.229,0.6385345056858021,0,0
2010-09-14,3217,210000,4574850,21.85,21.9,21.55,21.7,-0.15,97,2010,7.26,1.33,8.34,180.97799999999998,0.6341509736101557,0,0
2010-09-15,3217,271000,5913650,21.7,21.95,21.7,21.9,0.2,106,2010,7.32,1.34,8.34,182.646,0.6399956830443507,0,0
2010-09-16,3217,162000,3556200,21.9,22.05,21.85,22.0,0.1,78,2010,7.36,1.35,8.34,183.48,0.6429180377614483,0,0
2010-09-17,3217,837000,19016050,22.1,23.35,22.05,22.8,0.8,388,2010,7.63,1.4,8.34,190.15200000000002,0.6662968754982282,0,0
2010-09-20,3217,539000,12408050,22.8,23.25,22.6,23.05,0.25,259,2010,7.71,1.41,8.34,192.237,0.6736027622909719,0,0
2010-09-21,3217,315000,7217900,23.05,23.15,22.7,22.7,-0.35,161,2010,7.59,1.39,8.34,189.31799999999998,0.6633745207811306,0,0
2010-09-23,3217,284000,6495950,22.7,23.0,22.6,23.0,0.3,134,2010,7.69,1.41,8.34,191.82,0.6721415849324232,0,0
2010-09-24,3217,352000,8066850,22.9,23.1,22.6,22.95,-0.05,132,2010,7.68,1.41,8.34,191.403,0.6706804075738745,0,0
2010-09-27,3217,269000,6132200,23.0,23.0,22.6,22.8,-0.15,109,2010,7.63,1.4,8.34,190.15200000000002,0.6662968754982282,0,0
2010-09-28,3217,180000,4078050,22.8,22.9,22.55,22.65,-0.15,84,2010,7.58,1.39,8.34,188.90099999999998,0.6619133434225819,0,0
2010-09-29,3217,234000,5320550,22.7,22.85,22.65,22.7,0.05,87,2010,7.59,1.39,8.34,189.31799999999998,0.6633745207811306,0,0
2010-09-30,3217,241000,5507650,22.7,23.05,22.7,22.9,0.2,106,2010,7.66,1.4,8.34,190.986,0.6692192302153257,0,0
2010-10-01,3217,140000,3180950,22.9,22.9,22.65,22.65,-0.25,60,2010,7.58,1.39,8.34,188.90099999999998,0.6619133434225819,0,0
2010-10-04,3217,252000,5702800,22.65,22.75,22.45,22.45,-0.2,96,2010,7.51,1.37,8.34,187.233,0.643804184608571,0,0
2010-10-05,3217,209000,4694150,22.45,22.8,22.3,22.8,0.35,84,2010,7.63,1.4,8.34,190.15200000000002,0.6538412208942281,0,0
2010-10-06,3217,107000,2431250,22.95,22.95,22.6,22.6,-0.2,60,2010,7.56,1.38,8.34,188.484,0.6481057715881383,0,0
2010-10-07,3217,401000,9233950,22.6,23.25,22.55,23.15,0.55,178,2010,7.74,1.42,8.34,193.071,0.663878257179885,0,0
2010-10-08,3217,229000,5274200,23.4,23.4,22.8,23.0,-0.15,110,2010,7.69,1.41,8.34,191.82,0.6595766702003177,0,0
2010-10-11,3217,232000,5343950,23.05,23.2,22.85,23.15,0.15,76,2010,7.74,1.42,8.34,193.071,0.663878257179885,0,0
2010-10-12,3217,164000,3767600,23.25,23.25,22.75,22.75,-0.4,71,2010,7.61,1.39,8.34,189.73499999999999,0.6524073585677056,0,0
2010-10-13,3217,71000,1629750,22.75,23.2,22.75,22.95,0.2,44,2010,7.68,1.41,8.34,191.403,0.6581428078737953,0,0
2010-10-14,3217,293000,6732750,22.95,23.1,22.8,23.1,0.15,115,2010,7.73,1.41,8.34,192.654,0.6624443948533626,0,0
2010-10-15,3217,163000,3725650,23.1,23.1,22.8,22.85,-0.25,58,2010,7.64,1.4,8.34,190.56900000000002,0.6552750832207506,0,0
2010-10-18,3217,226000,5082250,22.75,22.8,22.4,22.75,-0.1,81,2010,7.61,1.39,8.34,189.73499999999999,0.6524073585677056,0,0
2010-10-19,3217,79000,1780000,22.75,22.9,22.4,22.65,-0.1,42,2010,7.58,1.39,8.34,188.90099999999998,0.6495396339146607,0,0
2010-10-20,3217,75000,1694650,22.5,22.8,22.45,22.55,-0.1,47,2010,7.54,1.38,8.34,188.067,0.6466719092616159,0,0
2010-10-21,3217,173000,3900100,22.7,22.95,22.1,22.7,0.15,77,2010,7.59,1.39,8.34,189.31799999999998,0.6509734962411832,0,0
2010-10-22,3217,75000,1689150,22.7,22.7,22.35,22.7,0.0,48,2010,7.59,1.39,8.34,189.31799999999998,0.6509734962411832,0,0
2010-10-25,3217,79000,1782050,22.65,22.65,22.5,22.5,-0.2,68,2010,7.53,1.38,8.34,187.65,0.6452380469350935,0,0
2010-10-26,3217,218000,4883850,22.6,22.7,22.2,22.5,0.0,100,2010,7.53,1.38,8.34,187.65,0.6452380469350935,0,0
2010-10-27,3217,44000,990400,22.7,22.7,22.4,22.5,0.0,27,2010,7.53,1.38,8.34,187.65,0.6452380469350935,0,0
2010-10-28,3217,113000,2550600,22.65,22.7,22.4,22.7,0.2,60,2010,7.59,1.39,8.34,189.31799999999998,0.6509734962411832,0,0
2010-10-29,3217,160000,3600600,22.7,22.7,22.3,22.65,-0.05,65,2010,7.58,1.39,8.34,188.90099999999998,0.6495396339146607,0,0
2010-11-01,3217,210000,4706600,22.65,22.7,22.3,22.5,-0.15,77,2010,7.53,1.38,8.34,187.65,0.6452380469350935,0,0
2010-11-02,3217,254000,5627450,22.65,22.65,21.8,22.4,-0.1,135,2010,7.49,1.37,8.34,186.81599999999997,0.6399186674115759,0,0
2010-11-03,3217,149000,3266950,22.4,22.4,21.7,21.8,-0.6,82,2010,7.29,1.33,8.34,181.812,0.6227779888201945,0,0
2010-11-04,3217,99000,2163850,21.85,22.3,21.75,21.75,-0.05,40,2010,8.12,1.4,8.34,181.395,0.6213495989375794,0,0
2010-11-05,3217,222000,4832700,22.0,22.3,21.4,21.4,-0.35,102,2010,7.99,1.37,8.34,178.476,0.6113508697592734,0,0
2010-11-08,3217,281000,5870350,21.45,21.7,20.5,20.55,-0.85,148,2010,7.67,1.32,8.34,171.387,0.5870682417548163,0,0
2010-11-09,3217,183000,3718600,19.9,20.7,19.9,20.45,-0.1,103,2010,7.63,1.31,8.34,170.553,0.5842114619895861,0,0
2010-11-10,3217,121000,2477200,20.65,20.65,20.4,20.45,0.0,54,2010,7.63,1.31,8.34,170.553,0.5842114619895861,0,0
2010-11-11,3217,135000,2811100,20.6,21.0,20.6,20.9,0.45,62,2010,7.8,1.34,8.34,174.30599999999998,0.5970669709331221,0,0
2010-11-12,3217,248000,5110000,20.7,20.75,20.5,20.7,-0.2,79,2010,7.72,1.33,8.34,172.638,0.5913534114026617,0,0
2010-11-15,3217,108000,2207750,20.3,20.7,20.3,20.6,-0.1,45,2010,7.69,1.32,8.34,171.804,0.5884966316374315,0,0
2010-11-16,3217,94000,1927950,20.45,20.6,20.35,20.5,-0.1,46,2010,7.65,1.32,8.34,170.97,0.5856398518722012,0,0
2010-11-17,3217,155000,3182350,20.35,20.8,20.35,20.5,0.0,75,2010,7.65,1.32,8.34,170.97,0.5856398518722012,0,0
2010-11-18,3217,184000,3803000,20.5,20.9,20.5,20.8,0.3,85,2010,7.76,1.34,8.34,173.472,0.594210191167892,0,0
2010-11-19,3217,116000,2396100,20.95,20.95,20.5,20.75,-0.05,69,2010,7.74,1.33,8.34,173.055,0.5927818012852769,0,0
2010-11-22,3217,25000,517800,20.8,20.9,20.6,20.75,0.0,20,2010,7.74,1.33,8.34,173.055,0.5927818012852769,0,0
2010-11-23,3217,156000,3187350,20.75,20.75,20.3,20.45,-0.3,70,2010,7.63,1.31,8.34,170.553,0.5842114619895861,0,0
2010-11-24,3217,74000,1502800,20.3,20.4,20.2,20.3,-0.15,43,2010,7.57,1.3,8.34,169.302,0.5799262923417408,0,0
2010-11-25,3217,71000,1450100,20.3,20.5,20.3,20.4,0.1,40,2010,7.61,1.31,8.34,170.136,0.582783072106971,0,0
2010-11-26,3217,106000,2156000,20.45,20.45,20.25,20.4,0.0,44,2010,7.61,1.31,8.34,170.136,0.582783072106971,0,0
2010-11-29,3217,91000,1878250,20.5,20.8,20.45,20.7,0.3,44,2010,7.72,1.33,8.34,172.638,0.5913534114026617,0,0
2010-11-30,3217,139000,2866700,20.5,20.8,20.5,20.8,0.1,78,2010,7.76,1.34,8.34,173.472,0.594210191167892,0,0
2010-12-01,3217,259000,5423900,20.8,21.2,20.7,21.2,0.4,117,2010,7.91,1.36,8.34,176.808,0.605637310228813,0,0
2010-12-02,3217,172000,3670250,21.3,21.5,21.2,21.35,0.15,85,2010,7.97,1.37,8.34,178.059,0.6127629964230629,0,0
2010-12-03,3217,100000,2126600,21.4,21.55,21.1,21.3,-0.05,59,2010,7.95,1.37,8.34,177.642,0.6113279542768729,0,0
2010-12-06,3217,180000,3818150,21.2,21.45,21.1,21.45,0.15,81,2010,8.0,1.38,8.34,178.893,0.6156330807154425,0,0
2010-12-07,3217,230000,4954350,21.45,21.8,21.4,21.8,0.35,107,2010,8.13,1.4,8.34,181.812,0.6256783757387714,0,0
2010-12-08,3217,307000,6732150,21.8,22.2,21.7,22.1,0.3,148,2010,8.25,1.42,8.34,184.31400000000002,0.6342886286159105,0,0
2010-12-09,3217,489000,11025700,22.4,23.0,22.1,23.0,0.9,250,2010,8.58,1.48,8.34,191.82,0.6601193872473277,0,0
2010-12-10,3217,521000,11952850,23.0,23.2,22.5,23.15,0.15,231,2010,8.64,1.49,8.34,193.071,0.6644245136858972,0,0
2010-12-13,3217,1352000,31801850,23.45,23.9,23.3,23.65,0.5,601,2010,8.82,1.52,8.34,197.24099999999999,0.6787749351477955,0,0
2010-12-14,3217,579000,13617450,23.95,23.95,23.25,23.3,-0.35,258,2010,8.69,1.5,8.34,194.322,0.6687296401244667,0,0
2010-12-15,3217,298000,6811000,23.1,23.3,22.6,22.8,-0.5,147,2010,8.51,1.46,8.34,190.15200000000002,0.6543792186625683,0,0
2010-12-16,3217,191000,4315850,22.7,22.75,22.55,22.55,-0.25,86,2010,8.41,1.45,8.34,188.067,0.647204007931619,0,0
2010-12-17,3217,282000,6499950,22.95,23.45,22.75,22.9,0.35,126,2010,8.54,1.47,8.34,190.986,0.657249302954948,0,0
2010-12-20,3217,246000,5673950,22.9,23.4,22.7,22.9,0.0,137,2010,8.54,1.47,8.34,190.986,0.657249302954948,0,0
2010-12-21,3217,131000,2992600,23.0,23.0,22.7,23.0,0.1,77,2010,8.58,1.48,8.34,191.82,0.6601193872473277,0,0
2010-12-22,3217,323000,7475150,23.0,23.25,22.8,23.05,0.05,135,2010,8.6,1.48,8.34,192.237,0.6615544293935175,0,0
2010-12-23,3217,210000,4861550,23.2,23.3,23.05,23.15,0.1,84,2010,8.64,1.49,8.34,193.071,0.6644245136858972,0,0
2010-12-24,3217,169000,3868750,23.15,23.2,22.7,22.85,-0.3,79,2010,8.53,1.47,8.34,190.56900000000002,0.6558142608087582,0,0
2010-12-27,3217,96000,2191550,22.8,23.1,22.75,23.0,0.15,47,2010,8.58,1.48,8.34,191.82,0.6601193872473277,0,0
2010-12-28,3217,120000,2723800,22.8,22.8,22.55,22.6,-0.4,67,2010,8.43,1.45,8.34,188.484,0.6486390500778089,0,0
2010-12-29,3217,91000,2056450,22.55,23.0,22.45,22.5,-0.1,54,2010,8.4,1.44,8.34,187.65,0.6457689657854292,0,0
2010-12-30,3217,111000,2479850,22.25,22.5,22.2,22.3,-0.2,57,2010,8.32,1.43,8.34,185.982,0.6400287972006699,0,0
2010-12-31,3217,144000,3220350,22.45,22.6,22.25,22.5,0.2,63,2010,8.4,1.44,8.34,187.65,0.6457689657854292,0,0
2011-01-03,3217,135000,3018600,22.55,22.6,22.15,22.3,-0.2,57,2011,8.32,1.43,8.34,185.982,0.6491851414365764,0,0
2011-01-04,3217,107000,2387500,22.35,22.5,22.2,22.25,-0.05,54,2011,8.3,1.43,8.34,185.565,0.647729569370575,0,0
2011-01-05,3217,179000,3984050,22.15,22.6,22.0,22.45,0.2,101,2011,8.38,1.44,8.34,187.233,0.6535518576345802,0,0
2011-01-06,3217,80000,1787250,22.45,22.55,22.2,22.35,-0.1,46,2011,8.34,1.43,8.34,186.399,0.6506407135025776,0,0
2011-01-07,3217,100000,2209150,22.05,22.35,22.0,22.35,0.0,52,2011,8.34,1.43,8.34,186.399,0.6506407135025776,0,0
2011-01-10,3217,119000,2609650,22.35,22.35,21.8,21.9,-0.45,63,2011,8.17,1.41,8.34,182.646,0.6375405649085659,0,0
2011-01-11,3217,489000,11036800,21.9,22.95,21.9,22.8,0.9,217,2011,8.51,1.46,8.34,190.15200000000002,0.6637408620965893,0,0
2011-01-12,3217,90000,2035600,22.7,22.8,22.55,22.55,-0.25,59,2011,8.41,1.45,8.34,188.067,0.6564630017665828,0,0
2011-01-13,3217,129000,2884300,22.4,22.4,22.25,22.25,-0.3,54,2011,8.3,1.43,8.34,185.565,0.647729569370575,0,0
2011-01-14,3217,72000,1603200,22.4,22.4,22.2,22.25,0.0,38,2011,8.3,1.43,8.34,185.565,0.647729569370575,0,0
2011-01-17,3217,102000,2251950,22.0,22.15,22.0,22.1,-0.15,50,2011,8.25,1.42,8.34,184.31400000000002,0.6433628531725712,0,0
2011-01-18,3217,92000,2036000,22.1,22.3,22.0,22.1,0.0,47,2011,8.25,1.42,8.34,184.31400000000002,0.6433628531725712,0,0
2011-01-19,3217,128000,2827650,22.1,22.2,22.0,22.1,0.0,55,2011,8.25,1.42,8.34,184.31400000000002,0.6433628531725712,0,0
2011-01-20,3217,270000,5904300,22.0,22.05,21.8,21.95,-0.15,104,2011,8.19,1.41,8.34,183.063,0.6389961369745673,0,0
2011-01-21,3217,149000,3245800,21.85,22.0,21.65,21.7,-0.25,68,2011,8.1,1.39,8.34,180.97799999999998,0.6317182766445607,0,0
2011-01-24,3217,176000,3808850,21.6,21.95,21.45,21.75,0.05,77,2011,8.12,1.4,8.34,181.395,0.6331738487105621,0,0
2011-01-25,3217,78000,1680600,21.8,21.8,21.5,21.5,-0.25,43,2011,8.02,1.38,8.34,179.31,0.6258959883805556,0,0
2011-01-26,3217,107000,2301950,21.5,21.6,21.5,21.5,0.0,30,2011,8.02,1.38,8.34,179.31,0.6258959883805556,0,0
2011-01-27,3217,183000,3931950,21.55,21.8,21.3,21.4,-0.1,86,2011,7.99,1.37,8.34,178.476,0.622984844248553,0,0
2011-01-28,3217,111000,2367950,21.65,21.65,21.2,21.3,-0.1,55,2011,7.95,1.37,8.34,177.642,0.6200737001165505,0,0
2011-02-08,3217,122000,2623400,21.3,21.6,21.3,21.6,0.3,51,2011,8.06,1.39,8.34,180.144,0.6356359658795198,0,0
2011-02-09,3217,78000,1676250,21.65,21.65,21.4,21.6,0.0,34,2011,8.06,1.39,8.34,180.144,0.6356359658795198,0,0
2011-02-10,3217,50000,1062350,21.3,21.4,21.1,21.35,-0.25,32,2011,7.97,1.37,8.34,178.059,0.6282790681262846,0,0
2011-02-11,3217,216000,4591450,21.35,21.5,21.2,21.2,-0.15,84,2011,7.91,1.36,8.34,176.808,0.6238649294743435,0,0
2011-02-14,3217,41000,873950,21.4,21.5,21.25,21.4,0.2,21,2011,7.99,1.37,8.34,178.476,0.6297504476769317,0,0
2011-02-15,3217,63000,1344400,21.2,21.55,21.2,21.45,0.05,30,2011,8.0,1.38,8.34,178.893,0.6312218272275787,0,0
2011-02-16,3217,94000,1994750,21.25,21.3,21.15,21.25,-0.2,49,2011,7.93,1.36,8.34,177.225,0.6253363090249905,0,0
2011-02-17,3217,107000,2273100,21.25,21.5,21.15,21.5,0.25,65,2011,8.02,1.38,8.34,179.31,0.6326932067782257,0,0
2011-02-18,3217,157000,3391300,21.5,21.8,21.45,21.7,0.2,64,2011,8.1,1.39,8.34,180.97799999999998,0.6385787249808138,0,0
2011-02-21,3217,71000,1525300,21.7,21.75,21.35,21.4,-0.3,33,2011,7.99,1.37,8.34,178.476,0.6297504476769317,0,0
2011-02-22,3217,133000,2799450,21.4,21.4,20.85,21.1,-0.3,57,2011,7.87,1.35,8.34,175.97400000000002,0.6209221703730495,0,0
2011-02-23,3217,101000,2106350,21.0,21.0,20.75,20.8,-0.3,51,2011,7.76,1.34,8.34,173.472,0.6120938930691672,0,0
2011-02-24,3217,62000,1288350,21.2,21.2,20.65,20.7,-0.1,34,2011,7.72,1.33,8.34,172.638,0.6091511339678731,0,0
2011-02-25,3217,92000,1919150,21.1,21.1,20.65,21.0,0.3,39,2011,7.84,1.35,8.34,175.14,0.6179794112717553,0,0
2011-03-01,3217,132000,2764600,21.0,21.2,20.8,21.0,0.0,74,2011,7.84,1.35,8.34,175.14,0.6179794112717553,0,0
2011-03-02,3217,360000,7669400,20.85,21.5,20.75,21.35,0.35,121,2011,7.97,1.37,8.34,178.059,0.6442787644801615,0,0
2011-03-03,3217,172000,3671250,21.35,21.5,21.2,21.35,0.0,58,2011,7.97,1.37,8.34,178.059,0.6442787644801615,0,0
2011-03-04,3217,106000,2259100,21.5,21.5,21.15,21.25,-0.1,54,2011,7.93,1.36,8.34,177.225,0.6412610653491069,0,0
2011-03-07,3217,131000,2751600,21.2,21.2,20.95,21.0,-0.25,63,2011,7.84,1.35,8.34,175.14,0.6337168175214702,0,0
2011-03-08,3217,94000,1979300,21.0,21.15,21.0,21.0,0.0,41,2011,7.84,1.35,8.34,175.14,0.6337168175214702,0,0
2011-03-09,3217,184000,3846400,21.2,21.2,20.8,20.8,-0.2,67,2011,7.76,1.34,8.34,173.472,0.6276814192593612,0,0
2011-03-10,3217,75000,1554850,20.8,20.8,20.65,20.7,-0.1,43,2011,7.72,1.33,8.34,172.638,0.6246637201283065,0,0
2011-03-11,3217,156000,3174250,20.6,20.65,20.2,20.65,-0.05,90,2011,7.71,1.33,8.34,172.22099999999998,0.6231548705627791,0,0
2011-03-14,3217,164000,3280200,20.4,20.4,19.8,19.8,-0.85,86,2011,7.39,1.27,8.34,165.132,0.5975044279488149,0,0
2011-03-15,3217,311000,5891900,19.8,19.95,18.45,18.45,-1.35,143,2011,6.88,1.18,8.34,153.873,0.5567654896795775,0,0
2011-03-16,3217,175000,3198600,18.5,18.55,18.1,18.2,-0.25,72,2011,6.79,1.17,8.34,151.78799999999998,0.5492212418519409,0,0
2011-03-17,3217,261000,4516300,17.8,17.8,16.95,17.5,-0.7,134,2011,6.53,1.12,8.34,145.95,0.5280973479345586,0,0
2011-03-18,3217,137000,2474450,17.5,18.4,17.5,18.4,0.9,76,2011,6.87,1.18,8.34,153.456,0.5552566401140502,0,0
2011-03-21,3217,262000,4935700,18.4,19.15,18.4,19.1,0.7,107,2011,7.13,1.23,8.34,159.294,0.5763805340314325,0,0
2011-03-22,3217,130000,2481750,19.25,19.25,18.9,19.1,0.0,68,2011,7.13,1.23,8.34,159.294,0.5763805340314325,0,0
2011-03-23,3217,149000,2849650,19.2,19.3,19.05,19.1,0.0,70,2011,7.13,1.23,8.34,159.294,0.5763805340314325,0,0
2011-03-24,3217,186000,3585400,19.2,19.7,19.1,19.4,0.3,97,2011,7.24,1.25,8.34,161.796,0.5854336314245964,0,0
2011-03-25,3217,105000,2041300,19.5,19.55,19.35,19.55,0.15,58,2011,7.29,1.25,8.34,163.047,0.5899601801211783,0,0
2011-03-28,3217,122000,2332100,19.35,19.45,19.0,19.3,-0.25,68,2011,7.2,1.24,8.34,160.962,0.5824159322935418,0,0
2011-03-29,3217,126000,2396700,19.05,19.3,18.85,19.1,-0.2,46,2011,7.13,1.23,8.34,159.294,0.5763805340314325,0,0
2011-03-30,3217,79000,1503400,19.1,19.2,18.95,18.95,-0.15,34,2011,7.07,1.22,8.34,158.04299999999998,0.5718539853348505,0,0
2011-03-31,3217,49000,925300,18.9,19.0,18.8,18.95,0.0,32,2011,7.07,1.22,8.34,158.04299999999998,0.5718539853348505,0,0
2011-04-01,3217,60000,1139700,19.05,19.15,18.9,19.05,0.1,26,2011,7.11,1.22,8.34,158.877,0.5748716844659052,0,0
2011-04-06,3217,56000,1061400,19.05,19.2,18.9,18.9,-0.15,32,2011,7.05,1.21,8.34,157.62599999999998,0.5957944455111873,0,0
2011-04-07,3217,1065000,21047550,19.0,20.2,18.8,19.85,0.95,357,2011,7.41,1.27,8.34,165.549,0.6257417853649244,0,0
2011-04-08,3217,167000,3271100,19.4,19.85,19.4,19.75,-0.1,102,2011,7.37,1.27,8.34,164.715,0.6225894338013731,0,0
2011-04-11,3217,329000,6370750,19.6,19.6,19.2,19.45,-0.3,99,2011,7.26,1.25,8.34,162.213,0.6131323791107194,0,0
2011-04-12,3217,113000,2165350,19.45,19.45,18.95,19.2,-0.25,56,2011,7.16,1.23,8.34,160.128,0.6052515002018412,0,0
2011-04-13,3217,64000,1217550,19.2,19.2,18.9,19.1,-0.1,33,2011,7.13,1.23,8.34,159.294,0.60209914863829,0,0
2011-04-14,3217,101000,1935550,19.15,19.3,19.05,19.05,-0.05,48,2011,7.11,1.22,8.34,158.877,0.6005229728565143,0,0
2011-04-15,3217,91000,1729950,19.05,19.15,18.9,18.95,-0.1,41,2011,7.07,1.22,8.34,158.04299999999998,0.597370621292963,0,0
2011-04-18,3217,105000,1978600,18.95,19.0,18.75,18.75,-0.2,55,2011,7.0,1.2,8.34,156.375,0.5910659181658605,0,0
2011-04-19,3217,624000,11824600,18.65,19.1,18.3,18.65,-0.1,137,2011,6.96,1.2,8.34,155.541,0.5879135666023093,0,0
2011-04-20,3217,141000,2645250,18.7,18.9,18.65,18.8,0.15,62,2011,7.01,1.21,8.34,156.792,0.5926420939476362,0,0
2011-04-21,3217,114000,2151400,18.95,18.95,18.8,18.8,0.0,54,2011,7.01,1.21,8.34,156.792,0.5926420939476362,0,0
2011-04-22,3217,57000,1074850,18.85,18.95,18.8,18.85,0.05,35,2011,7.03,1.21,8.34,157.209,0.5942182697294118,0,0
2011-04-25,3217,154000,2847450,18.85,18.85,18.3,18.45,-0.4,78,2011,6.88,1.18,8.34,153.873,0.5816088634752068,0,0
2011-04-26,3217,98000,1820400,18.5,18.65,18.5,18.6,0.15,41,2011,6.94,1.19,8.34,155.124,0.5863373908205337,0,0
2011-04-27,3217,89000,1657200,18.65,18.7,18.55,18.7,0.1,41,2011,6.98,1.2,8.34,155.958,0.5894897423840849,0,0
2011-04-28,3217,328000,6186750,19.0,19.2,18.7,18.9,0.2,136,2011,7.05,1.21,8.34,157.62599999999998,0.5957944455111873,0,0
2011-04-29,3217,129000,2438450,18.9,19.05,18.75,18.75,-0.15,71,2011,7.0,1.2,8.34,156.375,0.5910659181658605,0,0
2011-05-03,3217,178000,3339800,18.9,18.9,18.6,18.75,0.0,70,2011,7.0,1.2,8.34,156.375,0.6113396616843381,0,0
2011-05-04,3217,100000,1872100,18.8,18.85,18.65,18.85,0.1,39,2011,7.03,1.21,8.34,157.209,0.6146001398799879,0,0
2011-05-05,3217,356000,6787750,18.85,19.2,18.85,19.15,0.3,92,2011,7.15,1.23,8.34,159.71099999999998,0.6243815744669371,0,0
2011-05-06,3217,199000,3827600,19.2,19.35,19.1,19.2,0.05,94,2011,10.38,1.21,8.34,160.128,0.626011813564762,0,0
2011-05-09,3217,149000,2855150,19.2,19.4,19.05,19.2,0.0,55,2011,10.38,1.21,8.34,160.128,0.626011813564762,0,0
2011-05-10,3217,165000,3155400,19.4,19.4,19.0,19.1,-0.1,52,2011,10.32,1.21,8.34,159.294,0.6227513353691123,0,0
2011-05-11,3217,138000,2619850,19.1,19.1,18.9,18.9,-0.2,50,2011,10.22,1.2,8.34,157.62599999999998,0.6162303789778126,0,0
2011-05-12,3217,310000,5789900,18.9,18.9,18.5,18.9,0.0,92,2011,10.22,1.2,8.34,157.62599999999998,0.6162303789778126,0,0
2011-05-13,3217,184000,3479900,18.8,19.1,18.8,19.0,0.1,53,2011,10.27,1.2,8.34,158.46,0.6194908571734625,0,0
2011-05-16,3217,80000,1506550,19.0,19.0,18.8,18.8,-0.2,25,2011,10.16,1.19,8.34,156.792,0.612969900782163,0,0
2011-05-17,3217,76000,1437200,19.0,19.0,18.75,19.0,0.2,42,2011,10.27,1.2,8.34,158.46,0.6194908571734625,0,0
2011-05-18,3217,152000,2895900,19.0,19.2,18.9,19.0,0.0,63,2011,10.27,1.2,8.34,158.46,0.6194908571734625,0,0
2011-05-19,3217,89000,1693400,19.0,19.1,19.0,19.0,0.0,37,2011,10.27,1.2,8.34,158.46,0.6194908571734625,0,0
2011-05-20,3217,133000,2526350,19.0,19.1,18.9,19.05,0.05,45,2011,10.3,1.2,8.34,158.877,0.6211210962712874,0,0
2011-05-23,3217,225000,4231850,19.0,19.0,18.6,18.9,-0.15,76,2011,10.22,1.2,8.34,157.62599999999998,0.6162303789778126,0,0
2011-05-24,3217,100000,1872650,18.9,18.95,18.7,18.7,-0.2,44,2011,10.11,1.18,8.34,155.958,0.6097094225865131,0,0
2011-05-25,3217,203000,3854350,18.7,19.3,18.6,19.1,0.4,71,2011,10.32,1.21,8.34,159.294,0.6227513353691123,0,0
2011-05-26,3217,56000,1063500,19.1,19.1,18.9,18.9,-0.2,31,2011,10.22,1.2,8.34,157.62599999999998,0.6162303789778126,0,0
2011-05-27,3217,88000,1679500,19.0,19.3,19.0,19.0,0.1,41,2011,10.27,1.2,8.34,158.46,0.6194908571734625,0,0
2011-05-30,3217,62000,1188450,19.1,19.2,19.1,19.15,0.15,41,2011,10.35,1.21,8.34,159.71099999999998,0.6243815744669371,0,0
2011-05-31,3217,243000,4712700,19.15,19.6,19.15,19.45,0.3,113,2011,10.51,1.23,8.34,162.213,0.6341630090538867,0,0
2011-06-01,3217,255000,4919950,19.5,19.6,19.15,19.4,-0.05,95,2011,10.49,1.23,8.34,161.796,0.6325327699560618,0,0
2011-06-02,3217,124000,2391950,19.25,19.3,19.25,19.3,-0.1,41,2011,10.43,1.22,8.34,160.962,0.6650673735949717,0,0
2011-06-03,3217,130000,2513500,19.35,19.5,19.25,19.3,0.0,49,2011,10.43,1.22,8.34,160.962,0.6650673735949717,0,0
2011-06-07,3217,109000,2115450,19.3,19.5,19.25,19.5,0.2,45,2011,10.54,1.23,8.34,162.63,0.6719592634767849,0,0
2011-06-08,3217,560000,11184750,19.6,20.4,19.5,20.0,0.5,252,2011,10.81,1.27,8.34,166.8,0.6891889881813179,0,0
2011-06-09,3217,242000,4808450,19.9,20.2,19.6,19.75,-0.25,120,2011,10.68,1.25,8.34,164.715,0.6805741258290514,0,0
2011-06-10,3217,376000,7315050,19.7,19.7,19.3,19.55,-0.2,128,2011,10.57,1.24,8.34,163.047,0.6736822359472382,0,0
2011-06-13,3217,180000,3477050,19.5,19.5,19.15,19.15,-0.4,81,2011,10.35,1.21,8.34,159.71099999999998,0.6598984561836118,0,0
2011-06-14,3217,104000,2003050,19.2,19.3,19.15,19.2,0.05,40,2011,10.38,1.21,8.34,160.128,0.661621428654065,0,0
2011-06-15,3217,154000,2951150,19.2,19.45,19.1,19.15,-0.05,64,2011,10.35,1.21,8.34,159.71099999999998,0.6598984561836118,0,0
2011-06-16,3217,336000,6388700,19.05,19.3,18.85,18.95,-0.2,92,2011,10.24,1.2,8.34,158.04299999999998,0.6530065663017985,0,0
2011-06-17,3217,169000,3206100,19.1,19.15,18.85,19.1,0.15,61,2011,10.32,1.21,8.34,159.294,0.6581754837131586,0,0
2011-06-20,3217,273000,5122600,19.1,19.1,18.5,18.65,-0.45,107,2011,10.08,1.18,8.34,155.541,0.6426687314790789,0,0
2011-06-21,3217,158000,2942500,18.85,19.0,18.4,18.6,-0.05,54,2011,10.05,1.18,8.34,155.124,0.6409457590086256,0,0
2011-06-22,3217,118000,2210650,18.7,18.9,18.6,18.7,0.1,41,2011,10.11,1.18,8.34,155.958,0.6443917039495322,0,0
2011-06-23,3217,147000,2758650,18.8,18.9,18.7,18.85,0.15,49,2011,10.19,1.19,8.34,157.209,0.6495606213608921,0,0
2011-06-24,3217,134000,2519300,18.8,18.95,18.7,18.9,0.05,42,2011,10.22,1.2,8.34,157.62599999999998,0.6512835938313453,0,0
2011-06-27,3217,61000,1154850,18.9,19.0,18.8,18.85,-0.05,28,2011,10.19,1.19,8.34,157.209,0.6495606213608921,0,0
2011-06-28,3217,52000,980150,19.0,19.0,18.75,18.95,0.1,27,2011,10.24,1.2,8.34,158.04299999999998,0.6530065663017985,0,0
2011-06-29,3217,71000,1356250,19.0,19.45,19.0,19.0,0.05,38,2011,10.27,1.2,8.34,158.46,0.6547295387722519,0,0
2011-06-30,3217,49000,933050,19.1,19.2,18.95,19.0,0.0,29,2011,10.27,1.2,8.34,158.46,0.6547295387722519,0,0
2011-07-01,3217,72000,1374750,19.1,19.2,19.05,19.05,0.05,27,2011,10.3,1.2,8.34,158.877,0.6564525112427052,0,0
2011-07-04,3217,159000,3034300,19.35,19.35,18.9,19.15,0.1,56,2011,10.35,1.21,8.34,159.71099999999998,0.6690012377974326,0,0
2011-07-05,3217,99000,1887400,19.2,19.2,18.95,19.1,-0.05,46,2011,10.32,1.21,8.34,159.294,0.6672544982731574,0,0
2011-07-06,3217,109000,2075950,19.1,19.15,19.0,19.1,0.0,36,2011,10.32,1.21,8.34,159.294,0.6672544982731574,0,0
2011-07-07,3217,99000,1895150,19.15,19.2,19.1,19.15,0.05,36,2011,10.35,1.21,8.34,159.71099999999998,0.6690012377974326,0,0
2011-07-08,3217,204000,3921600,19.25,19.35,19.15,19.25,0.1,73,2011,10.41,1.22,8.34,160.545,0.6724947168459832,0,0
2011-07-11,3217,160000,3047600,19.25,19.25,19.0,19.0,-0.25,48,2011,10.27,1.2,8.34,158.46,0.6637610192246068,0,0
2011-07-12,3217,252000,4721300,19.0,19.0,18.55,18.55,-0.45,80,2011,10.03,1.17,8.34,154.707,0.6480403635061293,0,0
2011-07-13,3217,79000,1473000,18.6,18.8,18.55,18.6,0.05,49,2011,10.05,1.18,8.34,155.124,0.6497871030304045,0,0
2011-07-14,3217,203000,3786450,18.75,18.8,18.55,18.6,0.0,57,2011,10.05,1.18,8.34,155.124,0.6497871030304045,0,0
2011-07-15,3217,86000,1613950,18.6,18.85,18.6,18.8,0.2,41,2011,10.16,1.19,8.34,156.792,0.6567740611275057,0,0
2011-07-18,3217,234000,4406300,18.9,18.95,18.7,18.7,-0.1,67,2011,10.11,1.18,8.34,155.958,0.6532805820789551,0,0
2011-07-19,3217,247000,4626950,18.7,18.85,18.55,18.85,0.15,85,2011,10.19,1.19,8.34,157.209,0.658520800651781,0,0
2011-07-20,3217,375000,7132100,18.85,19.2,18.85,19.2,0.35,129,2011,10.38,1.21,8.34,160.128,0.6707479773217079,0,0
2011-07-21,3217,213000,4083500,19.2,19.2,19.15,19.2,0.0,63,2011,10.38,1.21,8.34,160.128,0.6707479773217079,0,0
2011-07-22,3217,408000,7919050,19.3,19.65,19.25,19.65,0.45,159,2011,10.62,1.24,8.34,163.88099999999997,0.6864686330401853,0,0
2011-07-25,3217,1057000,20764900,19.75,19.75,19.5,19.7,0.05,413,2011,10.65,1.25,8.34,164.298,0.6882153725644607,0,0
2011-07-26,3217,876000,14927750,17.0,17.3,16.95,17.0,0.0,380,2011,9.19,1.08,8.34,141.78,0.5938914382535956,0,0
2011-07-27,3217,149000,2524800,16.9,17.1,16.9,16.9,-0.1,78,2011,9.14,1.07,8.34,140.946,0.590397959205045,0,0
2011-07-28,3217,188000,3121100,16.9,16.9,16.4,16.4,-0.5,88,2011,8.86,1.04,8.34,136.77599999999998,0.5729305639622921,0,0
2011-07-29,3217,338000,5419800,16.45,16.45,15.85,15.9,-0.5,129,2011,8.59,1.01,8.34,132.606,0.5554631687195394,0,0
2011-08-01,3217,162000,2581500,15.95,16.0,15.8,15.95,0.05,67,2011,8.62,1.01,8.34,133.023,0.5572099082438147,0,0
2011-08-02,3217,232000,3728100,15.95,16.3,15.95,16.15,0.2,82,2011,8.73,1.02,8.34,134.69099999999997,0.565302700581499,0,0
2011-08-03,3217,127000,2013100,15.95,16.05,15.7,15.9,-0.25,62,2011,8.59,1.01,8.34,132.606,0.5565518847830239,0,0
2011-08-04,3217,912000,14920150,16.0,16.75,15.75,15.75,-0.15,208,2011,8.51,1.0,8.34,131.355,0.5513013953039387,0,0
2011-08-05,3217,556000,8227150,14.9,15.05,14.65,14.65,-1.1,215,2011,7.92,0.93,8.34,122.181,0.5127978057906477,0,0
2011-08-08,3217,248000,3458150,14.1,14.5,13.65,13.65,-1.0,82,2011,7.38,0.86,8.34,113.841,0.47779454259674686,0,0
2011-08-09,3217,397000,5080450,12.7,13.3,12.7,12.8,-0.85,127,2011,6.92,0.81,8.34,106.75200000000001,0.4480417688819312,0,0
2011-08-10,3217,233000,3066550,13.0,13.35,12.95,13.35,0.55,105,2011,7.22,0.84,8.34,111.339,0.4672935636385766,0,0
2011-08-11,3217,108000,1414150,13.0,13.25,12.9,13.2,-0.15,59,2011,7.14,0.83,8.34,110.088,0.4620430741594915,0,0
2011-08-12,3217,125000,1689750,13.4,13.75,13.4,13.6,0.4,58,2011,7.35,0.86,8.34,113.42399999999999,0.47604437943705186,0,0
2011-08-15,3217,197000,2659850,13.75,13.9,13.4,13.4,-0.2,74,2011,7.24,0.85,8.34,111.756,0.46904372679827167,0,0
2011-08-16,3217,211000,2883450,13.6,13.9,13.45,13.55,0.15,77,2011,7.32,0.86,8.34,113.007,0.4742942162773568,0,0
2011-08-17,3217,119000,1613950,13.55,13.8,13.35,13.6,0.05,39,2011,7.35,0.86,8.34,113.42399999999999,0.47604437943705186,0,0
2011-08-18,3217,152000,2056600,13.4,13.8,13.35,13.8,0.2,67,2011,7.46,0.87,8.34,115.092,0.483045032075832,0,0
2011-08-19,3217,179000,2343100,13.5,13.5,13.0,13.0,-0.8,86,2011,7.03,0.82,8.34,108.42,0.45504242152071134,0,0
2011-08-22,3217,174000,2189100,12.8,13.0,12.3,12.45,-0.55,78,2011,6.73,0.79,8.34,103.833,0.4357906267640658,0,0
2011-08-23,3217,208000,2606200,12.4,12.7,12.4,12.6,0.15,74,2011,6.81,0.8,8.34,105.08399999999999,0.4410411162431509,0,0
2011-08-24,3217,113000,1423700,12.8,12.8,12.5,12.55,-0.05,48,2011,6.78,0.79,8.34,104.667,0.43929095308345595,0,0
2011-08-25,3217,292000,3800850,12.95,13.25,12.85,12.9,0.35,146,2011,6.97,0.82,8.34,107.586,0.4515420952013212,0,0
2011-08-26,3217,108000,1400800,12.9,13.05,12.9,13.05,0.15,43,2011,7.05,0.83,8.34,108.837,0.45679258468040634,0,0
2011-08-29,3217,105000,1399850,13.25,13.45,13.25,13.35,0.3,49,2011,7.22,0.84,8.34,111.339,0.4672935636385766,0,0
2011-08-30,3217,167000,2260000,13.5,13.7,13.4,13.45,0.1,70,2011,7.27,0.85,8.34,112.17299999999999,0.4707938899579666,0,0
2011-08-31,3217,98000,1333150,13.7,13.7,13.45,13.65,0.2,47,2011,7.38,0.86,8.34,113.841,0.47779454259674686,0,0
2011-09-01,3217,101000,1378900,13.7,13.75,13.6,13.6,-0.05,51,2011,7.35,0.86,8.34,113.42399999999999,0.47604437943705186,0,0
2011-09-02,3217,71000,963150,13.6,13.65,13.5,13.65,0.05,27,2011,7.38,0.86,8.34,113.841,0.48456649684570585,0,0
2011-09-05,3217,97000,1295950,13.0,13.6,13.0,13.5,-0.15,45,2011,7.3,0.85,8.34,112.59,0.47924159028696184,0,0
2011-09-06,3217,77000,1025400,13.1,13.4,13.1,13.4,-0.1,34,2011,8.82,0.92,8.34,111.756,0.47569165258113244,0,0
2011-09-07,3217,43000,580400,13.7,13.7,13.35,13.55,0.15,26,2011,8.91,0.93,8.34,113.007,0.4810165591398765,0,0
2011-09-08,3217,100000,1346900,13.2,13.7,13.2,13.35,-0.2,39,2011,8.78,0.91,8.34,111.339,0.47391668372821777,0,0
2011-09-09,3217,106000,1416450,13.35,13.55,13.25,13.4,0.05,40,2011,8.82,0.92,8.34,111.756,0.47569165258113244,0,0
2011-09-13,3217,81000,1062300,13.2,13.25,13.05,13.05,-0.35,48,2011,8.59,0.89,8.34,108.837,0.46326687061072974,0,0
2011-09-14,3217,100000,1307000,13.05,13.2,12.85,12.85,-0.2,56,2011,8.45,0.88,8.34,107.169,0.45616699519907106,0,0
2011-09-15,3217,104000,1355250,13.0,13.2,12.9,12.9,0.05,43,2011,8.49,0.88,8.34,107.586,0.45794196405198573,0,0
2011-09-16,3217,73000,964200,12.95,13.3,12.95,13.3,0.4,50,2011,8.75,0.91,8.34,110.922,0.4721417148753031,0,0
2011-09-19,3217,86000,1135150,13.3,13.3,13.1,13.25,-0.05,42,2011,8.72,0.91,8.34,110.505,0.4703667460223884,0,0
2011-09-20,3217,82000,1087850,13.1,13.45,13.1,13.3,0.05,42,2011,8.75,0.91,8.34,110.922,0.4721417148753031,0,0
2011-09-21,3217,152000,2064400,13.3,13.7,13.3,13.55,0.25,72,2011,8.91,0.93,8.34,113.007,0.4810165591398765,0,0
2011-09-22,3217,83000,1108600,13.35,13.45,13.3,13.35,-0.2,33,2011,8.78,0.91,8.34,111.339,0.47391668372821777,0,0
2011-09-23,3217,754000,10095800,12.9,13.9,12.7,13.9,0.55,214,2011,9.14,0.95,8.34,115.926,0.4934413411102792,0,0
2011-09-26,3217,1233000,17195700,13.8,14.15,13.3,13.3,-0.6,194,2011,8.75,0.91,8.34,110.922,0.4721417148753031,0,0
2011-09-27,3217,272000,3609550,13.4,13.5,13.0,13.45,0.15,113,2011,8.85,0.92,8.34,112.17299999999999,0.47746662143404706,0,0
2011-09-28,3217,68000,906850,13.4,13.5,13.1,13.5,0.05,45,2011,8.88,0.92,8.34,112.59,0.47924159028696184,0,0
2011-09-29,3217,55000,737550,13.4,13.45,13.25,13.45,-0.05,36,2011,8.85,0.92,8.34,112.17299999999999,0.47746662143404706,0,0
2011-09-30,3217,38000,506800,13.6,13.6,13.15,13.3,-0.15,22,2011,8.75,0.91,8.34,110.922,0.4721417148753031,0,0
2011-10-03,3217,44000,579400,13.3,13.3,13.1,13.1,-0.2,24,2011,8.62,0.9,8.34,109.25399999999999,0.4853418791838381,0,0
2011-10-04,3217,81000,1056400,13.0,13.15,12.95,13.15,0.05,33,2011,8.65,0.9,8.34,109.671,0.4871943291043871,0,0
2011-10-05,3217,74000,964650,13.2,13.2,12.95,13.1,-0.05,43,2011,8.62,0.9,8.34,109.25399999999999,0.4853418791838381,0,0
2011-10-06,3217,55000,726750,13.25,13.25,13.15,13.2,0.1,19,2011,8.68,0.9,8.34,110.088,0.4890467790249361,0,0
2011-10-07,3217,79000,1043150,13.2,13.3,13.15,13.2,0.0,36,2011,8.68,0.9,8.34,110.088,0.4890467790249361,0,0
2011-10-11,3217,131000,1723350,13.2,13.3,13.0,13.15,-0.05,68,2011,8.65,0.9,8.34,109.671,0.4871943291043871,0,0
2011-10-12,3217,65000,852750,13.1,13.2,13.0,13.2,0.05,39,2011,8.68,0.9,8.34,110.088,0.4890467790249361,0,0
2011-10-13,3217,344000,4637800,13.3,13.6,13.15,13.35,0.15,97,2011,8.78,0.91,8.34,111.339,0.4946041287865831,0,0
2011-10-14,3217,65000,863500,13.35,13.35,13.2,13.3,-0.05,29,2011,8.75,0.91,8.34,110.922,0.4927516788660341,0,0
2011-10-17,3217,96000,1280500,13.3,13.45,13.2,13.45,0.15,52,2011,8.85,0.92,8.34,112.17299999999999,0.498309028627681,0,0
2011-10-18,3217,38000,504850,13.4,13.4,13.2,13.2,-0.25,17,2011,8.68,0.9,8.34,110.088,0.4890467790249361,0,0
2011-10-19,3217,49000,645050,13.35,13.35,13.05,13.05,-0.15,28,2011,8.59,0.89,8.34,108.837,0.4834894292632891,0,0
2011-10-20,3217,83000,1085000,13.2,13.3,13.0,13.0,-0.05,40,2011,8.55,0.89,8.34,108.42,0.4816369793427401,0,0
2011-10-21,3217,183000,2443400,13.2,13.45,13.15,13.45,0.45,72,2011,8.85,0.92,8.34,112.17299999999999,0.498309028627681,0,0
2011-10-24,3217,80000,1071650,13.6,13.6,13.25,13.3,-0.15,33,2011,8.75,0.91,8.34,110.922,0.4927516788660341,0,0
2011-10-25,3217,49000,652550,13.3,13.5,13.2,13.2,-0.1,33,2011,8.68,0.9,8.34,110.088,0.4890467790249361,0,0
2011-10-26,3217,43000,565200,13.15,13.25,13.1,13.2,0.0,26,2011,8.68,0.9,8.34,110.088,0.4890467790249361,0,0
2011-10-27,3217,103000,1367050,13.15,13.4,13.15,13.2,0.0,48,2011,8.68,0.9,8.34,110.088,0.4890467790249361,0,0
2011-10-28,3217,144000,1883850,13.2,13.3,12.9,13.1,-0.1,75,2011,8.62,0.9,8.34,109.25399999999999,0.4853418791838381,0,0
2011-10-31,3217,198000,2631600,13.3,13.4,13.2,13.2,0.1,76,2011,8.68,0.9,8.34,110.088,0.4890467790249361,0,0
2011-11-01,3217,71000,948000,13.25,13.55,13.25,13.25,0.05,44,2011,8.72,0.91,8.34,110.505,0.4908992289454851,0,0
2011-11-02,3217,115000,1516200,13.25,13.3,13.1,13.2,-0.05,58,2011,8.68,0.9,8.34,110.088,0.5074395707727197,0,0
2011-11-03,3217,151000,2015250,13.3,13.5,13.2,13.35,0.15,77,2011,8.78,0.91,8.34,111.339,0.5132059295315007,0,0
2011-11-04,3217,106000,1425050,13.5,13.55,13.35,13.45,0.1,60,2011,8.85,0.92,8.34,112.17299999999999,0.5170501687040211,0,0
2011-11-07,3217,359000,4948200,13.5,14.05,13.4,13.6,0.15,153,2011,8.95,0.93,8.34,113.42399999999999,0.5228165274628022,0,0
2011-11-08,3217,139000,1895400,13.8,13.8,13.5,13.65,0.05,43,2011,11.38,0.93,8.34,113.841,0.5247386470490625,0,0
2011-11-09,3217,108000,1457150,13.7,13.75,13.25,13.25,-0.4,59,2011,11.04,0.91,8.34,110.505,0.50936169035898,0,0
2011-11-10,3217,179000,2266450,13.0,13.05,12.5,12.5,-0.75,102,2011,10.42,0.86,8.34,104.25,0.4805298965650755,0,0
2011-11-11,3217,69000,872850,12.6,12.75,12.6,12.7,0.2,35,2011,10.58,0.87,8.34,105.91799999999999,0.48821837491011666,0,0
2011-11-14,3217,47000,602650,12.85,13.0,12.8,12.8,0.1,26,2011,10.67,0.88,8.34,106.75200000000001,0.49206261408263735,0,0
2011-11-15,3217,46000,577350,12.6,12.6,12.5,12.55,-0.25,25,2011,10.46,0.86,8.34,104.667,0.4824520161513358,0,0
2011-11-16,3217,19000,238950,12.6,12.7,12.5,12.5,-0.05,16,2011,10.42,0.86,8.34,104.25,0.4805298965650755,0,0
2011-11-17,3217,190000,2388550,12.4,12.8,12.2,12.5,0.0,85,2011,10.42,0.86,8.34,104.25,0.4805298965650755,0,0
2011-11-18,3217,21000,259350,12.35,12.45,12.3,12.45,-0.05,13,2011,10.38,0.85,8.34,103.833,0.4786077769788152,0,0
2011-11-21,3217,85000,1016800,12.3,12.3,11.65,12.05,-0.4,48,2011,10.04,0.83,8.34,100.497,0.4632308202887328,0,0
2011-11-22,3217,325000,3733100,11.9,11.95,11.25,11.4,-0.65,83,2011,9.5,0.78,8.34,95.07600000000001,0.4382432656673489,0,0
2011-11-23,3217,230000,2499150,11.3,11.4,10.65,11.2,-0.2,100,2011,9.33,0.77,8.34,93.40799999999999,0.4305547873223076,0,0
2011-11-24,3217,89000,957200,10.7,10.9,10.55,10.9,-0.3,61,2011,9.08,0.75,8.34,90.906,0.4190220698047458,0,0
2011-11-25,3217,86000,923300,10.6,10.95,10.6,10.8,-0.1,54,2011,9.0,0.74,8.34,90.072,0.41517783063222524,0,0
2011-11-28,3217,81000,880750,10.8,11.0,10.75,10.9,0.1,32,2011,9.08,0.75,8.34,90.906,0.4190220698047458,0,0
2011-11-29,3217,69000,761850,11.0,11.1,11.0,11.05,0.15,34,2011,9.21,0.76,8.34,92.15700000000001,0.4247884285635268,0,0
2011-11-30,3217,54000,586550,11.0,11.0,10.8,10.85,-0.2,25,2011,9.04,0.74,8.34,90.48899999999999,0.4170999502184855,0,0
2011-12-01,3217,93000,1030200,11.0,11.2,11.0,11.1,0.25,47,2011,9.25,0.76,8.34,92.574,0.42671054814978704,0,0
2011-12-02,3217,43000,481000,11.15,11.25,11.1,11.25,0.15,23,2011,9.38,0.77,8.34,93.825,0.45445034394371353,0,0
2011-12-05,3217,18000,202300,11.15,11.3,11.1,11.3,0.05,12,2011,9.42,0.77,8.34,94.242,0.45647012325013003,0,0
2011-12-06,3217,34000,378200,11.3,11.3,10.95,10.95,-0.35,24,2011,9.13,0.75,8.34,91.323,0.44233166810521446,0,0
2011-12-07,3217,87000,961100,11.0,11.2,10.95,11.0,0.05,34,2011,9.17,0.75,8.34,91.74,0.444351447411631,0,0
2011-12-08,3217,8000,87200,10.9,10.9,10.9,10.9,-0.1,5,2011,9.08,0.75,8.34,90.906,0.440311888798798,0,0
2011-12-09,3217,63000,674850,10.8,10.85,10.6,10.6,-0.3,37,2011,8.83,0.73,8.34,88.404,0.428193212960299,0,0
2011-12-12,3217,243000,2483550,10.5,10.5,10.05,10.25,-0.35,102,2011,8.54,0.7,8.34,85.485,0.4140547578153835,0,0
2011-12-13,3217,70000,712350,10.25,10.25,10.1,10.25,0.0,27,2011,8.54,0.7,8.34,85.485,0.4140547578153835,0,0
2011-12-14,3217,60000,613150,10.25,10.3,10.15,10.25,0.0,29,2011,8.54,0.7,8.34,85.485,0.4140547578153835,0,0
2011-12-15,3217,49000,495800,10.2,10.2,10.0,10.15,-0.1,28,2011,8.46,0.7,8.34,84.651,0.4100151992025504,0,0
2011-12-16,3217,35000,355650,10.15,10.2,10.15,10.15,0.0,19,2011,8.46,0.7,8.34,84.651,0.4100151992025504,0,0
2011-12-19,3217,79000,786070,10.15,10.2,9.74,9.74,-0.41,46,2011,8.12,0.67,8.34,81.2316,0.3934530088899351,0,0
2011-12-20,3217,50000,494650,9.76,9.95,9.76,9.9,0.16,18,2011,8.25,0.68,8.34,82.566,0.3999163026704679,0,0
2011-12-21,3217,57000,580350,10.05,10.3,10.05,10.25,0.35,33,2011,8.54,0.7,8.34,85.485,0.4140547578153835,0,0
2011-12-22,3217,23000,234750,10.1,10.3,10.1,10.15,-0.1,17,2011,8.46,0.7,8.34,84.651,0.4100151992025504,0,0
2011-12-23,3217,163000,1678600,10.2,10.35,10.2,10.3,0.15,68,2011,8.58,0.71,8.34,85.902,0.4160745371218,0,0
2011-12-26,3217,86000,886650,10.45,10.45,10.1,10.3,0.0,45,2011,8.58,0.71,8.34,85.902,0.4160745371218,0,0
2011-12-27,3217,54000,555100,10.3,10.3,10.25,10.3,0.0,24,2011,8.58,0.71,8.34,85.902,0.4160745371218,0,0
2011-12-28,3217,39000,401300,10.3,10.3,10.25,10.3,0.0,20,2011,8.58,0.71,8.34,85.902,0.4160745371218,0,0
2011-12-29,3217,425000,4393300,10.25,10.5,10.15,10.3,0.0,89,2011,8.58,0.71,8.34,85.902,0.4160745371218,0,0
2011-12-30,3217,85000,870200,10.3,10.3,10.2,10.2,-0.1,37,2011,8.5,0.7,8.34,85.068,0.412034978508967,0,0
2012-01-02,3217,88000,880980,10.1,10.1,9.95,9.98,-0.22,57,2012,8.32,0.68,8.41,83.93180000000001,0.4274383784884906,0,0
2012-01-03,3217,74000,741030,10.1,10.1,9.98,10.0,0.02,41,2012,8.33,0.68,8.41,84.1,0.4282949684253412,0,0
2012-01-04,3217,40000,402150,10.1,10.1,10.0,10.1,0.1,24,2012,8.42,0.69,8.41,84.941,0.4325779181095946,0,0
2012-01-05,3217,24000,244150,10.1,10.2,10.1,10.15,0.05,12,2012,8.46,0.7,8.41,85.3615,0.4347193929517214,0,0
2012-01-06,3217,29000,294600,10.15,10.2,10.1,10.1,-0.05,17,2012,8.42,0.69,8.41,84.941,0.4325779181095946,0,0
2012-01-09,3217,43000,434650,10.1,10.15,10.05,10.1,0.0,27,2012,8.42,0.69,8.41,84.941,0.4325779181095946,0,0
2012-01-10,3217,181000,1840100,10.2,10.3,10.05,10.2,0.1,61,2012,8.5,0.7,8.41,85.782,0.43686086779384803,0,0
2012-01-11,3217,58000,590800,10.2,10.3,10.15,10.15,-0.05,30,2012,8.46,0.7,8.41,85.3615,0.4347193929517214,0,0
2012-01-12,3217,141000,1416830,10.15,10.25,9.97,9.99,-0.16,61,2012,8.33,0.68,8.41,84.0159,0.42786667345691587,0,0
2012-01-13,3217,96000,960340,10.0,10.1,9.9,10.1,0.11,47,2012,8.42,0.69,8.41,84.941,0.4325779181095946,0,0
2012-01-16,3217,815000,8643550,10.45,10.8,10.3,10.55,0.45,313,2012,8.79,0.72,8.41,88.72550000000001,0.45185119168873505,0,0
2012-01-17,3217,258000,2726950,10.55,10.65,10.5,10.65,0.1,94,2012,8.88,0.73,8.41,89.5665,0.4561341413729884,0,0
2012-01-18,3217,283000,3051650,10.6,11.0,10.6,10.8,0.15,122,2012,9.0,0.74,8.41,90.828,0.4625585658993685,0,0
2012-01-30,3217,241000,2669350,11.2,11.25,10.85,11.15,0.35,98,2012,9.29,0.76,8.41,93.7715,0.47754888979425547,0,0
2012-01-31,3217,221000,2527250,11.15,11.8,11.05,11.45,0.3,118,2012,9.54,0.78,8.41,96.2945,0.4903977388470157,0,0
2012-02-01,3217,254000,2971300,11.55,12.05,11.45,11.9,0.45,115,2012,9.92,0.82,8.41,100.07900000000001,0.5096710124261561,0,0
2012-02-02,3217,257000,3132800,12.1,12.4,12.05,12.4,0.5,106,2012,10.33,0.85,8.41,104.284,0.5664625531445668,0,0
2012-02-03,3217,192000,2409600,12.6,12.8,12.35,12.7,0.3,97,2012,10.58,0.87,8.41,106.807,0.5801672923335482,0,0
2012-02-06,3217,110000,1398750,12.7,12.85,12.55,12.6,-0.3,49,2012,10.5,0.86,8.41,105.966,0.575599045937221,0,0
2012-02-07,3217,318000,3866750,12.8,12.8,12.0,12.2,-0.4,132,2012,10.17,0.84,8.41,102.60199999999999,0.5573260603519125,0,0
2012-02-08,3217,284000,3492050,12.3,12.4,12.2,12.35,0.15,113,2012,10.29,0.85,8.41,103.8635,0.5641784299464032,0,0
2012-02-09,3217,225000,2775000,12.4,12.45,12.25,12.3,-0.05,80,2012,10.25,0.84,8.41,103.44300000000001,0.5618943067482397,0,0
2012-02-10,3217,219000,2709150,12.3,12.5,12.2,12.25,-0.05,110,2012,10.21,0.84,8.41,103.02250000000001,0.5596101835500762,0,0
2012-02-13,3217,157000,1947150,12.4,12.55,12.25,12.45,0.2,71,2012,10.38,0.85,8.41,104.7045,0.5687466763427304,0,0
2012-02-14,3217,498000,6417600,12.8,13.1,12.7,12.95,0.5,212,2012,10.79,0.89,8.41,108.9095,0.5915879083243661,0,0
2012-02-15,3217,263000,3406400,13.05,13.1,12.8,12.9,-0.05,114,2012,10.75,0.88,8.41,108.489,0.5893037851262025,0,0
2012-02-16,3217,298000,3822050,12.9,13.15,12.5,12.5,-0.4,133,2012,10.42,0.86,8.41,105.125,0.571030799540894,0,0
2012-02-17,3217,192000,2411900,12.7,12.8,12.45,12.45,-0.05,78,2012,10.38,0.85,8.41,104.7045,0.5687466763427304,0,0
2012-02-20,3217,145000,1843050,12.5,12.85,12.5,12.65,0.2,49,2012,10.54,0.87,8.41,106.3865,0.5778831691353847,0,0
2012-02-21,3217,137000,1704750,12.8,12.8,12.3,12.4,-0.25,72,2012,10.33,0.85,8.41,104.284,0.5664625531445668,0,0
2012-02-22,3217,155000,1951350,12.3,12.85,12.3,12.55,0.15,59,2012,10.46,0.86,8.41,105.5455,0.5733149227390575,0,0
2012-02-23,3217,175000,2204850,12.65,12.7,12.55,12.6,0.05,52,2012,10.5,0.86,8.41,105.966,0.575599045937221,0,0
2012-02-24,3217,134000,1695900,12.7,12.75,12.6,12.65,0.05,61,2012,10.54,0.87,8.41,106.3865,0.5778831691353847,0,0
2012-02-29,3217,83000,1065500,12.65,13.0,12.65,12.7,0.05,55,2012,10.58,0.87,8.41,106.807,0.5801672923335482,0,0
2012-03-01,3217,88000,1126950,12.9,12.9,12.7,12.8,0.1,31,2012,10.67,0.88,8.41,107.64800000000001,0.5847355387298754,0,0
2012-03-02,3217,1084000,14518950,12.9,13.65,12.8,13.65,0.85,310,2012,11.38,0.93,8.41,114.79650000000001,0.6442560131459172,0,0
2012-03-05,3217,246000,3342800,13.65,13.8,13.35,13.5,-0.15,93,2012,16.46,0.93,8.41,113.535,0.6371762767377204,0,0
2012-03-06,3217,363000,4640350,13.4,13.4,12.6,12.9,-0.6,149,2012,15.73,0.89,8.41,108.489,0.6088573311049328,0,0
2012-03-07,3217,186000,2386750,12.7,13.1,12.5,13.1,0.2,87,2012,10.92,0.9,8.41,110.17099999999999,0.6182969796491953,0,0
2012-03-08,3217,47000,609500,13.1,13.1,12.8,13.05,-0.05,25,2012,10.88,0.89,8.41,109.7505,0.6159370675131296,0,0
2012-03-09,3217,166000,2162900,12.9,13.2,12.9,13.0,-0.05,56,2012,10.83,0.89,8.41,109.33,0.613577155377064,0,0
2012-03-12,3217,283000,3657650,13.0,13.0,12.7,12.7,-0.3,77,2012,10.58,0.87,8.41,106.807,0.5994176825606702,0,0
2012-03-13,3217,153000,1937950,12.75,12.75,12.6,12.75,0.05,56,2012,10.63,0.87,8.41,107.2275,0.601777594696736,0,0
2012-03-14,3217,70000,895300,12.75,12.85,12.75,12.75,0.0,36,2012,10.63,0.87,8.41,107.2275,0.601777594696736,0,0
2012-03-15,3217,121000,1555850,12.75,13.1,12.7,13.1,0.35,51,2012,10.92,0.9,8.41,110.17099999999999,0.6182969796491953,0,0
2012-03-16,3217,57000,739450,12.95,13.0,12.85,13.0,-0.1,35,2012,10.83,0.89,8.41,109.33,0.613577155377064,0,0
2012-03-19,3217,99000,1262800,12.8,12.9,12.65,12.9,-0.1,53,2012,10.75,0.88,8.41,108.489,0.6088573311049328,0,0
2012-03-20,3217,86000,1080900,12.65,12.7,12.5,12.55,-0.35,45,2012,10.46,0.86,8.41,105.5455,0.5923379461524734,0,0
2012-03-21,3217,84000,1045000,12.4,12.55,12.4,12.45,-0.1,47,2012,10.38,0.85,8.41,104.7045,0.5876181218803421,0,0
2012-03-22,3217,94000,1193350,12.55,12.8,12.55,12.65,0.2,33,2012,10.54,0.87,8.41,106.3865,0.5970577704246046,0,0
2012-03-23,3217,53000,672950,12.65,12.8,12.65,12.7,0.05,31,2012,10.58,0.87,8.41,106.807,0.5994176825606702,0,0
2012-03-26,3217,92000,1173600,12.7,12.8,12.7,12.8,0.1,35,2012,10.67,0.88,8.41,107.64800000000001,0.6041375068328015,0,0
2012-03-27,3217,281000,3598050,12.8,12.9,12.55,12.8,0.0,73,2012,10.67,0.88,8.41,107.64800000000001,0.6041375068328015,0,0
2012-03-28,3217,49000,619000,12.7,12.75,12.55,12.55,-0.25,29,2012,10.46,0.86,8.41,105.5455,0.5923379461524734,0,0
2012-03-29,3217,174000,2096700,12.5,12.5,11.8,11.9,-0.65,90,2012,9.92,0.82,8.41,100.07900000000001,0.5616590883836202,0,0
2012-03-30,3217,132000,1561450,11.8,12.0,11.6,12.0,0.1,42,2012,10.0,0.82,8.41,100.92,0.5663789126557514,0,0
2012-04-02,3217,61000,733800,12.0,12.1,11.95,11.95,-0.05,29,2012,9.96,0.82,8.41,100.4995,0.581961422425025,0,0
2012-04-03,3217,64000,750000,12.05,12.05,11.5,11.5,-0.45,44,2012,9.58,0.79,8.41,96.715,0.5600465571454216,0,0
2012-04-05,3217,107000,1175950,11.2,11.2,10.8,11.2,-0.3,58,2012,9.33,0.77,8.41,94.192,0.5454366469590192,0,0
2012-04-06,3217,112000,1257300,11.2,11.3,11.15,11.2,0.0,42,2012,9.33,0.77,8.41,94.192,0.5454366469590192,0,0
2012-04-09,3217,69000,760950,11.0,11.2,10.85,11.0,-0.2,40,2012,9.17,0.75,8.41,92.51,0.5356967068347511,0,0
2012-04-10,3217,50000,554250,11.1,11.15,11.05,11.1,0.1,28,2012,10.57,0.76,8.41,93.351,0.5405666768968852,0,0
2012-04-11,3217,72000,792450,11.0,11.1,10.95,11.05,-0.05,26,2012,10.52,0.76,8.41,92.93050000000001,0.5381316918658182,0,0
2012-04-12,3217,79000,876450,11.05,11.2,11.05,11.1,0.05,27,2012,10.57,0.76,8.41,93.351,0.5405666768968852,0,0
2012-04-13,3217,163000,1827200,11.2,11.4,11.1,11.3,0.2,47,2012,10.76,0.77,8.41,95.033,0.5503066170211534,0,0
2012-04-16,3217,52000,580750,11.1,11.3,11.1,11.2,-0.1,22,2012,10.67,0.77,8.41,94.192,0.5454366469590192,0,0
2012-04-17,3217,76000,845500,11.1,11.2,11.05,11.05,-0.15,27,2012,10.52,0.76,8.41,92.93050000000001,0.5381316918658182,0,0
2012-04-18,3217,32000,352950,11.05,11.1,11.0,11.0,-0.05,17,2012,10.48,0.75,8.41,92.51,0.5356967068347511,0,0
2012-04-19,3217,24000,261700,10.85,11.0,10.85,10.9,-0.1,15,2012,10.38,0.75,8.41,91.66900000000001,0.530826736772617,0,0
2012-04-20,3217,38000,415100,10.9,11.0,10.85,10.9,0.0,14,2012,10.38,0.75,8.41,91.66900000000001,0.530826736772617,0,0
2012-04-23,3217,28000,300950,10.8,10.85,10.65,10.85,-0.05,18,2012,10.33,0.74,8.41,91.24849999999999,0.5283917517415498,0,0
2012-04-24,3217,57000,631500,10.7,11.5,10.7,11.1,0.25,38,2012,10.57,0.76,8.41,93.351,0.5405666768968852,0,0
2012-04-25,3217,104000,1154150,11.2,11.25,10.95,11.1,0.0,49,2012,10.57,0.76,8.41,93.351,0.5405666768968852,0,0
2012-04-26,3217,26000,290200,11.2,11.2,11.05,11.15,0.05,13,2012,10.62,0.76,8.41,93.7715,0.5430016619279522,0,0
2012-04-27,3217,54000,594950,11.2,11.2,10.95,11.0,-0.15,26,2012,10.48,0.75,8.41,92.51,0.5356967068347511,0,0
2012-04-30,3217,15000,165050,10.9,11.05,10.9,11.0,0.0,9,2012,10.48,0.75,8.41,92.51,0.5356967068347511,0,0
2012-05-02,3217,76000,849100,11.2,11.3,11.0,11.3,0.3,35,2012,10.76,0.77,8.41,95.033,0.577105140585613,0,0
2012-05-03,3217,47000,529000,11.2,11.4,11.2,11.3,0.0,15,2012,10.76,0.77,8.41,95.033,0.577105140585613,0,0
2012-05-04,3217,58000,665550,11.4,11.5,11.4,11.5,0.2,34,2012,10.95,0.79,8.41,96.715,0.5873193908614646,0,0
2012-05-07,3217,34000,382400,11.4,11.4,11.2,11.35,-0.15,23,2012,16.45,0.77,8.41,95.4535,0.5796587031545759,0,0
2012-05-08,3217,39000,440600,11.35,11.35,11.25,11.3,-0.05,19,2012,16.38,0.77,8.41,95.033,0.577105140585613,0,0
2012-05-09,3217,20000,223650,11.2,11.3,11.15,11.15,-0.15,13,2012,16.16,0.76,8.41,93.7715,0.5694444528787242,0,0
2012-05-10,3217,37000,414350,11.1,11.3,11.1,11.15,0.0,20,2012,16.16,0.76,8.41,93.7715,0.5694444528787242,0,0
2012-05-11,3217,25000,278450,11.1,11.2,11.05,11.2,0.05,16,2012,16.23,0.76,8.41,94.192,0.5719980154476871,0,0
2012-05-14,3217,152000,1659950,11.1,11.1,10.85,11.1,-0.1,29,2012,16.09,0.76,8.41,93.351,0.5668908903097614,0,0
2012-05-15,3217,49000,533100,10.7,11.1,10.7,10.9,-0.2,25,2012,15.8,0.74,8.41,91.66900000000001,0.5566766400339099,0,0
2012-05-16,3217,43000,467500,10.9,11.1,10.85,10.85,-0.05,18,2012,15.72,0.74,8.41,91.24849999999999,0.5541230774649469,0,0
2012-05-17,3217,47000,509850,10.85,10.95,10.8,10.95,0.1,21,2012,15.87,0.75,8.41,92.0895,0.5592302026028727,0,0
2012-05-18,3217,40000,430750,10.95,10.95,10.7,10.9,-0.05,22,2012,15.8,0.74,8.41,91.66900000000001,0.5566766400339099,0,0
2012-05-21,3217,12000,130350,10.85,10.9,10.85,10.85,-0.05,7,2012,15.72,0.74,8.41,91.24849999999999,0.5541230774649469,0,0
2012-05-22,3217,16000,173700,10.85,10.95,10.85,10.95,0.1,6,2012,15.87,0.75,8.41,92.0895,0.5592302026028727,0,0
2012-05-23,3217,38000,408200,10.85,10.85,10.65,10.8,-0.15,19,2012,15.65,0.74,8.41,90.828,0.551569514895984,0,0
2012-05-24,3217,123000,1291700,10.65,10.7,10.35,10.5,-0.3,44,2012,15.22,0.72,8.41,88.305,0.5362481394822068,0,0
2012-05-25,3217,18000,186600,10.4,10.5,10.35,10.35,-0.15,11,2012,15.0,0.71,8.41,87.0435,0.5285874517753181,0,0
2012-05-28,3217,7000,72750,10.5,10.5,10.35,10.45,0.1,7,2012,15.14,0.71,8.41,87.88449999999999,0.5336945769132437,0,0
2012-05-29,3217,44000,472800,10.55,10.85,10.55,10.85,0.4,26,2012,15.72,0.74,8.41,91.24849999999999,0.5541230774649469,0,0
2012-05-30,3217,22000,237400,10.85,10.85,10.7,10.8,-0.05,11,2012,15.65,0.74,8.41,90.828,0.551569514895984,0,0
2012-05-31,3217,21000,226200,10.8,10.95,10.7,10.85,0.05,18,2012,15.72,0.74,8.41,91.24849999999999,0.5541230774649469,0,0
2012-06-01,3217,17000,182300,10.7,10.85,10.65,10.65,-0.2,10,2012,15.43,0.73,8.41,89.5665,0.5439088271890954,0,0
2012-06-04,3217,91000,925190,10.4,10.5,9.95,10.25,-0.4,50,2012,14.86,0.7,8.41,86.2025,0.5403525729627199,0,0
2012-06-05,3217,24000,246600,10.25,10.4,10.25,10.25,0.0,12,2012,14.86,0.7,8.41,86.2025,0.5403525729627199,0,0
2012-06-06,3217,25000,256050,10.25,10.25,10.2,10.25,0.0,10,2012,14.86,0.7,8.41,86.2025,0.5403525729627199,0,0
2012-06-07,3217,14000,145100,10.35,10.45,10.3,10.3,0.05,12,2012,14.93,0.7,8.41,86.623,0.5429884391722941,0,0
2012-06-08,3217,16000,163050,10.15,10.3,10.15,10.25,-0.05,9,2012,14.86,0.7,8.41,86.2025,0.5403525729627199,0,0
2012-06-11,3217,53000,543200,10.25,10.4,10.15,10.4,0.15,21,2012,15.07,0.71,8.41,87.464,0.5482601715914426,0,0
2012-06-12,3217,9000,92550,10.25,10.35,10.25,10.3,-0.1,7,2012,14.93,0.7,8.41,86.623,0.5429884391722941,0,0
2012-06-13,3217,30000,307450,10.3,10.35,10.2,10.35,0.05,21,2012,15.0,0.71,8.41,87.0435,0.5456243053818683,0,0
2012-06-14,3217,40000,406550,10.35,10.35,10.1,10.1,-0.25,27,2012,14.64,0.69,8.41,84.941,0.5324449743339972,0,0
2012-06-15,3217,33000,341000,10.3,10.4,10.3,10.4,0.3,18,2012,15.07,0.71,8.41,87.464,0.5482601715914426,0,0
2012-06-18,3217,51000,537900,10.55,10.6,10.4,10.4,0.0,30,2012,15.07,0.71,8.41,87.464,0.5482601715914426,0,0
2012-06-19,3217,21000,219450,10.4,10.6,10.3,10.45,0.05,14,2012,15.14,0.71,8.41,87.88449999999999,0.5508960378010168,0,0
2012-06-20,3217,123000,1285850,10.45,10.5,10.4,10.45,0.0,26,2012,15.14,0.71,8.41,87.88449999999999,0.5508960378010168,0,0
2012-06-21,3217,17000,177850,10.4,10.55,10.4,10.45,0.0,10,2012,15.14,0.71,8.41,87.88449999999999,0.5508960378010168,0,0
2012-06-22,3217,7000,72750,10.3,10.45,10.3,10.45,0.0,4,2012,15.14,0.71,8.41,87.88449999999999,0.5508960378010168,0,0
2012-06-25,3217,15000,156500,10.4,10.5,10.35,10.45,0.0,11,2012,15.14,0.71,8.41,87.88449999999999,0.5508960378010168,0,0
2012-06-26,3217,8000,83350,10.45,10.45,10.35,10.35,-0.1,7,2012,15.0,0.71,8.41,87.0435,0.5456243053818683,0,0
2012-06-27,3217,36000,379050,10.45,10.6,10.45,10.5,0.15,17,2012,15.22,0.72,8.41,88.305,0.5535319040105912,0,0
2012-06-28,3217,127000,1335350,10.6,10.7,10.5,10.5,0.0,63,2012,15.22,0.72,8.41,88.305,0.5535319040105912,0,0
2012-06-29,3217,7000,73600,10.5,10.6,10.5,10.5,0.0,7,2012,15.22,0.72,8.41,88.305,0.5535319040105912,0,0
2012-07-02,3217,48000,514650,10.6,10.8,10.6,10.75,0.25,30,2012,15.58,0.73,8.41,90.4075,0.5854968150061265,0,0
2012-07-03,3217,16000,172750,10.75,10.85,10.75,10.85,0.1,13,2012,15.72,0.74,8.41,91.24849999999999,0.5909432970061834,0,0
2012-07-04,3217,48000,521600,10.95,10.95,10.8,10.9,0.05,19,2012,15.8,0.74,8.41,91.66900000000001,0.593666538006212,0,0
2012-07-05,3217,41000,446650,10.9,11.0,10.8,10.8,-0.1,23,2012,15.65,0.74,8.41,90.828,0.588220056006155,0,0
2012-07-06,3217,44000,475550,11.0,11.0,10.7,10.85,0.05,23,2012,15.72,0.74,8.41,91.24849999999999,0.5909432970061834,0,0
2012-07-09,3217,22000,234800,10.75,10.75,10.6,10.7,-0.15,10,2012,15.51,0.73,8.41,89.987,0.582773574006098,0,0
2012-07-10,3217,26000,277450,10.7,10.7,10.65,10.65,-0.05,12,2012,15.43,0.73,8.41,89.5665,0.5800503330060695,0,0
2012-07-11,3217,35000,372050,10.65,10.7,10.55,10.55,-0.1,19,2012,15.29,0.72,8.41,88.72550000000001,0.5746038510060126,0,0
2012-07-12,3217,64000,673850,10.55,10.6,10.45,10.45,-0.1,27,2012,15.14,0.71,8.41,87.88449999999999,0.5691573690059555,0,0
2012-07-13,3217,61000,633500,10.45,10.5,10.3,10.35,-0.1,33,2012,15.0,0.71,8.41,87.0435,0.5637108870058986,0,0
2012-07-16,3217,47000,489750,10.45,10.45,10.4,10.4,0.05,19,2012,15.07,0.71,8.41,87.464,0.566434128005927,0,0
2012-07-17,3217,45000,471100,10.45,10.55,10.3,10.5,0.1,25,2012,15.22,0.72,8.41,88.305,0.5718806100059841,0,0
2012-07-18,3217,24000,252350,10.5,10.6,10.5,10.55,0.05,10,2012,15.29,0.72,8.41,88.72550000000001,0.5746038510060126,0,0
2012-07-19,3217,122000,1292150,10.6,10.7,10.5,10.7,0.15,40,2012,15.51,0.73,8.41,89.987,0.582773574006098,0,0
2012-07-20,3217,11000,117700,10.7,10.7,10.7,10.7,0.0,7,2012,15.51,0.73,8.41,89.987,0.582773574006098,0,0
2012-07-23,3217,79000,832600,10.65,10.65,10.45,10.5,-0.2,39,2012,15.22,0.72,8.41,88.305,0.5718806100059841,0,0
2012-07-24,3217,238000,2487000,10.5,10.55,10.35,10.55,0.05,84,2012,15.29,0.72,8.41,88.72550000000001,0.5746038510060126,0,0
2012-07-25,3217,177000,1743320,9.9,9.9,9.6,9.6,0.0,65,2012,13.91,0.65,8.41,80.736,0.5228622720054711,0,0
2012-07-26,3217,62000,598700,9.75,9.8,9.56,9.56,-0.04,31,2012,13.86,0.65,8.41,80.3996,0.5206836792054483,0,0
2012-07-27,3217,61000,589570,9.89,9.89,9.6,9.64,0.08,31,2012,13.97,0.66,8.41,81.0724,0.5250408648054938,0,0
2012-07-30,3217,22000,214510,9.7,9.8,9.7,9.75,0.11,13,2012,14.13,0.67,8.41,81.9975,0.5310319950055565,0,0
2012-07-31,3217,47000,458220,9.75,9.8,9.7,9.71,-0.04,29,2012,14.07,0.66,8.41,81.6611,0.5288534022055338,0,0
2012-08-01,3217,26000,253610,9.71,9.8,9.71,9.8,0.09,15,2012,14.2,0.67,8.41,82.418,0.5337552360055852,0,0
2012-08-03,3217,51000,497420,9.93,9.93,9.71,9.71,-0.09,22,2012,14.07,0.66,8.41,81.6611,0.5452961660840503,0,0
2012-08-06,3217,30000,292120,9.71,9.81,9.71,9.71,0.0,16,2012,14.07,0.66,8.41,81.6611,0.5452961660840503,0,0
2012-08-07,3217,68000,659130,9.64,9.75,9.64,9.71,0.0,20,2012,14.07,0.66,8.41,81.6611,0.5452961660840503,0,0
2012-08-08,3217,30000,290940,9.71,9.71,9.68,9.68,-0.03,16,2012,14.03,0.66,8.41,81.4088,0.5436114199478483,0,0
2012-08-09,3217,75000,725750,9.7,9.79,9.61,9.78,0.1,37,2012,14.17,0.67,8.41,82.2498,0.549227240401855,0,0
2012-08-10,3217,38000,370930,9.81,9.84,9.7,9.83,0.05,23,2012,14.25,0.67,8.41,82.6703,0.5520351506288583,0,0
2012-08-13,3217,25000,244710,9.8,9.83,9.73,9.75,-0.08,15,2012,14.13,0.67,8.41,81.9975,0.547542494265653,0,0
2012-08-14,3217,26000,254240,9.8,9.8,9.76,9.76,0.01,12,2012,14.14,0.67,8.41,82.0816,0.5481040763110537,0,0
2012-08-15,3217,14000,137850,9.8,9.85,9.8,9.85,0.09,7,2012,14.28,0.67,8.41,82.8385,0.5531583147196597,0,0
2012-08-16,3217,149000,1478650,9.8,9.99,9.8,9.99,0.14,53,2012,14.48,0.68,8.41,84.0159,0.5610204633552691,0,0
2012-08-17,3217,209000,2098900,10.0,10.1,10.0,10.0,0.01,54,2012,14.49,0.68,8.41,84.1,0.5615820454006698,0,0
2012-08-20,3217,27000,268320,10.05,10.05,9.86,9.89,-0.11,15,2012,14.33,0.67,8.41,83.17490000000001,0.5554046429012625,0,0
2012-08-21,3217,53000,525750,9.91,9.98,9.9,9.93,0.04,22,2012,14.39,0.68,8.41,83.5113,0.5576509710828651,0,0
2012-08-22,3217,18000,178220,9.91,9.97,9.88,9.97,0.04,10,2012,14.45,0.68,8.41,83.8477,0.5598972992644677,0,0
2012-08-23,3217,47000,467480,9.97,10.0,9.9,9.93,-0.04,13,2012,14.39,0.68,8.41,83.5113,0.5576509710828651,0,0
2012-08-24,3217,49000,489960,9.99,10.05,9.99,10.0,0.07,20,2012,14.49,0.68,8.41,84.1,0.5615820454006698,0,0
2012-08-27,3217,11000,109240,9.93,9.99,9.92,9.99,-0.01,6,2012,14.48,0.68,8.41,84.0159,0.5610204633552691,0,0
2012-08-28,3217,35000,349120,10.0,10.0,9.92,9.92,-0.07,16,2012,14.38,0.68,8.41,83.4272,0.5570893890374644,0,0
2012-08-29,3217,3000,29790,9.95,9.95,9.92,9.92,0.0,3,2012,14.38,0.68,8.41,83.4272,0.5570893890374644,0,0
2012-08-30,3217,28000,278780,9.88,10.0,9.88,9.92,0.0,13,2012,14.38,0.68,8.41,83.4272,0.5570893890374644,0,0
2012-08-31,3217,168000,1774400,10.3,10.6,10.3,10.6,0.68,71,2012,15.36,0.72,8.41,89.146,0.59527696812471,0,0
2012-09-03,3217,1415000,15580250,10.9,11.3,10.6,10.6,0.0,456,2012,15.36,0.72,8.41,89.146,0.6057093470275765,0,0
2012-09-04,3217,407000,4426000,10.6,11.0,10.6,11.0,0.4,171,2012,15.94,0.75,8.41,92.51,0.6285663035191831,0,0
2012-09-05,3217,123000,1354900,11.0,11.1,10.9,11.0,0.0,64,2012,15.94,0.75,8.41,92.51,0.6285663035191831,0,0
2012-09-06,3217,412000,4562900,11.0,11.15,11.0,11.1,0.1,94,2012,16.09,0.76,8.41,93.351,0.6342805426420848,0,0
2012-09-07,3217,149000,1658700,11.2,11.2,11.05,11.05,-0.05,55,2012,13.99,0.76,8.41,92.93050000000001,0.631423423080634,0,0
2012-09-10,3217,115000,1269100,10.9,11.2,10.75,11.15,0.1,49,2012,14.11,0.77,8.41,93.7715,0.6371376622035356,0,0
2012-09-11,3217,149000,1657150,11.0,11.2,11.0,11.15,0.0,33,2012,14.11,0.77,8.41,93.7715,0.6371376622035356,0,0
2012-09-12,3217,225000,2543700,11.3,11.4,11.25,11.3,0.15,67,2012,14.3,0.78,8.41,95.033,0.6457090208878882,0,0
2012-09-13,3217,53000,594350,11.2,11.35,11.15,11.15,-0.15,18,2012,14.11,0.77,8.41,93.7715,0.6371376622035356,0,0
2012-09-14,3217,237000,2640050,10.8,11.35,10.8,11.15,0.0,72,2012,14.11,0.77,8.41,93.7715,0.6371376622035356,0,0
2012-09-17,3217,132000,1461000,11.2,11.2,10.95,11.0,-0.15,42,2012,13.92,0.76,8.41,92.51,0.6285663035191831,0,0
2012-09-18,3217,24000,265850,11.15,11.15,11.0,11.0,0.0,15,2012,13.92,0.76,8.41,92.51,0.6285663035191831,0,0
2012-09-19,3217,29000,321300,11.2,11.2,11.05,11.05,0.05,14,2012,13.99,0.76,8.41,92.93050000000001,0.631423423080634,0,0
2012-09-20,3217,65000,719600,11.15,11.2,11.05,11.2,0.15,18,2012,14.18,0.77,8.41,94.192,0.6399947817649864,0,0
2012-09-21,3217,104000,1183650,11.2,11.7,11.2,11.3,0.1,50,2012,14.3,0.78,8.41,95.033,0.6457090208878882,0,0
2012-09-24,3217,69000,785000,11.45,11.55,11.3,11.4,0.1,23,2012,14.43,0.79,8.41,95.87400000000001,0.6514232600107899,0,0
2012-09-25,3217,148000,1695850,11.4,11.7,11.35,11.45,0.05,45,2012,14.49,0.79,8.41,96.2945,0.6542803795722406,0,0
2012-09-26,3217,129000,1473450,11.45,11.6,11.3,11.3,-0.15,47,2012,14.3,0.78,8.41,95.033,0.6457090208878882,0,0
2012-09-27,3217,86000,971650,11.2,11.4,11.2,11.35,0.05,40,2012,14.37,0.78,8.41,95.4535,0.6485661404493389,0,0
2012-09-28,3217,115000,1308500,11.3,11.45,11.3,11.4,0.05,36,2012,14.43,0.79,8.41,95.87400000000001,0.6514232600107899,0,0
2012-10-01,3217,108000,1244500,11.5,11.7,11.4,11.55,0.15,32,2012,14.62,0.8,8.41,97.13550000000001,0.6599946186951424,0,0
2012-10-02,3217,139000,1616200,11.55,11.75,11.55,11.7,0.15,51,2012,14.81,0.81,8.41,98.39699999999999,0.648627162486058,0,0
2012-10-03,3217,114000,1329150,11.9,11.9,11.6,11.6,-0.1,35,2012,14.68,0.8,8.41,97.556,0.6430833405844678,0,0
2012-10-04,3217,186000,2120700,11.6,11.6,11.2,11.45,-0.15,56,2012,14.49,0.79,8.41,96.2945,0.6347676077320824,0,0
2012-10-05,3217,49000,554550,11.45,11.45,11.25,11.25,-0.2,25,2012,14.24,0.78,8.41,94.6125,0.623679963928902,0,0
2012-10-08,3217,97000,1070800,11.25,11.25,11.0,11.0,-0.25,40,2012,13.92,0.76,8.41,92.51,0.6098204091749264,0,0
2012-10-09,3217,102000,1114750,11.0,11.1,10.85,10.85,-0.15,36,2012,13.73,0.75,8.41,91.24849999999999,0.6015046763225409,0,0
2012-10-11,3217,244000,2778950,10.9,11.55,10.9,11.55,0.7,121,2012,14.62,0.8,8.41,97.13550000000001,0.6403114296336727,0,0
2012-10-12,3217,169000,1966000,11.75,11.8,11.4,11.75,0.2,66,2012,14.87,0.81,8.41,98.8175,0.6513990734368532,0,0
2012-10-15,3217,156000,1815750,11.75,11.8,11.5,11.6,-0.15,41,2012,14.68,0.8,8.41,97.556,0.6430833405844678,0,0
2012-10-16,3217,205000,2397600,11.7,11.9,11.6,11.6,0.0,67,2012,14.68,0.8,8.41,97.556,0.6430833405844678,0,0
2012-10-17,3217,126000,1486000,11.75,11.9,11.7,11.75,0.15,55,2012,14.87,0.81,8.41,98.8175,0.6513990734368532,0,0
2012-10-18,3217,375000,4531250,11.8,12.25,11.75,12.1,0.35,158,2012,15.32,0.84,8.41,101.761,0.670802450092419,0,0
2012-10-19,3217,212000,2585550,12.1,12.4,12.0,12.15,0.05,101,2012,15.38,0.84,8.41,102.1815,0.6735743610432141,0,0
2012-10-22,3217,242000,2860750,12.0,12.0,11.6,11.85,-0.3,80,2012,15.0,0.82,8.41,99.6585,0.6569428953384434,0,0
2012-10-23,3217,81000,945350,11.95,11.95,11.5,11.8,-0.05,40,2012,14.94,0.82,8.41,99.23800000000001,0.6541709843876483,0,0
2012-10-24,3217,163000,1960250,11.8,12.2,11.8,11.95,0.15,69,2012,15.13,0.83,8.41,100.4995,0.6624867172400336,0,0
2012-10-25,3217,139000,1663700,11.95,12.1,11.8,11.95,0.0,59,2012,15.13,0.83,8.41,100.4995,0.6624867172400336,0,0
2012-10-26,3217,153000,1755900,11.9,11.9,11.2,11.45,-0.5,63,2012,14.49,0.79,8.41,96.2945,0.6347676077320824,0,0
2012-10-29,3217,185000,2064800,11.3,11.4,11.0,11.3,-0.15,59,2012,14.3,0.78,8.41,95.033,0.6264518748796971,0,0
2012-10-30,3217,145000,1623200,11.3,11.4,11.0,11.1,-0.2,51,2012,14.05,0.77,8.41,93.351,0.6153642310765166,0,0
2012-10-31,3217,119000,1342700,11.2,11.4,11.2,11.25,0.15,33,2012,14.24,0.78,8.41,94.6125,0.623679963928902,0,0
2012-11-01,3217,99000,1129150,11.25,11.55,11.2,11.5,0.25,26,2012,14.56,0.8,8.41,96.715,0.6375395186828776,0,0
2012-11-02,3217,198000,2264800,11.5,11.6,11.35,11.4,-0.1,51,2012,14.43,0.79,8.41,95.87400000000001,0.6320111116458038,0,0
2012-11-05,3217,133000,1498050,11.4,11.4,11.15,11.15,-0.25,45,2012,13.6,0.77,8.41,93.7715,0.6181512188465537,0,0
2012-11-06,3217,62000,703500,11.35,11.4,11.3,11.4,0.25,23,2012,13.9,0.78,8.41,95.87400000000001,0.6320111116458038,0,0
2012-11-07,3217,67000,767550,11.45,11.55,11.4,11.45,0.05,31,2012,13.96,0.79,8.41,96.2945,0.6347830902056538,0,0
2012-11-08,3217,79000,923500,11.7,11.8,11.55,11.55,0.1,35,2012,14.09,0.79,8.41,97.13550000000001,0.640327047325354,0,0
2012-11-09,3217,61000,707750,11.6,11.65,11.6,11.65,0.1,17,2012,14.21,0.8,8.41,97.9765,0.6458710044450539,0,0
2012-11-12,3217,25000,287350,11.9,11.9,11.4,11.5,-0.15,15,2012,14.02,0.79,8.41,96.715,0.6375550687655038,0,0
2012-11-13,3217,42000,478100,11.4,11.7,11.35,11.5,0.0,12,2012,14.02,0.79,8.41,96.715,0.6375550687655038,0,0
2012-11-14,3217,33000,373250,11.3,11.35,11.25,11.35,-0.15,15,2012,13.84,0.78,8.41,95.4535,0.6292391330859537,0,0
2012-11-15,3217,61000,686300,11.2,11.3,11.2,11.25,-0.1,20,2012,13.72,0.77,8.41,94.6125,0.6236951759662537,0,0
2012-11-16,3217,42000,471100,11.3,11.45,11.2,11.45,0.2,14,2012,13.96,0.79,8.41,96.2945,0.6347830902056538,0,0
2012-11-19,3217,141000,1591200,11.4,11.45,11.2,11.3,-0.15,28,2012,13.78,0.78,8.41,95.033,0.6264671545261037,0,0
2012-11-20,3217,9000,101300,11.2,11.3,11.2,11.3,0.0,5,2012,13.78,0.78,8.41,95.033,0.6264671545261037,0,0
2012-11-21,3217,113000,1257900,11.2,11.3,11.0,11.3,0.0,35,2012,13.78,0.78,8.41,95.033,0.6264671545261037,0,0
2012-11-22,3217,47000,517850,11.1,11.1,10.9,11.0,-0.3,25,2012,13.41,0.75,8.41,92.51,0.6098352831670036,0,0
2012-11-23,3217,99000,1096350,11.0,11.15,11.0,11.15,0.15,48,2012,13.6,0.77,8.41,93.7715,0.6181512188465537,0,0
2012-11-26,3217,47000,531300,11.3,11.55,11.2,11.2,0.05,22,2012,13.66,0.77,8.41,94.192,0.6209231974064037,0,0
2012-11-27,3217,17000,191000,11.2,11.25,11.2,11.25,0.05,10,2012,13.72,0.77,8.41,94.6125,0.6236951759662537,0,0
2012-11-28,3217,6000,68550,11.45,11.45,11.3,11.3,0.05,6,2012,13.78,0.78,8.41,95.033,0.6264671545261037,0,0
2012-11-29,3217,17000,192700,11.45,11.45,11.25,11.3,0.0,12,2012,13.78,0.78,8.41,95.033,0.6264671545261037,0,0
2012-11-30,3217,48000,541600,11.25,11.3,11.25,11.3,0.0,25,2012,13.78,0.78,8.41,95.033,0.6264671545261037,0,0
2012-12-03,3217,66000,743200,11.15,11.35,11.15,11.25,-0.05,14,2012,13.72,0.77,8.41,94.6125,0.6305578900295044,0,0
2012-12-04,3217,71000,803100,11.25,11.35,11.25,11.3,0.05,21,2012,13.78,0.78,8.41,95.033,0.6333603695407466,0,0
2012-12-05,3217,76000,862000,11.25,11.4,11.25,11.3,0.0,33,2012,13.78,0.78,8.41,95.033,0.6333603695407466,0,0
2012-12-06,3217,98000,1110450,11.35,11.45,11.3,11.3,0.0,33,2012,13.78,0.78,8.41,95.033,0.6333603695407466,0,0
2012-12-07,3217,73000,829400,11.4,11.4,11.3,11.3,0.0,27,2012,13.78,0.78,8.41,95.033,0.6333603695407466,0,0
2012-12-10,3217,41000,461550,11.3,11.3,11.2,11.2,-0.1,20,2012,13.66,0.77,8.41,94.192,0.627755410518262,0,0
2012-12-11,3217,21000,232850,11.1,11.1,11.05,11.1,-0.1,6,2012,13.54,0.76,8.41,93.351,0.6221504514957776,0,0
2012-12-12,3217,57000,633700,11.1,11.2,11.1,11.1,0.0,28,2012,13.54,0.76,8.41,93.351,0.6221504514957776,0,0
2012-12-13,3217,67000,744800,10.9,11.2,10.9,11.2,0.1,21,2012,13.66,0.77,8.41,94.192,0.627755410518262,0,0
2012-12-14,3217,108000,1185400,11.15,11.15,10.8,11.0,-0.2,41,2012,13.41,0.75,8.41,92.51,0.6165454924732932,0,0
2012-12-17,3217,67000,733200,11.0,11.0,10.85,10.85,-0.15,32,2012,13.23,0.74,8.41,91.24849999999999,0.6081380539395663,0,0
2012-12-18,3217,62000,674700,11.0,11.0,10.8,10.9,0.05,34,2012,13.29,0.75,8.41,91.66900000000001,0.6109405334508088,0,0
2012-12-19,3217,58000,636700,11.0,11.1,10.95,10.95,0.05,24,2012,13.35,0.75,8.41,92.0895,0.6137430129620509,0,0
2012-12-20,3217,87000,952500,11.0,11.05,10.9,10.95,0.0,25,2012,13.35,0.75,8.41,92.0895,0.6137430129620509,0,0
2012-12-21,3217,20000,217850,10.95,10.95,10.85,10.9,-0.05,9,2012,13.29,0.75,8.41,91.66900000000001,0.6109405334508088,0,0
2012-12-24,3217,24000,262050,10.9,10.95,10.9,10.9,-0.05,12,2012,13.29,0.75,8.41,91.66900000000001,0.6109405334508088,0,0
2012-12-25,3217,35000,384650,10.9,11.1,10.9,11.0,0.1,14,2012,13.41,0.75,8.41,92.51,0.6165454924732932,0,0
2012-12-26,3217,61000,670600,11.0,11.1,10.95,10.95,-0.05,23,2012,13.35,0.75,8.41,92.0895,0.6137430129620509,0,0
2012-12-27,3217,13000,142000,10.95,10.95,10.9,10.95,0.0,10,2012,13.35,0.75,8.41,92.0895,0.6137430129620509,0,0
2012-12-28,3217,29000,317850,11.0,11.0,10.95,10.95,0.0,19,2012,13.35,0.75,8.41,92.0895,0.6137430129620509,0,0
2013-01-02,3217,36000,397850,11.1,11.1,11.0,11.05,0.1,21,2013,13.48,0.76,8.41,92.93050000000001,0.6225639878180969,0,0
2013-01-03,3217,178000,1975650,11.1,11.25,11.0,11.2,0.15,43,2013,13.66,0.77,8.41,94.192,0.631015082675356,0,0
2013-01-04,3217,141000,1584400,11.2,11.3,11.2,11.25,0.05,51,2013,13.72,0.77,8.41,94.6125,0.6338321142944424,0,0
2013-01-07,3217,64000,717550,11.25,11.25,11.1,11.25,0.0,23,2013,13.72,0.77,8.41,94.6125,0.6338321142944424,0,0
2013-01-08,3217,55000,613000,11.25,11.25,11.05,11.05,-0.2,31,2013,13.48,0.76,8.41,92.93050000000001,0.6225639878180969,0,0
2013-01-09,3217,45000,500050,11.15,11.15,11.05,11.05,0.0,17,2013,13.48,0.76,8.41,92.93050000000001,0.6225639878180969,0,0
2013-01-10,3217,40000,447100,11.05,11.25,11.05,11.15,0.1,19,2013,13.6,0.77,8.41,93.7715,0.6281980510562696,0,0
2013-01-11,3217,121000,1346850,11.3,11.3,11.1,11.2,0.05,33,2013,13.66,0.77,8.41,94.192,0.631015082675356,0,0
2013-01-14,3217,120000,1356250,11.3,11.4,11.25,11.4,0.2,56,2013,13.9,0.78,8.41,95.87400000000001,0.6422832091517018,0,0
2013-01-15,3217,102000,1172900,11.35,11.6,11.35,11.4,0.0,46,2013,13.9,0.78,8.41,95.87400000000001,0.6422832091517018,0,0
2013-01-16,3217,102000,1176550,11.4,11.6,11.4,11.6,0.2,35,2013,14.15,0.8,8.41,97.556,0.6535513356280473,0,0
2013-01-17,3217,136000,1555750,11.65,11.7,11.25,11.25,-0.35,46,2013,13.72,0.77,8.41,94.6125,0.6338321142944424,0,0
2013-01-18,3217,60000,682500,11.3,11.45,11.3,11.45,0.2,22,2013,13.96,0.79,8.41,96.2945,0.6451002407707881,0,0
2013-01-21,3217,214000,2487550,11.5,11.75,11.45,11.7,0.25,82,2013,14.27,0.8,8.41,98.39699999999999,0.6591853988662201,0,0
2013-01-22,3217,174000,2039750,11.7,11.85,11.55,11.55,-0.15,60,2013,14.09,0.79,8.41,97.13550000000001,0.650734304008961,0,0
2013-01-23,3217,114000,1304650,11.5,11.5,11.4,11.4,-0.15,34,2013,13.9,0.78,8.41,95.87400000000001,0.6422832091517018,0,0
2013-01-24,3217,50000,570300,11.4,11.5,11.3,11.5,0.1,27,2013,14.02,0.79,8.41,96.715,0.6479172723898745,0,0
2013-01-25,3217,41000,466100,11.5,11.5,11.3,11.3,-0.2,21,2013,13.78,0.78,8.41,95.033,0.6366491459135288,0,0
2013-01-28,3217,48000,543950,11.3,11.35,11.3,11.3,0.0,25,2013,13.78,0.78,8.41,95.033,0.6366491459135288,0,0
2013-01-29,3217,56000,638150,11.35,11.4,11.35,11.35,0.05,17,2013,13.84,0.78,8.41,95.4535,0.6394661775326153,0,0
2013-01-30,3217,148000,1687000,11.3,11.5,11.3,11.5,0.15,42,2013,14.02,0.79,8.41,96.715,0.6479172723898745,0,0
2013-01-31,3217,101000,1152150,11.45,11.5,11.35,11.5,0.0,33,2013,14.02,0.79,8.41,96.715,0.6479172723898745,0,0
2013-02-01,3217,34000,382350,11.2,11.35,11.2,11.35,-0.15,17,2013,13.84,0.78,8.41,95.4535,0.6394661775326153,0,0
2013-02-04,3217,206000,2310400,11.3,11.35,11.15,11.15,-0.2,71,2013,13.6,0.77,8.41,93.7715,0.581975133792559,0,0
2013-02-05,3217,84000,935500,11.15,11.2,11.1,11.1,-0.05,37,2013,13.54,0.76,8.41,93.351,0.5793653798293636,0,0
2013-02-06,3217,64000,710800,11.15,11.2,11.05,11.2,0.1,35,2013,13.66,0.77,8.41,94.192,0.5845848877557542,0,0
2013-02-18,3217,342000,3939150,11.55,11.7,11.4,11.55,0.35,122,2013,14.09,0.79,8.41,97.13550000000001,0.6028531654981217,0,0
2013-02-19,3217,310000,3595800,11.6,11.7,11.5,11.6,0.05,83,2013,14.15,0.8,8.41,97.556,0.605462919461317,0,0
2013-02-20,3217,212000,2480050,11.7,11.75,11.65,11.65,0.05,85,2013,14.21,0.8,8.41,97.9765,0.6080726734245123,0,0
2013-02-21,3217,63000,730400,11.65,11.65,11.55,11.55,-0.1,30,2013,14.09,0.79,8.41,97.13550000000001,0.6028531654981217,0,0
2013-02-22,3217,48000,552700,11.55,11.6,11.45,11.5,-0.05,22,2013,14.02,0.79,8.41,96.715,0.6002434115349263,0,0
2013-02-25,3217,348000,4197150,11.85,12.25,11.75,12.1,0.35,151,2013,14.76,0.83,8.41,101.761,0.6315604590932703,0,0
2013-02-26,3217,155000,1856100,11.95,12.1,11.85,11.95,-0.15,71,2013,14.57,0.82,8.41,100.4995,0.6237311972036843,0,0
2013-02-27,3217,104000,1240250,12.0,12.0,11.85,11.9,-0.05,45,2013,14.51,0.82,8.41,100.07900000000001,0.621121443240489,0,0
2013-03-01,3217,779000,9849400,11.95,12.7,11.95,12.7,0.8,253,2013,15.49,0.87,8.41,106.807,0.6628775066516143,0,0
2013-03-04,3217,1877000,24952850,13.5,13.55,12.85,12.85,0.15,684,2013,15.67,0.88,8.41,108.0685,0.6723952023902187,0,0
2013-03-05,3217,1218000,16414100,12.85,13.7,12.85,13.7,0.85,399,2013,16.71,0.94,8.41,115.217,0.716872706050272,0,0
2013-03-06,3217,1674000,23533950,14.1,14.5,13.75,13.85,0.15,586,2013,16.89,0.95,8.41,116.4785,0.7247216772843991,0,0
2013-03-07,3217,573000,7981150,13.9,14.25,13.7,13.7,-0.15,255,2013,16.71,0.94,8.41,115.217,0.716872706050272,0,0
2013-03-08,3217,1182000,16778300,14.0,14.45,13.8,14.2,0.5,358,2013,17.32,0.97,8.41,119.422,0.7430359434973622,0,0
2013-03-11,3217,1179000,15767500,14.0,14.15,13.25,13.35,-0.85,388,2013,16.28,0.92,8.41,112.2735,0.6985584398373088,0,0
2013-03-12,3217,578000,7558000,13.25,13.3,13.0,13.25,-0.1,216,2013,16.16,0.91,8.41,111.4325,0.6933257923478908,0,0
2013-03-13,3217,397000,5175300,13.5,13.5,12.85,13.1,-0.15,140,2013,15.98,0.9,8.41,110.17099999999999,0.6854768211137637,0,0
2013-03-14,3217,121000,1575100,13.2,13.2,12.9,13.1,0.0,71,2013,15.98,0.9,8.41,110.17099999999999,0.6854768211137637,0,0
2013-03-15,3217,188000,2435300,13.1,13.1,12.9,12.9,-0.2,70,2013,15.73,0.89,8.41,108.489,0.6750115261349277,0,0
2013-03-18,3217,204000,2578650,12.8,12.9,12.5,12.6,-0.3,82,2013,15.37,0.86,8.41,105.966,0.6593135836666735,0,0
2013-03-19,3217,111000,1398750,12.6,12.7,12.5,12.6,0.0,59,2013,15.37,0.86,8.41,105.966,0.6593135836666735,0,0
2013-03-20,3217,770000,10171850,12.65,13.45,12.65,12.95,0.35,327,2013,15.79,0.89,8.41,108.9095,0.6776278498796366,0,0
2013-03-21,3217,285000,3752250,13.0,13.4,13.0,13.0,0.05,115,2013,15.85,0.89,8.41,109.33,0.6802441736243456,0,0
2013-03-22,3217,100000,1302300,13.0,13.2,12.9,12.9,-0.1,43,2013,15.73,0.89,8.41,108.489,0.6750115261349277,0,0
2013-03-25,3217,112000,1458300,13.0,13.2,12.9,12.95,0.05,47,2013,15.79,0.89,8.41,108.9095,0.6776278498796366,0,0
2013-03-26,3217,168000,2193400,12.95,13.2,12.9,13.0,0.05,72,2013,15.85,0.89,8.41,109.33,0.6802441736243456,0,0
2013-03-27,3217,133000,1741450,13.1,13.15,13.05,13.1,0.1,51,2013,15.98,0.9,8.41,110.17099999999999,0.6854768211137637,0,0
2013-03-28,3217,152000,1982550,13.1,13.1,12.95,13.0,-0.1,52,2013,15.85,0.89,8.41,109.33,0.6802441736243456,0,0
2013-03-29,3217,123000,1604400,13.1,13.1,12.95,13.1,0.1,57,2013,15.98,0.9,8.41,110.17099999999999,0.6854768211137637,0,0
2013-04-01,3217,149000,1944500,13.2,13.2,13.0,13.0,-0.1,64,2013,15.85,0.89,8.41,109.33,0.6802441736243456,0,0
2013-04-02,3217,253000,3261550,12.9,13.0,12.8,12.9,-0.1,78,2013,15.73,0.89,8.41,108.489,0.6700603362499868,0,0
2013-04-03,3217,125000,1602150,12.9,12.9,12.75,12.8,-0.1,56,2013,15.61,0.88,8.41,107.64800000000001,0.6648660700775063,0,0
2013-04-08,3217,220000,2721200,12.65,12.65,12.2,12.3,-0.5,98,2013,12.06,0.84,8.41,103.44300000000001,0.6388947392151039,0,0
2013-04-09,3217,95000,1157750,12.45,12.45,12.1,12.3,0.0,27,2013,12.06,0.84,8.41,103.44300000000001,0.6388947392151039,0,0
2013-04-10,3217,93000,1164250,12.4,12.65,12.4,12.5,0.2,54,2013,12.25,0.85,8.41,105.125,0.6492832715600648,0,0
2013-04-11,3217,194000,2390900,12.5,12.5,12.25,12.25,-0.25,70,2013,12.01,0.83,8.41,103.02250000000001,0.6362976061288635,0,0
2013-04-12,3217,57000,701350,12.3,12.35,12.2,12.35,0.1,34,2013,12.11,0.84,8.41,103.8635,0.6414918723013441,0,0
2013-04-15,3217,111000,1360200,12.3,12.35,12.2,12.2,-0.15,38,2013,11.96,0.83,8.41,102.60199999999999,0.6337004730426232,0,0
2013-04-16,3217,31000,379200,12.15,12.3,12.15,12.25,0.05,19,2013,12.01,0.83,8.41,103.02250000000001,0.6362976061288635,0,0
2013-04-17,3217,80000,986200,12.3,12.35,12.3,12.35,0.1,31,2013,12.11,0.84,8.41,103.8635,0.6414918723013441,0,0
2013-04-18,3217,200000,2494350,12.4,12.7,12.35,12.5,0.15,52,2013,12.25,0.85,8.41,105.125,0.6492832715600648,0,0
2013-04-19,3217,290000,3706250,12.5,13.0,12.5,12.8,0.3,104,2013,12.55,0.87,8.41,107.64800000000001,0.6648660700775063,0,0
2013-04-22,3217,103000,1320750,12.95,12.95,12.8,12.8,0.0,45,2013,12.55,0.87,8.41,107.64800000000001,0.6648660700775063,0,0
2013-04-23,3217,71000,915350,12.95,12.95,12.85,12.9,0.1,37,2013,12.65,0.88,8.41,108.489,0.6700603362499868,0,0
2013-04-24,3217,250000,3237300,12.8,13.15,12.8,13.0,0.1,74,2013,12.75,0.88,8.41,109.33,0.6752546024224674,0,0
2013-04-25,3217,168000,2162900,12.85,12.95,12.8,12.9,-0.1,54,2013,12.65,0.88,8.41,108.489,0.6700603362499868,0,0
2013-04-26,3217,124000,1593050,13.0,13.1,12.8,12.8,-0.1,41,2013,12.55,0.87,8.41,107.64800000000001,0.6648660700775063,0,0
2013-04-29,3217,114000,1467850,12.8,13.0,12.8,12.95,0.15,46,2013,12.7,0.88,8.41,108.9095,0.6726574693362272,0,0
2013-04-30,3217,105000,1364800,13.1,13.1,12.9,12.95,0.0,49,2013,12.7,0.88,8.41,108.9095,0.6726574693362272,0,0
2013-05-02,3217,68000,880400,12.95,12.95,12.9,12.95,0.0,27,2013,12.7,0.88,8.41,108.9095,0.6737623094730513,0,0
2013-05-03,3217,81000,1049200,13.0,13.0,12.85,12.85,-0.1,29,2013,12.6,0.87,8.41,108.0685,0.6685595117165026,0,0
2013-05-06,3217,76000,979850,12.9,12.95,12.85,12.9,0.05,28,2013,12.65,0.88,8.41,108.489,0.6711609105947769,0,0
2013-05-07,3217,120000,1545550,12.8,12.95,12.8,12.85,-0.05,29,2013,12.6,0.87,8.41,108.0685,0.6685595117165026,0,0
2013-05-08,3217,249000,3226000,12.95,13.05,12.85,12.9,0.05,106,2013,12.65,0.88,8.41,108.489,0.6711609105947769,0,0
2013-05-09,3217,271000,3551400,13.2,13.3,12.95,12.95,0.05,104,2013,12.7,0.88,8.41,108.9095,0.6737623094730513,0,0
2013-05-10,3217,100000,1293700,12.95,13.0,12.9,12.9,-0.05,41,2013,12.65,0.88,8.41,108.489,0.6711609105947769,0,0
2013-05-13,3217,294000,3716650,12.75,12.8,12.5,12.5,-0.4,109,2013,12.25,0.85,8.41,105.125,0.6503497195685822,0,0
2013-05-14,3217,160000,2003650,12.6,12.65,12.45,12.6,0.1,47,2013,12.35,0.86,8.41,105.966,0.6555525173251309,0,0
2013-05-15,3217,72000,901000,12.5,12.6,12.45,12.55,-0.05,32,2013,12.3,0.85,8.41,105.5455,0.6529511184468566,0,0
2013-05-16,3217,248000,3122550,12.6,12.7,12.5,12.55,0.0,77,2013,12.3,0.85,8.41,105.5455,0.6529511184468566,0,0
2013-05-17,3217,204000,2567700,12.55,12.65,12.5,12.6,0.05,50,2013,12.35,0.86,8.41,105.966,0.6555525173251309,0,0
2013-05-20,3217,103000,1306650,12.6,12.75,12.6,12.75,0.15,44,2013,12.5,0.87,8.41,107.2275,0.663356713959954,0,0
2013-05-21,3217,250000,3226500,12.8,13.0,12.8,12.95,0.2,116,2013,12.7,0.88,8.41,108.9095,0.6737623094730513,0,0
2013-05-22,3217,277000,3618400,12.95,13.15,12.95,13.1,0.15,106,2013,12.84,0.89,8.41,110.17099999999999,0.6815665061078743,0,0
2013-05-23,3217,169000,2193850,13.0,13.1,12.9,12.9,-0.2,75,2013,12.65,0.88,8.41,108.489,0.6711609105947769,0,0
2013-05-24,3217,180000,2325250,12.9,13.0,12.85,12.85,-0.05,66,2013,12.6,0.87,8.41,108.0685,0.6685595117165026,0,0
2013-05-27,3217,48000,619250,12.85,13.0,12.85,13.0,0.15,18,2013,12.75,0.88,8.41,109.33,0.6763637083513255,0,0
2013-05-28,3217,84000,1094950,13.05,13.1,13.0,13.0,0.0,35,2013,12.75,0.88,8.41,109.33,0.6763637083513255,0,0
2013-05-29,3217,422000,5699350,13.1,13.8,13.1,13.5,0.5,194,2013,13.24,0.92,8.41,113.535,0.7023776971340688,0,0
2013-05-30,3217,243000,3248350,13.45,13.5,13.25,13.5,0.0,101,2013,13.24,0.92,8.41,113.535,0.7023776971340688,0,0
2013-05-31,3217,163000,2180100,13.6,13.6,13.3,13.3,-0.2,75,2013,13.04,0.9,8.41,111.85300000000001,0.6919721016209716,0,0
2013-06-03,3217,95000,1255600,13.15,13.3,13.15,13.3,0.0,35,2013,11.18,0.87,8.41,111.85300000000001,0.6868016654723945,0,0
2013-06-04,3217,191000,2511950,13.3,13.3,13.05,13.05,-0.25,75,2013,10.97,0.86,8.41,109.7505,0.6738918597304322,0,0
2013-06-05,3217,255000,3302650,13.0,13.1,12.85,12.95,-0.1,83,2013,10.88,0.85,8.41,108.9095,0.6687279374336473,0,0
2013-06-06,3217,97000,1261500,13.0,13.2,12.95,12.95,0.0,47,2013,10.88,0.85,8.41,108.9095,0.6687279374336473,0,0
2013-06-07,3217,188000,2417150,13.0,13.0,12.75,12.75,-0.2,65,2013,10.71,0.84,8.41,107.2275,0.6584000928400775,0,0
2013-06-10,3217,139000,1774200,12.75,12.9,12.65,12.65,-0.1,58,2013,10.63,0.83,8.41,106.3865,0.6532361705432925,0,0
2013-06-11,3217,167000,2129300,12.7,12.85,12.65,12.85,0.2,73,2013,10.8,0.84,8.41,108.0685,0.6635640151368624,0,0
2013-06-13,3217,163000,2070500,12.85,12.85,12.65,12.7,-0.15,58,2013,10.67,0.83,8.41,106.807,0.655818131691685,0,0
2013-06-14,3217,210000,2643400,12.75,12.75,12.45,12.55,-0.15,73,2013,10.55,0.83,8.41,105.5455,0.6480722482465076,0,0
2013-06-17,3217,201000,2545600,12.6,12.75,12.55,12.7,0.15,51,2013,10.67,0.83,8.41,106.807,0.655818131691685,0,0
2013-06-18,3217,105000,1334400,12.7,12.75,12.65,12.75,0.05,31,2013,10.71,0.84,8.41,107.2275,0.6584000928400775,0,0
2013-06-19,3217,114000,1440450,12.6,12.7,12.6,12.7,-0.05,47,2013,10.67,0.83,8.41,106.807,0.655818131691685,0,0
2013-06-20,3217,68000,854000,12.7,12.7,12.5,12.65,-0.05,32,2013,10.63,0.83,8.41,106.3865,0.6532361705432925,0,0
2013-06-21,3217,96000,1196000,12.5,12.5,12.4,12.5,-0.15,42,2013,10.5,0.82,8.41,105.125,0.6454902870981152,0,0
2013-06-24,3217,22000,275900,12.5,12.6,12.5,12.5,0.0,11,2013,10.5,0.82,8.41,105.125,0.6454902870981152,0,0
2013-06-25,3217,81000,1000700,12.5,12.5,12.2,12.25,-0.25,40,2013,10.29,0.81,8.41,103.02250000000001,0.6325804813561529,0,0
2013-06-26,3217,64000,788000,12.35,12.45,12.25,12.35,0.1,27,2013,10.38,0.81,8.41,103.8635,0.6377444036529377,0,0
2013-06-27,3217,136000,1703450,12.45,12.7,12.4,12.7,0.35,53,2013,10.67,0.83,8.41,106.807,0.655818131691685,0,0
2013-06-28,3217,43000,541900,12.7,12.7,12.5,12.6,-0.1,22,2013,10.59,0.83,8.41,105.966,0.6506542093949,0,0
2013-07-01,3217,79000,999500,12.6,12.75,12.6,12.7,0.1,31,2013,10.67,0.83,8.41,106.807,0.655818131691685,0,0
2013-07-02,3217,49000,627050,12.75,12.95,12.7,12.7,0.0,27,2013,10.67,0.83,8.41,106.807,0.649107869430907,0,0
2013-07-03,3217,49000,617800,12.7,12.7,12.55,12.6,-0.1,23,2013,10.59,0.83,8.41,105.966,0.6439967838448368,0,0
2013-07-04,3217,103000,1290400,12.6,12.6,12.45,12.45,-0.15,46,2013,10.46,0.82,8.41,104.7045,0.6363301554657317,0,0
2013-07-05,3217,93000,1165250,12.65,12.65,12.45,12.45,0.0,35,2013,10.46,0.82,8.41,104.7045,0.6363301554657317,0,0
2013-07-08,3217,91000,1132300,12.5,12.5,12.4,12.45,0.0,37,2013,10.46,0.82,8.41,104.7045,0.6363301554657317,0,0
2013-07-09,3217,29000,362200,12.5,12.5,12.45,12.45,0.0,19,2013,10.46,0.82,8.41,104.7045,0.6363301554657317,0,0
2013-07-10,3217,58000,725000,12.5,12.55,12.45,12.5,0.05,31,2013,10.5,0.82,8.41,105.125,0.6388856982587668,0,0
2013-07-11,3217,97000,1214000,12.55,12.55,12.5,12.55,0.05,39,2013,10.55,0.83,8.41,105.5455,0.6414412410518019,0,0
2013-07-12,3217,138000,1731500,12.55,12.6,12.5,12.55,0.0,44,2013,10.55,0.83,8.41,105.5455,0.6414412410518019,0,0
2013-07-15,3217,78000,984150,12.7,12.7,12.55,12.65,0.1,36,2013,10.63,0.83,8.41,106.3865,0.646552326637872,0,0
2013-07-16,3217,183000,2339350,12.7,12.85,12.7,12.8,0.15,86,2013,10.76,0.84,8.41,107.64800000000001,0.6542189550169772,0,0
2013-07-17,3217,446000,5726300,12.9,13.0,12.8,12.8,0.0,159,2013,10.76,0.84,8.41,107.64800000000001,0.6542189550169772,0,0
2013-07-18,3217,242000,2887600,12.05,12.1,11.8,11.8,0.0,117,2013,9.92,0.78,8.41,99.23800000000001,0.603108099156276,0,0
2013-07-19,3217,118000,1372050,11.75,11.75,11.55,11.65,-0.15,63,2013,9.79,0.77,8.41,97.9765,0.5954414707771707,0,0
2013-07-22,3217,65000,752550,11.7,11.7,11.55,11.55,-0.1,36,2013,9.71,0.76,8.41,97.13550000000001,0.5903303851911006,0,0
2013-07-23,3217,49000,573650,11.65,11.8,11.6,11.7,0.15,31,2013,9.83,0.77,8.41,98.39699999999999,0.5979970135702056,0,0
2013-07-24,3217,44000,510250,11.55,11.7,11.55,11.6,-0.1,25,2013,9.75,0.76,8.41,97.556,0.5928859279841355,0,0
2013-07-25,3217,80000,926700,11.6,11.65,11.55,11.6,0.0,30,2013,9.75,0.76,8.41,97.556,0.5928859279841355,0,0
2013-07-26,3217,464000,5568650,11.75,12.2,11.75,12.2,0.6,200,2013,10.25,0.8,8.41,102.60199999999999,0.6235524415005563,0,0
2013-07-29,3217,399000,4906550,12.2,12.45,12.1,12.3,0.1,155,2013,10.34,0.81,8.41,103.44300000000001,0.6286635270866265,0,0
2013-07-30,3217,310000,3855700,12.45,12.55,12.3,12.35,0.05,97,2013,10.38,0.81,8.41,103.8635,0.6312190698796616,0,0
2013-07-31,3217,123000,1508900,12.3,12.35,12.15,12.3,-0.05,44,2013,10.34,0.81,8.41,103.44300000000001,0.6286635270866265,0,0
2013-08-01,3217,90000,1097600,12.2,12.3,12.1,12.25,-0.05,33,2013,10.29,0.81,8.41,103.02250000000001,0.6261079842935915,0,0
2013-08-02,3217,110000,1343200,12.25,12.3,12.15,12.15,-0.1,39,2013,10.21,0.8,8.41,102.1815,0.6247374802135742,0,0
2013-08-05,3217,96000,1170300,12.1,12.4,12.0,12.2,0.05,39,2013,10.25,0.8,8.41,102.60199999999999,0.6273084163461402,0,0
2013-08-06,3217,89000,1081600,12.2,12.2,12.1,12.15,-0.05,36,2013,10.21,0.8,8.41,102.1815,0.6247374802135742,0,0
2013-08-07,3217,22000,265250,12.15,12.15,12.0,12.0,-0.15,10,2013,10.08,0.79,8.41,100.92,0.6170246718158757,0,0
2013-08-08,3217,542000,6827300,12.5,12.8,12.5,12.5,0.5,146,2013,10.5,0.82,8.41,105.125,0.6427340331415372,0,0
2013-08-09,3217,47000,582400,12.25,12.5,12.25,12.25,-0.25,26,2013,10.29,0.81,8.41,103.02250000000001,0.6298793524787065,0,0
2013-08-12,3217,128000,1562800,12.2,12.4,12.1,12.2,-0.05,31,2013,10.25,0.8,8.41,102.60199999999999,0.6273084163461402,0,0
2013-08-13,3217,9000,110150,12.35,12.35,12.2,12.25,0.05,5,2013,10.29,0.81,8.41,103.02250000000001,0.6298793524787065,0,0
2013-08-14,3217,270000,3387500,12.5,12.7,12.45,12.5,0.25,89,2013,10.5,0.82,8.41,105.125,0.6427340331415372,0,0
2013-08-15,3217,120000,1508650,12.5,12.8,12.4,12.8,0.3,45,2013,10.76,0.84,8.41,107.64800000000001,0.6581596499369341,0,0
2013-08-16,3217,147000,1863600,12.8,12.95,12.5,12.65,-0.15,72,2013,10.63,0.83,8.41,106.3865,0.6504468415392357,0,0
2013-08-19,3217,151000,1901950,12.55,12.7,12.55,12.6,-0.05,52,2013,10.59,0.83,8.41,105.966,0.6478759054066694,0,0
2013-08-20,3217,214000,2691950,12.65,12.75,12.4,12.45,-0.15,54,2013,10.46,0.82,8.41,104.7045,0.6401630970089711,0,0
2013-08-22,3217,59000,730350,12.35,12.45,12.3,12.45,0.0,23,2013,10.46,0.82,8.41,104.7045,0.6401630970089711,0,0
2013-08-23,3217,135000,1698450,12.5,12.75,12.5,12.75,0.3,53,2013,10.71,0.84,8.41,107.2275,0.655588713804368,0,0
2013-08-26,3217,177000,2235500,12.75,12.75,12.55,12.6,-0.15,72,2013,10.59,0.83,8.41,105.966,0.6478759054066694,0,0
2013-08-27,3217,96000,1196800,12.55,12.55,12.4,12.4,-0.2,40,2013,10.42,0.82,8.41,104.284,0.637592160876405,0,0
2013-08-28,3217,112000,1387700,12.4,12.6,12.3,12.6,0.2,30,2013,10.59,0.83,8.41,105.966,0.6478759054066694,0,0
2013-08-29,3217,684000,8819700,12.7,13.1,12.7,12.85,0.25,198,2013,10.8,0.84,8.41,108.0685,0.6607305860695003,0,0
2013-08-30,3217,794000,10392900,13.0,13.25,12.9,13.1,0.25,237,2013,11.01,0.86,8.41,110.17099999999999,0.673585266732331,0,0
2013-09-02,3217,209000,2734750,13.1,13.25,12.9,13.2,0.1,88,2013,11.09,0.87,8.41,111.012,0.6845041919808211,0,0
2013-09-03,3217,361000,4769200,13.45,13.45,13.05,13.15,-0.05,93,2013,11.05,0.86,8.41,110.59150000000001,0.6819113730718029,0,0
2013-09-04,3217,185000,2391700,13.15,13.15,12.85,12.85,-0.3,65,2013,10.8,0.84,8.41,108.0685,0.6663544596176934,0,0
2013-09-05,3217,245000,3174150,12.95,13.05,12.85,13.05,0.2,70,2013,10.97,0.86,8.41,109.7505,0.6767257352537663,0,0
2013-09-06,3217,326000,4198250,13.05,13.05,12.85,12.85,-0.2,78,2013,10.98,0.86,8.41,108.0685,0.6663544596176934,0,0
2013-09-09,3217,106000,1356500,12.85,12.85,12.7,12.7,-0.15,37,2013,10.85,0.85,8.41,106.807,0.6585760028906386,0,0
2013-09-10,3217,136000,1716600,12.75,12.75,12.5,12.5,-0.2,60,2013,10.68,0.84,8.41,105.125,0.6482047272545655,0,0
2013-09-11,3217,177000,2189500,12.5,12.5,12.3,12.45,-0.05,72,2013,10.64,0.83,8.41,104.7045,0.6456119083455473,0,0
2013-09-12,3217,54000,670100,12.45,12.5,12.35,12.4,-0.05,37,2013,10.6,0.83,8.41,104.284,0.6430190894365291,0,0
2013-09-13,3217,136000,1678800,12.45,12.45,12.3,12.3,-0.1,46,2013,10.51,0.82,8.41,103.44300000000001,0.6378334516184925,0,0
2013-09-16,3217,97000,1203150,12.45,12.45,12.35,12.45,0.05,33,2013,10.64,0.83,8.41,104.7045,0.6456119083455473,0,0
2013-09-17,3217,88000,1084050,12.4,12.4,12.3,12.35,-0.1,31,2013,10.56,0.83,8.41,103.8635,0.6404262705275107,0,0
2013-09-18,3217,89000,1096550,12.3,12.35,12.3,12.3,-0.05,26,2013,10.51,0.82,8.41,103.44300000000001,0.6378334516184925,0,0
2013-09-23,3217,160000,1975900,12.45,12.45,12.3,12.3,0.0,55,2013,10.51,0.82,8.41,103.44300000000001,0.6378334516184925,0,0
2013-09-24,3217,66000,814500,12.35,12.35,12.3,12.3,0.0,29,2013,10.51,0.82,8.41,103.44300000000001,0.6378334516184925,0,0
2013-09-25,3217,88000,1082750,12.3,12.35,12.3,12.35,0.05,34,2013,10.56,0.83,8.41,103.8635,0.6404262705275107,0,0
2013-09-26,3217,128000,1586700,12.35,12.5,12.3,12.35,0.0,52,2013,10.56,0.83,8.41,103.8635,0.6404262705275107,0,0
2013-09-27,3217,58000,716500,12.35,12.4,12.3,12.35,0.0,30,2013,10.56,0.83,8.41,103.8635,0.6404262705275107,0,0
2013-09-30,3217,184000,2264950,12.4,12.4,12.3,12.35,0.0,43,2013,10.56,0.83,8.41,103.8635,0.6404262705275107,0,0
2013-10-01,3217,123000,1514450,12.35,12.35,12.25,12.3,-0.05,50,2013,10.51,0.82,8.41,103.44300000000001,0.6378334516184925,0,0
2013-10-02,3217,110000,1354000,12.4,12.4,12.25,12.35,0.05,40,2013,10.56,0.83,8.41,103.8635,0.663971703203271,0,0
2013-10-03,3217,75000,928350,12.35,12.4,12.3,12.4,0.05,35,2013,10.6,0.83,8.41,104.284,0.6666598477506528,0,0
2013-10-04,3217,87000,1083050,12.4,12.5,12.4,12.45,0.05,41,2013,10.64,0.83,8.41,104.7045,0.6693479922980343,0,0
2013-10-07,3217,358000,4506500,12.45,12.75,12.45,12.7,0.25,122,2013,10.85,0.85,8.41,106.807,0.6827887150349427,0,0
2013-10-08,3217,236000,2996900,12.65,12.75,12.6,12.65,-0.05,90,2013,10.81,0.85,8.41,106.3865,0.680100570487561,0,0
2013-10-09,3217,1499000,19458850,12.65,13.2,12.6,12.85,0.2,350,2013,10.98,0.86,8.41,108.0685,0.6908531486770877,0,0
2013-10-11,3217,389000,4924900,12.95,13.05,12.45,12.5,-0.35,159,2013,10.68,0.84,8.41,105.125,0.6720361368454161,0,0
2013-10-14,3217,119000,1470150,12.5,12.5,12.3,12.3,-0.2,59,2013,10.51,0.82,8.41,103.44300000000001,0.6612835586558894,0,0
2013-10-15,3217,79000,974500,12.3,12.4,12.3,12.4,0.1,42,2013,10.6,0.83,8.41,104.284,0.6666598477506528,0,0
2013-10-16,3217,65000,803300,12.4,12.4,12.3,12.4,0.0,24,2013,10.6,0.83,8.41,104.284,0.6666598477506528,0,0
2013-10-17,3217,80000,992500,12.5,12.5,12.35,12.35,-0.05,36,2013,10.56,0.83,8.41,103.8635,0.663971703203271,0,0
2013-10-18,3217,34000,422400,12.5,12.5,12.4,12.45,0.1,17,2013,10.64,0.83,8.41,104.7045,0.6693479922980343,0,0
2013-10-21,3217,111000,1374300,12.4,12.45,12.35,12.35,-0.1,47,2013,10.56,0.83,8.41,103.8635,0.663971703203271,0,0
2013-10-22,3217,111000,1369250,12.35,12.45,12.3,12.35,0.0,33,2013,10.56,0.83,8.41,103.8635,0.663971703203271,0,0
2013-10-23,3217,84000,1048150,12.45,12.55,12.35,12.45,0.1,40,2013,10.64,0.83,8.41,104.7045,0.6693479922980343,0,0
2013-10-24,3217,152000,1896800,12.45,12.6,12.4,12.55,0.1,77,2013,10.73,0.84,8.41,105.5455,0.6747242813927977,0,0
2013-10-25,3217,247000,3127850,12.55,12.8,12.55,12.7,0.15,118,2013,10.85,0.85,8.41,106.807,0.6827887150349427,0,0
2013-10-28,3217,705000,9169100,12.7,13.2,12.7,13.0,0.3,260,2013,11.11,0.87,8.41,109.33,0.6989175823192326,0,0
2013-10-29,3217,210000,2724400,13.0,13.1,12.85,12.9,-0.1,66,2013,11.03,0.86,8.41,108.489,0.6935412932244693,0,0
2013-10-30,3217,266000,3405900,12.9,12.9,12.7,12.75,-0.15,105,2013,10.9,0.85,8.41,107.2275,0.6854768595823244,0,0
2013-10-31,3217,201000,2593700,12.8,13.05,12.75,12.85,0.1,83,2013,10.98,0.86,8.41,108.0685,0.6908531486770877,0,0
2013-11-01,3217,152000,1949100,12.85,12.95,12.75,12.95,0.1,67,2013,11.07,0.87,8.41,108.9095,0.696229437771851,0,0
2013-11-04,3217,4192000,57696150,13.1,13.85,13.1,13.85,0.9,1129,2013,11.84,0.93,8.41,116.4785,0.7683207411013355,0,0
2013-11-05,3217,2505000,34611600,14.0,14.25,13.3,13.4,-0.45,938,2013,11.45,0.9,8.41,112.694,0.7433572513182596,0,0
2013-11-06,3217,1252000,17019950,13.4,13.85,13.25,13.75,0.35,466,2013,11.75,0.92,8.41,115.6375,0.7627732989273186,0,0
2013-11-07,3217,1289000,17904300,13.85,14.15,13.6,13.6,-0.15,434,2013,11.62,0.91,8.41,114.376,0.7544521356662933,0,0
2013-11-08,3217,999000,13293200,13.6,13.7,13.0,13.1,-0.5,313,2013,11.2,0.88,8.41,110.17099999999999,0.726714924796209,0,0
2013-11-11,3217,1359000,16825950,12.7,12.7,12.2,12.2,-0.9,493,2013,10.43,0.82,8.41,102.60199999999999,0.6767879452300571,0,0
2013-11-12,3217,679000,8081550,11.95,12.1,11.7,11.75,-0.45,219,2013,10.04,0.79,8.41,98.8175,0.6518244554469813,0,0
2013-11-13,3217,380000,4541900,11.85,12.05,11.85,11.9,0.15,113,2013,10.17,0.8,8.41,100.07900000000001,0.6601456187080067,0,0
2013-11-14,3217,374000,4516600,12.1,12.2,11.9,12.15,0.25,124,2013,10.38,0.81,8.41,102.1815,0.6740142241430488,0,0
2013-11-15,3217,593000,7264100,12.15,12.4,12.1,12.1,-0.05,162,2013,10.34,0.81,8.41,101.761,0.6712405030560403,0,0
2013-11-18,3217,302000,3600500,12.1,12.15,11.75,11.75,-0.35,134,2013,10.04,0.79,8.41,98.8175,0.6518244554469813,0,0
2013-11-19,3217,135000,1602200,11.75,12.0,11.75,11.85,0.1,57,2013,10.13,0.79,8.41,99.6585,0.6573718976209982,0,0
2013-11-20,3217,131000,1557850,11.9,11.95,11.85,11.85,0.0,40,2013,10.13,0.79,8.41,99.6585,0.6573718976209982,0,0
2013-11-21,3217,59000,697550,11.85,11.85,11.8,11.85,0.0,29,2013,10.58,0.76,8.41,99.6585,0.6573718976209982,0,0
2013-11-22,3217,42000,502600,11.9,12.0,11.9,11.95,0.1,29,2013,10.67,0.77,8.41,100.4995,0.662919339795015,0,0
2013-11-25,3217,80000,961000,12.0,12.1,12.0,12.0,0.05,30,2013,10.71,0.77,8.41,100.92,0.6656930608820235,0,0
2013-11-26,3217,91000,1093900,12.2,12.2,12.0,12.0,0.0,26,2013,10.71,0.77,8.41,100.92,0.6656930608820235,0,0
2013-11-27,3217,148000,1780350,12.0,12.1,12.0,12.05,0.05,41,2013,10.76,0.77,8.41,101.3405,0.668466781969032,0,0
2013-11-28,3217,186000,2263300,12.15,12.25,12.15,12.2,0.15,59,2013,10.89,0.78,8.41,102.60199999999999,0.6767879452300571,0,0
2013-11-29,3217,263000,3222650,12.25,12.35,12.15,12.15,-0.05,77,2013,10.85,0.78,8.41,102.1815,0.6740142241430488,0,0
2013-12-02,3217,101000,1225650,12.1,12.25,12.1,12.1,-0.05,35,2013,10.8,0.78,8.41,101.761,0.6659851555357181,0,0
2013-12-03,3217,456000,5626600,12.1,12.4,12.1,12.3,0.2,95,2013,10.98,0.79,8.41,103.44300000000001,0.6769931746354821,0,0
2013-12-04,3217,115000,1409400,12.3,12.4,12.2,12.2,-0.1,35,2013,10.89,0.78,8.41,102.60199999999999,0.6714891650856001,0,0
2013-12-05,3217,133000,1637350,12.2,12.4,12.2,12.35,0.15,52,2013,11.03,0.79,8.41,103.8635,0.6797451794104231,0,0
2013-12-06,3217,142000,1751150,12.25,12.4,12.25,12.25,-0.1,35,2013,10.94,0.79,8.41,103.02250000000001,0.6742411698605412,0,0
2013-12-09,3217,245000,3051800,12.4,12.6,12.3,12.45,0.2,74,2013,11.12,0.8,8.41,104.7045,0.6852491889603051,0,0
2013-12-10,3217,73000,900800,12.4,12.4,12.2,12.25,-0.2,39,2013,10.94,0.79,8.41,103.02250000000001,0.6742411698605412,0,0
2013-12-11,3217,99000,1216850,12.35,12.45,12.2,12.2,-0.05,47,2013,10.89,0.78,8.41,102.60199999999999,0.6714891650856001,0,0
2013-12-12,3217,104000,1260900,12.1,12.2,12.1,12.1,-0.1,48,2013,10.8,0.78,8.41,101.761,0.6659851555357181,0,0
2013-12-13,3217,212000,2577600,12.1,12.3,12.1,12.2,0.1,68,2013,10.89,0.78,8.41,102.60199999999999,0.6714891650856001,0,0
2013-12-16,3217,140000,1709450,12.35,12.35,12.1,12.1,-0.1,50,2013,10.8,0.78,8.41,101.761,0.6659851555357181,0,0
2013-12-17,3217,132000,1618700,12.3,12.35,12.15,12.2,0.1,65,2013,10.89,0.78,8.41,102.60199999999999,0.6714891650856001,0,0
2013-12-18,3217,144000,1765600,12.15,12.35,12.15,12.25,0.05,74,2013,10.94,0.79,8.41,103.02250000000001,0.6742411698605412,0,0
2013-12-19,3217,94000,1155950,12.3,12.35,12.25,12.25,0.0,38,2013,10.94,0.79,8.41,103.02250000000001,0.6742411698605412,0,0
2013-12-20,3217,177000,2181850,12.35,12.45,12.25,12.35,0.1,61,2013,11.03,0.79,8.41,103.8635,0.6797451794104231,0,0
2013-12-23,3217,1465000,18900350,12.4,13.1,12.4,13.1,0.75,451,2013,11.7,0.84,8.41,110.17099999999999,0.7210252510345379,0,0
2013-12-24,3217,497000,6470350,13.2,13.25,12.85,13.0,-0.1,209,2013,11.61,0.83,8.41,109.33,0.7155212414846559,0,0
2013-12-25,3217,304000,3969100,13.0,13.15,12.9,13.0,0.0,100,2013,11.61,0.83,8.41,109.33,0.7155212414846559,0,0
2013-12-26,3217,380000,5023450,13.0,13.4,13.0,13.2,0.2,123,2013,11.79,0.85,8.41,111.012,0.7265292605844198,0,0
2013-12-27,3217,607000,8102150,13.2,13.55,13.15,13.15,-0.05,187,2013,11.74,0.84,8.41,110.59150000000001,0.7237772558094788,0,0
2013-12-30,3217,212000,2792150,13.15,13.35,13.1,13.1,-0.05,92,2013,11.7,0.84,8.41,110.17099999999999,0.7210252510345379,0,0
2013-12-31,3217,169000,2215550,13.1,13.15,13.1,13.1,0.0,71,2013,11.7,0.84,8.41,110.17099999999999,0.7210252510345379,0,0
2014-01-02,3217,224000,2927550,13.15,13.15,13.0,13.1,0.0,71,2014,11.7,0.84,8.41,110.17099999999999,0.7280523965639041,0,0
2014-01-03,3217,302000,3967400,13.1,13.2,13.1,13.15,0.05,119,2014,11.74,0.84,8.41,110.59150000000001,0.7308312225049877,0,0
2014-01-06,3217,822000,11157500,13.15,13.75,13.15,13.55,0.4,284,2014,12.1,0.87,8.41,113.95550000000001,0.7530618300336567,0,0
2014-01-07,3217,1660000,23285000,13.7,14.3,13.65,14.2,0.65,499,2014,12.68,0.91,8.41,119.422,0.7891865672677434,0,0
2014-01-08,3217,5640000,83502050,14.6,15.15,14.35,15.15,0.95,1372,2014,13.53,0.97,8.41,127.4115,0.8419842601483318,0,0
2014-01-09,3217,4141000,62725200,15.3,15.35,14.85,14.95,-0.2,1337,2014,13.35,0.96,8.41,125.7295,0.8308689563839974,0,0
2014-01-10,3217,2252000,33979050,14.95,15.5,14.6,14.8,-0.15,735,2014,13.21,0.95,8.41,124.468,0.8225324785607466,0,0
2014-01-13,3217,1386000,19911650,14.6,14.6,14.2,14.25,-0.55,527,2014,12.72,0.91,8.41,119.8425,0.791965393208827,0,0
2014-01-14,3217,1231000,17276550,14.2,14.3,13.8,14.15,-0.1,422,2014,12.63,0.91,8.41,119.00150000000001,0.7864077413266597,0,0
2014-01-15,3217,1219000,17760950,14.25,14.8,14.25,14.6,0.45,386,2014,13.04,0.94,8.41,122.786,0.8114171747964122,0,0
2014-01-16,3217,556000,8086000,14.8,14.8,14.35,14.45,-0.15,215,2014,12.9,0.93,8.41,121.52449999999999,0.8030806969731613,0,0
2014-01-17,3217,479000,6923800,14.6,14.65,14.25,14.3,-0.15,177,2014,12.77,0.92,8.41,120.263,0.7947442191499106,0,0
2014-01-20,3217,405000,5762050,14.2,14.4,14.15,14.2,-0.1,170,2014,12.68,0.91,8.41,119.422,0.7891865672677434,0,0
2014-01-21,3217,714000,10335450,14.2,14.7,14.15,14.6,0.4,281,2014,13.04,0.94,8.41,122.786,0.8114171747964122,0,0
2014-01-22,3217,368000,5319500,14.65,14.65,14.3,14.3,-0.3,142,2014,12.77,0.92,8.41,120.263,0.7947442191499106,0,0
2014-01-23,3217,192000,2754600,14.3,14.5,14.25,14.3,0.0,99,2014,12.77,0.92,8.41,120.263,0.7947442191499106,0,0
2014-01-24,3217,119000,1704550,14.35,14.4,14.2,14.4,0.1,54,2014,12.86,0.92,8.41,121.104,0.8003018710320777,0,0
2014-01-27,3217,558000,7885450,14.25,14.3,13.95,14.05,-0.35,167,2014,12.54,0.9,8.41,118.16050000000001,0.7808500894444927,0,0
2014-02-05,3217,510000,7175700,13.8,14.5,13.75,14.2,0.15,185,2014,12.68,0.91,8.41,119.422,0.8611975074583705,0,0
2014-02-06,3217,933000,13580000,14.25,14.75,14.25,14.55,0.35,325,2014,12.99,0.93,8.41,122.36550000000001,0.8824242065858655,0,0
2014-02-07,3217,542000,7907150,14.7,14.8,14.45,14.6,0.05,207,2014,13.04,0.94,8.41,122.786,0.8854565921755077,0,0
2014-02-10,3217,381000,5495500,14.65,14.65,14.3,14.4,-0.2,158,2014,12.86,0.92,8.41,121.104,0.8733270498169391,0,0
2014-02-11,3217,406000,5898500,14.3,14.65,14.3,14.45,0.05,150,2014,12.9,0.93,8.41,121.52449999999999,0.8763594354065812,0,0
2014-02-12,3217,2669000,40976650,14.65,15.45,14.55,15.45,1.0,607,2014,13.79,0.99,8.41,129.93449999999999,0.937007147199424,0,0
2014-02-13,3217,3166000,49384900,15.7,15.85,15.35,15.65,0.2,1050,2014,13.97,1.0,8.41,131.6165,0.9491366895579928,0,0
2014-02-14,3217,1342000,20648450,15.7,15.8,14.9,15.0,-0.65,419,2014,13.39,0.96,8.41,126.15,0.9097156768926449,0,0
2014-02-17,3217,3960000,62660300,15.2,16.05,15.2,15.6,0.6,1146,2014,13.93,1.0,8.41,131.196,0.9461043039683507,0,0
2014-02-18,3217,2597000,41444250,15.6,16.2,15.6,16.05,0.45,752,2014,14.33,1.03,8.41,134.9805,0.97339577427513,0,0
2014-02-19,3217,1909000,30432800,16.2,16.4,15.6,15.6,-0.45,672,2014,13.93,1.0,8.41,131.196,0.9461043039683507,0,0
2014-02-20,3217,806000,12530200,15.6,15.8,15.3,15.4,-0.2,309,2014,13.75,0.99,8.41,129.514,0.9339747616097821,0,0
2014-02-21,3217,1111000,17419950,15.5,15.85,15.45,15.75,0.35,436,2014,14.06,1.01,8.41,132.4575,0.9552014607372772,0,0
2014-02-24,3217,4121000,69197300,16.8,16.85,16.5,16.85,1.1,1133,2014,15.04,1.08,8.41,141.70850000000002,1.0219139437094047,0,0
2014-02-25,3217,3193000,53925800,16.9,17.25,16.5,17.1,0.25,1063,2014,15.27,1.1,8.41,143.811,1.0370758716576152,0,0
2014-02-26,3217,2442000,42142750,17.4,17.7,16.7,16.7,-0.4,957,2014,14.91,1.07,8.41,140.447,1.012816786940478,0,0
2014-02-27,3217,901000,15161100,16.85,17.0,16.6,17.0,0.3,399,2014,15.18,1.09,8.41,142.97,1.0310111004783309,0,0
2014-03-03,3217,1062000,17714300,17.0,17.0,16.55,16.6,-0.4,342,2014,14.82,1.06,8.41,139.60600000000002,1.0127553814826074,0,0
2014-03-04,3217,797000,13338200,16.5,17.05,16.45,16.65,0.05,306,2014,14.87,1.07,8.41,140.0265,1.0158058494991211,0,0
2014-03-05,3217,546000,9118350,16.9,16.9,16.55,16.8,0.15,193,2014,15.0,1.08,8.41,141.288,1.0249572535486628,0,0
2014-03-06,3217,650000,10891300,17.0,17.0,16.6,16.6,-0.2,225,2014,14.82,1.06,8.41,139.60600000000002,1.0127553814826074,0,0
2014-03-07,3217,902000,14704000,16.9,16.9,15.75,15.8,-0.8,388,2014,14.11,1.01,8.41,132.87800000000001,0.9639478932183854,0,0
2014-03-10,3217,264000,4173500,15.8,15.95,15.7,15.75,-0.05,139,2014,14.06,1.01,8.41,132.4575,0.9608974252018714,0,0
2014-03-11,3217,580000,9012200,15.75,15.9,15.35,15.5,-0.25,214,2014,13.84,0.99,8.41,130.355,0.945645085119302,0,0
2014-03-12,3217,583000,9264400,15.5,16.15,15.5,15.8,0.3,229,2014,14.11,1.01,8.41,132.87800000000001,0.9639478932183854,0,0
2014-03-13,3217,240000,3806600,16.0,16.0,15.7,15.7,-0.1,110,2014,14.02,1.01,8.41,132.037,0.9578469571853575,0,0
2014-03-14,3217,167000,2629650,15.6,15.9,15.6,15.8,0.1,83,2014,14.11,1.01,8.41,132.87800000000001,0.9639478932183854,0,0
2014-03-17,3217,280000,4412550,15.85,15.85,15.7,15.75,-0.05,99,2014,14.06,1.01,8.41,132.4575,0.9608974252018714,0,0
2014-03-18,3217,279000,4426400,16.0,16.0,15.8,15.8,0.05,98,2014,14.11,1.01,8.41,132.87800000000001,0.9639478932183854,0,0
2014-03-19,3217,610000,9768800,15.8,16.15,15.8,16.1,0.3,236,2014,14.38,1.03,8.41,135.401,0.9822507013174685,0,0
2014-03-20,3217,1073000,17694050,16.5,16.9,16.25,16.4,0.3,427,2014,14.64,1.05,8.41,137.92399999999998,1.0005535094165516,0,0
2014-03-21,3217,586000,9546350,16.5,16.65,16.15,16.15,-0.25,228,2014,14.42,1.04,8.41,135.8215,0.9853011693339822,0,0
2014-03-24,3217,383000,6082800,16.15,16.2,15.6,15.9,-0.25,148,2014,14.2,1.02,8.41,133.719,0.970048829251413,0,0
2014-03-25,3217,516000,8384500,16.0,16.4,16.0,16.3,0.4,178,2014,14.55,1.04,8.41,137.083,0.994452573383524,0,0
2014-03-26,3217,300000,4871600,16.5,16.6,16.1,16.25,-0.05,115,2014,14.51,1.04,8.41,136.6625,0.9914021053670101,0,0
2014-03-27,3217,1086000,18007850,16.25,16.8,16.25,16.65,0.4,442,2014,14.87,1.07,8.41,140.0265,1.0158058494991211,0,0
2014-03-28,3217,489000,8080200,16.8,16.8,16.35,16.35,-0.3,205,2014,14.6,1.05,8.41,137.5035,0.9975030414000379,0,0
2014-03-31,3217,640000,10654650,16.45,16.8,16.3,16.8,0.45,230,2014,15.0,1.08,8.41,141.288,1.0249572535486628,0,0
2014-04-01,3217,425000,7099600,16.8,16.9,16.6,16.7,-0.1,151,2014,14.91,1.07,8.41,140.447,1.018856317515635,0,0
2014-04-02,3217,491000,8180350,16.7,16.85,16.5,16.6,-0.1,158,2014,14.82,1.06,8.41,139.60600000000002,1.0394327145152478,0,0
2014-04-03,3217,299000,4936000,16.6,16.65,16.4,16.55,-0.05,122,2014,14.78,1.06,8.41,139.18550000000002,1.0363018930859849,0,0
2014-04-07,3217,206000,3375600,16.35,16.5,16.3,16.45,-0.1,106,2014,14.69,1.05,8.41,138.34449999999998,1.030040250227459,0,0
2014-04-08,3217,183000,3019900,16.6,16.6,16.45,16.55,0.1,61,2014,14.78,1.06,8.41,139.18550000000002,1.0363018930859849,0,0
2014-04-09,3217,169000,2785550,16.6,16.6,16.4,16.55,0.0,57,2014,14.52,1.01,8.41,139.18550000000002,1.0363018930859849,0,0
2014-04-10,3217,1246000,20281750,16.6,16.75,16.0,16.2,-0.35,408,2014,14.21,0.99,8.41,136.242,1.0143861430811452,0,0
2014-04-11,3217,423000,6761150,15.75,16.15,15.75,16.15,-0.05,162,2014,14.17,0.99,8.41,135.8215,1.0112553216518823,0,0
2014-04-14,3217,335000,5295300,16.1,16.1,15.65,15.75,-0.4,159,2014,13.82,0.97,8.41,132.4575,0.9862087502177801,0,0
2014-04-15,3217,344000,5426600,15.9,15.9,15.7,15.8,0.05,115,2014,13.86,0.97,8.41,132.87800000000001,0.989339571647043,0,0
2014-04-16,3217,213000,3381700,15.9,15.95,15.8,15.9,0.1,88,2014,13.95,0.97,8.41,133.719,0.9956012145055685,0,0
2014-04-17,3217,138000,2205700,15.9,16.1,15.9,15.9,0.0,61,2014,13.95,0.97,8.41,133.719,0.9956012145055685,0,0
2014-04-18,3217,121000,1931000,16.05,16.05,15.9,15.95,0.05,52,2014,13.99,0.98,8.41,134.1395,0.9987320359348313,0,0
2014-04-21,3217,137000,2184950,15.95,16.1,15.85,16.1,0.15,45,2014,14.12,0.99,8.41,135.401,1.0081245002226196,0,0
2014-04-22,3217,159000,2546100,16.1,16.1,15.95,15.95,-0.15,74,2014,13.99,0.98,8.41,134.1395,0.9987320359348313,0,0
2014-04-23,3217,311000,5005650,16.1,16.2,15.95,15.95,0.0,111,2014,13.99,0.98,8.41,134.1395,0.9987320359348313,0,0
2014-04-24,3217,186000,2943600,16.1,16.1,15.7,15.9,-0.05,64,2014,13.95,0.97,8.41,133.719,0.9956012145055685,0,0
2014-04-25,3217,659000,10113200,15.75,15.85,15.0,15.2,-0.7,229,2014,13.33,0.93,8.41,127.832,0.9517697144958893,0,0
2014-04-28,3217,172000,2563500,14.8,15.1,14.55,15.1,-0.1,70,2014,13.25,0.93,8.41,126.991,0.9455080716373637,0,0
2014-04-29,3217,78000,1183350,15.2,15.25,15.05,15.25,0.15,55,2014,13.38,0.93,8.41,128.2525,0.9549005359251521,0,0
2014-04-30,3217,108000,1637350,15.25,15.3,15.1,15.15,-0.1,51,2014,13.29,0.93,8.41,127.4115,0.9486388930666265,0,0
2014-05-02,3217,41000,622700,15.05,15.25,15.05,15.2,0.05,33,2014,13.33,0.93,8.41,127.832,0.9709221603458595,0,0
2014-05-05,3217,123000,1868500,15.2,15.35,15.1,15.35,0.15,48,2014,13.46,0.94,8.41,129.0935,0.9805036290334831,0,0
2014-05-06,3217,99000,1527750,15.35,15.55,15.35,15.5,0.15,47,2014,13.6,0.95,8.41,130.355,0.9900850977211068,0,0
2014-05-07,3217,180000,2804500,15.5,15.65,15.5,15.6,0.1,68,2014,13.68,0.96,8.41,131.196,0.9964727435128558,0,0
2014-05-08,3217,101000,1574600,15.6,15.65,15.55,15.55,-0.05,34,2014,13.64,0.95,8.41,130.77550000000002,0.9932789206169814,0,0
2014-05-09,3217,112000,1730950,15.65,15.65,15.35,15.35,-0.2,41,2014,13.46,0.94,8.41,129.0935,0.9805036290334831,0,0
2014-05-12,3217,133000,2031750,15.4,15.4,15.2,15.2,-0.15,51,2014,13.33,0.93,8.41,127.832,0.9709221603458595,0,0
2014-05-13,3217,154000,2350050,15.3,15.4,15.2,15.3,0.1,42,2014,13.42,0.94,8.41,128.673,0.9773098061376085,0,0
2014-05-14,3217,185000,2806900,15.3,15.3,15.1,15.2,-0.1,52,2014,13.33,0.93,8.41,127.832,0.9709221603458595,0,0
2014-05-15,3217,106000,1609200,15.1,15.25,15.1,15.25,0.05,29,2014,13.38,0.93,8.41,128.2525,0.974115983241734,0,0
2014-05-16,3217,92000,1399200,15.2,15.25,15.2,15.2,-0.05,37,2014,13.33,0.93,8.41,127.832,0.9709221603458595,0,0
2014-05-19,3217,137000,2086250,15.3,15.3,15.15,15.25,0.05,34,2014,13.38,0.93,8.41,128.2525,0.974115983241734,0,0
2014-05-20,3217,102000,1555900,15.3,15.35,15.15,15.25,0.0,33,2014,13.38,0.93,8.41,128.2525,0.974115983241734,0,0
2014-05-21,3217,64000,974050,15.2,15.25,15.15,15.25,0.0,23,2014,13.38,0.93,8.41,128.2525,0.974115983241734,0,0
2014-05-22,3217,67000,1024850,15.3,15.4,15.25,15.3,0.05,36,2014,13.42,0.94,8.41,128.673,0.9773098061376085,0,0
2014-05-23,3217,127000,1960850,15.25,15.7,15.25,15.7,0.4,53,2014,13.77,0.96,8.41,132.037,1.0028603893046049,0,0
2014-05-26,3217,158000,2474950,15.9,15.9,15.5,15.5,-0.2,50,2014,14.22,0.92,8.41,130.355,0.9900850977211068,0,0
2014-05-27,3217,29000,448000,15.5,15.55,15.4,15.45,-0.05,17,2014,14.17,0.92,8.41,129.93449999999999,0.986891274825232,0,0
2014-05-28,3217,108000,1671450,15.5,15.55,15.4,15.5,0.05,44,2014,14.22,0.92,8.41,130.355,0.9900850977211068,0,0
2014-05-29,3217,61000,945650,15.5,15.6,15.45,15.6,0.1,26,2014,14.31,0.93,8.41,131.196,0.9964727435128558,0,0
2014-05-30,3217,53000,824250,15.5,15.6,15.5,15.55,-0.05,24,2014,14.27,0.92,8.41,130.77550000000002,0.9932789206169814,0,0
2014-06-03,3217,149000,2291850,15.55,15.55,15.3,15.4,-0.15,52,2014,14.13,0.91,8.41,129.514,0.9912981847044299,0,0
2014-06-04,3217,260000,4064000,15.45,15.8,15.45,15.6,0.2,85,2014,14.31,0.93,8.41,131.196,1.0041721871031888,0,0
2014-06-05,3217,130000,2010900,15.6,15.6,15.4,15.6,0.0,59,2014,14.31,0.93,8.41,131.196,1.0041721871031888,0,0
2014-06-06,3217,210000,3294000,15.6,16.0,15.6,15.65,0.05,79,2014,14.36,0.93,8.41,131.6165,1.0073906877028784,0,0
2014-06-09,3217,75000,1175350,15.7,15.7,15.65,15.7,0.05,35,2014,14.4,0.93,8.41,132.037,1.010609188302568,0,0
2014-06-10,3217,170000,2657400,15.75,15.75,15.55,15.7,0.0,59,2014,14.4,0.93,8.41,132.037,1.010609188302568,0,0
2014-06-11,3217,202000,3201450,15.8,15.95,15.75,15.95,0.25,82,2014,14.63,0.95,8.41,134.1395,1.0267016913010167,0,0
2014-06-12,3217,318000,5127200,16.0,16.3,15.85,16.1,0.15,146,2014,14.77,0.96,8.41,135.401,1.036357193100086,0,0
2014-06-13,3217,106000,1706000,16.0,16.25,16.0,16.1,0.0,49,2014,14.77,0.96,8.41,135.401,1.036357193100086,0,0
2014-06-16,3217,162000,2611350,16.3,16.3,16.05,16.2,0.1,57,2014,14.86,0.96,8.41,136.242,1.0427941942994652,0,0
2014-06-17,3217,169000,2734250,16.3,16.3,16.1,16.25,0.05,68,2014,14.91,0.96,8.41,136.6625,1.0460126948991548,0,0
2014-06-18,3217,207000,3326900,16.25,16.25,15.95,15.95,-0.3,66,2014,14.63,0.95,8.41,134.1395,1.0267016913010167,0,0
2014-06-19,3217,95000,1519250,16.0,16.1,15.95,16.0,0.05,41,2014,14.68,0.95,8.41,134.56,1.0299201919007064,0,0
2014-06-20,3217,60000,958750,16.05,16.05,15.95,16.0,0.0,23,2014,14.68,0.95,8.41,134.56,1.0299201919007064,0,0
2014-06-23,3217,135000,2150650,16.0,16.05,15.85,15.95,-0.05,42,2014,14.63,0.95,8.41,134.1395,1.0267016913010167,0,0
2014-06-24,3217,118000,1865250,15.8,16.1,15.65,16.1,0.15,54,2014,14.77,0.96,8.41,135.401,1.036357193100086,0,0
2014-06-25,3217,59000,942650,16.0,16.0,15.85,15.9,-0.2,30,2014,14.59,0.94,8.41,133.719,1.0234831907013269,0,0
2014-06-26,3217,103000,1644750,16.0,16.0,15.85,15.9,0.0,36,2014,14.59,0.94,8.41,133.719,1.0234831907013269,0,0
2014-06-27,3217,38000,604500,15.9,16.0,15.9,15.9,0.0,22,2014,14.59,0.94,8.41,133.719,1.0234831907013269,0,0
2014-06-30,3217,130000,2080600,15.9,16.1,15.9,16.1,0.2,41,2014,14.77,0.96,8.41,135.401,1.036357193100086,0,0
2014-07-01,3217,182000,2936150,16.05,16.25,16.0,16.2,0.1,66,2014,14.86,0.96,8.41,136.242,1.0427941942994652,0,0
2014-07-02,3217,227000,3649650,16.25,16.25,15.85,15.85,-0.35,91,2014,14.54,0.94,8.41,133.2985,1.0363496137163541,0,0
2014-07-03,3217,75000,1195300,15.95,16.0,15.9,15.9,0.05,37,2014,14.59,0.94,8.41,133.719,1.039618855400002,0,0
2014-07-04,3217,65000,1037350,16.05,16.05,15.9,15.95,0.05,29,2014,14.63,0.95,8.41,134.1395,1.0428880970836498,0,0
2014-07-07,3217,111000,1775250,15.9,16.15,15.85,16.15,0.2,45,2014,14.82,0.96,8.41,135.8215,1.055965063818241,0,0
2014-07-08,3217,63000,1009300,16.15,16.15,15.9,16.0,-0.15,30,2014,14.68,0.95,8.41,134.56,1.0461573387672976,0,0
2014-07-09,3217,104000,1660500,15.85,16.1,15.85,15.95,-0.05,38,2014,14.63,0.95,8.41,134.1395,1.0428880970836498,0,0
2014-07-10,3217,152000,2437500,15.85,16.25,15.85,16.25,0.3,51,2014,14.91,0.96,8.41,136.6625,1.0625035471855366,0,0
2014-07-11,3217,294000,4676850,16.1,16.1,15.8,15.8,-0.45,87,2014,14.5,0.94,8.41,132.87800000000001,1.0330803720327066,0,0
2014-07-14,3217,135000,2147850,15.8,15.95,15.8,15.95,0.15,46,2014,14.63,0.95,8.41,134.1395,1.0428880970836498,0,0
2014-07-15,3217,107000,1711150,16.0,16.05,15.95,16.0,0.05,39,2014,14.68,0.95,8.41,134.56,1.0461573387672976,0,0
2014-07-16,3217,91000,1454450,16.0,16.0,15.95,15.95,-0.05,36,2014,14.63,0.95,8.41,134.1395,1.0428880970836498,0,0
2014-07-17,3217,113000,1802750,15.95,16.0,15.9,16.0,0.05,51,2014,14.68,0.95,8.41,134.56,1.0461573387672976,0,0
2014-07-18,3217,211000,3364450,15.95,16.0,15.9,16.0,0.0,51,2014,14.68,0.95,8.41,134.56,1.0461573387672976,0,0
2014-07-21,3217,213000,3392950,16.0,16.1,15.8,15.85,-0.15,81,2014,14.54,0.94,8.41,133.2985,1.0363496137163541,0,0
2014-07-22,3217,257000,4107650,15.85,16.15,15.85,16.05,0.2,103,2014,14.72,0.95,8.41,134.9805,1.0494265804509455,0,0
2014-07-24,3217,244000,3575300,14.6,14.75,14.6,14.75,0.0,97,2014,13.53,0.88,8.41,124.0475,0.9644262966761025,0,0
2014-07-25,3217,133000,1959500,14.8,14.8,14.65,14.8,0.05,45,2014,13.58,0.88,8.41,124.468,0.9676955383597503,0,0
2014-07-28,3217,133000,1941950,14.75,14.75,14.55,14.65,-0.15,58,2014,13.44,0.87,8.41,123.2065,0.9578878133088069,0,0
2014-07-29,3217,72000,1048150,14.7,14.75,14.4,14.45,-0.2,38,2014,13.26,0.86,8.41,121.52449999999999,0.9448108465742157,0,0
2014-07-30,3217,50000,722550,14.4,14.6,14.4,14.6,0.15,31,2014,13.39,0.87,8.41,122.786,0.9546185716251591,0,0
2014-07-31,3217,39000,564700,14.6,14.6,14.4,14.45,-0.15,18,2014,13.26,0.86,8.41,121.52449999999999,0.9448108465742157,0,0
2014-08-01,3217,49000,702700,14.3,14.45,14.3,14.45,0.0,26,2014,13.26,0.86,8.41,121.52449999999999,0.9448108465742157,0,0
2014-08-04,3217,24000,345850,14.45,14.45,14.35,14.45,0.0,19,2014,13.26,0.86,8.41,121.52449999999999,0.9472425987720287,0,0
2014-08-05,3217,64000,926550,14.45,14.5,14.45,14.5,0.05,40,2014,13.3,0.86,8.41,121.94500000000001,0.950520254823143,0,0
2014-08-06,3217,229000,3277850,14.5,14.55,14.15,14.25,-0.25,74,2014,13.07,0.85,8.41,119.8425,0.9341319745675716,0,0
2014-08-07,3217,391000,5777450,14.55,14.95,14.55,14.75,0.5,162,2014,13.53,0.88,8.41,124.0475,0.9669085350787144,0,0
2014-08-08,3217,209000,3075350,14.65,14.85,14.65,14.85,0.1,97,2014,13.62,0.88,8.41,124.8885,0.973463847180943,0,0
2014-08-11,3217,187000,2812400,14.95,15.1,14.95,15.0,0.15,80,2014,13.76,0.89,8.41,126.15,0.9832968153342858,0,0
2014-08-12,3217,167000,2481700,15.0,15.05,14.8,14.8,-0.2,68,2014,13.58,0.88,8.41,124.468,0.9701861911298287,0,0
2014-08-13,3217,877000,13520350,14.8,15.8,14.8,15.6,0.8,274,2014,14.31,0.93,8.41,131.196,1.0226286879476574,0,0
2014-08-14,3217,298000,4575700,15.7,15.7,15.2,15.35,-0.25,75,2014,14.08,0.91,8.41,129.0935,1.006240407692086,0,0
2014-08-15,3217,211000,3232600,15.3,15.4,15.25,15.35,0.0,79,2014,14.08,0.91,8.41,129.0935,1.006240407692086,0,0
2014-08-18,3217,212000,3238600,15.45,15.45,15.25,15.3,-0.05,81,2014,14.04,0.91,8.41,128.673,1.0029627516409716,0,0
2014-08-19,3217,175000,2682950,15.3,15.4,15.3,15.4,0.1,44,2014,14.13,0.91,8.41,129.514,1.0095180637432002,0,0
2014-08-20,3217,329000,5131550,15.4,15.8,15.4,15.5,0.1,127,2014,14.22,0.92,8.41,130.355,1.0160733758454288,0,0
2014-08-21,3217,177000,2741000,15.45,15.6,15.4,15.55,0.05,52,2014,14.27,0.92,8.41,130.77550000000002,1.019351031896543,0,0
2014-08-22,3217,497000,7831850,15.8,15.9,15.55,15.8,0.25,160,2014,14.5,0.94,8.41,132.87800000000001,1.0357393121521146,0,0
2014-08-25,3217,212000,3377700,15.9,16.0,15.8,15.95,0.15,88,2014,14.12,0.99,8.41,134.1395,1.0455722803054572,0,0
2014-08-26,3217,145000,2308450,15.95,16.0,15.85,16.0,0.05,61,2014,14.16,0.99,8.41,134.56,1.0488499363565715,0,0
2014-08-27,3217,358000,5725350,16.0,16.05,15.85,16.0,0.0,83,2014,14.16,0.99,8.41,134.56,1.0488499363565715,0,0
2014-08-28,3217,157000,2502800,15.9,16.05,15.85,15.9,-0.1,43,2014,14.07,0.99,8.41,133.719,1.042294624254343,0,0
2014-08-29,3217,411000,6581350,15.9,16.15,15.9,16.15,0.25,99,2014,14.29,1.0,8.41,135.8215,1.0586829045099142,0,0
2014-09-01,3217,277000,4461550,16.1,16.15,16.05,16.1,-0.05,62,2014,14.25,1.0,8.41,135.401,1.0554052484588001,0,0
2014-09-02,3217,131000,2098000,16.1,16.1,15.95,16.1,0.0,42,2014,14.25,1.0,8.41,135.401,1.0562680935281825,0,0
2014-09-03,3217,118000,1883800,16.1,16.1,15.9,16.0,-0.1,43,2014,14.16,0.99,8.41,134.56,1.0497074221398086,0,0
2014-09-04,3217,87000,1386550,16.0,16.0,15.85,16.0,0.0,39,2014,14.16,0.99,8.41,134.56,1.0497074221398086,0,0
2014-09-05,3217,66000,1049000,15.9,15.95,15.85,15.9,-0.1,27,2014,14.07,0.99,8.41,133.719,1.0431467507514347,0,0
2014-09-09,3217,85000,1345650,16.0,16.0,15.8,15.9,0.0,23,2014,14.07,0.99,8.41,133.719,1.0431467507514347,0,0
2014-09-10,3217,35000,554150,15.8,15.9,15.8,15.9,0.0,17,2014,14.07,0.99,8.41,133.719,1.0431467507514347,0,0
2014-09-11,3217,111000,1785250,16.0,16.2,15.9,15.9,0.0,47,2014,14.07,0.99,8.41,133.719,1.0431467507514347,0,0
2014-09-12,3217,72000,1133150,15.9,15.9,15.65,15.8,-0.1,36,2014,13.98,0.98,8.41,132.87800000000001,1.0365860793630612,0,0
2014-09-15,3217,67000,1049950,15.7,15.8,15.6,15.6,-0.2,34,2014,13.81,0.97,8.41,131.196,1.0234647365863134,0,0
2014-09-16,3217,81000,1265750,15.65,15.75,15.55,15.55,-0.05,35,2014,13.76,0.96,8.41,130.77550000000002,1.0201844008921266,0,0
2014-09-17,3217,64000,998100,15.55,15.65,15.55,15.65,0.1,29,2014,13.85,0.97,8.41,131.6165,1.0267450722805003,0,0
2014-09-18,3217,88000,1382100,15.6,15.75,15.6,15.75,0.1,28,2014,13.94,0.98,8.41,132.4575,1.0333057436688742,0,0
2014-09-19,3217,62000,974950,15.8,15.85,15.65,15.7,-0.05,21,2014,13.89,0.97,8.41,132.037,1.0300254079746871,0,0
2014-09-22,3217,16000,249900,15.7,15.7,15.6,15.6,-0.1,9,2014,13.81,0.97,8.41,131.196,1.0234647365863134,0,0
2014-09-23,3217,62000,969400,15.55,15.75,15.5,15.7,0.1,36,2014,13.89,0.97,8.41,132.037,1.0300254079746871,0,0
2014-09-24,3217,30000,469950,15.7,15.75,15.6,15.7,0.0,17,2014,13.89,0.97,8.41,132.037,1.0300254079746871,0,0
2014-09-25,3217,66000,1027250,15.7,15.75,15.45,15.65,-0.05,36,2014,13.85,0.97,8.41,131.6165,1.0267450722805003,0,0
2014-09-26,3217,77000,1192650,15.4,15.6,15.4,15.6,-0.05,32,2014,13.81,0.97,8.41,131.196,1.0234647365863134,0,0
2014-09-29,3217,25000,387850,15.55,15.55,15.4,15.5,-0.1,7,2014,13.72,0.96,8.41,130.355,1.0169040651979395,0,0
2014-09-30,3217,42000,650700,15.5,15.5,15.4,15.4,-0.1,17,2014,13.63,0.96,8.41,129.514,1.0103433938095658,0,0
2014-10-01,3217,14000,217800,15.5,15.6,15.5,15.5,0.1,10,2014,13.72,0.96,8.41,130.355,1.0169040651979395,0,0
2014-10-02,3217,54000,839250,15.7,15.7,15.5,15.55,0.05,21,2014,13.76,0.96,8.41,130.77550000000002,1.0379807016889397,0,0
2014-10-03,3217,203000,3160050,15.55,15.7,15.5,15.7,0.15,47,2014,13.89,0.97,8.41,132.037,1.0479933772679326,0,0
2014-10-06,3217,59000,926050,15.75,15.75,15.65,15.7,0.0,27,2014,13.89,0.97,8.41,132.037,1.0479933772679326,0,0
2014-10-07,3217,53000,827950,15.55,15.7,15.55,15.65,-0.05,20,2014,13.85,0.97,8.41,131.6165,1.0446558187416015,0,0
2014-10-08,3217,31000,482800,15.55,15.65,15.55,15.6,-0.05,19,2014,13.81,0.97,8.41,131.196,1.0413182602152706,0,0
2014-10-09,3217,66000,1024900,15.5,15.6,15.45,15.55,-0.05,31,2014,13.76,0.96,8.41,130.77550000000002,1.0379807016889397,0,0
2014-10-13,3217,412000,6186200,15.0,15.25,14.8,14.85,-0.7,90,2014,13.14,0.92,8.41,124.8885,0.9912548823203056,0,0
2014-10-14,3217,538000,7862850,14.55,14.85,14.55,14.85,0.0,41,2014,13.14,0.92,8.41,124.8885,0.9912548823203056,0,0
2014-10-15,3217,58000,854150,14.6,14.85,14.6,14.7,-0.15,23,2014,13.01,0.91,8.41,123.627,0.9812422067413126,0,0
2014-10-16,3217,141000,2040450,14.6,14.9,14.3,14.65,-0.05,56,2014,12.96,0.91,8.41,123.2065,0.9779046482149816,0,0
2014-10-17,3217,105000,1510750,14.65,14.65,14.15,14.15,-0.5,45,2014,12.52,0.88,8.41,119.00150000000001,0.9445290629516717,0,0
2014-10-20,3217,65000,937750,14.5,14.5,14.3,14.45,0.3,23,2014,12.79,0.9,8.41,121.52449999999999,0.9645544141096577,0,0
2014-10-21,3217,50000,720250,14.5,14.5,14.4,14.45,0.0,19,2014,12.79,0.9,8.41,121.52449999999999,0.9645544141096577,0,0
2014-10-22,3217,124000,1808150,14.5,14.75,14.5,14.6,0.15,39,2014,12.92,0.91,8.41,122.786,0.9745670896886507,0,0
2014-10-23,3217,56000,813650,14.7,14.7,14.5,14.5,-0.1,21,2014,12.83,0.9,8.41,121.94500000000001,0.9678919726359887,0,0
2014-10-24,3217,25000,361850,14.6,14.65,14.4,14.65,0.15,13,2014,12.96,0.91,8.41,123.2065,0.9779046482149816,0,0
2014-10-27,3217,29000,417900,14.65,14.65,14.35,14.45,-0.2,18,2014,12.79,0.9,8.41,121.52449999999999,0.9645544141096577,0,0
2014-10-28,3217,26000,374950,14.45,14.5,14.4,14.5,0.05,12,2014,12.83,0.9,8.41,121.94500000000001,0.9678919726359887,0,0
2014-10-29,3217,1190000,18150350,14.5,15.5,14.45,15.4,0.9,191,2014,13.63,0.96,8.41,129.514,1.0279680261099466,0,0
2014-10-30,3217,140000,2117150,15.4,15.4,14.95,15.0,-0.4,60,2014,13.27,0.93,8.41,126.15,1.0012675578992987,0,0
2014-10-31,3217,56000,846050,15.1,15.45,15.0,15.3,0.3,29,2014,13.54,0.95,8.41,128.673,1.0212929090572846,0,0
2014-11-03,3217,147000,2255300,15.35,15.45,15.15,15.45,0.15,56,2014,13.67,0.96,8.41,129.93449999999999,1.0136877828054296,0,0
2014-11-04,3217,60000,915000,15.15,15.35,15.15,15.15,-0.3,21,2014,13.41,0.94,8.41,127.4115,0.9940045248868778,0,0
2014-11-05,3217,100000,1523000,15.25,15.3,15.1,15.15,0.0,34,2014,13.41,0.94,8.41,127.4115,0.9940045248868778,0,0
2014-11-06,3217,1949000,31237300,15.5,16.2,15.5,15.9,0.75,623,2014,14.07,0.99,8.41,133.719,1.043212669683258,0,0
2014-11-07,3217,647000,10123550,15.8,16.0,15.45,15.8,-0.1,242,2014,13.98,0.98,8.41,132.87800000000001,1.0366515837104073,0,0
2014-11-10,3217,422000,6549550,15.85,15.85,15.4,15.4,-0.4,152,2014,13.63,0.96,8.41,129.514,1.0104072398190045,0,0
2014-11-11,3217,330000,5097550,15.4,15.6,15.25,15.55,0.15,117,2014,13.76,0.96,8.41,130.77550000000002,1.0202488687782807,0,0
2014-11-12,3217,87000,1349550,15.6,15.6,15.4,15.4,-0.15,36,2014,13.63,0.96,8.41,129.514,1.0104072398190045,0,0
2014-11-13,3217,69000,1061900,15.3,15.4,15.3,15.35,-0.05,25,2014,13.58,0.95,8.41,129.0935,1.0071266968325792,0,0
2014-11-14,3217,52000,799750,15.35,15.5,15.3,15.4,0.05,34,2014,13.63,0.96,8.41,129.514,1.0104072398190045,0,0
2014-11-17,3217,153000,2336550,15.35,15.35,15.2,15.25,-0.15,42,2014,13.5,0.95,8.41,128.2525,1.0005656108597285,0,0
2014-11-18,3217,67000,1022250,15.35,15.35,15.15,15.15,-0.1,30,2014,13.41,0.94,8.41,127.4115,0.9940045248868778,0,0
2014-11-19,3217,15000,228500,15.25,15.25,15.2,15.2,0.05,8,2014,13.45,0.94,8.41,127.832,0.9972850678733032,0,0
2014-11-20,3217,157000,2403100,15.25,15.4,15.25,15.35,0.15,61,2014,13.58,0.95,8.41,129.0935,1.0071266968325792,0,0
2014-11-21,3217,65000,998000,15.35,15.4,15.3,15.35,0.0,24,2014,13.58,0.95,8.41,129.0935,1.0071266968325792,0,0
2014-11-24,3217,102000,1566150,15.45,15.45,15.3,15.3,-0.05,32,2014,11.25,0.94,8.41,128.673,1.0038461538461538,0,0
2014-11-25,3217,33000,506250,15.3,15.35,15.3,15.35,0.05,15,2014,11.29,0.94,8.41,129.0935,1.0071266968325792,0,0
2014-11-26,3217,176000,2708450,15.35,15.45,15.35,15.35,0.0,58,2014,11.29,0.94,8.41,129.0935,1.0071266968325792,0,0
2014-11-27,3217,299000,4657750,15.5,15.7,15.45,15.7,0.35,108,2014,11.54,0.96,8.41,132.037,1.0300904977375565,0,0
2014-11-28,3217,105000,1644200,15.8,15.8,15.6,15.6,-0.1,57,2014,11.47,0.96,8.41,131.196,1.0235294117647058,0,0
2014-12-01,3217,191000,2999000,15.2,15.8,15.2,15.75,0.15,73,2014,11.58,0.97,8.41,132.4575,1.033371040723982,0,0
2014-12-02,3217,80000,1249600,15.75,15.75,15.55,15.75,0.0,27,2014,11.58,0.97,8.41,132.4575,1.037778644829499,0,0
2014-12-03,3217,326000,5198250,15.8,16.2,15.75,15.95,0.2,101,2014,11.73,0.98,8.41,134.1395,1.0509567863511433,0,0
2014-12-04,3217,278000,4410800,16.15,16.15,15.7,15.9,-0.05,82,2014,11.69,0.98,8.41,133.719,1.0476622509707323,0,0
2014-12-05,3217,85000,1345300,15.95,15.95,15.8,15.8,-0.1,42,2014,11.62,0.97,8.41,132.87800000000001,1.0410731802099102,0,0
2014-12-08,3217,130000,2056850,15.9,15.9,15.75,15.9,0.1,55,2014,11.69,0.98,8.41,133.719,1.0476622509707323,0,0
2014-12-09,3217,97000,1536450,15.9,16.1,15.75,15.95,0.05,45,2014,11.73,0.98,8.41,134.1395,1.0509567863511433,0,0
2014-12-10,3217,78000,1237650,15.9,16.0,15.8,16.0,0.05,36,2014,11.76,0.98,8.41,134.56,1.0542513217315546,0,0
2014-12-11,3217,74000,1179650,16.05,16.05,15.85,15.85,-0.15,39,2014,11.65,0.97,8.41,133.2985,1.0443677155903213,0,0
2014-12-12,3217,83000,1318400,15.8,16.0,15.8,15.95,0.1,36,2014,11.73,0.98,8.41,134.1395,1.0509567863511433,0,0
2014-12-15,3217,103000,1631950,15.75,15.95,15.75,15.95,0.0,42,2014,11.73,0.98,8.41,134.1395,1.0509567863511433,0,0
2014-12-16,3217,149000,2378150,15.95,16.05,15.75,16.0,0.05,79,2014,11.76,0.98,8.41,134.56,1.0542513217315546,0,0
2014-12-17,3217,115000,1832300,16.0,16.0,15.8,15.95,-0.05,52,2014,11.73,0.98,8.41,134.1395,1.0509567863511433,0,0
2014-12-18,3217,246000,3907550,15.95,16.0,15.8,15.95,0.0,84,2014,11.73,0.98,8.41,134.1395,1.0509567863511433,0,0
2014-12-19,3217,2808000,47776850,16.15,17.05,16.15,17.05,1.1,737,2014,12.54,1.05,8.41,143.3905,1.1234365647201878,0,0
2014-12-22,3217,5732000,103511200,17.55,18.2,17.4,18.2,1.15,1832,2014,13.38,1.12,8.41,153.06199999999998,1.1992108784696431,0,0
2014-12-23,3217,4190000,77248600,18.35,18.8,18.1,18.75,0.55,1663,2014,13.79,1.15,8.41,157.6875,1.2354507676541655,0,0
2014-12-24,3217,2212000,41004300,18.65,18.75,18.3,18.6,-0.15,806,2014,13.68,1.14,8.41,156.42600000000002,1.2255671615129322,0,0
2014-12-25,3217,3006000,57212900,18.65,19.65,18.5,18.55,-0.05,1343,2014,13.64,1.14,8.41,156.0055,1.2222726261325212,0,0
2014-12-26,3217,1370000,25216400,18.6,18.75,18.2,18.55,0.0,587,2014,13.64,1.14,8.41,156.0055,1.2222726261325212,0,0
2014-12-29,3217,1349000,24866300,18.45,18.8,18.1,18.1,-0.25,510,2014,13.31,1.11,8.41,152.221,1.192621807708821,0,0
2014-12-30,3217,1100000,19793550,18.2,18.3,17.8,18.15,0.05,450,2014,13.35,1.11,8.41,152.64149999999998,1.195916343089232,0,0
2014-12-31,3217,850000,15579050,18.3,18.55,18.0,18.25,0.1,350,2014,13.42,1.12,8.41,153.48250000000002,1.2025054138500546,0,0
2015-01-05,3217,578000,10533400,18.25,18.45,17.9,18.2,-0.05,268,2015,13.38,1.12,8.21,149.422,1.1631954986135569,0,0
2015-01-06,3217,795000,14506650,18.0,18.6,17.95,18.3,0.1,364,2015,13.46,1.12,8.21,150.24300000000002,1.1695866826718733,0,0
2015-01-07,3217,642000,11588650,18.25,18.25,17.85,18.05,-0.25,283,2015,13.27,1.11,8.21,148.19050000000001,1.1536087225260827,0,0
2015-01-08,3217,1815000,33685100,18.1,19.25,18.0,18.2,0.15,689,2015,13.38,1.12,8.21,149.422,1.1631954986135569,0,0
2015-01-09,3217,364000,6630900,18.4,18.4,18.05,18.15,-0.05,197,2015,13.35,1.11,8.21,149.0115,1.1599999065843989,0,0
2015-01-12,3217,935000,16741900,18.0,18.15,17.65,17.65,-0.5,345,2015,12.98,1.08,8.21,144.9065,1.1280439862928173,0,0
2015-01-13,3217,447000,7948500,17.55,17.9,17.55,17.7,0.05,190,2015,13.01,1.09,8.21,145.317,1.1312395783219755,0,0
2015-01-14,3217,330000,5881750,17.75,18.0,17.7,17.85,0.15,146,2015,13.13,1.1,8.21,146.54850000000002,1.1408263544094501,0,0
2015-01-15,3217,327000,5801650,18.0,18.0,17.65,17.65,-0.2,147,2015,12.98,1.08,8.21,144.9065,1.1280439862928173,0,0
2015-01-16,3217,382000,6732350,17.65,17.85,17.5,17.65,0.0,154,2015,12.98,1.08,8.21,144.9065,1.1280439862928173,0,0
2015-01-19,3217,208000,3662450,17.8,17.8,17.4,17.55,-0.1,99,2015,12.9,1.08,8.21,144.08550000000002,1.1216528022345014,0,0
2015-01-20,3217,248000,4376850,17.55,17.8,17.55,17.65,0.1,75,2015,12.98,1.08,8.21,144.9065,1.1280439862928173,0,0
2015-01-21,3217,173000,3051550,17.65,17.7,17.6,17.65,0.0,76,2015,12.98,1.08,8.21,144.9065,1.1280439862928173,0,0
2015-01-22,3217,654000,11760150,17.7,18.35,17.65,18.0,0.35,254,2015,13.24,1.11,8.21,147.78000000000003,1.1504131304969245,0,0
2015-01-23,3217,382000,6940450,18.05,18.4,18.0,18.0,0.0,181,2015,13.24,1.11,8.21,147.78000000000003,1.1504131304969245,0,0
2015-01-26,3217,694000,12277900,17.8,18.0,17.45,17.5,-0.5,249,2015,12.87,1.07,8.21,143.675,1.1184572102053432,0,0
2015-01-27,3217,206000,3602150,17.5,17.6,17.4,17.5,0.0,102,2015,12.87,1.07,8.21,143.675,1.1184572102053432,0,0
2015-01-28,3217,346000,5974850,17.45,17.55,17.1,17.2,-0.3,166,2015,12.65,1.06,8.21,141.21200000000002,1.0992836580303944,0,0
2015-01-29,3217,62000,1067700,17.15,17.3,17.15,17.25,0.05,46,2015,12.68,1.06,8.21,141.6225,1.1024792500595524,0,0
2015-01-30,3217,212000,3628050,17.25,17.25,17.05,17.1,-0.15,105,2015,12.57,1.05,8.21,140.39100000000002,1.0928924739720782,0,0
2015-02-02,3217,155000,2639800,17.0,17.1,16.9,17.0,-0.1,77,2015,12.5,1.04,8.21,139.57000000000002,1.092882054558752,0,0
2015-02-03,3217,306000,5192050,17.0,17.2,16.9,17.2,0.2,118,2015,12.65,1.06,8.21,141.21200000000002,1.1057394904947373,0,0
2015-02-04,3217,266000,4552550,17.3,17.5,16.9,17.0,-0.2,111,2015,12.5,1.04,8.21,139.57000000000002,1.092882054558752,0,0
2015-02-05,3217,106000,1799800,17.0,17.1,16.9,17.1,0.1,48,2015,12.57,1.05,8.21,140.39100000000002,1.0993107725267448,0,0
2015-02-06,3217,125000,2125700,17.2,17.2,16.95,16.95,-0.15,35,2015,12.46,1.04,8.21,139.1595,1.0896676955747555,0,0
2015-02-09,3217,99000,1675950,16.9,17.0,16.9,16.9,-0.05,44,2015,12.43,1.04,8.21,138.749,1.0864533365907592,0,0
2015-02-10,3217,89000,1505750,16.9,17.05,16.85,16.85,-0.05,40,2015,12.39,1.04,8.21,138.33850000000004,1.0832389776067632,0,0
2015-02-11,3217,88000,1484450,16.85,16.9,16.75,16.8,-0.05,41,2015,12.35,1.03,8.21,137.92800000000003,1.0800246186227669,0,0
2015-02-12,3217,87000,1462200,16.8,16.85,16.75,16.8,0.0,36,2015,12.35,1.03,8.21,137.92800000000003,1.0800246186227669,0,0
2015-02-13,3217,209000,3521550,16.9,17.0,16.75,16.8,0.0,75,2015,12.35,1.03,8.21,137.92800000000003,1.0800246186227669,0,0
2015-02-24,3217,78000,1310850,17.05,17.05,16.7,16.75,-0.05,44,2015,12.32,1.03,8.21,137.5175,1.0768102596387705,0,0
2015-02-25,3217,73000,1220900,16.75,16.9,16.6,16.9,0.15,46,2015,12.43,1.04,8.21,138.749,1.0864533365907592,0,0
2015-02-26,3217,125000,2125650,16.95,17.15,16.95,17.0,0.1,63,2015,12.5,1.04,8.21,139.57000000000002,1.092882054558752,0,0
2015-03-02,3217,121000,2042350,17.0,17.0,16.8,16.95,-0.05,69,2015,12.46,1.04,8.21,139.1595,1.0847589879184105,0,0
2015-03-03,3217,457000,7855350,17.0,17.45,17.0,17.1,0.15,181,2015,12.57,1.05,8.21,140.39100000000002,1.0943586249796355,0,0
2015-03-04,3217,156000,2654650,17.0,17.15,16.95,17.05,-0.05,43,2015,12.54,1.05,8.21,139.9805,1.0911587459592271,0,0
2015-03-05,3217,163000,2777850,17.1,17.1,17.0,17.0,-0.05,61,2015,12.5,1.04,8.21,139.57000000000002,1.087958866938819,0,0
2015-03-06,3217,574000,9704300,17.0,17.3,16.85,16.9,-0.1,270,2015,12.43,1.04,8.21,138.749,1.081559108898002,0,0
2015-03-09,3217,226000,3792600,17.0,17.0,16.7,16.8,-0.1,77,2015,12.35,1.03,8.21,137.92800000000003,1.0751593508571857,0,0
2015-03-10,3217,188000,3186850,16.8,17.15,16.75,16.8,0.0,75,2015,12.35,1.03,8.21,137.92800000000003,1.0751593508571857,0,0
2015-03-11,3217,201000,3407800,16.8,17.1,16.8,17.0,0.2,79,2015,12.5,1.04,8.21,139.57000000000002,1.087958866938819,0,0
2015-03-12,3217,462000,8009950,17.3,17.5,17.2,17.45,0.45,239,2015,12.83,1.07,8.21,143.2645,1.1167577781224933,0,0
2015-03-13,3217,335000,5770500,17.4,17.4,17.1,17.15,-0.3,140,2015,12.61,1.05,8.21,140.8015,1.0975585040000437,0,0
2015-03-16,3217,173000,2990950,17.2,17.4,17.2,17.25,0.1,81,2015,12.68,1.06,8.21,141.6225,1.1039582620408603,0,0
2015-03-17,3217,213000,3661200,17.3,17.35,17.1,17.25,0.0,82,2015,12.68,1.06,8.21,141.6225,1.1039582620408603,0,0
2015-03-18,3217,731000,12879300,17.25,17.9,17.25,17.75,0.5,332,2015,13.05,1.09,8.21,145.72750000000002,1.1359570522449434,0,0
2015-03-19,3217,492000,8727050,17.8,17.95,17.6,17.6,-0.15,188,2015,12.94,1.08,8.21,144.49600000000004,1.1263574151837186,0,0
2015-03-20,3217,313000,5508950,17.7,17.8,17.5,17.6,0.0,137,2015,12.94,1.08,8.21,144.49600000000004,1.1263574151837186,0,0
2015-03-23,3217,559000,9963450,17.8,18.1,17.6,17.65,0.05,193,2015,12.98,1.08,8.21,144.9065,1.1295572942041265,0,0
2015-03-24,3217,318000,5592300,17.65,17.75,17.5,17.55,-0.1,117,2015,12.9,1.08,8.21,144.08550000000002,1.1231575361633102,0,0
2015-03-25,3217,157000,2754100,17.65,17.65,17.5,17.5,-0.05,67,2015,12.87,1.07,8.21,143.675,1.1199576571429017,0,0
2015-03-26,3217,321000,5609650,17.4,17.6,17.35,17.5,0.0,120,2015,12.87,1.07,8.21,143.675,1.1199576571429017,0,0
2015-03-27,3217,411000,7093750,17.5,17.5,17.0,17.2,-0.3,163,2015,12.65,1.06,8.21,141.21200000000002,1.1007583830204521,0,0
2015-03-30,3217,359000,6187300,17.15,17.35,17.15,17.25,0.05,90,2015,12.68,1.06,8.21,141.6225,1.1039582620408603,0,0
2015-03-31,3217,389000,6680050,17.45,17.45,17.0,17.2,-0.05,121,2015,12.65,1.06,8.21,141.21200000000002,1.1007583830204521,0,0
2015-04-01,3217,413000,7040400,17.3,17.3,17.0,17.05,-0.15,116,2015,12.54,1.05,8.21,139.9805,1.0911587459592271,0,0
2015-04-02,3217,533000,9053250,17.1,17.15,16.8,16.9,-0.15,169,2015,12.43,1.04,8.21,138.749,1.0754752666035199,0,0
2015-04-07,3217,242000,4111200,16.9,17.1,16.85,17.0,0.1,103,2015,11.11,1.0,8.21,139.57000000000002,1.0818390255775054,0,0
2015-04-08,3217,333000,5635900,17.05,17.05,16.85,16.95,-0.05,103,2015,11.08,0.99,8.21,139.1595,1.0786571460905126,0,0
2015-04-09,3217,510000,8650550,16.9,17.1,16.9,16.95,0.0,124,2015,11.08,0.99,8.21,139.1595,1.0786571460905126,0,0
2015-04-10,3217,768000,13041300,17.0,17.2,16.85,16.9,-0.05,145,2015,11.05,0.99,8.21,138.749,1.0754752666035199,0,0
2015-04-13,3217,698000,11792800,17.15,17.15,16.8,16.95,0.05,177,2015,11.08,0.99,8.21,139.1595,1.0786571460905126,0,0
2015-04-14,3217,662000,11238950,16.95,17.1,16.9,17.1,0.15,157,2015,11.18,1.0,8.21,140.39100000000002,1.0882027845514908,0,0
2015-04-15,3217,859000,14928200,17.2,17.6,17.2,17.4,0.3,281,2015,11.37,1.02,8.21,142.854,1.1072940614734468,0,0
2015-04-16,3217,428000,7482450,17.6,17.6,17.4,17.5,0.1,154,2015,11.44,1.03,8.21,143.675,1.113657820447432,0,0
2015-04-17,3217,417000,7192750,17.5,17.5,17.15,17.15,-0.35,131,2015,11.21,1.01,8.21,140.8015,1.0913846640384832,0,0
2015-04-20,3217,319000,5463500,17.15,17.35,17.05,17.2,0.05,95,2015,11.24,1.01,8.21,141.21200000000002,1.094566543525476,0,0
2015-04-21,3217,415000,7081850,17.3,17.3,16.85,17.1,-0.1,163,2015,11.18,1.0,8.21,140.39100000000002,1.0882027845514908,0,0
2015-04-22,3217,658000,11079350,17.1,17.1,16.6,16.85,-0.25,228,2015,11.01,0.99,8.21,138.33850000000004,1.0722933871165277,0,0
2015-04-23,3217,526000,8986650,17.0,17.2,17.0,17.1,0.25,160,2015,11.18,1.0,8.21,140.39100000000002,1.0882027845514908,0,0
2015-04-24,3217,259000,4422950,17.1,17.15,17.0,17.15,0.05,98,2015,11.21,1.01,8.21,140.8015,1.0913846640384832,0,0
2015-04-27,3217,324000,5593450,17.3,17.35,17.2,17.2,0.05,122,2015,11.24,1.01,8.21,141.21200000000002,1.094566543525476,0,0
2015-04-28,3217,374000,6431150,17.25,17.3,17.15,17.25,0.05,113,2015,11.27,1.01,8.21,141.6225,1.0977484230124686,0,0
2015-04-29,3217,178000,3048500,17.25,17.3,17.05,17.1,-0.15,69,2015,11.18,1.0,8.21,140.39100000000002,1.0882027845514908,0,0
2015-04-30,3217,134000,2288200,17.2,17.2,17.0,17.05,-0.05,55,2015,11.14,1.0,8.21,139.9805,1.0850209050644979,0,0
2015-05-04,3217,249000,4220850,17.1,17.1,16.9,16.9,-0.15,97,2015,11.05,0.99,8.21,138.749,1.0799369234457359,0,0
2015-05-05,3217,229000,3865950,17.0,17.0,16.85,16.9,0.0,87,2015,11.05,0.99,8.21,138.749,1.0799369234457359,0,0
2015-05-06,3217,296000,5024800,16.85,17.15,16.8,16.95,0.05,108,2015,11.08,0.99,8.21,139.1595,1.0831320031009006,0,0
2015-05-07,3217,125000,2122300,17.0,17.05,16.95,16.95,0.0,48,2015,11.08,0.99,8.21,139.1595,1.0831320031009006,0,0
2015-05-08,3217,426000,7179450,17.05,17.05,16.8,16.8,-0.15,140,2015,10.98,0.99,8.21,137.92800000000003,1.0735467641354062,0,0
2015-05-11,3217,886000,14444450,16.7,16.7,16.0,16.15,-0.65,357,2015,10.56,0.95,8.21,132.5915,1.0320107286182623,0,0
2015-05-12,3217,395000,6304750,15.8,16.1,15.8,16.05,-0.1,115,2015,10.49,0.94,8.21,131.77050000000003,1.0256205693079328,0,0
2015-05-13,3217,197000,3161900,16.1,16.2,15.95,16.2,0.15,61,2015,10.59,0.95,8.21,133.002,1.0352058082734272,0,0
2015-05-14,3217,43000,693200,16.1,16.2,16.1,16.15,-0.05,23,2015,10.56,0.95,8.21,132.5915,1.0320107286182623,0,0
2015-05-15,3217,212000,3384300,16.2,16.2,15.9,16.0,-0.15,88,2015,10.46,0.94,8.21,131.36,1.0224254896527678,0,0
2015-05-18,3217,459000,7224600,15.95,15.95,15.65,15.7,-0.3,141,2015,10.26,0.92,8.21,128.89700000000002,1.0032550117217784,0,0
2015-05-19,3217,35000,553900,15.8,15.85,15.8,15.85,0.15,17,2015,10.36,0.93,8.21,130.1285,1.012840250687273,0,0
2015-05-20,3217,291000,4661550,15.85,16.2,15.85,16.15,0.3,67,2015,10.56,0.95,8.21,132.5915,1.0320107286182623,0,0
2015-05-21,3217,31000,497600,16.2,16.2,15.9,16.1,-0.05,12,2015,10.52,0.94,8.21,132.181,1.0288156489630975,0,0
2015-05-22,3217,178000,2850850,15.95,16.15,15.9,15.95,-0.15,64,2015,10.42,0.94,8.21,130.9495,1.0192304099976026,0,0
2015-05-25,3217,86000,1382850,16.0,16.25,16.0,16.25,0.3,31,2015,10.62,0.95,8.21,133.41250000000002,1.0384008879285922,0,0
2015-05-26,3217,113000,1816350,16.25,16.25,16.0,16.1,-0.15,48,2015,10.52,0.93,8.21,132.181,1.0288156489630975,0,0
2015-05-27,3217,96000,1540500,16.1,16.2,15.95,16.0,-0.1,43,2015,10.46,0.92,8.21,131.36,1.0224254896527678,0,0
2015-05-28,3217,371000,5942900,16.1,16.3,16.0,16.2,0.2,101,2015,10.59,0.93,8.21,133.002,1.0352058082734272,0,0
2015-05-29,3217,123000,1984200,16.25,16.25,16.05,16.15,-0.05,37,2015,10.56,0.93,8.21,132.5915,1.0320107286182623,0,0
2015-06-01,3217,64000,1026650,16.15,16.15,15.95,16.0,-0.15,34,2015,10.46,0.92,8.21,131.36,1.0224254896527678,0,0
2015-06-02,3217,115000,1841950,16.0,16.15,15.95,16.0,0.0,29,2015,10.46,0.92,8.21,131.36,1.0562210988526783,0,0
2015-06-03,3217,182000,2915350,16.15,16.15,15.95,15.95,-0.05,45,2015,10.42,0.92,8.21,130.9495,1.0529204079187635,0,0
2015-06-04,3217,222000,3518400,16.0,16.1,15.75,15.85,-0.1,99,2015,10.36,0.91,8.21,130.1285,1.0463190260509343,0,0
2015-06-05,3217,223000,3502050,15.85,15.95,15.55,15.95,0.1,99,2015,10.42,0.92,8.21,130.9495,1.0529204079187635,0,0
2015-06-08,3217,38000,604450,15.95,15.95,15.8,15.9,-0.05,24,2015,10.39,0.91,8.21,130.53900000000002,1.0496197169848491,0,0
2015-06-09,3217,220000,3406900,15.9,15.9,15.25,15.3,-0.6,99,2015,10.0,0.88,8.21,125.61300000000001,1.0100114257778738,0,0
2015-06-10,3217,116000,1782400,15.2,15.55,15.2,15.5,0.2,54,2015,10.13,0.89,8.21,127.25500000000001,1.023214189513532,0,0
2015-06-11,3217,427000,6383850,15.2,15.2,14.7,15.0,-0.5,164,2015,9.8,0.86,8.21,123.15,0.9902072801743859,0,0
2015-06-12,3217,61000,924350,15.2,15.2,15.1,15.1,0.1,40,2015,9.87,0.87,8.21,123.971,0.9968086620422151,0,0
2015-06-15,3217,117000,1767050,15.0,15.3,14.9,15.2,0.1,69,2015,9.93,0.87,8.21,124.792,1.0034100439100444,0,0
2015-06-16,3217,90000,1348800,15.2,15.2,14.95,15.0,-0.2,46,2015,9.8,0.86,8.21,123.15,0.9902072801743859,0,0
2015-06-17,3217,150000,2250050,15.0,15.1,14.95,14.95,-0.05,53,2015,9.77,0.86,8.21,122.7395,0.9869065892404713,0,0
2015-06-18,3217,118000,1779350,14.95,15.15,14.95,15.1,0.15,42,2015,9.87,0.87,8.21,123.971,0.9968086620422151,0,0
2015-06-22,3217,209000,3169400,15.2,15.25,15.1,15.2,0.1,76,2015,9.93,0.87,8.21,124.792,1.0034100439100444,0,0
2015-06-23,3217,160000,2443950,15.25,15.35,15.25,15.3,0.1,61,2015,10.0,0.88,8.21,125.61300000000001,1.0100114257778738,0,0
2015-06-24,3217,74000,1133950,15.3,15.4,15.25,15.4,0.1,42,2015,10.07,0.89,8.21,126.43400000000001,1.0166128076457028,0,0
2015-06-25,3217,315000,4810200,15.4,15.4,15.15,15.2,-0.2,125,2015,9.93,0.87,8.21,124.792,1.0034100439100444,0,0
2015-06-26,3217,166000,2539650,15.2,15.4,15.15,15.4,0.2,70,2015,10.07,0.89,8.21,126.43400000000001,1.0166128076457028,0,0
2015-06-29,3217,371000,5661100,15.2,15.4,15.1,15.1,-0.3,164,2015,9.87,0.87,8.21,123.971,0.9968086620422151,0,0
2015-06-30,3217,294000,4054950,13.6,13.9,13.6,13.75,0.0,121,2015,8.99,0.79,8.21,112.88750000000002,0.9076900068265206,0,0
2015-07-01,3217,64000,885300,13.95,13.95,13.75,13.8,0.05,37,2015,9.02,0.79,8.21,113.29800000000002,0.9109906977604352,0,0
2015-07-02,3217,54000,749000,13.95,13.95,13.85,13.85,0.05,19,2015,9.05,0.8,8.21,113.70850000000002,0.9247871603267501,0,0
2015-07-03,3217,104000,1439650,13.8,13.95,13.8,13.8,-0.05,32,2015,9.02,0.79,8.21,113.29800000000002,0.9214485785205164,0,0
2015-07-06,3217,105000,1457100,13.8,13.95,13.8,13.95,0.15,47,2015,9.12,0.8,8.21,114.52950000000001,0.9314643239392176,0,0
2015-07-07,3217,63000,872900,13.9,13.95,13.8,13.8,-0.15,33,2015,9.02,0.79,8.21,113.29800000000002,0.9214485785205164,0,0
2015-07-08,3217,251000,3445350,13.8,13.9,13.55,13.9,0.1,93,2015,9.08,0.8,8.21,114.11900000000001,0.9281257421329839,0,0
2015-07-09,3217,145000,1968250,13.75,13.75,13.4,13.6,-0.3,75,2015,8.89,0.78,8.21,111.656,0.9080942512955812,0,0
2015-07-13,3217,96000,1332550,13.8,14.0,13.8,13.8,0.2,39,2015,9.02,0.79,8.21,113.29800000000002,0.9214485785205164,0,0
2015-07-14,3217,98000,1371400,13.75,14.3,13.75,14.3,0.5,34,2015,9.35,0.82,8.21,117.40300000000002,0.954834396582854,0,0
2015-07-15,3217,66000,928950,14.1,14.25,13.85,14.25,-0.05,43,2015,9.31,0.82,8.21,116.9925,0.95149581477662,0,0
2015-07-16,3217,71000,998550,13.8,14.25,13.8,14.25,0.0,47,2015,9.31,0.82,8.21,116.9925,0.95149581477662,0,0
2015-07-17,3217,38000,536350,14.2,14.2,14.05,14.1,-0.15,18,2015,9.22,0.81,8.21,115.76100000000001,0.9414800693579187,0,0
2015-07-20,3217,102000,1431350,14.1,14.2,13.85,14.15,0.05,39,2015,9.25,0.81,8.21,116.17150000000001,0.9448186511641525,0,0
2015-07-21,3217,45000,633250,14.1,14.15,13.95,14.15,0.0,29,2015,9.25,0.81,8.21,116.17150000000001,0.9448186511641525,0,0
2015-07-22,3217,49000,687300,13.85,14.15,13.85,14.0,-0.15,28,2015,9.15,0.8,8.21,114.94000000000001,0.9348029057454514,0,0
2015-07-23,3217,70000,975200,14.1,14.1,13.85,14.05,0.05,27,2015,9.18,0.81,8.21,115.35050000000001,0.938141487551685,0,0
2015-07-24,3217,70000,978100,14.05,14.05,13.85,14.0,-0.05,27,2015,9.15,0.8,8.21,114.94000000000001,0.9348029057454514,0,0
2015-07-27,3217,229000,3150000,13.8,14.0,13.55,13.75,-0.25,64,2015,8.99,0.79,8.21,112.88750000000002,0.9181099967142826,0,0
2015-07-28,3217,127000,1736250,13.7,13.8,13.55,13.55,-0.2,51,2015,8.86,0.78,8.21,111.24550000000002,0.9047556694893476,0,0
2015-07-29,3217,132000,1783450,13.55,13.7,13.4,13.45,-0.1,41,2015,8.79,0.77,8.21,110.42450000000001,0.89807850587688,0,0
2015-07-30,3217,121000,1639150,13.45,13.65,13.45,13.55,0.1,42,2015,8.86,0.78,8.21,111.24550000000002,0.9047556694893476,0,0
2015-07-31,3217,109000,1476900,13.55,13.65,13.45,13.45,-0.1,50,2015,8.79,0.77,8.21,110.42450000000001,0.89807850587688,0,0
2015-08-03,3217,379000,4936550,13.35,13.4,12.8,13.0,-0.45,130,2015,8.5,0.75,8.21,106.73000000000002,0.8703757465838997,0,0
2015-08-04,3217,190000,2443450,12.9,13.0,12.65,12.9,-0.1,58,2015,8.43,0.74,8.21,105.90900000000002,0.8636805485332544,0,0
2015-08-05,3217,89000,1146600,12.9,12.95,12.8,12.95,0.05,34,2015,8.46,0.74,8.21,106.3195,0.8670281475585768,0,0
2015-08-06,3217,134000,1707900,12.9,12.95,12.6,12.65,-0.3,47,2015,8.27,0.73,8.21,103.85650000000001,0.8469425534066408,0,0
2015-08-07,3217,39000,492900,12.6,12.7,12.6,12.65,0.0,20,2015,8.27,0.73,8.21,103.85650000000001,0.8469425534066408,0,0
2015-08-10,3217,158000,2012700,12.55,12.8,12.55,12.8,0.15,54,2015,8.37,0.74,8.21,105.08800000000002,0.856985350482609,0,0
2015-08-11,3217,100000,1270000,12.75,12.8,12.55,12.6,-0.2,46,2015,8.24,0.72,8.21,103.44600000000001,0.8435949543813182,0,0
2015-08-12,3217,66000,824000,12.5,12.65,12.4,12.5,-0.1,33,2015,8.17,0.72,8.21,102.62500000000001,0.8368997563306727,0,0
2015-08-13,3217,40000,498950,12.6,12.6,12.4,12.5,0.0,21,2015,8.17,0.72,8.21,102.62500000000001,0.8368997563306727,0,0
2015-08-14,3217,54000,672450,12.5,12.5,12.4,12.5,0.0,23,2015,8.17,0.72,8.21,102.62500000000001,0.8368997563306727,0,0
2015-08-17,3217,26000,320600,12.45,12.45,12.3,12.3,-0.2,14,2015,8.04,0.71,8.21,100.98300000000002,0.823509360229382,0,0
2015-08-18,3217,105000,1269450,12.2,12.2,11.95,12.2,-0.1,48,2015,7.97,0.7,8.21,100.162,0.8168141621787366,0,0
2015-08-19,3217,313000,3676350,11.9,11.95,11.55,11.8,-0.4,98,2015,7.71,0.68,8.21,96.87800000000001,0.790033369976155,0,0
2015-08-20,3217,40000,472200,11.8,11.85,11.75,11.8,0.0,21,2015,9.37,0.72,8.21,96.87800000000001,0.790033369976155,0,0
2015-08-21,3217,111000,1262000,11.6,11.6,11.1,11.35,-0.45,51,2015,9.01,0.69,8.21,93.18350000000001,0.7599049787482509,0,0
2015-08-24,3217,282000,2949200,10.8,10.8,10.25,10.25,-1.1,131,2015,8.13,0.62,8.21,84.1525,0.6862578001911516,0,0
2015-08-25,3217,115000,1189400,10.25,10.7,10.1,10.45,0.2,45,2015,8.29,0.64,8.21,85.7945,0.6996481962924423,0,0
2015-08-26,3217,54000,571550,10.6,10.85,10.5,10.85,0.4,30,2015,8.61,0.66,8.21,89.0785,0.7264289884950239,0,0
2015-08-27,3217,68000,745050,10.85,11.05,10.85,10.95,0.1,42,2015,8.69,0.67,8.21,89.8995,0.7331241865456692,0,0
2015-08-28,3217,54000,604150,11.1,11.25,11.1,11.25,0.3,31,2015,8.93,0.69,8.21,92.36250000000001,0.7532097806976055,0,0
2015-08-31,3217,48000,528850,11.25,11.25,11.0,11.05,-0.2,32,2015,8.77,0.67,8.21,90.72050000000002,0.7398193845963147,0,0
2015-09-01,3217,53000,581850,11.2,11.2,10.75,11.0,-0.05,28,2015,8.73,0.67,8.21,90.31,0.7364717855709919,0,0
2015-09-02,3217,50000,543700,10.75,11.0,10.75,11.0,0.0,26,2015,8.73,0.67,8.21,90.31,0.7382381359548376,0,0
2015-09-03,3217,57000,635850,11.0,11.3,11.0,11.3,0.3,38,2015,8.97,0.69,8.21,92.77300000000001,0.7583719032990606,0,0
2015-09-04,3217,104000,1195300,11.3,11.75,11.3,11.35,0.05,59,2015,9.01,0.69,8.21,93.18350000000001,0.7617275311897643,0,0
2015-09-07,3217,79000,882650,10.95,11.35,10.95,11.2,-0.15,35,2015,8.89,0.68,8.21,91.952,0.7516606475176528,0,0
2015-09-08,3217,74000,836450,11.15,11.5,11.1,11.5,0.3,32,2015,9.13,0.7,8.21,94.415,0.7717944148618757,0,0
2015-09-09,3217,170000,1993350,11.5,11.95,11.5,11.95,0.45,72,2015,9.48,0.73,8.21,98.10950000000001,0.80199506587821,0,0
2015-09-10,3217,332000,4007550,11.95,12.2,11.9,12.05,0.1,90,2015,9.56,0.73,8.21,98.93050000000001,0.8087063216596176,0,0
2015-09-11,3217,131000,1587050,12.2,12.25,12.0,12.2,0.15,65,2015,9.68,0.74,8.21,100.162,0.818773205331729,0,0
2015-09-14,3217,47000,567300,12.2,12.2,12.0,12.0,-0.2,25,2015,9.52,0.73,8.21,98.52000000000001,0.8053506937689138,0,0
2015-09-15,3217,42000,501150,12.0,12.0,11.8,11.9,-0.1,22,2015,9.44,0.72,8.21,97.69900000000001,0.7986394379875063,0,0
2015-09-16,3217,26000,310250,12.05,12.05,11.8,12.0,0.1,15,2015,9.52,0.73,8.21,98.52000000000001,0.8053506937689138,0,0
2015-09-17,3217,69000,832100,12.1,12.1,12.0,12.05,0.05,22,2015,9.56,0.73,8.21,98.93050000000001,0.8087063216596176,0,0
2015-09-18,3217,47000,568600,12.05,12.3,12.05,12.3,0.25,23,2015,9.76,0.75,8.21,100.98300000000002,0.8254844611131368,0,0
2015-09-21,3217,26000,312350,12.2,12.2,12.0,12.1,-0.2,13,2015,9.6,0.74,8.21,99.34100000000001,0.8120619495503214,0,0
2015-09-22,3217,85000,1026900,12.15,12.25,12.0,12.25,0.15,36,2015,9.72,0.75,8.21,100.5725,0.8221288332224328,0,0
2015-09-23,3217,9000,108000,12.1,12.1,11.95,11.95,-0.3,7,2015,9.48,0.73,8.21,98.10950000000001,0.80199506587821,0,0
2015-09-24,3217,101000,1185400,12.05,12.05,11.6,11.6,-0.35,47,2015,9.21,0.71,8.21,95.236,0.7785056706432832,0,0
2015-09-25,3217,10000,116200,11.65,11.75,11.5,11.7,0.1,6,2015,9.29,0.71,8.21,96.057,0.7852169264246909,0,0
2015-09-30,3217,19000,221400,11.7,11.75,11.6,11.7,0.0,15,2015,9.29,0.71,8.21,96.057,0.7852169264246909,0,0
2015-10-01,3217,58000,688350,11.75,12.0,11.75,11.9,0.2,24,2015,9.44,0.72,8.21,97.69900000000001,0.7986394379875063,0,0
2015-10-02,3217,25000,298900,12.05,12.05,11.9,11.9,0.0,11,2015,9.44,0.72,8.21,97.69900000000001,0.7856010794285399,0,0
2015-10-05,3217,76000,912250,12.0,12.1,11.95,12.1,0.2,37,2015,9.6,0.74,8.21,99.34100000000001,0.7988044589147337,0,0
2015-10-06,3217,75000,914750,12.15,12.35,12.15,12.3,0.2,47,2015,9.76,0.75,8.21,100.98300000000002,0.8120078384009278,0,0
2015-10-07,3217,59000,727550,12.35,12.4,12.2,12.4,0.1,24,2015,9.84,0.76,8.21,101.80400000000002,0.8186095281440247,0,0
2015-10-08,3217,38000,464500,12.3,12.35,12.15,12.35,-0.05,11,2015,9.8,0.75,8.21,101.3935,0.8153086832724761,0,0
2015-10-12,3217,214000,2699000,12.6,12.75,12.5,12.7,0.35,75,2015,10.08,0.77,8.21,104.26700000000001,0.8384145973733156,0,0
2015-10-13,3217,92000,1173200,12.7,12.85,12.65,12.75,0.05,41,2015,10.12,0.78,8.21,104.67750000000001,0.841715442244864,0,0
2015-10-14,3217,56000,710050,12.75,12.75,12.6,12.7,-0.05,13,2015,10.08,0.77,8.21,104.26700000000001,0.8384145973733156,0,0
2015-10-15,3217,48000,606900,12.7,12.7,12.6,12.6,-0.1,19,2015,10.0,0.77,8.21,103.44600000000001,0.8318129076302186,0,0
2015-10-16,3217,26000,329050,12.8,12.8,12.6,12.7,0.1,12,2015,10.08,0.77,8.21,104.26700000000001,0.8384145973733156,0,0
2015-10-19,3217,47000,594000,12.75,12.9,12.5,12.7,0.0,25,2015,10.08,0.77,8.21,104.26700000000001,0.8384145973733156,0,0
2015-10-20,3217,113000,1436650,12.75,12.9,12.65,12.9,0.2,34,2015,10.24,0.79,8.21,105.90900000000002,0.8516179768595097,0,0
2015-10-21,3217,97000,1230400,12.9,12.9,12.6,12.85,-0.05,30,2015,10.2,0.78,8.21,105.4985,0.8483171319879611,0,0
2015-10-22,3217,38000,484100,12.85,12.85,12.7,12.85,0.0,19,2015,10.2,0.78,8.21,105.4985,0.8483171319879611,0,0
2015-10-23,3217,38000,490450,12.9,13.1,12.8,12.95,0.1,23,2015,10.28,0.79,8.21,106.3195,0.8549188217310579,0,0
2015-10-26,3217,54000,696850,12.9,13.05,12.8,13.05,0.1,27,2015,10.36,0.79,8.21,107.14050000000002,0.861520511474155,0,0
2015-10-27,3217,24000,308850,13.0,13.0,12.8,12.9,-0.15,15,2015,10.24,0.79,8.21,105.90900000000002,0.8516179768595097,0,0
2015-10-28,3217,77000,990600,12.8,13.0,12.8,12.95,0.05,29,2015,10.28,0.79,8.21,106.3195,0.8549188217310579,0,0
2015-10-29,3217,46000,592150,13.0,13.0,12.8,12.9,-0.05,20,2015,10.24,0.79,8.21,105.90900000000002,0.8516179768595097,0,0
2015-10-30,3217,90000,1151300,12.8,13.0,12.7,13.0,0.1,35,2015,10.32,0.79,8.21,106.73000000000002,0.8582196666026066,0,0
2015-11-02,3217,126000,1655900,13.0,13.45,13.0,13.2,0.2,40,2015,10.48,0.8,8.21,108.372,0.8669323066117468,0,0
2015-11-03,3217,151000,1999700,13.2,13.35,13.15,13.35,0.15,38,2015,10.6,0.81,8.21,109.60350000000001,0.8767838100959712,0,0
2015-11-04,3217,118000,1564750,13.35,13.45,13.1,13.45,0.1,60,2015,10.67,0.82,8.21,110.42450000000001,0.8833514790854541,0,0
2015-11-05,3217,56000,748200,13.35,13.4,13.3,13.4,-0.05,27,2015,10.63,0.82,8.21,110.01400000000001,0.8800676445907126,0,0
2015-11-06,3217,17000,226400,13.25,13.35,13.2,13.35,-0.05,11,2015,10.6,0.81,8.21,109.60350000000001,0.8767838100959712,0,0
2015-11-09,3217,61000,804100,13.55,13.55,13.05,13.05,-0.3,35,2015,10.36,0.79,8.21,107.14050000000002,0.8570808031275224,0,0
2015-11-10,3217,18000,233750,13.0,13.05,12.9,12.9,-0.15,7,2015,10.24,0.79,8.21,105.90900000000002,0.8472292996432982,0,0
2015-11-11,3217,182000,2291500,12.8,12.8,12.4,12.75,-0.15,77,2015,10.12,0.78,8.21,104.67750000000001,0.8373777961590737,0,0
2015-11-12,3217,154000,1974500,13.0,13.05,12.5,12.85,0.1,55,2015,10.2,0.78,8.21,105.4985,0.8439454651485566,0,0
2015-11-13,3217,29000,369150,12.65,12.85,12.65,12.8,-0.05,18,2015,10.16,0.78,8.21,105.08800000000002,0.8406616306538153,0,0
2015-11-16,3217,42000,532600,12.5,12.75,12.5,12.75,-0.05,20,2015,10.12,0.78,8.21,104.67750000000001,0.8373777961590737,0,0
2015-11-17,3217,29000,371800,12.8,12.85,12.75,12.85,0.1,18,2015,10.2,0.78,8.21,105.4985,0.8439454651485566,0,0
2015-11-18,3217,31000,400950,12.9,12.95,12.85,12.85,0.0,16,2015,10.2,0.78,8.21,105.4985,0.8439454651485566,0,0
2015-11-19,3217,39000,501750,12.9,12.95,12.8,12.8,-0.05,18,2015,10.16,0.78,8.21,105.08800000000002,0.8406616306538153,0,0
2015-11-20,3217,40000,512300,12.85,12.9,12.75,12.75,-0.05,18,2015,10.12,0.78,8.21,104.67750000000001,0.8373777961590737,0,0
2015-11-23,3217,35000,450900,12.85,12.95,12.8,12.8,0.05,18,2015,9.62,0.75,8.21,105.08800000000002,0.8406616306538153,0,0
2015-11-24,3217,38000,483500,12.8,12.8,12.65,12.65,-0.15,22,2015,9.51,0.74,8.21,103.85650000000001,0.8308101271695908,0,0
2015-11-25,3217,53000,668600,12.65,12.85,12.5,12.85,0.2,32,2015,9.66,0.75,8.21,105.4985,0.8439454651485566,0,0
2015-11-26,3217,13000,166650,12.9,12.9,12.8,12.85,0.0,7,2015,9.66,0.75,8.21,105.4985,0.8439454651485566,0,0
2015-11-27,3217,15000,190550,12.7,12.8,12.65,12.8,-0.05,9,2015,9.62,0.75,8.21,105.08800000000002,0.8406616306538153,0,0
2015-11-30,3217,19000,240400,12.65,12.75,12.55,12.75,-0.05,10,2015,9.59,0.74,8.21,104.67750000000001,0.8373777961590737,0,0
2015-12-01,3217,31000,395150,12.6,12.9,12.6,12.85,0.1,18,2015,9.66,0.75,8.21,105.4985,0.8439454651485566,0,0
2015-12-02,3217,72000,925250,12.85,12.9,12.85,12.85,0.0,21,2015,9.66,0.75,8.21,105.4985,0.8475967278284023,0,0
2015-12-03,3217,115000,1514700,12.95,13.3,12.95,13.0,0.15,38,2015,9.77,0.76,8.21,106.73000000000002,0.8574908530559713,0,0
2015-12-04,3217,54000,694600,12.9,12.95,12.8,12.95,-0.05,22,2015,9.74,0.76,8.21,106.3195,0.8541928113134482,0,0
2015-12-07,3217,47000,606850,12.95,12.95,12.85,12.95,0.0,23,2015,9.74,0.76,8.21,106.3195,0.8541928113134482,0,0
2015-12-08,3217,18000,232600,13.0,13.0,12.8,12.95,0.0,14,2015,9.74,0.76,8.21,106.3195,0.8541928113134482,0,0
2015-12-09,3217,17000,218400,12.95,12.95,12.8,12.9,-0.05,13,2015,9.7,0.75,8.21,105.90900000000002,0.8508947695709254,0,0
2015-12-10,3217,0,0,0.0,0.0,0.0,0.0,0.0,0,2015,9.7,0.75,8.21,0.0,0.0,0,0
2015-12-11,3217,55000,697150,12.8,12.85,12.5,12.75,-0.15,27,2015,9.59,0.74,8.21,104.67750000000001,0.8410006443433564,0,0
2015-12-14,3217,20000,251750,12.6,12.6,12.5,12.6,-0.15,8,2015,9.47,0.74,8.21,103.44600000000001,0.8311065191157875,0,0
2015-12-15,3217,2000,25500,12.75,12.75,12.75,12.75,0.15,2,2015,9.59,0.74,8.21,104.67750000000001,0.8410006443433564,0,0
2015-12-16,3217,34000,430900,12.65,12.75,12.6,12.65,-0.1,14,2015,9.51,0.74,8.21,103.85650000000001,0.8344045608583104,0,0
2015-12-17,3217,28000,358150,12.65,12.9,12.65,12.9,0.25,20,2015,9.7,0.75,8.21,105.90900000000002,0.8508947695709254,0,0
2015-12-18,3217,31000,393800,12.85,12.85,12.65,12.7,-0.2,12,2015,9.55,0.74,8.21,104.26700000000001,0.8377026026008334,0,0
2015-12-21,3217,28000,357950,12.6,12.85,12.6,12.8,0.1,16,2015,9.62,0.75,8.21,105.08800000000002,0.8442986860858794,0,0
2015-12-22,3217,14000,178800,12.8,12.85,12.7,12.7,-0.1,7,2015,9.55,0.74,8.21,104.26700000000001,0.8377026026008334,0,0
2015-12-23,3217,119000,1546300,12.85,13.2,12.85,12.95,0.25,51,2015,9.74,0.76,8.21,106.3195,0.8541928113134482,0,0
2015-12-24,3217,26000,337600,12.95,13.05,12.9,12.9,-0.05,18,2015,9.7,0.75,8.21,105.90900000000002,0.8508947695709254,0,0
2015-12-25,3217,139000,1821400,13.05,13.2,12.95,13.1,0.2,50,2015,9.85,0.76,8.21,107.551,0.864086936541017,0,0
2015-12-28,3217,78000,1030300,13.1,13.3,13.1,13.3,0.2,33,2015,10.0,0.78,8.21,109.19300000000001,0.877279103511109,0,0
2015-12-29,3217,37000,488650,13.3,13.3,13.15,13.25,-0.05,11,2015,9.96,0.77,8.21,108.78250000000001,0.8739810617685861,0,0
2015-12-30,3217,40000,528950,13.0,13.3,13.0,13.25,0.0,19,2015,9.96,0.77,8.21,108.78250000000001,0.8739810617685861,0,0
2015-12-31,3217,19000,248400,12.95,13.25,12.95,13.25,0.0,10,2015,9.96,0.77,8.21,108.78250000000001,0.8739810617685861,0,0
2016-01-04,3217,58000,763550,13.2,13.4,13.05,13.25,0.0,28,2016,9.96,0.77,8.21,108.78250000000001,0.8711255503468248,0,0
2016-01-05,3217,13000,170550,13.25,13.25,13.1,13.1,-0.15,3,2016,9.85,0.76,8.21,107.551,0.861263751663653,0,0
2016-01-06,3217,33000,430550,13.1,13.2,12.95,13.0,-0.1,13,2016,9.77,0.76,8.21,106.73000000000002,0.8546892192082055,0,0
2016-01-07,3217,52000,655500,12.9,12.9,12.35,12.85,-0.15,31,2016,9.66,0.75,8.21,105.4985,0.8448274205250338,0,0
2016-01-08,3217,60000,752700,12.4,12.85,12.4,12.65,-0.2,31,2016,9.51,0.74,8.21,103.85650000000001,0.8316783556141383,0,0
2016-01-11,3217,23000,291700,12.65,12.8,12.55,12.8,0.15,12,2016,9.62,0.75,8.21,105.08800000000002,0.84154015429731,0,0
2016-01-12,3217,0,0,0.0,0.0,0.0,0.0,0.0,0,2016,9.59,0.74,8.21,0.0,0.0,0,0
2016-01-13,3217,43000,539900,12.6,12.7,12.45,12.5,-0.25,24,2016,9.4,0.73,8.21,102.62500000000001,0.8218165569309667,0,0
2016-01-14,3217,22000,273600,12.5,12.5,12.4,12.5,0.0,10,2016,9.4,0.73,8.21,102.62500000000001,0.8218165569309667,0,0
2016-01-15,3217,30000,371650,12.5,12.5,12.3,12.4,-0.1,16,2016,9.32,0.72,8.21,101.80400000000002,0.815242024475519,0,0
2016-01-18,3217,42000,513850,12.1,12.35,12.05,12.35,-0.05,23,2016,9.29,0.72,8.21,101.3935,0.8119547582477951,0,0
2016-01-19,3217,9000,110550,12.3,12.5,12.25,12.5,0.15,3,2016,9.4,0.73,8.21,102.62500000000001,0.8218165569309667,0,0
2016-01-20,3217,22000,268900,12.2,12.5,12.05,12.4,-0.1,15,2016,9.32,0.72,8.21,101.80400000000002,0.815242024475519,0,0
2016-01-21,3217,8000,98100,12.15,12.3,12.15,12.25,-0.15,5,2016,9.21,0.71,8.21,100.5725,0.8053802257923472,0,0
2016-01-22,3217,35000,430500,12.4,12.4,12.25,12.3,0.05,20,2016,9.25,0.72,8.21,100.98300000000002,0.8086674920200714,0,0
2016-01-25,3217,5000,61900,12.35,12.4,12.35,12.4,0.1,5,2016,9.32,0.72,8.21,101.80400000000002,0.815242024475519,0,0
2016-01-26,3217,26000,319050,12.2,12.35,12.2,12.35,-0.05,15,2016,9.29,0.72,8.21,101.3935,0.8119547582477951,0,0
2016-01-27,3217,18000,221850,12.3,12.4,12.3,12.4,0.05,7,2016,9.32,0.72,8.21,101.80400000000002,0.815242024475519,0,0
2016-01-28,3217,17000,210150,12.4,12.4,12.3,12.35,-0.05,7,2016,9.29,0.72,8.21,101.3935,0.8119547582477951,0,0
2016-01-29,3217,33000,411000,12.4,12.5,12.4,12.5,0.15,16,2016,9.4,0.73,8.21,102.62500000000001,0.8218165569309667,0,0
2016-02-01,3217,15000,189100,12.6,12.7,12.55,12.6,-0.05,9,2016,9.47,0.74,8.21,103.44600000000001,0.8283910893864145,0,0
2016-02-02,3217,37000,471900,12.65,12.8,12.65,12.75,0.15,22,2016,9.59,0.74,8.21,104.67750000000001,0.8384261113336005,0,0
2016-02-03,3217,25000,315350,12.6,12.65,12.6,12.65,-0.1,14,2016,9.51,0.74,8.21,103.85650000000001,0.8318502202643173,0,0
2016-02-15,3217,110000,1406700,12.6,12.85,12.6,12.85,0.2,30,2016,9.66,0.75,8.21,105.4985,0.8450020024028836,0,0
2016-02-16,3217,63000,816050,12.8,13.2,12.8,13.2,0.35,27,2016,9.92,0.77,8.21,108.372,0.8680176211453744,0,0
2016-02-17,3217,20000,262500,13.2,13.2,13.05,13.1,-0.1,13,2016,9.85,0.76,8.21,107.551,0.8614417300760913,0,0
2016-02-18,3217,29000,379000,13.0,13.15,13.0,13.1,0.0,15,2016,9.85,0.76,8.21,107.551,0.8614417300760913,0,0
2016-02-19,3217,20000,260700,13.05,13.1,13.0,13.1,0.0,11,2016,9.85,0.76,8.21,107.551,0.8614417300760913,0,0
2016-02-22,3217,46000,606850,13.1,13.25,13.1,13.2,0.1,14,2016,9.92,0.77,8.21,108.372,0.8680176211453744,0,0
2016-02-23,3217,49000,647100,13.35,13.35,13.15,13.25,0.05,23,2016,9.96,0.77,8.21,108.78250000000001,0.8713055666800162,0,0
2016-02-24,3217,89000,1171150,13.45,13.45,13.0,13.0,-0.25,43,2016,9.77,0.76,8.21,106.73000000000002,0.8548658390068083,0,0
2016-02-25,3217,46000,602600,13.05,13.15,13.05,13.15,0.15,28,2016,9.89,0.77,8.21,107.96150000000002,0.8647296756107331,0,0
2016-02-26,3217,82000,1079400,13.2,13.2,13.1,13.2,0.05,36,2016,9.92,0.77,8.21,108.372,0.8680176211453744,0,0
2016-03-01,3217,34000,448000,13.25,13.25,13.1,13.25,0.05,10,2016,9.96,0.77,8.21,108.78250000000001,0.8713055666800162,0,0
2016-03-02,3217,144000,1899150,13.35,13.35,13.1,13.25,0.0,60,2016,9.96,0.77,8.21,108.78250000000001,0.8670857724043822,0,0
2016-03-03,3217,154000,2037850,13.3,13.35,13.2,13.3,0.05,40,2016,10.0,0.78,8.21,109.19300000000001,0.8703577941870403,0,0
2016-03-04,3217,113000,1491250,13.35,13.35,13.15,13.25,-0.05,42,2016,9.96,0.77,8.21,108.78250000000001,0.8670857724043822,0,0
2016-03-07,3217,144000,1907600,13.3,13.3,13.2,13.25,0.0,45,2016,9.96,0.77,8.21,108.78250000000001,0.8670857724043822,0,0
2016-03-08,3217,19000,251450,13.25,13.3,13.2,13.3,0.05,12,2016,10.0,0.78,8.21,109.19300000000001,0.8703577941870403,0,0
2016-03-09,3217,64000,849100,13.25,13.35,13.2,13.25,-0.05,28,2016,9.96,0.77,8.21,108.78250000000001,0.8670857724043822,0,0
2016-03-10,3217,60000,804400,13.35,13.5,13.35,13.45,0.2,37,2016,10.11,0.78,8.21,110.42450000000001,0.8801738595350143,0,0
2016-03-11,3217,69000,930100,13.45,13.5,13.45,13.5,0.05,25,2016,10.15,0.79,8.21,110.83500000000001,0.8834458813176722,0,0
2016-03-14,3217,223000,3076100,13.6,13.9,13.6,13.85,0.35,86,2016,10.41,0.81,8.21,113.70850000000002,0.9063500337962788,0,0
2016-03-15,3217,189000,2582000,13.85,13.85,13.45,13.5,-0.35,79,2016,10.15,0.79,8.21,110.83500000000001,0.8834458813176722,0,0
2016-03-16,3217,107000,1458550,13.5,13.7,13.5,13.7,0.2,45,2016,10.3,0.8,8.21,112.477,0.8965339684483045,0,0
2016-03-17,3217,357000,4981500,13.85,14.05,13.85,13.85,0.15,134,2016,10.41,0.81,8.21,113.70850000000002,0.9063500337962788,0,0
2016-03-18,3217,122000,1684400,14.0,14.0,13.75,13.85,0.0,55,2016,10.41,0.81,8.21,113.70850000000002,0.9063500337962788,0,0
2016-03-21,3217,229000,3136650,13.85,13.85,13.65,13.75,-0.1,76,2016,10.34,0.8,8.21,112.88750000000002,0.8998059902309626,0,0
2016-03-22,3217,93000,1283500,13.85,13.9,13.7,13.7,-0.05,41,2016,10.3,0.8,8.21,112.477,0.8965339684483045,0,0
2016-03-23,3217,156000,2141850,13.75,13.85,13.7,13.7,0.0,43,2016,10.3,0.8,8.21,112.477,0.8965339684483045,0,0
2016-03-24,3217,34000,466200,13.7,13.75,13.65,13.7,0.0,20,2016,10.3,0.8,8.21,112.477,0.8965339684483045,0,0
2016-03-25,3217,54000,739750,13.75,13.75,13.65,13.65,-0.05,23,2016,10.26,0.8,8.21,112.06650000000002,0.8932619466656466,0,0
2016-03-28,3217,50000,686750,13.7,13.8,13.65,13.65,0.0,19,2016,10.26,0.8,8.21,112.06650000000002,0.8932619466656466,0,0
2016-03-29,3217,154000,2080500,13.6,13.65,13.4,13.5,-0.15,51,2016,10.15,0.79,8.21,110.83500000000001,0.8834458813176722,0,0
2016-03-30,3217,44000,595700,13.5,13.6,13.5,13.55,0.05,24,2016,10.19,0.79,8.21,111.24550000000002,0.8867179031003305,0,0
2016-03-31,3217,29000,400250,13.8,13.85,13.8,13.8,0.25,22,2016,10.38,0.81,8.21,113.29800000000002,0.9030780120136207,0,0
2016-04-01,3217,22000,301700,13.7,13.75,13.6,13.75,-0.05,13,2016,10.34,0.8,8.21,112.88750000000002,0.8998059902309626,0,0
2016-04-06,3217,32000,435550,13.55,13.75,13.55,13.6,-0.15,23,2016,10.23,0.79,8.21,111.656,0.879586959022037,0,0
2016-04-07,3217,39000,530350,13.6,13.6,13.55,13.55,-0.05,22,2016,10.19,0.79,8.21,111.24550000000002,0.8763531834373973,0,0
2016-04-08,3217,63000,855650,13.55,13.75,13.5,13.65,0.1,27,2016,12.3,0.78,8.21,112.06650000000002,0.882820734606677,0,0
2016-04-11,3217,76000,1044700,13.8,13.8,13.7,13.8,0.15,31,2016,12.43,0.79,8.21,113.29800000000002,0.8925220613605965,0,0
2016-04-12,3217,47000,646650,13.75,13.8,13.7,13.7,-0.1,22,2016,12.34,0.79,8.21,112.477,0.8860545101913166,0,0
2016-04-13,3217,209000,2893350,13.8,13.9,13.75,13.8,0.1,51,2016,12.43,0.79,8.21,113.29800000000002,0.8925220613605965,0,0
2016-04-14,3217,46000,634100,13.8,13.85,13.75,13.85,0.05,19,2016,12.48,0.8,8.21,113.70850000000002,0.8957558369452363,0,0
2016-04-15,3217,29000,400800,13.8,13.85,13.8,13.85,0.0,14,2016,12.48,0.8,8.21,113.70850000000002,0.8957558369452363,0,0
2016-04-18,3217,99000,1369550,13.85,13.85,13.7,13.7,-0.15,24,2016,12.34,0.79,8.21,112.477,0.8860545101913166,0,0
2016-04-19,3217,42000,579500,13.85,13.9,13.75,13.85,0.15,23,2016,12.48,0.8,8.21,113.70850000000002,0.8957558369452363,0,0
2016-04-20,3217,41000,563650,13.85,13.9,13.7,13.75,-0.1,21,2016,12.39,0.79,8.21,112.88750000000002,0.8892882857759566,0,0
2016-04-21,3217,103000,1419850,13.75,13.9,13.75,13.85,0.1,46,2016,12.48,0.8,8.21,113.70850000000002,0.8957558369452363,0,0
2016-04-22,3217,14000,192950,13.85,13.85,13.7,13.8,-0.05,8,2016,12.43,0.79,8.21,113.29800000000002,0.8925220613605965,0,0
2016-04-25,3217,77000,1058950,13.75,13.8,13.7,13.8,0.0,20,2016,12.43,0.79,8.21,113.29800000000002,0.8925220613605965,0,0
2016-04-26,3217,51000,698150,13.85,13.85,13.65,13.65,-0.15,17,2016,12.3,0.78,8.21,112.06650000000002,0.882820734606677,0,0
2016-04-27,3217,21000,287000,13.7,13.7,13.6,13.7,0.05,13,2016,12.34,0.79,8.21,112.477,0.8860545101913166,0,0
2016-04-28,3217,27000,367500,13.6,13.7,13.55,13.55,-0.15,10,2016,12.21,0.78,8.21,111.24550000000002,0.8763531834373973,0,0
2016-04-29,3217,5000,68250,13.65,13.75,13.6,13.75,0.2,4,2016,12.39,0.79,8.21,112.88750000000002,0.8892882857759566,0,0
2016-05-03,3217,44000,594800,13.55,13.65,13.5,13.65,-0.1,16,2016,12.3,0.78,8.21,112.06650000000002,0.8801285167561066,0,0
2016-05-04,3217,139000,1866000,13.45,13.55,13.35,13.5,-0.15,38,2016,12.16,0.78,8.21,110.83500000000001,0.8704567748137316,0,0
2016-05-05,3217,33000,443000,13.35,13.5,13.35,13.35,-0.15,11,2016,12.03,0.77,8.21,109.60350000000001,0.8607850328713568,0,0
2016-05-06,3217,12000,161400,13.45,13.45,13.45,13.45,0.1,3,2016,12.12,0.77,8.21,110.42450000000001,0.86723286083294,0,0
2016-05-09,3217,77000,1021750,13.35,13.45,13.2,13.45,0.0,27,2016,12.12,0.77,8.21,110.42450000000001,0.86723286083294,0,0
2016-05-10,3217,49000,652500,13.4,13.45,13.3,13.45,0.0,20,2016,12.12,0.77,8.21,110.42450000000001,0.86723286083294,0,0
2016-05-11,3217,53000,704750,13.4,13.45,13.25,13.45,0.0,24,2016,12.12,0.77,8.21,110.42450000000001,0.86723286083294,0,0
2016-05-12,3217,20000,267500,13.3,13.4,13.3,13.4,-0.05,5,2016,12.07,0.77,8.21,110.01400000000001,0.8640089468521484,0,0
2016-05-13,3217,35000,462350,13.15,13.35,13.15,13.25,-0.15,19,2016,11.94,0.76,8.21,108.78250000000001,0.8543372049097738,0,0
2016-05-16,3217,10000,132850,13.25,13.3,13.25,13.3,0.05,6,2016,11.98,0.76,8.21,109.19300000000001,0.8575611188905654,0,0
2016-05-17,3217,12000,159800,13.25,13.4,13.25,13.3,0.0,7,2016,11.98,0.76,8.21,109.19300000000001,0.8575611188905654,0,0
2016-05-18,3217,4000,53150,13.2,13.35,13.2,13.3,0.0,4,2016,11.98,0.76,8.21,109.19300000000001,0.8575611188905654,0,0
2016-05-19,3217,28000,369400,13.25,13.3,13.15,13.25,-0.05,16,2016,11.94,0.76,8.21,108.78250000000001,0.8543372049097738,0,0
2016-05-20,3217,6000,79500,13.3,13.3,13.2,13.3,0.05,4,2016,11.88,0.75,8.21,109.19300000000001,0.8575611188905654,0,0
2016-05-23,3217,30000,403250,13.65,13.65,13.4,13.5,0.2,13,2016,12.05,0.76,8.21,110.83500000000001,0.8704567748137316,0,0
2016-05-24,3217,22000,292350,13.4,13.4,13.2,13.4,-0.1,13,2016,11.96,0.76,8.21,110.01400000000001,0.8640089468521484,0,0
2016-05-25,3217,29000,388800,13.4,13.5,13.3,13.5,0.1,17,2016,12.05,0.76,8.21,110.83500000000001,0.8704567748137316,0,0
2016-05-26,3217,30000,403100,13.5,13.5,13.35,13.5,0.0,18,2016,12.05,0.76,8.21,110.83500000000001,0.8704567748137316,0,0
2016-05-27,3217,4000,53700,13.4,13.45,13.4,13.45,-0.05,3,2016,12.01,0.76,8.21,110.42450000000001,0.86723286083294,0,0
2016-05-30,3217,30000,404450,13.45,13.65,13.3,13.65,0.2,18,2016,12.19,0.77,8.21,112.06650000000002,0.8801285167561066,0,0
2016-05-31,3217,38000,510950,13.5,13.5,13.4,13.5,-0.15,21,2016,12.05,0.76,8.21,110.83500000000001,0.8704567748137316,0,0
2016-06-01,3217,8000,107950,13.5,13.5,13.45,13.5,0.0,7,2016,12.05,0.76,8.21,110.83500000000001,0.8704567748137316,0,0
2016-06-02,3217,32000,427250,13.35,13.4,13.35,13.4,-0.1,11,2016,11.96,0.76,8.21,110.01400000000001,0.8400124916868434,0,0
2016-06-03,3217,17000,227950,13.4,13.45,13.35,13.45,0.05,8,2016,12.01,0.76,8.21,110.42450000000001,0.8431468666558243,0,0
2016-06-06,3217,24000,321600,13.4,13.4,13.4,13.4,0.0,5,2016,11.96,0.76,8.21,110.01400000000001,0.8400124916868434,0,0
2016-06-07,3217,42000,564200,13.4,13.7,13.3,13.6,0.2,25,2016,12.14,0.77,8.21,111.656,0.8525499915627666,0,0
2016-06-08,3217,124000,1675950,13.6,13.65,13.45,13.5,-0.1,28,2016,12.05,0.76,8.21,110.83500000000001,0.846281241624805,0,0
2016-06-13,3217,140000,1919400,13.7,13.9,13.65,13.75,0.25,68,2016,12.28,0.78,8.21,112.88750000000002,0.861953116469709,0,0
2016-06-14,3217,111000,1550800,13.75,14.15,13.75,14.1,0.35,68,2016,12.59,0.8,8.21,115.76100000000001,0.8838937412525741,0,0
2016-06-15,3217,251000,3562850,14.05,14.35,13.9,14.3,0.2,116,2016,12.77,0.81,8.21,117.40300000000002,0.8964312411284974,0,0
2016-06-16,3217,112000,1585300,14.15,14.3,14.0,14.1,-0.2,49,2016,12.59,0.8,8.21,115.76100000000001,0.8838937412525741,0,0
2016-06-17,3217,162000,2316500,14.2,14.4,14.2,14.35,0.25,73,2016,12.81,0.81,8.21,117.8135,0.8995656160974779,0,0
2016-06-20,3217,185000,2680750,14.45,14.6,14.4,14.55,0.2,66,2016,12.99,0.82,8.21,119.45550000000001,0.9121031159734011,0,0
2016-06-21,3217,157000,2264900,14.6,14.6,14.35,14.5,-0.05,63,2016,12.95,0.82,8.21,119.04500000000002,0.9089687410044204,0,0
2016-06-22,3217,179000,2551350,14.5,14.5,14.2,14.2,-0.3,90,2016,12.68,0.8,8.21,116.58200000000001,0.8901624911905356,0,0
2016-06-23,3217,139000,1994150,14.2,14.45,14.15,14.35,0.15,58,2016,12.81,0.81,8.21,117.8135,0.8995656160974779,0,0
2016-06-24,3217,304000,4296900,14.35,14.35,14.0,14.15,-0.2,160,2016,12.63,0.8,8.21,116.17150000000001,0.8870281162215549,0,0
2016-06-27,3217,113000,1475200,13.0,13.2,12.9,13.1,0.0,76,2016,11.7,0.74,8.21,107.551,0.821206241872959,0,0
2016-06-28,3217,24000,314850,13.1,13.2,13.05,13.15,0.05,22,2016,11.74,0.74,8.21,107.96150000000002,0.8243406168419398,0,0
2016-06-29,3217,27000,354000,13.1,13.2,13.1,13.15,0.0,17,2016,11.74,0.74,8.21,107.96150000000002,0.8243406168419398,0,0
2016-06-30,3217,88000,1163800,13.15,13.35,13.15,13.3,0.15,32,2016,11.88,0.75,8.21,109.19300000000001,0.8337437417488821,0,0
2016-07-01,3217,75000,1003150,13.35,13.4,13.3,13.4,0.1,36,2016,11.96,0.76,8.21,110.01400000000001,0.8400124916868434,0,0
2016-07-04,3217,20000,265200,13.2,13.3,13.2,13.3,-0.1,11,2016,11.88,0.75,8.21,109.19300000000001,0.8208685375951071,0,0
2016-07-05,3217,21000,277600,13.25,13.25,13.2,13.25,-0.05,13,2016,11.83,0.75,8.21,108.78250000000001,0.8177825656492609,0,0
2016-07-06,3217,103000,1350300,13.15,13.25,13.05,13.2,-0.05,46,2016,11.79,0.75,8.21,108.372,0.8146965937034144,0,0
2016-07-07,3217,34000,448000,13.15,13.25,13.15,13.2,0.0,12,2016,11.79,0.75,8.21,108.372,0.8146965937034144,0,0
2016-07-11,3217,138000,1856050,13.25,13.6,13.25,13.5,0.3,62,2016,12.05,0.76,8.21,110.83500000000001,0.833212425378492,0,0
2016-07-12,3217,139000,1886650,13.55,13.65,13.4,13.55,0.05,56,2016,12.1,0.77,8.21,111.24550000000002,0.8362983973243384,0,0
2016-07-13,3217,78000,1064200,13.55,13.75,13.55,13.75,0.2,40,2016,12.28,0.78,8.21,112.88750000000002,0.8486422851077235,0,0
2016-07-14,3217,92000,1259950,13.6,13.8,13.5,13.8,0.05,40,2016,12.32,0.78,8.21,113.29800000000002,0.8517282570535698,0,0
2016-07-15,3217,75000,1032350,13.7,13.85,13.65,13.8,0.0,31,2016,12.32,0.78,8.21,113.29800000000002,0.8517282570535698,0,0
2016-07-18,3217,87000,1206950,13.8,13.95,13.8,13.9,0.1,31,2016,12.41,0.79,8.21,114.11900000000001,0.8579002009452623,0,0
2016-07-19,3217,107000,1488350,13.95,13.95,13.65,13.95,0.05,34,2016,12.46,0.79,8.21,114.52950000000001,0.8609861728911086,0,0
2016-07-20,3217,77000,1054800,13.95,13.95,13.55,13.85,-0.1,50,2016,12.37,0.78,8.21,113.70850000000002,0.8548142289994161,0,0
2016-07-21,3217,80000,1108200,13.85,13.95,13.65,13.95,0.1,36,2016,12.46,0.79,8.21,114.52950000000001,0.8609861728911086,0,0
2016-07-22,3217,48000,667350,14.0,14.0,13.75,13.95,0.0,28,2016,12.46,0.79,8.21,114.52950000000001,0.8609861728911086,0,0
2016-07-25,3217,56000,768450,13.9,13.9,13.65,13.8,-0.15,36,2016,12.32,0.78,8.21,113.29800000000002,0.8517282570535698,0,0
2016-07-26,3217,55000,761450,13.8,13.95,13.7,13.85,0.05,32,2016,12.37,0.78,8.21,113.70850000000002,0.8548142289994161,0,0
2016-07-27,3217,62000,856550,13.85,13.95,13.7,13.9,0.05,31,2016,12.41,0.79,8.21,114.11900000000001,0.8579002009452623,0,0
2016-07-28,3217,107000,1487300,13.9,13.95,13.8,13.95,0.05,48,2016,12.46,0.79,8.21,114.52950000000001,0.8609861728911086,0,0
2016-07-29,3217,41000,570550,13.9,14.0,13.85,13.95,0.0,19,2016,12.46,0.79,8.21,114.52950000000001,0.8609861728911086,0,0
2016-08-01,3217,31000,430650,13.95,13.95,13.85,13.9,-0.05,13,2016,12.41,0.79,8.21,114.11900000000001,0.8579002009452623,0,0
2016-08-02,3217,38000,525300,13.7,13.95,13.7,13.9,0.0,20,2016,12.41,0.79,8.21,114.11900000000001,0.8433805281742708,0,0
2016-08-03,3217,27000,374400,13.85,13.95,13.8,13.9,0.0,16,2016,12.41,0.79,8.21,114.11900000000001,0.8433805281742708,0,0
2016-08-04,3217,630000,9017200,14.0,14.6,13.95,14.4,0.5,260,2016,12.86,0.81,8.21,118.22400000000002,0.8737179572452877,0,0
2016-08-05,3217,252000,3624650,14.4,14.5,14.3,14.45,0.05,107,2016,12.9,0.82,8.21,118.6345,0.8767517001523892,0,0
2016-08-08,3217,773000,11589050,14.6,15.4,14.5,15.2,0.75,323,2016,13.57,0.86,8.21,124.792,0.9222578437589146,0,0
2016-08-09,3217,312000,4658850,15.2,15.25,14.7,15.25,0.05,154,2016,13.62,0.86,8.21,125.20250000000001,0.9252915866660165,0,0
2016-08-10,3217,467000,7046450,15.2,15.35,14.9,15.3,0.05,158,2016,13.66,0.86,8.21,125.61300000000001,0.9283253295731182,0,0
2016-08-11,3217,147000,2238600,15.35,15.5,15.05,15.25,-0.05,69,2016,13.62,0.86,8.21,125.20250000000001,0.9252915866660165,0,0
2016-08-12,3217,156000,2361100,15.25,15.3,15.0,15.3,0.05,76,2016,13.66,0.86,8.21,125.61300000000001,0.9283253295731182,0,0
2016-08-15,3217,147000,2224650,15.3,15.35,15.0,15.3,0.0,63,2016,13.66,0.86,8.21,125.61300000000001,0.9283253295731182,0,0
2016-08-16,3217,110000,1670750,15.3,15.3,15.1,15.3,0.0,40,2016,13.66,0.86,8.21,125.61300000000001,0.9283253295731182,0,0
2016-08-17,3217,278000,4269650,15.3,15.45,15.25,15.45,0.15,82,2016,13.79,0.87,8.21,126.84450000000001,0.9374265582944231,0,0
2016-08-18,3217,174000,2654600,15.15,15.4,15.15,15.25,-0.2,70,2016,13.62,0.86,8.21,125.20250000000001,0.9252915866660165,0,0
2016-08-19,3217,253000,3815200,15.25,15.25,14.95,15.15,-0.1,100,2016,13.53,0.86,8.21,124.38150000000002,0.919224100851813,0,0
2016-08-22,3217,178000,2693450,14.95,15.25,14.95,15.25,0.1,59,2016,13.62,0.86,8.21,125.20250000000001,0.9252915866660165,0,0
2016-08-23,3217,40000,606550,15.35,15.35,15.1,15.2,-0.05,23,2016,11.43,0.88,8.21,124.792,0.9222578437589146,0,0
2016-08-24,3217,61000,920050,15.15,15.2,15.0,15.2,0.0,31,2016,11.43,0.88,8.21,124.792,0.9222578437589146,0,0
2016-08-25,3217,40000,606150,15.2,15.35,15.1,15.1,-0.1,23,2016,11.35,0.88,8.21,123.971,0.9161903579447113,0,0
2016-08-26,3217,48000,721150,15.05,15.15,15.0,15.1,0.0,24,2016,11.35,0.88,8.21,123.971,0.9161903579447113,0,0
2016-08-29,3217,121000,1828450,15.0,15.2,15.0,15.2,0.1,35,2016,11.43,0.88,8.21,124.792,0.9222578437589146,0,0
2016-08-30,3217,72000,1092050,15.2,15.2,15.1,15.15,-0.05,26,2016,11.39,0.88,8.21,124.38150000000002,0.919224100851813,0,0
2016-08-31,3217,93000,1402650,15.1,15.2,15.0,15.15,0.0,37,2016,11.39,0.88,8.21,124.38150000000002,0.919224100851813,0,0
2016-09-01,3217,44000,662800,15.25,15.25,15.0,15.15,0.0,22,2016,11.39,0.88,8.21,124.38150000000002,0.919224100851813,0,0
2016-09-02,3217,34000,515250,15.15,15.2,15.0,15.2,0.05,18,2016,11.43,0.88,8.21,124.792,0.8998492944238937,0,0
2016-09-05,3217,83000,1252200,15.2,15.25,15.0,15.2,0.0,33,2016,11.43,0.88,8.21,124.792,0.8998492944238937,0,0
2016-09-06,3217,161000,2438750,15.2,15.25,15.05,15.15,-0.05,54,2016,11.39,0.88,8.21,124.38150000000002,0.896889263850131,0,0
2016-09-07,3217,132000,1992750,15.1,15.15,15.05,15.15,0.0,36,2016,11.39,0.88,8.21,124.38150000000002,0.896889263850131,0,0
2016-09-08,3217,62000,932800,15.0,15.1,15.0,15.1,-0.05,33,2016,11.35,0.88,8.21,123.971,0.8939292332763681,0,0
2016-09-09,3217,72000,1088050,15.0,15.2,15.0,15.15,0.05,28,2016,11.39,0.88,8.21,124.38150000000002,0.896889263850131,0,0
2016-09-12,3217,4046000,66933600,15.9,16.65,15.9,16.65,1.5,952,2016,12.52,0.97,8.21,136.69650000000001,0.9856901810630153,0,0
2016-09-13,3217,3073000,50785300,17.0,17.1,15.85,15.85,-0.8,1252,2016,11.92,0.92,8.21,130.1285,0.9383296918828102,0,0
2016-09-14,3217,851000,13781600,15.75,16.4,15.75,16.15,0.3,409,2016,12.14,0.94,8.21,132.5915,0.956089875325387,0,0
2016-09-19,3217,351000,5681850,16.3,16.35,16.05,16.2,0.05,160,2016,12.18,0.94,8.21,133.002,0.9590499058991498,0,0
2016-09-20,3217,173000,2804200,16.15,16.3,16.15,16.2,0.0,87,2016,12.18,0.94,8.21,133.002,0.9590499058991498,0,0
2016-09-21,3217,1854000,32036550,16.2,17.8,16.05,17.8,1.6,635,2016,13.38,1.04,8.21,146.13800000000003,1.05377088425956,0,0
2016-09-22,3217,4147000,76635850,18.15,19.1,18.05,18.3,0.5,1810,2016,13.76,1.06,8.21,150.24300000000002,1.083371189997188,0,0
2016-09-23,3217,1328000,24266750,18.5,18.75,17.9,18.4,0.1,606,2016,13.83,1.07,8.21,151.064,1.0892912511447135,0,0
2016-09-26,3217,964000,17514850,18.4,18.7,18.0,18.05,-0.35,425,2016,13.57,1.05,8.21,148.19050000000001,1.0685710371283739,0,0
2016-09-29,3217,620000,11170450,18.15,18.35,17.8,17.8,-0.25,310,2016,13.38,1.04,8.21,146.13800000000003,1.05377088425956,0,0
2016-09-30,3217,429000,7628150,17.8,18.0,17.55,18.0,0.2,223,2016,13.53,1.05,8.21,147.78000000000003,1.0656110065546112,0,0
2016-10-03,3217,352000,6327950,18.15,18.2,17.75,17.95,-0.05,183,2016,13.5,1.04,8.21,147.36950000000002,1.0482314723729576,0,0
2016-10-04,3217,454000,8192200,17.95,18.3,17.8,18.3,0.35,227,2016,13.76,1.06,8.21,150.24300000000002,1.0686705261518175,0,0
2016-10-05,3217,797000,14639650,18.3,18.55,18.15,18.45,0.15,310,2016,13.87,1.07,8.21,151.4745,1.0774301206284715,0,0
2016-10-06,3217,1722000,32611350,18.65,19.45,18.45,18.8,0.35,731,2016,14.14,1.09,8.21,154.348,1.0978691744073317,0,0
2016-10-07,3217,492000,9253950,18.9,19.2,18.65,18.7,-0.1,236,2016,14.06,1.09,8.21,153.52700000000002,1.0920294447562289,0,0
2016-10-11,3217,650000,11871700,18.7,19.05,17.8,18.0,-0.7,300,2016,13.53,1.05,8.21,147.78000000000003,1.051151337198509,0,0
2016-10-12,3217,334000,5950050,17.65,18.2,17.65,17.85,-0.15,156,2016,13.42,1.04,8.21,146.54850000000002,1.0423917427218548,0,0
2016-10-13,3217,294000,5235100,18.15,18.15,17.65,17.85,0.0,112,2016,13.42,1.04,8.21,146.54850000000002,1.0423917427218548,0,0
2016-10-14,3217,538000,9345850,17.85,18.1,17.1,17.3,-0.55,234,2016,13.01,1.01,8.21,142.03300000000002,1.0102732296407892,0,0
2016-10-17,3217,255000,4338350,17.0,17.2,16.9,17.15,-0.15,122,2016,12.89,1.0,8.21,140.8015,1.0015136351641347,0,0
2016-10-18,3217,173000,2982300,17.05,17.5,17.05,17.4,0.25,97,2016,13.08,1.01,8.21,142.854,1.016112959291892,0,0
2016-10-19,3217,153000,2670600,17.4,17.65,17.3,17.35,-0.05,89,2016,13.05,1.01,8.21,142.44350000000003,1.0131930944663405,0,0
2016-10-20,3217,77000,1333700,17.4,17.5,17.15,17.45,0.1,40,2016,13.12,1.02,8.21,143.2645,1.0190328241174433,0,0
2016-10-21,3217,124000,2174850,17.45,17.65,17.35,17.45,0.0,69,2016,13.12,1.02,8.21,143.2645,1.0190328241174433,0,0
2016-10-24,3217,238000,4202900,17.55,17.8,17.45,17.75,0.3,117,2016,13.35,1.03,8.21,145.72750000000002,1.036552013070752,0,0
2016-10-25,3217,136000,2403800,17.75,17.8,17.55,17.8,0.05,63,2016,13.38,1.04,8.21,146.13800000000003,1.0394718778963035,0,0
2016-10-26,3217,268000,4795850,17.8,18.1,17.7,17.9,0.1,121,2016,13.46,1.04,8.21,146.959,1.045311607547406,0,0
2016-10-27,3217,229000,4110550,18.0,18.05,17.85,18.05,0.15,97,2016,13.57,1.05,8.21,148.19050000000001,1.0540712020240603,0,0
2016-10-28,3217,1526000,28421700,18.15,18.95,18.05,18.5,0.45,621,2016,13.91,1.08,8.21,151.88500000000002,1.080349985454023,0,0
2016-10-31,3217,540000,10084100,18.6,18.9,18.5,18.5,0.0,250,2016,13.91,1.08,8.21,151.88500000000002,1.080349985454023,0,0
2016-11-01,3217,160000,2960000,18.55,18.65,18.35,18.55,0.05,75,2016,13.95,1.08,8.21,152.29550000000003,1.0832698502795746,0,0
2016-11-02,3217,290000,5248900,18.55,18.55,17.9,17.9,-0.65,132,2016,13.46,1.04,8.21,146.959,1.0325338916661104,0,0
2016-11-03,3217,200000,3553500,17.9,18.2,17.6,17.8,-0.1,87,2016,13.38,1.04,8.21,146.13800000000003,1.0267655459026128,0,0
2016-11-04,3217,241000,4343650,18.0,18.25,17.8,18.2,0.4,113,2016,13.68,1.06,8.21,149.422,1.049838928956604,0,0
2016-11-07,3217,3555000,70008150,19.0,20.0,19.0,20.0,1.8,1354,2016,15.04,1.16,8.21,164.20000000000002,1.1536691526995648,0,0
2016-11-08,3217,2870000,57682200,20.3,20.55,19.6,20.0,0.0,1366,2016,15.04,1.16,8.21,164.20000000000002,1.1536691526995648,0,0
2016-11-09,3217,1481000,28459550,19.85,20.1,18.5,18.65,-1.35,709,2016,14.02,1.08,8.21,153.1165,1.075796484892344,0,0
2016-11-10,3217,1825000,36608600,19.6,20.45,19.3,20.3,1.65,817,2016,15.26,1.18,8.21,166.663,1.1709741899900583,0,0
2016-11-11,3217,1653000,31470900,19.5,19.75,18.55,18.65,-1.65,721,2016,14.02,1.08,8.21,153.1165,1.075796484892344,0,0
2016-11-14,3217,983000,18306800,18.8,19.05,18.35,18.5,-0.15,371,2016,13.91,1.08,8.21,151.88500000000002,1.0671439662470976,0,0
2016-11-15,3217,687000,12649600,18.75,18.8,18.2,18.2,-0.3,326,2016,13.68,1.06,8.21,149.422,1.049838928956604,0,0
2016-11-16,3217,342000,6324250,18.4,18.65,18.35,18.55,0.35,187,2016,13.95,1.08,8.21,152.29550000000003,1.0700281391288464,0,0
2016-11-17,3217,687000,13036100,18.65,19.2,18.6,19.2,0.65,321,2016,14.44,1.12,8.21,157.632,1.1075223865915822,0,0
2016-11-18,3217,1588000,31602700,19.5,20.25,19.5,19.75,0.55,715,2016,14.85,1.15,8.21,162.1475,1.1392482882908201,0,0
2016-11-21,3217,586000,11567650,19.85,20.1,19.5,19.6,-0.15,302,2016,14.74,1.14,8.21,160.91600000000003,1.1305957696455735,0,0
2016-11-22,3217,1416000,28290550,19.65,20.4,19.55,19.9,0.3,585,2016,14.96,1.16,8.21,163.37900000000002,1.147900806936067,0,0
2016-11-23,3217,545000,10884300,20.1,20.35,19.8,19.8,-0.1,266,2016,14.89,1.15,8.21,162.55800000000002,1.1421324611725692,0,0
2016-11-24,3217,537000,10602900,19.9,20.15,19.4,19.55,-0.25,270,2016,14.7,1.14,8.21,160.5055,1.1277115967638247,0,0
2016-11-25,3217,328000,6378350,19.8,19.8,19.35,19.35,-0.2,146,2016,14.55,1.13,8.21,158.86350000000002,1.116174905236829,0,0
2016-11-28,3217,212000,4100800,19.35,19.65,19.2,19.25,-0.1,131,2016,14.47,1.12,8.21,158.04250000000002,1.1104065594733312,0,0
2016-11-29,3217,1208000,24163500,19.2,20.5,19.2,20.2,0.95,543,2016,15.19,1.18,8.21,165.842,1.1652058442265605,0,0
2016-11-30,3217,414000,8303750,20.2,20.35,19.85,19.9,-0.3,208,2016,14.96,1.16,8.21,163.37900000000002,1.147900806936067,0,0
2016-12-01,3217,2751000,57614300,20.05,21.55,20.0,21.4,1.5,1172,2016,12.44,1.18,8.21,175.69400000000002,1.2344259933885344,0,0
2016-12-02,3217,1526000,32614600,21.4,21.8,21.0,21.05,-0.35,795,2016,12.24,1.16,8.21,172.8205,1.1918877110125499,0,0
2016-12-05,3217,763000,16350700,21.1,21.6,21.1,21.55,0.5,367,2016,12.53,1.19,8.21,176.92550000000003,1.2201985830080975,0,0
2016-12-06,3217,2816000,62994350,21.6,23.0,21.55,21.95,0.4,1322,2016,12.76,1.21,8.21,180.20950000000002,1.2428472806045356,0,0
2016-12-07,3217,1424000,31272550,22.1,22.5,21.55,22.5,0.55,639,2016,13.08,1.25,8.21,184.72500000000002,1.2739892397996377,0,0
2016-12-08,3217,832000,18383100,22.85,22.85,21.8,21.9,-0.6,397,2016,12.73,1.21,8.21,179.799,1.2400161934049807,0,0
2016-12-09,3217,1161000,24979000,22.1,22.3,20.85,21.25,-0.65,582,2016,12.35,1.18,8.21,174.4625,1.203212059810769,0,0
2016-12-12,3217,617000,13214250,21.5,21.75,21.1,21.5,0.25,327,2016,12.5,1.19,8.21,176.51500000000001,1.2173674958085428,0,0
2016-12-13,3217,389000,8358850,21.55,21.7,21.2,21.65,0.15,191,2016,12.59,1.2,8.21,177.7465,1.225860757407207,0,0
2016-12-14,3217,332000,7173400,21.5,21.8,21.5,21.7,0.05,143,2016,12.62,1.2,8.21,178.157,1.2286918446067616,0,0
2016-12-15,3217,196000,4250400,21.65,21.85,21.5,21.7,0.0,109,2016,12.62,1.2,8.21,178.157,1.2286918446067616,0,0
2016-12-16,3217,1538000,34364900,22.2,22.55,21.8,22.45,0.75,680,2016,13.05,1.24,8.21,184.3145,1.2711581526000828,0,0
2016-12-19,3217,649000,14546600,22.7,22.7,22.05,22.5,0.05,310,2016,13.08,1.25,8.21,184.72500000000002,1.2739892397996377,0,0
2016-12-20,3217,266000,5947750,22.5,22.55,22.2,22.4,-0.1,163,2016,13.02,1.24,8.21,183.904,1.268327065400528,0,0
2016-12-21,3217,925000,20123000,22.25,22.4,21.4,21.4,-1.0,448,2016,12.44,1.18,8.21,175.69400000000002,1.2117053214094333,0,0
2016-12-22,3217,798000,16700500,21.45,21.45,20.7,20.8,-0.6,370,2016,12.09,1.15,8.21,170.76800000000003,1.1777322750147763,0,0
2016-12-23,3217,830000,17567750,20.75,21.9,20.5,21.05,0.25,405,2016,12.24,1.16,8.21,172.8205,1.1918877110125499,0,0
2016-12-26,3217,341000,7255850,21.0,21.45,20.8,21.4,0.35,164,2016,12.44,1.18,8.21,175.69400000000002,1.2117053214094333,0,0
2016-12-27,3217,145000,3085400,21.5,21.5,21.1,21.1,-0.3,90,2016,12.27,1.17,8.21,173.23100000000002,1.1947187982121048,0,0
2016-12-28,3217,297000,6266450,21.0,21.35,21.0,21.1,0.0,162,2016,12.27,1.17,8.21,173.23100000000002,1.1947187982121048,0,0
2016-12-29,3217,281000,6016350,21.1,21.6,21.1,21.25,0.15,140,2016,12.35,1.18,8.21,174.4625,1.203212059810769,0,0
2016-12-30,3217,192000,4091450,21.2,21.5,21.15,21.3,0.05,101,2016,12.38,1.18,8.21,174.87300000000002,1.206043147010324,0,0
2017-01-03,3217,196000,4167050,21.3,21.65,21.2,21.2,-0.1,79,2017,12.33,1.17,8.21,174.05200000000002,1.1885388071728058,0,0
2017-01-04,3217,685000,14837100,21.4,21.85,21.4,21.75,0.55,237,2017,12.65,1.2,8.21,178.56750000000002,1.2193735403777606,0,0
2017-01-05,3217,1980000,44957850,22.0,23.4,22.0,22.45,0.7,829,2017,13.05,1.24,8.21,184.3145,1.2586177462749757,0,0
2017-01-06,3217,3627000,84918650,22.9,23.9,22.8,23.9,1.45,1607,2017,13.9,1.32,8.21,196.21900000000002,1.3399093156334934,0,0
2017-01-09,3217,6108000,151253850,24.75,25.4,24.1,24.45,0.55,2835,2017,14.22,1.35,8.21,200.73450000000003,1.3707440488384481,0,0
2017-01-10,3217,2840000,70645350,24.7,25.3,24.2,25.3,0.85,1422,2017,14.71,1.4,8.21,207.71300000000002,1.4183977274279238,0,0
2017-01-11,3217,2674000,66162350,25.0,25.1,24.3,24.9,-0.4,1337,2017,14.48,1.38,8.21,204.429,1.3959724669152291,0,0
2017-01-12,3217,3445000,87233150,25.7,26.25,24.6,24.8,-0.1,1666,2017,14.42,1.37,8.21,203.60800000000003,1.3903661517870558,0,0
2017-01-13,3217,1344000,32936500,24.5,24.9,24.25,24.75,-0.05,601,2017,14.39,1.37,8.21,203.19750000000002,1.387562994222969,0,0
2017-01-16,3217,631000,15318700,24.3,24.5,24.15,24.2,-0.55,353,2017,14.07,1.34,8.21,198.68200000000002,1.356728261018014,0,0
2017-01-17,3217,5346000,137539950,24.4,26.5,24.4,26.0,1.8,2590,2017,15.12,1.44,8.21,213.46000000000004,1.4576419333251394,0,0
2017-01-18,3217,3610000,94614700,26.4,26.75,25.7,26.2,0.2,1818,2017,15.23,1.45,8.21,215.102,1.4688545635814863,0,0
2017-01-19,3217,1700000,43671050,26.0,26.3,25.4,25.5,-0.7,953,2017,14.83,1.41,8.21,209.35500000000002,1.4296103576842711,0,0
2017-01-20,3217,863000,22079350,25.8,25.95,25.35,25.4,-0.1,466,2017,14.77,1.41,8.21,208.53400000000002,1.4240040425560974,0,0
2017-01-23,3217,1059000,26748500,25.65,25.85,24.7,24.8,-0.6,581,2017,14.42,1.37,8.21,203.60800000000003,1.3903661517870558,0,0
2017-01-24,3217,1008000,24740200,24.7,25.0,24.2,24.6,-0.2,573,2017,14.3,1.36,8.21,201.96600000000004,1.3791535215307087,0,0
2017-02-02,3217,1024000,25614850,24.7,25.6,24.5,25.45,0.85,494,2017,14.8,1.41,8.21,208.9445,1.4142362753877153,0,0
2017-02-03,3217,1060000,26900300,25.75,25.75,25.05,25.5,0.05,511,2017,14.83,1.41,8.21,209.35500000000002,1.417014735653703,0,0
2017-02-06,3217,1496000,38492800,25.5,26.05,25.4,26.05,0.55,584,2017,15.15,1.44,8.21,213.87050000000002,1.4475777985795673,0,0
2017-02-07,3217,5029000,136251200,26.3,27.9,26.3,26.6,0.55,2193,2017,15.47,1.47,8.21,218.38600000000002,1.4781408615054317,0,0
2017-02-08,3217,1675000,43500400,26.75,26.75,25.6,26.0,-0.6,817,2017,15.12,1.44,8.21,213.46000000000004,1.4447993383135798,0,0
2017-02-09,3217,4960000,135900150,28.55,28.55,26.2,26.8,0.8,1809,2017,15.58,1.48,8.21,220.02800000000002,1.489254702569382,0,0
2017-02-10,3217,978000,25977650,26.95,26.95,26.35,26.65,-0.15,457,2017,15.49,1.47,8.21,218.7965,1.480919321771419,0,0
2017-02-13,3217,1025000,27597350,26.8,27.25,26.55,27.0,0.35,521,2017,15.7,1.49,8.21,221.67000000000002,1.5003685436333325,0,0
2017-02-14,3217,1059000,27920450,27.0,27.0,26.05,26.1,-0.9,519,2017,15.17,1.44,8.21,214.28100000000003,1.450356258845555,0,0
2017-02-15,3217,1543000,40873200,26.2,27.05,25.8,26.9,0.8,732,2017,15.64,1.49,8.21,220.84900000000002,1.4948116231013573,0,0
2017-02-16,3217,1853000,50322000,27.35,27.5,26.8,26.9,0.0,749,2017,15.64,1.49,8.21,220.84900000000002,1.4948116231013573,0,0
2017-02-17,3217,1213000,32069300,27.3,27.3,26.1,26.6,-0.3,610,2017,15.47,1.47,8.21,218.38600000000002,1.4781408615054317,0,0
2017-02-20,3217,1239000,33271950,26.5,27.3,26.35,26.45,-0.05,542,2017,15.38,1.46,8.21,217.1545,1.4698054807074683,0,0
2017-02-21,3217,3965000,110218950,27.1,28.5,26.55,28.0,1.55,1806,2017,16.28,1.55,8.21,229.88000000000002,1.555937748953086,0,0
2017-02-22,3217,8334000,248893200,29.0,30.5,29.0,30.3,2.3,3679,2017,17.62,1.68,8.21,248.76300000000003,1.683746921188518,0,0
2017-02-23,3217,6221000,194772050,30.9,32.5,30.5,30.8,0.5,2951,2017,17.91,1.7,8.21,252.86800000000002,1.7115315238483941,0,0
2017-02-24,3217,1410000,42489900,30.55,30.7,29.7,30.1,-0.7,812,2017,17.5,1.67,8.21,247.12100000000004,1.6726330801245675,0,0
2017-03-01,3217,1886000,57609550,30.6,31.3,30.05,30.65,0.55,916,2017,17.82,1.7,8.21,251.6365,1.7031961430504312,0,0
2017-03-02,3217,1670000,50034100,30.95,30.95,29.05,29.7,-0.95,862,2017,17.27,1.64,8.21,243.83700000000002,1.6498704933162642,0,0
2017-03-03,3217,1294000,38808350,30.4,30.55,29.5,29.8,0.1,651,2017,17.33,1.65,8.21,244.65800000000004,1.6554256128223799,0,0
2017-03-06,3217,994000,29618250,29.95,30.4,29.4,29.75,-0.05,457,2017,17.3,1.65,8.21,244.24750000000003,1.6526480530693222,0,0
2017-03-07,3217,2537000,77952750,30.1,31.2,29.8,31.0,1.25,1336,2017,18.02,1.72,8.21,254.51000000000002,1.722087046895764,0,0
2017-03-08,3217,4255000,135557000,31.8,32.7,31.0,31.05,0.05,2339,2017,18.05,1.72,8.21,254.92050000000003,1.724864606648822,0,0
2017-03-09,3217,1603000,50649500,31.8,31.85,31.2,31.85,0.8,915,2017,18.52,1.76,8.21,261.48850000000004,1.769305562697745,0,0
2017-03-10,3217,1900000,58591300,31.85,31.95,30.3,30.5,-1.35,1176,2017,17.73,1.69,8.21,250.40500000000003,1.6943114493651876,0,0
2017-03-13,3217,4684000,129827050,28.55,29.25,27.45,27.45,-3.05,2078,2017,15.96,1.52,8.21,225.36450000000002,1.5248803044286685,0,0
2017-03-14,3217,1572000,43845800,27.5,28.15,27.5,27.8,0.35,859,2017,16.16,1.54,8.21,228.23800000000003,1.5443232227000725,0,0
2017-03-15,3217,1433000,41090700,27.8,29.25,27.8,28.6,0.8,796,2017,16.63,1.58,8.21,234.80600000000004,1.5887641787489954,0,0
2017-03-16,3217,3680000,111204050,29.25,31.3,28.8,30.75,2.15,1815,2017,17.88,1.7,8.21,252.45750000000004,1.708199248130476,0,0
2017-03-17,3217,2301000,72768550,31.9,32.2,31.05,31.4,0.65,1248,2017,18.26,1.74,8.21,257.79400000000004,1.7443075249202258,0,0
2017-03-20,3217,1152000,36310100,31.6,31.9,31.1,31.6,0.2,577,2017,18.37,1.75,8.21,259.43600000000004,1.7554177639324566,0,0
2017-03-21,3217,2408000,76837100,32.1,32.7,30.3,30.3,-1.3,1206,2017,17.62,1.68,8.21,248.76300000000003,1.6832012103529568,0,0
2017-03-22,3217,1470000,45519550,30.5,31.45,30.4,31.3,1.0,739,2017,18.2,1.73,8.21,256.973,1.7387524054141101,0,0
2017-03-23,3217,1265000,39363500,31.4,31.9,30.85,30.85,-0.45,632,2017,17.94,1.71,8.21,253.27850000000004,1.7137543676365914,0,0
2017-03-24,3217,579000,17736150,31.0,31.05,30.4,30.6,-0.25,330,2017,17.79,1.69,8.21,251.22600000000003,1.6998665688713028,0,0
2017-03-27,3217,1001000,29951900,30.6,30.8,29.05,29.4,-1.2,519,2017,17.09,1.63,8.21,241.37400000000002,1.6332051347979182,0,0
2017-03-28,3217,1679000,47719050,29.9,29.95,27.55,28.5,-0.9,995,2017,16.57,1.58,8.21,233.985,1.5832090592428798,0,0
2017-03-29,3217,1178000,32947550,28.3,28.35,27.7,28.1,-0.4,695,2017,16.34,1.56,8.21,230.70100000000002,1.5609885812184183,0,0
2017-03-30,3217,490000,13743400,28.15,28.3,27.85,28.1,0.0,282,2017,16.34,1.56,8.21,230.70100000000002,1.5609885812184183,0,0
2017-03-31,3217,506000,14269050,28.1,28.6,28.0,28.3,0.2,255,2017,16.45,1.57,8.21,232.34300000000002,1.5720988202306492,0,0
2017-04-05,3217,861000,24144650,28.3,28.45,27.8,27.85,-0.45,392,2017,16.19,1.54,8.21,228.64850000000004,1.5439781755075448,0,0
2017-04-06,3217,1262000,34500800,27.9,28.0,26.9,27.15,-0.7,621,2017,15.78,1.5,8.21,222.9015,1.5051708245971214,0,0
2017-04-07,3217,2972000,76551800,27.35,27.35,24.8,26.0,-1.15,1731,2017,11.26,1.4,8.21,213.46000000000004,1.4414158909585695,0,0
2017-04-10,3217,1271000,33786700,26.3,27.2,26.0,26.8,0.8,757,2017,11.6,1.44,8.21,220.02800000000002,1.4857671491419098,0,0
2017-04-11,3217,1021000,26766350,26.9,26.9,25.8,26.0,-0.8,549,2017,11.26,1.4,8.21,213.46000000000004,1.4414158909585695,0,0
2017-04-12,3217,417000,10785850,25.8,26.15,25.8,25.9,-0.1,223,2017,11.21,1.39,8.21,212.639,1.4358719836856517,0,0
2017-04-13,3217,603000,15407450,25.85,25.9,25.3,25.5,-0.4,375,2017,11.04,1.37,8.21,209.35500000000002,1.4136963545939816,0,0
2017-04-14,3217,1698000,41845800,25.4,25.4,24.3,24.5,-1.0,730,2017,10.61,1.32,8.21,201.145,1.3582572818648055,0,0
2017-04-17,3217,610000,14965050,24.6,24.85,24.2,24.5,0.0,340,2017,10.61,1.32,8.21,201.145,1.3582572818648055,0,0
2017-04-18,3217,607000,15170100,24.8,25.3,24.8,25.2,0.7,358,2017,10.91,1.35,8.21,206.89200000000002,1.3970646327752287,0,0
2017-04-19,3217,696000,17121550,25.0,25.0,24.4,24.85,-0.35,412,2017,10.76,1.34,8.21,204.01850000000005,1.3776609573200174,0,0
2017-04-20,3217,825000,20531300,24.55,25.35,24.55,24.75,-0.1,386,2017,10.71,1.33,8.21,203.19750000000002,1.3721170500470998,0,0
2017-04-21,3217,825000,20905050,25.1,25.75,24.9,25.75,1.0,401,2017,11.15,1.38,8.21,211.40750000000003,1.4275561227762754,0,0
2017-04-24,3217,1027000,25658700,25.65,25.75,24.6,25.0,-0.75,428,2017,10.82,1.34,8.21,205.25000000000003,1.3859768182293937,0,0
2017-04-25,3217,438000,11097000,25.15,25.6,24.95,25.4,0.4,233,2017,11.0,1.37,8.21,208.53400000000002,1.408152447321064,0,0
2017-04-26,3217,460000,11830600,25.5,25.9,25.45,25.7,0.3,244,2017,11.13,1.38,8.21,210.997,1.4247841691398166,0,0
2017-04-27,3217,462000,11950600,25.85,26.2,25.65,26.05,0.35,247,2017,11.28,1.4,8.21,213.87050000000002,1.4441878445950282,0,0
2017-04-28,3217,930000,24677800,26.2,26.85,26.1,26.75,0.7,569,2017,11.58,1.44,8.21,219.61750000000004,1.4829951955054514,0,0
2017-05-02,3217,669000,17929000,26.85,27.2,26.4,26.4,-0.35,386,2017,11.43,1.42,8.21,216.744,1.4549262447767206,0,0
2017-05-03,3217,378000,9928950,26.45,26.7,26.1,26.2,-0.2,178,2017,11.34,1.41,8.21,215.102,1.4439040762556847,0,0
2017-05-04,3217,213000,5581500,26.4,26.4,26.15,26.2,0.0,110,2017,11.34,1.41,8.21,215.102,1.4439040762556847,0,0
2017-05-05,3217,212000,5529550,26.2,26.45,26.0,26.0,-0.2,112,2017,11.26,1.4,8.21,213.46000000000004,1.4328819077346493,0,0
2017-05-08,3217,140000,3612900,25.95,25.95,25.7,25.8,-0.2,85,2017,11.17,1.39,8.21,211.81800000000004,1.4218597392136136,0,0
2017-05-09,3217,214000,5486550,25.8,25.95,25.4,25.65,-0.15,124,2017,11.1,1.38,8.21,210.5865,1.4135931128228365,0,0
2017-05-10,3217,284000,7307100,25.35,26.3,25.35,25.9,0.25,107,2017,11.21,1.39,8.21,212.639,1.4273708234741311,0,0
2017-05-11,3217,290000,7500100,25.9,26.0,25.7,25.8,-0.1,116,2017,11.17,1.39,8.21,211.81800000000004,1.4218597392136136,0,0
2017-05-12,3217,188000,4884850,26.2,26.2,25.8,25.85,0.05,89,2017,11.19,1.39,8.21,212.22850000000003,1.4246152813438724,0,0
2017-05-15,3217,428000,10902650,26.0,26.2,25.1,25.25,-0.6,191,2017,10.93,1.36,8.21,207.3025,1.391548775780765,0,0
2017-05-16,3217,294000,7391250,25.15,25.4,25.0,25.1,-0.15,175,2017,10.5,1.34,8.21,206.07100000000003,1.3832821493899883,0,0
2017-05-17,3217,165000,4187300,25.1,25.65,25.1,25.4,0.3,101,2017,10.63,1.35,8.21,208.53400000000002,1.3998154021715419,0,0
2017-05-18,3217,87000,2196000,25.1,25.35,25.05,25.35,-0.05,59,2017,10.61,1.35,8.21,208.12350000000004,1.397059860041283,0,0
2017-05-19,3217,451000,11324000,25.4,25.55,25.0,25.3,-0.05,231,2017,10.59,1.35,8.21,207.71300000000002,1.394304317911024,0,0
2017-05-22,3217,106000,2663050,25.0,25.25,25.0,25.15,-0.15,56,2017,10.52,1.34,8.21,206.4815,1.386037691520247,0,0
2017-05-23,3217,311000,7956950,25.15,25.85,25.05,25.7,0.55,199,2017,10.75,1.37,8.21,210.997,1.4163486549530955,0,0
2017-05-24,3217,140000,3611250,25.7,25.95,25.7,25.8,0.1,82,2017,10.79,1.37,8.21,211.81800000000004,1.4218597392136136,0,0
2017-05-25,3217,491000,12920600,25.8,26.7,25.8,26.3,0.5,279,2017,11.0,1.4,8.21,215.92300000000003,1.449415160516203,0,0
2017-05-26,3217,217000,5696150,26.5,26.5,26.2,26.4,0.1,129,2017,11.05,1.41,8.21,216.744,1.4549262447767206,0,0
2017-05-31,3217,299000,7901200,26.45,26.7,26.2,26.6,0.2,168,2017,11.13,1.42,8.21,218.38600000000002,1.4659484132977567,0,0
2017-06-01,3217,229000,6020250,26.6,26.8,26.05,26.25,-0.35,132,2017,10.98,1.4,8.21,215.51250000000002,1.4466596183859437,0,0
2017-06-02,3217,323000,8469300,26.5,26.6,26.15,26.25,0.0,148,2017,10.98,1.4,8.21,215.51250000000002,1.4381296457067814,0,0
2017-06-05,3217,433000,11604000,26.75,26.9,26.7,26.85,0.2,241,2017,11.23,1.43,8.21,220.43850000000003,1.4710011804657939,0,0
2017-06-06,3217,584000,15968700,27.0,27.75,26.95,27.25,0.4,337,2017,11.4,1.45,8.21,223.72250000000003,1.492915536971802,0,0
2017-06-07,3217,352000,9488700,27.25,27.25,26.85,27.1,-0.15,178,2017,11.34,1.44,8.21,222.49100000000004,1.4846976532820488,0,0
2017-06-08,3217,319000,8660850,27.4,27.4,26.85,27.35,0.25,146,2017,11.44,1.46,8.21,224.54350000000002,1.4983941260983036,0,0
2017-06-09,3217,405000,11047800,27.2,27.55,27.0,27.4,0.05,223,2017,11.46,1.46,8.21,224.954,1.5011334206615548,0,0
2017-06-12,3217,441000,12074500,27.4,27.7,27.2,27.4,0.0,203,2017,11.46,1.46,8.21,224.954,1.5011334206615548,0,0
2017-06-13,3217,306000,8377750,27.25,27.6,27.15,27.2,-0.2,160,2017,11.38,1.45,8.21,223.312,1.4901762424085505,0,0
2017-06-14,3217,339000,9074400,27.5,27.5,26.5,26.5,-0.7,184,2017,11.09,1.41,8.21,217.56500000000003,1.4518261185230368,0,0
2017-06-15,3217,127000,3339750,26.5,26.7,26.1,26.7,0.2,78,2017,11.17,1.42,8.21,219.20700000000002,1.4627832967760406,0,0
2017-06-16,3217,161000,4321750,26.6,27.0,26.6,26.9,0.2,118,2017,11.26,1.43,8.21,220.84900000000002,1.4737404750290446,0,0
2017-06-19,3217,142000,3841750,27.2,27.3,26.8,26.8,-0.1,78,2017,11.21,1.43,8.21,220.02800000000002,1.4682618859025425,0,0
2017-06-20,3217,246000,6631000,27.0,27.1,26.8,26.8,0.0,139,2017,11.21,1.43,8.21,220.02800000000002,1.4682618859025425,0,0
2017-06-21,3217,110000,2954450,26.85,27.05,26.8,27.0,0.2,48,2017,11.3,1.44,8.21,221.67000000000002,1.4792190641555465,0,0
2017-06-22,3217,225000,6045150,27.0,27.2,26.8,26.85,-0.15,109,2017,11.23,1.43,8.21,220.43850000000003,1.4710011804657939,0,0
2017-06-23,3217,197000,5292450,27.0,27.0,26.75,27.0,0.15,70,2017,11.3,1.44,8.21,221.67000000000002,1.4792190641555465,0,0
2017-06-26,3217,202000,5436750,27.0,27.1,26.75,27.0,0.0,102,2017,11.3,1.44,8.21,221.67000000000002,1.4792190641555465,0,0
2017-06-27,3217,175000,4710400,26.85,27.1,26.8,26.95,-0.05,90,2017,11.28,1.44,8.21,221.25950000000003,1.4764797695922958,0,0
2017-06-28,3217,251000,6719400,26.9,27.0,26.65,26.75,-0.2,99,2017,11.19,1.43,8.21,219.61750000000004,1.4655225913392917,0,0
2017-06-29,3217,184000,4909550,26.95,26.95,26.55,26.65,-0.1,74,2017,11.15,1.42,8.21,218.7965,1.4600440022127894,0,0
2017-06-30,3217,127000,3370000,26.65,26.65,26.5,26.5,-0.15,75,2017,11.09,1.41,8.21,217.56500000000003,1.4518261185230368,0,0
2017-07-03,3217,198000,5249450,26.4,26.7,26.4,26.65,0.15,89,2017,11.15,1.42,8.21,218.7965,1.4481414118148521,0,0
2017-07-04,3217,232000,6225100,26.8,26.95,26.75,26.8,0.15,102,2017,11.21,1.43,8.21,220.02800000000002,1.4562923015624027,0,0
2017-07-05,3217,862000,22647450,27.0,27.0,25.7,26.5,-0.3,355,2017,11.09,1.41,8.21,217.56500000000003,1.4399905220673015,0,0
2017-07-06,3217,159000,4195150,26.5,26.5,26.3,26.35,-0.15,77,2017,11.03,1.4,8.21,216.33350000000004,1.4318396323197509,0,0
2017-07-07,3217,312000,8206050,26.4,26.45,26.15,26.15,-0.2,155,2017,10.94,1.39,8.21,214.69150000000002,1.4209717793230163,0,0
2017-07-10,3217,864000,22336500,26.05,26.15,25.7,25.75,-0.4,452,2017,10.77,1.37,8.21,211.40750000000003,1.3992360733295477,0,0
2017-07-11,3217,402000,9552200,23.65,23.9,23.5,23.9,0.0,225,2017,10.0,1.27,8.21,196.21900000000002,1.298708433109755,0,0
2017-07-12,3217,142000,3403950,23.9,24.1,23.85,23.95,0.05,84,2017,10.02,1.28,8.21,196.6295,1.3014253963589384,0,0
2017-07-13,3217,199000,4772700,24.1,24.1,23.9,23.9,-0.05,69,2017,10.0,1.27,8.21,196.21900000000002,1.298708433109755,0,0
2017-07-14,3217,222000,5333150,24.0,24.2,23.85,24.2,0.3,102,2017,10.13,1.29,8.21,198.68200000000002,1.3150102126048564,0,0
2017-07-17,3217,143000,3468850,24.2,24.35,24.2,24.2,0.0,70,2017,10.13,1.29,8.21,198.68200000000002,1.3150102126048564,0,0
2017-07-18,3217,219000,5306400,24.4,24.4,24.1,24.35,0.15,93,2017,10.19,1.3,8.21,199.91350000000003,1.3231611023524072,0,0
2017-07-19,3217,105000,2513250,24.1,24.25,23.5,24.2,-0.15,58,2017,10.13,1.29,8.21,198.68200000000002,1.3150102126048564,0,0
2017-07-20,3217,143000,3449000,24.2,24.2,24.0,24.2,0.0,91,2017,10.13,1.29,8.21,198.68200000000002,1.3150102126048564,0,0
2017-07-21,3217,178000,4284050,24.2,24.2,24.0,24.2,0.0,60,2017,10.13,1.29,8.21,198.68200000000002,1.3150102126048564,0,0
2017-07-24,3217,151000,3620900,24.2,24.2,23.9,24.0,-0.2,67,2017,10.04,1.28,8.21,197.04000000000002,1.304142359608122,0,0
2017-07-25,3217,141000,3380400,24.0,24.05,23.85,24.05,0.05,64,2017,10.06,1.28,8.21,197.45050000000003,1.3068593228573055,0,0
2017-07-26,3217,222000,5391200,24.05,24.5,24.05,24.4,0.35,109,2017,10.21,1.3,8.21,200.324,1.3258780656015907,0,0
2017-07-27,3217,185000,4591700,24.4,24.9,24.4,24.85,0.45,111,2017,10.4,1.32,8.21,204.01850000000005,1.3503307348442433,0,0
2017-07-28,3217,350000,8818150,25.0,25.25,25.0,25.25,0.4,176,2017,10.56,1.35,8.21,207.3025,1.3720664408377117,0,0
2017-07-31,3217,729000,18730500,25.3,25.9,25.3,25.7,0.45,309,2017,10.75,1.37,8.21,210.997,1.396519110080364,0,0
2017-08-01,3217,314000,8006600,25.8,25.8,25.25,25.5,-0.2,120,2017,10.67,1.36,8.21,209.35500000000002,1.3856512570836297,0,0
2017-08-02,3217,176000,4455100,25.5,25.5,25.15,25.45,-0.05,88,2017,10.65,1.36,8.21,208.9445,1.3908955353041812,0,0
2017-08-03,3217,387000,9729600,25.45,25.5,24.6,25.45,0.0,167,2017,10.65,1.36,8.21,208.9445,1.3908955353041812,0,0
2017-08-04,3217,2829000,75476100,26.0,27.45,25.8,27.35,1.9,1104,2017,11.44,1.46,8.21,224.54350000000002,1.4947344947178527,0,0
2017-08-07,3217,3236000,90822550,27.95,28.6,27.6,28.1,0.75,1289,2017,11.76,1.5,8.21,230.70100000000002,1.5357235576443022,0,0
2017-08-08,3217,1414000,39870400,28.2,28.7,27.75,27.9,-0.2,769,2017,11.67,1.49,8.21,229.05900000000003,1.524793140863916,0,0
2017-08-09,3217,765000,21071750,27.8,28.0,27.25,27.6,-0.3,381,2017,11.55,1.47,8.21,226.59600000000003,1.5083975156933362,0,0
2017-08-10,3217,881000,23724650,27.7,27.75,26.6,26.8,-0.8,462,2017,11.21,1.43,8.21,220.02800000000002,1.46467584857179,0,0
2017-08-11,3217,1060000,27692800,25.9,26.55,25.85,26.45,-0.35,478,2017,11.07,1.41,8.21,217.1545,1.4455476192061136,0,0
2017-08-14,3217,600000,15586500,26.6,26.65,25.45,25.9,-0.55,268,2017,10.84,1.38,8.21,212.639,1.4154889730600506,0,0
2017-08-15,3217,312000,8173350,26.45,26.45,26.0,26.1,0.2,153,2017,9.67,1.5,8.21,214.28100000000003,1.4264193898404374,0,0
2017-08-16,3217,287000,7427000,26.0,26.25,25.6,25.95,-0.15,154,2017,9.61,1.49,8.21,213.04950000000002,1.4182215772551474,0,0
2017-08-17,3217,773000,20733000,26.5,27.1,26.5,26.65,0.7,393,2017,9.87,1.53,8.21,218.7965,1.4564780359865002,0,0
2017-08-18,3217,256000,6763750,26.25,27.0,26.1,27.0,0.35,138,2017,10.0,1.55,8.21,221.67000000000002,1.4756062653521764,0,0
2017-08-21,3217,387000,10304750,26.7,26.75,26.5,26.6,-0.4,177,2017,9.85,1.52,8.21,218.38600000000002,1.4537454317914038,0,0
2017-08-22,3217,276000,7355650,26.85,26.85,26.5,26.6,0.0,128,2017,9.85,1.52,8.21,218.38600000000002,1.4537454317914038,0,0
2017-08-23,3217,567000,15240000,26.8,27.2,26.6,26.9,0.3,255,2017,9.96,1.54,8.21,220.84900000000002,1.4701410569619833,0,0
2017-08-24,3217,385000,10366800,26.75,27.05,26.75,26.9,0.0,146,2017,9.96,1.54,8.21,220.84900000000002,1.4701410569619833,0,0
2017-08-25,3217,306000,8199950,26.9,26.9,26.7,26.9,0.0,143,2017,9.96,1.54,8.21,220.84900000000002,1.4701410569619833,0,0
2017-08-28,3217,390000,10483500,26.95,27.3,26.75,26.8,-0.1,129,2017,9.93,1.54,8.21,220.02800000000002,1.46467584857179,0,0
2017-08-29,3217,363000,9736750,26.8,27.1,26.65,26.75,-0.05,170,2017,9.91,1.53,8.21,219.61750000000004,1.4619432443766935,0,0
2017-08-30,3217,780000,21170050,26.9,27.45,26.75,27.45,0.7,322,2017,10.17,1.57,8.21,225.36450000000002,1.500199703108046,0,0
2017-08-31,3217,819000,22595350,28.0,28.0,27.05,27.5,0.05,365,2017,10.19,1.58,8.21,225.77500000000003,1.502932307303143,0,0
2017-09-01,3217,493000,13484800,27.5,27.65,27.0,27.6,0.1,211,2017,10.22,1.58,8.21,226.59600000000003,1.5083975156933362,0,0
2017-09-04,3217,777000,21499750,27.65,28.05,27.25,27.8,0.2,311,2017,10.3,1.59,8.21,228.23800000000003,1.495011344997983,0,0
2017-09-05,3217,6203000,182349850,28.15,30.2,28.0,30.1,2.3,2529,2017,11.15,1.72,8.21,247.12100000000004,1.618699333972636,0,0
2017-09-06,3217,2527000,74663150,29.8,30.5,28.5,29.2,-0.9,1135,2017,10.81,1.67,8.21,239.73200000000003,1.5702996861129892,0,0
2017-09-07,3217,1576000,46124400,29.8,29.85,28.75,29.45,0.25,749,2017,10.91,1.69,8.21,241.7845,1.5837440327406684,0,0
2017-09-08,3217,846000,24808150,29.5,29.65,29.05,29.15,-0.3,421,2017,10.8,1.67,8.21,239.32150000000001,1.567610816787453,0,0
2017-09-11,3217,2995000,89438150,30.35,30.35,29.3,29.8,0.65,1151,2017,11.04,1.71,8.21,244.65800000000004,1.6025661180194204,0,0
2017-09-12,3217,1266000,37551050,30.45,30.5,29.2,29.2,-0.6,730,2017,10.81,1.67,8.21,239.73200000000003,1.5702996861129892,0,0
2017-09-13,3217,1474000,42308600,29.2,29.4,28.35,29.0,-0.2,691,2017,10.74,1.66,8.21,238.09000000000003,1.5595442088108453,0,0
2017-09-14,3217,642000,18558400,28.8,29.3,28.6,28.7,-0.3,327,2017,10.63,1.64,8.21,235.627,1.5434109928576294,0,0
2017-09-15,3217,920000,26922900,29.1,29.7,28.75,29.2,0.5,429,2017,10.81,1.67,8.21,239.73200000000003,1.5702996861129892,0,0
2017-09-18,3217,685000,19760150,29.35,29.5,28.6,28.95,-0.25,513,2017,10.72,1.66,8.21,237.67950000000002,1.556855339485309,0,0
2017-09-19,3217,411000,11842250,29.1,29.1,28.7,28.7,-0.25,194,2017,10.63,1.64,8.21,235.627,1.5434109928576294,0,0
2017-09-20,3217,242000,6955050,28.7,28.9,28.6,28.7,0.0,137,2017,10.63,1.64,8.21,235.627,1.5434109928576294,0,0
2017-09-21,3217,987000,28934700,28.8,29.6,28.65,29.6,0.9,408,2017,10.96,1.7,8.21,243.01600000000005,1.5918106407172767,0,0
2017-09-22,3217,2450000,73644550,29.7,30.65,29.2,29.35,-0.25,1171,2017,10.87,1.68,8.21,240.96350000000004,1.578366294089597,0,0
2017-09-25,3217,802000,22911000,29.5,29.5,28.1,28.7,-0.65,340,2017,10.63,1.64,8.21,235.627,1.5434109928576294,0,0
2017-09-26,3217,506000,14298800,28.7,28.9,27.8,28.2,-0.5,232,2017,10.44,1.62,8.21,231.52200000000002,1.51652229960227,0,0
2017-09-27,3217,413000,11739150,28.2,28.75,27.95,28.7,0.5,178,2017,10.63,1.64,8.21,235.627,1.5434109928576294,0,0
2017-09-28,3217,158000,4511250,28.7,29.0,28.4,28.6,-0.1,103,2017,10.59,1.64,8.21,234.80600000000004,1.5380332542065578,0,0
2017-09-29,3217,256000,7278100,28.7,28.8,28.2,28.65,0.05,135,2017,10.61,1.64,8.21,235.21650000000002,1.5407221235320938,0,0
2017-10-02,3217,587000,17656800,30.1,30.35,29.6,30.05,0.15,326,2017,11.13,1.72,8.21,246.71050000000002,1.5940068667952847,0,0
2017-10-03,3217,2677000,81829050,30.35,31.05,29.85,29.95,-0.1,1172,2017,11.09,1.72,8.21,245.88950000000003,1.5887023514315735,0,0
2017-10-05,3217,885000,26558200,30.1,30.4,29.7,30.2,0.25,346,2017,11.19,1.73,8.21,247.942,1.6019636398408517,0,0
2017-10-06,3217,1013000,30286750,30.45,30.45,29.7,30.0,-0.2,373,2017,11.11,1.72,8.21,246.3,1.5913546091134287,0,0
2017-10-11,3217,844000,25607900,30.65,30.7,30.0,30.3,0.3,388,2017,11.22,1.74,8.21,248.76300000000003,1.6072681552045633,0,0
2017-10-12,3217,1706000,52160700,30.5,30.85,30.2,30.55,0.25,798,2017,11.31,1.75,8.21,250.81550000000004,1.620529443613842,0,0
2017-10-13,3217,6117000,193346450,30.75,32.5,30.65,31.2,0.65,2617,2017,11.56,1.79,8.21,256.15200000000004,1.6550087934779663,0,0
2017-10-16,3217,8657000,288971200,32.1,34.3,31.6,34.3,3.1,3732,2017,12.7,1.97,8.21,281.603,1.8194487697530202,0,0
2017-10-17,3217,6705000,231257700,34.5,35.3,33.6,34.0,-0.3,3409,2017,12.59,1.95,8.21,279.14000000000004,1.8035352236618862,0,0
2017-10-18,3217,3024000,100210300,34.05,34.25,32.6,32.9,-1.1,1575,2017,12.19,1.89,8.21,270.10900000000004,1.7451855546610606,0,0
2017-10-19,3217,2720000,92319400,33.5,34.5,33.1,34.5,1.6,1482,2017,12.78,1.98,8.21,283.245,1.830057800480443,0,0
2017-10-20,3217,1857000,62756950,34.05,34.35,33.4,33.65,-0.85,977,2017,12.46,1.93,8.21,276.2665,1.784969419888896,0,0
2017-10-23,3217,1541000,51243500,33.9,33.95,32.9,33.0,-0.65,784,2017,12.22,1.89,8.21,270.93,1.7504900700247716,0,0
2017-10-24,3217,912000,29886900,33.2,33.4,32.5,32.7,-0.3,502,2017,12.11,1.87,8.21,268.46700000000004,1.7345765239336377,0,0
2017-10-25,3217,6319000,218553750,32.8,35.55,32.8,33.55,0.85,2955,2017,12.43,1.92,8.21,275.4455,1.7796649045251844,0,0
2017-10-26,3217,2612000,90183950,34.0,35.4,33.65,34.8,1.25,1334,2017,12.89,1.99,8.21,285.708,1.8459713465715777,0,0
2017-10-27,3217,2810000,95709950,35.7,35.7,32.85,32.85,-1.95,1461,2017,12.17,1.88,8.21,269.6985,1.742533296979205,0,0
2017-10-30,3217,1883000,60523250,33.15,33.8,31.4,32.4,-0.45,897,2017,12.0,1.86,8.21,266.004,1.718662977842503,0,0
2017-10-31,3217,965000,31379300,32.4,33.0,31.9,32.6,0.2,514,2017,12.07,1.87,8.21,267.646,1.729272008569926,0,0
2017-11-01,3217,694000,22701250,32.75,33.05,32.2,32.8,0.2,368,2017,12.15,1.88,8.21,269.288,1.7398810392973487,0,0
2017-11-02,3217,4322000,145797200,33.8,34.4,33.0,33.45,0.65,1953,2017,12.39,1.92,8.21,274.62450000000007,1.7757968711000296,0,0
2017-11-03,3217,2104000,71128150,33.4,34.35,33.2,33.75,0.3,1006,2017,12.5,1.93,8.21,277.08750000000003,1.7917233004372497,0,0
2017-11-06,3217,652000,21981500,34.15,34.15,33.5,33.5,-0.25,394,2017,12.41,1.92,8.21,275.035,1.7784512759895663,0,0
2017-11-07,3217,770000,25815850,33.9,34.0,33.2,33.3,-0.2,316,2017,12.33,1.91,8.21,273.39300000000003,1.7678336564314197,0,0
2017-11-08,3217,932000,31240000,33.5,33.85,33.3,33.55,0.25,450,2017,12.43,1.92,8.21,275.4455,1.7811056808791026,0,0
2017-11-09,3217,2706000,91833600,33.9,34.45,32.9,33.2,-0.35,1378,2017,12.3,1.9,8.21,272.57200000000006,1.7625248466523464,0,0
2017-11-10,3217,1324000,44965400,33.5,34.4,33.2,34.15,0.95,672,2017,12.65,1.96,8.21,280.3715,1.812958539553543,0,0
2017-11-13,3217,2173000,69892450,33.2,33.65,31.2,31.8,-2.35,1110,2017,11.78,1.82,8.21,261.07800000000003,1.6882015097453198,0,0
2017-11-14,3217,992000,30944200,31.95,32.45,30.7,31.1,-0.7,521,2017,10.4,1.61,8.21,255.33100000000005,1.6510398412918064,0,0
2017-11-15,3217,540000,16761850,31.3,31.35,30.65,31.1,0.0,305,2017,10.4,1.61,8.21,255.33100000000005,1.6510398412918064,0,0
2017-11-16,3217,379000,11917900,31.25,31.7,31.1,31.35,0.25,245,2017,10.48,1.62,8.21,257.3835,1.6643118657394897,0,0
2017-11-17,3217,968000,31110450,31.95,32.8,31.8,31.95,0.6,529,2017,10.69,1.65,8.21,262.3095,1.6961647244139293,0,0
2017-11-20,3217,427000,13704500,31.95,32.5,31.85,31.9,-0.05,221,2017,10.67,1.65,8.21,261.899,1.6935103195243928,0,0
2017-11-21,3217,448000,14246500,32.4,32.4,31.65,31.8,-0.1,235,2017,10.64,1.65,8.21,261.07800000000003,1.6882015097453198,0,0
2017-11-22,3217,449000,14259900,32.1,32.15,31.5,31.5,-0.3,265,2017,10.54,1.63,8.21,258.615,1.6722750804080995,0,0
2017-11-23,3217,258000,8168800,31.6,31.8,31.55,31.6,0.1,139,2017,10.57,1.64,8.21,259.43600000000004,1.6775838901871731,0,0
2017-11-24,3217,312000,10004400,31.85,32.25,31.85,32.15,0.55,200,2017,10.75,1.66,8.21,263.9515,1.706782343972076,0,0
2017-11-27,3217,735000,23987350,32.7,32.85,32.4,32.6,0.45,390,2017,10.9,1.69,8.21,267.646,1.730671987977906,0,0
2017-11-28,3217,768000,25397650,33.0,33.25,32.8,32.9,0.3,430,2017,11.0,1.7,8.21,270.10900000000004,1.7465984173151263,0,0
2017-11-29,3217,974000,32586150,33.5,33.85,33.15,33.25,0.35,480,2017,11.12,1.72,8.21,272.9825,1.7651792515418827,0,0
2017-11-30,3217,944000,30565050,33.45,33.45,31.95,32.0,-1.25,424,2017,10.7,1.66,8.21,262.72,1.6988191293034665,0,0
2017-12-01,3217,780000,24587650,31.95,32.4,31.25,31.7,-0.3,385,2017,10.6,1.64,8.21,260.257,1.6828926999662461,0,0
2017-12-04,3217,369000,11559450,31.3,31.55,31.15,31.15,-0.55,212,2017,10.42,1.61,8.21,255.7415,1.6374728999632477,0,0
2017-12-05,3217,642000,19901450,31.15,31.3,30.7,30.75,-0.4,293,2017,10.28,1.59,8.21,252.45750000000004,1.6164459606378772,0,0
2017-12-06,3217,550000,16803050,30.75,31.2,30.15,30.6,-0.15,278,2017,10.23,1.58,8.21,251.22600000000003,1.6085608583908633,0,0
2017-12-07,3217,551000,16610950,30.6,30.65,29.85,30.0,-0.6,244,2017,10.03,1.55,8.21,246.3,1.5770204494028068,0,0
2017-12-08,3217,260000,8002600,30.15,31.3,29.95,31.3,1.3,177,2017,10.47,1.62,8.21,256.973,1.6453580022102616,0,0
2017-12-11,3217,493000,15510750,31.3,31.8,31.2,31.8,0.5,255,2017,10.64,1.65,8.21,261.07800000000003,1.6716416763669755,0,0
2017-12-12,3217,326000,10293600,32.15,32.15,31.2,31.3,-0.5,192,2017,10.47,1.62,8.21,256.973,1.6453580022102616,0,0
2017-12-13,3217,312000,9904350,31.8,31.9,31.55,31.55,0.25,156,2017,10.55,1.63,8.21,259.0255,1.6584998392886183,0,0
2017-12-14,3217,178000,5641600,31.75,31.9,31.5,31.75,0.2,129,2017,10.62,1.64,8.21,260.6675,1.6690133089513037,0,0
2017-12-15,3217,246000,7688750,31.6,31.85,31.1,31.1,-0.65,155,2017,10.4,1.61,8.21,255.33100000000005,1.6348445325475767,0,0
2017-12-18,3217,173000,5405000,31.2,31.45,31.1,31.2,0.1,103,2017,10.43,1.61,8.21,256.15200000000004,1.6401012673789193,0,0
2017-12-19,3217,381000,12089750,31.45,32.2,31.35,31.9,0.7,209,2017,10.67,1.65,8.21,261.899,1.6768984111983178,0,0
2017-12-20,3217,283000,9021950,32.1,32.2,31.65,32.15,0.25,132,2017,10.75,1.66,8.21,263.9515,1.6900402482766745,0,0
2017-12-21,3217,162000,5180900,32.15,32.3,31.8,31.8,-0.35,99,2017,10.64,1.65,8.21,261.07800000000003,1.6716416763669755,0,0
2017-12-22,3217,262000,8262000,32.0,32.0,31.2,31.45,-0.35,228,2017,10.52,1.63,8.21,258.2045,1.6532431044572757,0,0
2017-12-25,3217,115000,3626500,31.4,31.7,31.4,31.65,0.2,83,2017,10.59,1.64,8.21,259.8465,1.6637565741199611,0,0
2017-12-26,3217,209000,6506150,31.55,31.6,31.0,31.0,-0.65,132,2017,10.37,1.6,8.21,254.51000000000002,1.6295877977162336,0,0
2017-12-27,3217,192000,5952400,31.4,31.4,30.8,31.1,0.1,94,2017,10.4,1.61,8.21,255.33100000000005,1.6348445325475767,0,0
2017-12-28,3217,250000,7876000,31.5,31.65,31.25,31.6,0.5,154,2017,10.57,1.64,8.21,259.43600000000004,1.66112820670429,0,0
2017-12-29,3217,263000,8378600,31.6,32.0,31.6,31.95,0.35,142,2017,10.69,1.65,8.21,262.3095,1.6795267786139891,0,0
2018-01-02,3217,286000,9107500,31.95,32.15,31.65,31.65,-0.3,172,2018,10.59,1.64,8.21,259.8465,1.6626175077229415,0,0
2018-01-03,3217,1142000,36959850,31.8,32.8,31.75,32.75,1.1,621,2018,10.95,1.7,8.21,268.87750000000005,1.7204020024621278,0,0
2018-01-04,3217,856000,28203500,33.0,33.35,32.6,32.85,0.1,435,2018,10.99,1.7,8.21,269.6985,1.7256551383475083,0,0
2018-01-05,3217,499000,16276950,33.0,33.2,32.35,32.6,-0.25,285,2018,10.9,1.69,8.21,267.646,1.7125222986340567,0,0
2018-01-08,3217,597000,19062300,32.6,32.7,31.55,31.55,-1.05,313,2018,10.55,1.63,8.21,259.0255,1.657364371837561,0,0
2018-01-09,3217,339000,10625950,31.6,31.95,31.05,31.5,-0.05,195,2018,10.54,1.63,8.21,258.615,1.6547378038948708,0,0
2018-01-10,3217,212000,6634500,31.5,31.7,31.1,31.1,-0.4,100,2018,10.4,1.61,8.21,255.33100000000005,1.633725260353349,0,0
2018-01-11,3217,318000,9830850,30.7,31.45,30.5,31.25,0.15,155,2018,10.45,1.62,8.21,256.5625,1.6416049641814194,0,0
2018-01-12,3217,97000,3020400,31.4,31.4,31.05,31.05,-0.2,82,2018,10.38,1.61,8.21,254.92050000000003,1.6310986924106585,0,0
2018-01-15,3217,285000,8799450,31.1,31.25,30.7,30.7,-0.35,170,2018,10.27,1.59,8.21,252.04700000000003,1.6127127168118267,0,0
2018-01-16,3217,225000,6932200,30.7,31.25,30.6,31.0,0.3,144,2018,10.37,1.6,8.21,254.51000000000002,1.628472124467968,0,0
2018-01-17,3217,187000,5748950,30.95,30.95,30.7,30.8,-0.2,105,2018,10.3,1.59,8.21,252.86800000000002,1.617965852697207,0,0
2018-01-18,3217,450000,13923250,30.8,31.35,30.65,31.2,0.4,262,2018,10.43,1.61,8.21,256.15200000000004,1.6389783962387294,0,0
2018-01-19,3217,1379000,44222000,31.2,32.55,31.2,32.1,0.9,699,2018,10.74,1.66,8.21,263.54100000000005,1.6862566192071542,0,0
2018-01-22,3217,828000,26053400,32.4,32.4,30.95,31.4,-0.7,478,2018,10.5,1.63,8.21,257.79400000000004,1.6494846680094906,0,0
2018-01-23,3217,150000,4711150,31.2,31.65,31.2,31.5,0.1,110,2018,10.54,1.63,8.21,258.615,1.6547378038948708,0,0
2018-01-24,3217,313000,9772250,31.5,31.5,31.1,31.4,-0.1,178,2018,10.5,1.63,8.21,257.79400000000004,1.6494846680094906,0,0
2018-01-25,3217,134000,4192750,31.2,31.4,31.15,31.3,-0.1,73,2018,10.47,1.62,8.21,256.973,1.6442315321241097,0,0
2018-01-26,3217,137000,4258450,31.35,31.35,31.0,31.2,-0.1,84,2018,10.43,1.61,8.21,256.15200000000004,1.6389783962387294,0,0
2018-01-29,3217,385000,12171600,31.25,31.8,31.15,31.7,0.5,181,2018,10.6,1.64,8.21,260.257,1.665244075665632,0,0
2018-01-30,3217,319000,10100300,31.85,32.0,31.2,31.2,-0.5,198,2018,10.43,1.61,8.21,256.15200000000004,1.6389783962387294,0,0
2018-01-31,3217,557000,17692600,31.1,32.2,31.1,31.8,0.6,286,2018,10.64,1.65,8.21,261.07800000000003,1.6704972115510126,0,0
2018-02-01,3217,628000,20076500,31.8,32.15,31.65,32.05,0.25,300,2018,10.72,1.66,8.21,263.1305,1.6836300512644637,0,0
2018-02-02,3217,3456000,113232900,32.3,33.7,31.9,33.05,1.0,1821,2018,11.05,1.71,8.21,271.3405,1.7293056022923103,0,0
2018-02-05,3217,6543000,223094200,32.0,35.2,31.9,33.85,0.8,3854,2018,11.32,1.75,8.21,277.90850000000006,1.7711647394128507,0,0
2018-02-06,3217,3078000,98939300,32.7,33.55,31.0,31.15,-2.7,1595,2018,10.42,1.61,8.21,255.7415,1.6298901516310278,0,0
2018-02-07,3217,2868000,93617650,32.2,33.3,31.9,33.0,1.85,1445,2018,11.04,1.71,8.21,270.93,1.7266894062222766,0,0
2018-02-08,3217,1769000,58671750,33.45,33.85,32.6,33.05,0.05,1002,2018,11.05,1.71,8.21,271.3405,1.7293056022923103,0,0
2018-02-09,3217,3045000,101543800,32.2,34.3,31.65,33.85,0.8,1578,2018,11.32,1.75,8.21,277.90850000000006,1.7711647394128507,0,0
2018-02-12,3217,2149000,72857700,34.1,34.6,33.15,33.6,-0.25,1062,2018,11.24,1.74,8.21,275.85600000000005,1.7580837590626819,0,0
2018-02-21,3217,6587000,232707300,33.8,36.6,33.8,36.1,2.5,3490,2018,12.07,1.87,8.21,296.38100000000003,1.8888935625643695,0,0
2018-02-22,3217,6877000,252761200,35.8,37.95,35.0,35.2,-0.9,3912,2018,11.77,1.82,8.21,288.9920000000001,1.8418020333037624,0,0
2018-02-23,3217,4356000,158543400,35.9,37.2,35.35,36.9,1.7,2633,2018,12.34,1.91,8.21,302.949,1.9307526996849094,0,0
2018-02-26,3217,4583000,171010750,37.45,38.2,36.55,37.0,0.1,2498,2018,12.37,1.92,8.21,303.77000000000004,1.935985091824977,0,0
2018-02-27,3217,2164000,78899050,37.25,37.6,35.7,35.7,-1.3,1280,2018,11.94,1.85,8.21,293.09700000000004,1.8679639940040995,0,0
2018-03-01,3217,1004000,36107200,35.3,36.5,35.3,36.2,0.5,589,2018,12.11,1.87,8.21,297.20200000000006,1.8941259547044371,0,0
2018-03-02,3217,630000,22610700,35.95,36.5,35.5,36.0,-0.2,403,2018,12.04,1.86,8.21,295.56000000000006,1.8534474649609636,0,0
2018-03-05,3217,1923000,70277900,36.3,37.5,35.5,35.5,-0.5,1123,2018,11.87,1.84,8.21,291.45500000000004,1.827705139058728,0,0
2018-03-06,3217,1172000,41312750,36.1,36.3,34.75,34.9,-0.6,718,2018,11.67,1.81,8.21,286.529,1.796814347976045,0,0
2018-03-07,3217,1161000,40202950,35.0,35.4,34.1,34.4,-0.5,642,2018,11.51,1.78,8.21,282.42400000000004,1.7710720220738096,0,0
2018-03-08,3217,580000,20224600,35.05,35.15,34.4,35.0,0.6,330,2018,11.71,1.81,8.21,287.35,1.801962813156492,0,0
2018-03-09,3217,466000,16317300,34.9,35.55,34.7,35.2,0.2,268,2018,11.77,1.82,8.21,288.9920000000001,1.8122597435173868,0,0
2018-03-12,3217,1684000,61260500,36.0,36.9,35.75,36.1,0.9,981,2018,12.07,1.87,8.21,296.38100000000003,1.8585959301414106,0,0
2018-03-13,3217,2259000,83638700,36.1,37.6,36.1,37.6,1.5,1359,2018,12.58,1.95,8.21,308.696,1.9358229078481175,0,0
2018-03-14,3217,4353000,165249200,37.95,38.75,37.05,37.25,-0.35,2618,2018,12.46,1.93,8.21,305.82250000000005,1.9178032797165525,0,0
2018-03-15,3217,4077000,157365050,37.3,39.6,37.25,39.6,2.35,2204,2018,13.24,2.05,8.21,325.11600000000004,2.03879221145706,0,0
2018-03-16,3217,3644000,140730150,39.6,39.6,37.9,38.1,-1.5,2128,2018,12.74,1.97,8.21,312.80100000000004,1.961565233750353,0,0
2018-03-19,3217,1057000,40124200,38.1,38.45,37.65,37.7,-0.4,688,2018,12.61,1.95,8.21,309.51700000000005,1.9409713730285645,0,0
2018-03-20,3217,876000,33103150,37.85,38.15,37.2,38.1,0.4,589,2018,12.74,1.97,8.21,312.80100000000004,1.961565233750353,0,0
2018-03-21,3217,791000,30177650,38.4,38.5,37.8,37.8,-0.3,462,2018,12.64,1.96,8.21,310.338,1.9461198382090115,0,0
2018-03-22,3217,733000,27730850,38.05,38.4,37.55,37.55,-0.25,442,2018,12.56,1.94,8.21,308.2855,1.9332486752578937,0,0
2018-03-23,3217,869000,32245800,36.85,37.85,36.6,37.45,-0.1,539,2018,12.53,1.94,8.21,307.46450000000004,1.9281002100774467,0,0
2018-03-26,3217,4777000,187372150,38.1,40.35,38.1,39.9,2.45,2784,2018,13.34,2.07,8.21,327.579,2.054237606998401,0,0
2018-03-27,3217,3302000,132502850,40.7,40.7,39.4,40.5,0.6,2137,2018,13.55,2.1,8.21,332.50500000000005,2.0851283980810837,0,0
2018-03-28,3217,9414000,402364100,40.0,44.45,39.8,43.85,3.35,5711,2018,14.97,2.16,8.21,360.0085,2.2576019816260624,0,0
2018-03-29,3217,7058000,321157050,45.1,46.55,44.0,46.3,2.45,4419,2018,15.8,2.28,8.21,380.123,2.3837393785470167,0,0
2018-03-30,3217,3465000,160213500,46.75,47.4,45.1,45.45,-0.85,2167,2018,15.51,2.24,8.21,373.14450000000005,2.3399774245132163,0,0
2018-04-02,3217,1550000,72350900,47.1,47.3,46.05,47.3,0.9,1022,2018,16.14,2.33,8.21,388.333,2.392633311892035,0,0
2018-04-03,3217,1683000,78050050,47.05,47.05,45.85,45.9,-1.4,1005,2018,15.67,2.26,8.21,376.83900000000006,2.321815412597133,0,0
2018-04-09,3217,1110000,50252600,45.9,46.5,45.0,45.0,-0.9,741,2018,15.36,2.21,8.21,369.45000000000005,2.2762896201932676,0,0
2018-04-10,3217,867000,39461500,44.9,46.3,44.8,45.75,0.75,609,2018,15.61,2.25,8.21,375.6075,2.314227780529822,0,0
2018-04-11,3217,4460000,217037750,46.9,49.85,46.35,49.5,3.75,3005,2018,16.89,2.43,8.21,406.39500000000004,2.5039185822125947,0,0
2018-04-12,3217,1551000,75204350,49.6,49.75,47.85,48.0,-1.5,1148,2018,16.38,2.36,8.21,394.08000000000004,2.4280422615394857,0,0
2018-04-13,3217,946000,45523200,48.5,48.95,47.5,48.1,0.1,702,2018,16.42,2.37,8.21,394.90100000000007,2.4331006829176927,0,0
2018-04-16,3217,1018000,48587650,48.0,48.5,47.1,48.1,0.0,741,2018,16.42,2.37,8.21,394.90100000000007,2.4331006829176927,0,0
2018-04-17,3217,3990000,198821200,49.0,51.2,47.9,47.9,-0.2,2769,2018,16.35,2.36,8.21,393.259,2.422983840161278,0,0
2018-04-18,3217,1571000,76125150,48.5,49.2,47.75,49.0,1.1,1051,2018,16.72,2.41,8.21,402.29,2.478626475321558,0,0
2018-04-19,3217,1336000,66159100,49.4,50.5,48.65,49.95,0.95,876,2018,17.05,2.46,8.21,410.08950000000004,2.526681478414527,0,0
2018-04-20,3217,1977000,99550850,49.5,51.4,49.05,49.05,-0.9,1324,2018,16.74,2.41,8.21,402.70050000000003,2.481155686010662,0,0
2018-04-23,3217,1981000,94426100,49.15,50.0,46.1,46.1,-2.95,1275,2018,15.73,2.27,8.21,378.48100000000005,2.3319322553535478,0,0
2018-04-24,3217,1878000,82658600,46.7,46.8,42.0,44.15,-1.95,1266,2018,15.07,2.17,8.21,362.47150000000005,2.233293038478506,0,0
2018-04-25,3217,910000,40565450,44.1,46.5,43.05,46.4,2.25,598,2018,15.84,2.28,8.21,380.944,2.347107519488169,0,0
2018-04-26,3217,1297000,59334350,47.0,47.3,44.0,44.0,-2.4,951,2018,15.02,2.16,8.21,361.24,2.225705406411195,0,0
2018-04-27,3217,759000,34486850,44.9,46.3,44.3,45.5,1.5,586,2018,15.53,2.24,8.21,373.55500000000006,2.301581727084304,0,0
2018-04-30,3217,415000,18894050,46.15,46.15,45.05,45.05,-0.45,324,2018,15.38,2.22,8.21,369.8605,2.278818830882371,0,0
2018-05-02,3217,269000,12178550,45.3,45.65,45.05,45.25,0.2,219,2018,15.44,2.23,8.21,371.50250000000005,2.2684543472818426,0,0
2018-05-03,3217,338000,15374900,45.5,45.8,45.05,45.6,0.35,272,2018,15.56,2.24,8.21,374.37600000000003,2.2860004030066743,0,0
2018-05-04,3217,1040000,47339300,46.5,46.55,44.4,44.4,-1.2,633,2018,15.15,2.18,8.21,364.524,2.2258424976643933,0,0
2018-05-07,3217,513000,22720800,44.4,44.55,44.0,44.45,0.05,284,2018,15.17,2.19,8.21,364.93450000000007,2.228349077053655,0,0
2018-05-08,3217,420000,18559600,44.55,44.55,43.95,43.95,-0.5,287,2018,15.0,2.16,8.21,360.82950000000005,2.203283283161038,0,0
2018-05-09,3217,618000,27012050,44.1,44.1,43.1,43.45,-0.5,395,2018,14.83,2.14,8.21,356.72450000000003,2.178217489268421,0,0
2018-05-10,3217,742000,31806200,43.6,43.6,42.25,42.35,-1.1,539,2018,14.45,2.08,8.21,347.69350000000003,2.1230727427046636,0,0
2018-05-11,3217,1540000,63378450,42.4,42.45,39.8,40.2,-2.15,934,2018,12.52,1.93,8.21,330.04200000000003,2.0152898289664103,0,0
2018-05-14,3217,863000,35204650,39.9,41.25,39.9,41.1,0.9,556,2018,12.8,1.97,8.21,337.43100000000004,2.060408257973121,0,0
2018-05-15,3217,563000,22869950,41.5,41.5,40.15,40.15,-0.95,368,2018,12.51,1.93,8.21,329.6315,2.0127832495771485,0,0
2018-05-16,3217,510000,20645350,40.5,41.5,39.9,40.55,0.4,314,2018,12.63,1.95,8.21,332.9155,2.032835884691242,0,0
2018-05-17,3217,188000,7667000,40.9,41.1,40.6,40.75,0.2,129,2018,12.69,1.96,8.21,334.55750000000006,2.042862202248289,0,0
2018-05-18,3217,203000,8320850,40.8,41.2,40.8,41.2,0.45,151,2018,12.83,1.98,8.21,338.25200000000007,2.0654214167516445,0,0
2018-05-21,3217,809000,34049000,41.25,42.8,41.2,42.7,1.5,479,2018,13.3,2.05,8.21,350.56700000000006,2.1406187984294953,0,0
2018-05-22,3217,566000,23877100,42.85,42.85,41.7,41.9,-0.8,353,2018,13.05,2.01,8.21,343.999,2.100513528201308,0,0
2018-05-23,3217,193000,8001300,41.7,41.75,41.2,41.45,-0.45,140,2018,12.91,1.99,8.21,340.3045000000001,2.077954313697953,0,0
2018-05-24,3217,758000,32133550,42.15,42.8,41.5,42.7,1.25,478,2018,13.3,2.05,8.21,350.56700000000006,2.1406187984294953,0,0
2018-05-25,3217,653000,27732650,42.95,42.95,41.9,42.35,-0.35,387,2018,13.19,2.03,8.21,347.69350000000003,2.1230727427046636,0,0
2018-05-28,3217,445000,18922150,42.5,43.2,42.05,43.2,0.85,282,2018,13.46,2.07,8.21,354.6720000000001,2.165684592322113,0,0
2018-05-29,3217,903000,39484900,43.4,44.15,43.4,43.4,0.2,614,2018,13.52,2.08,8.21,356.314,2.175710909879159,0,0
2018-05-30,3217,395000,16929350,43.1,43.25,42.75,42.75,-0.65,278,2018,13.32,2.05,8.21,350.9775,2.143125377818757,0,0
2018-05-31,3217,478000,20486400,42.9,43.1,42.6,42.7,-0.05,318,2018,13.3,2.05,8.21,350.56700000000006,2.1406187984294953,0,0
2018-06-01,3217,206000,8816750,42.7,42.95,42.6,42.95,0.25,159,2018,13.38,2.06,8.21,352.6195000000001,2.1531516953758043,0,0
2018-06-04,3217,275000,11775750,43.0,43.0,42.7,42.7,-0.25,206,2018,13.3,2.05,8.21,350.56700000000006,2.105714917265124,0,0
2018-06-05,3217,601000,25255200,43.0,43.0,41.7,41.8,-0.9,377,2018,13.02,2.01,8.21,343.178,2.0613321672525102,0,0
2018-06-06,3217,177000,7473700,41.8,42.8,41.8,42.1,0.3,130,2018,13.12,2.02,8.21,345.641,2.076126417256715,0,0
2018-06-07,3217,718000,31218750,43.05,44.1,42.6,43.3,1.2,479,2018,13.49,2.08,8.21,355.493,2.1353034172735335,0,0
2018-06-08,3217,298000,12835850,43.6,43.6,42.75,42.85,-0.45,224,2018,13.35,2.06,8.21,351.79850000000005,2.1131120422672267,0,0
2018-06-11,3217,1004000,44225000,43.4,44.8,43.15,44.4,1.55,709,2018,13.83,2.13,8.21,364.524,2.1895490006222835,0,0
2018-06-12,3217,638000,28113350,44.0,44.7,43.7,44.35,-0.05,392,2018,13.82,2.13,8.21,364.11350000000004,2.1870832922882495,0,0
2018-06-13,3217,481000,21267700,44.4,44.6,43.8,44.3,-0.05,297,2018,13.8,2.13,8.21,363.70300000000003,2.1846175839542155,0,0
2018-06-14,3217,1876000,84963250,45.55,46.35,43.9,43.9,-0.4,1281,2018,13.68,2.11,8.21,360.41900000000004,2.1648919172819427,0,0
2018-06-15,3217,282000,12376300,44.3,44.65,43.4,44.0,0.1,214,2018,13.71,2.11,8.21,361.24,2.169823333950011,0,0
2018-06-19,3217,581000,25029850,43.9,43.9,42.7,43.65,-0.35,379,2018,13.6,2.1,8.21,358.36650000000003,2.152563375611772,0,0
2018-06-20,3217,700000,29411700,43.2,43.6,41.5,42.5,-1.15,476,2018,13.24,2.04,8.21,348.925,2.0958520839289876,0,0
2018-06-21,3217,326000,13710050,42.5,42.5,41.75,41.8,-0.7,237,2018,13.02,2.01,8.21,343.178,2.0613321672525102,0,0
2018-06-22,3217,334000,13924900,41.35,42.8,41.35,41.35,-0.45,254,2018,12.88,1.99,8.21,339.48350000000005,2.0391407922462035,0,0
2018-06-25,3217,222000,9116600,41.75,41.85,40.9,41.0,-0.35,161,2018,12.77,1.97,8.21,336.61,2.0218808339079644,0,0
2018-06-26,3217,436000,17522400,40.35,40.75,39.9,40.5,-0.5,297,2018,12.62,1.94,8.21,332.50500000000005,1.9972237505676238,0,0
2018-06-27,3217,191000,7734200,40.65,41.3,40.2,40.5,0.0,146,2018,12.62,1.94,8.21,332.50500000000005,1.9972237505676238,0,0
2018-06-28,3217,252000,10083700,40.2,40.2,39.9,40.0,-0.5,148,2018,12.46,1.92,8.21,328.40000000000003,1.9725666672272828,0,0
2018-06-29,3217,398000,16073400,40.5,40.8,39.95,40.35,0.35,167,2018,12.57,1.94,8.21,331.27350000000007,1.9898266255655215,0,0
2018-07-02,3217,515000,20699150,40.4,40.8,39.75,40.0,-0.35,223,2018,12.46,1.92,8.21,328.40000000000003,1.9441316705205942,0,0
2018-07-03,3217,580000,23153800,40.0,40.35,39.8,39.8,-0.2,292,2018,12.4,1.91,8.21,326.75800000000004,1.9344110121679912,0,0
2018-07-04,3217,638000,23934050,37.5,38.1,37.0,37.9,0.0,222,2018,11.81,1.82,8.21,311.15900000000005,1.842064757818263,0,0
2018-07-05,3217,151000,5747800,37.95,38.3,37.9,37.95,0.05,123,2018,11.82,1.82,8.21,311.56950000000006,1.8444949224064138,0,0
2018-07-06,3217,198000,7401800,37.95,38.35,37.0,37.95,0.0,151,2018,11.82,1.82,8.21,311.56950000000006,1.8444949224064138,0,0
2018-07-09,3217,291000,10840650,37.45,37.5,37.0,37.0,-0.95,219,2018,11.53,1.78,8.21,303.77000000000004,1.7983217952315498,0,0
2018-07-10,3217,180000,6625150,37.2,37.2,36.6,36.7,-0.3,152,2018,11.43,1.76,8.21,301.3070000000001,1.7837408077026455,0,0
2018-07-11,3217,237000,8885050,36.7,37.7,36.7,37.35,0.65,166,2018,11.64,1.79,8.21,306.6435,1.8153329473486046,0,0
2018-07-12,3217,193000,7212950,37.4,37.6,37.25,37.5,0.15,132,2018,11.68,1.8,8.21,307.87500000000006,1.822623441113057,0,0
2018-07-13,3217,146000,5538700,37.5,38.4,37.5,38.4,0.9,101,2018,11.96,1.84,8.21,315.264,1.8663664036997702,0,0
2018-07-16,3217,185000,7178200,38.65,39.2,38.5,38.85,0.45,131,2018,12.1,1.87,8.21,318.9585000000001,1.8882378849931274,0,0
2018-07-17,3217,80000,3090850,39.1,39.1,38.5,38.6,-0.25,63,2018,12.02,1.85,8.21,316.90600000000006,1.8760870620523735,0,0
2018-07-18,3217,131000,5019900,39.0,39.0,37.9,38.6,0.0,109,2018,12.02,1.85,8.21,316.90600000000006,1.8760870620523735,0,0
2018-07-19,3217,130000,5037250,38.6,39.4,38.45,38.45,-0.15,100,2018,11.98,1.85,8.21,315.6745000000001,1.8687965682879215,0,0
2018-07-20,3217,179000,6827650,38.45,38.45,37.95,38.05,-0.4,127,2018,11.85,1.83,8.21,312.39050000000003,1.8493552515827152,0,0
2018-07-23,3217,424000,15658200,37.4,37.55,36.5,37.0,-1.05,292,2018,11.53,1.78,8.21,303.77000000000004,1.7983217952315498,0,0
2018-07-24,3217,189000,6981650,37.0,37.6,36.5,36.9,-0.1,128,2018,11.5,1.77,8.21,302.949,1.793461466055248,0,0
2018-07-25,3217,132000,4876650,37.0,37.15,36.75,36.85,-0.05,96,2018,11.48,1.77,8.21,302.53850000000006,1.7910313014670975,0,0
2018-07-26,3217,186000,6878750,37.2,37.2,36.85,37.0,0.15,123,2018,11.53,1.78,8.21,303.77000000000004,1.7983217952315498,0,0
2018-07-27,3217,130000,4799250,37.0,37.3,36.75,36.85,-0.15,105,2018,11.48,1.77,8.21,302.53850000000006,1.7910313014670975,0,0
2018-07-30,3217,229000,8376400,36.85,36.9,36.3,36.55,-0.3,161,2018,11.39,1.75,8.21,300.07550000000003,1.776450313938193,0,0
2018-07-31,3217,154000,5616900,36.55,36.75,36.25,36.4,-0.15,118,2018,11.34,1.75,8.21,298.844,1.7691598201737404,0,0
2018-08-01,3217,409000,14827550,36.45,36.8,35.95,36.15,-0.25,287,2018,11.26,1.74,8.21,296.79150000000004,1.757008997232987,0,0
2018-08-02,3217,1772000,65537400,37.0,37.3,36.5,36.9,0.75,969,2018,11.5,1.77,8.21,302.949,1.7632956246609595,0,0
2018-08-03,3217,1584000,59993650,37.1,38.3,37.0,38.3,1.4,1024,2018,11.93,1.84,8.21,314.443,1.8301957296616465,0,0
2018-08-06,3217,703000,26661200,38.25,38.55,37.65,37.9,-0.4,447,2018,11.81,1.82,8.21,311.15900000000005,1.8110814139471647,0,0
2018-08-07,3217,615000,22946450,37.9,37.9,37.0,37.1,-0.8,398,2018,11.56,1.78,8.21,304.59100000000007,1.7728527825182008,0,0
2018-08-08,3217,371000,13669900,37.1,37.15,36.7,36.7,-0.4,261,2018,11.43,1.76,8.21,301.3070000000001,1.753738466803719,0,0
2018-08-09,3217,445000,16130050,36.6,36.6,36.1,36.15,-0.55,332,2018,11.26,1.74,8.21,296.79150000000004,1.7274562826963062,0,0
2018-08-10,3217,462000,16646850,36.0,36.3,35.9,35.9,-0.25,305,2018,11.18,1.72,8.21,294.73900000000003,1.7155098353747549,0,0
2018-08-13,3217,718000,25176850,35.9,35.9,34.45,35.0,-0.9,495,2018,10.9,1.68,8.21,287.35,1.6725026250171704,0,0
2018-08-14,3217,206000,7232000,35.0,35.5,34.65,35.25,0.25,136,2018,10.1,1.82,8.21,289.40250000000003,1.6844490723387218,0,0
2018-08-15,3217,127000,4447000,35.0,35.2,34.9,35.0,-0.25,100,2018,10.03,1.8,8.21,287.35,1.6725026250171704,0,0
2018-08-16,3217,210000,7308500,35.05,35.1,34.6,34.6,-0.4,138,2018,9.91,1.78,8.21,284.06600000000003,1.6533883093026887,0,0
2018-08-17,3217,143000,4983000,34.7,35.05,34.7,34.8,0.2,106,2018,9.97,1.79,8.21,285.708,1.6629454671599295,0,0
2018-08-20,3217,233000,8063400,34.85,35.15,34.15,34.15,-0.65,183,2018,9.79,1.76,8.21,280.3715,1.6318847041238964,0,0
2018-08-21,3217,124000,4294550,34.15,35.1,34.15,34.5,0.35,95,2018,9.89,1.78,8.21,283.245,1.6486097303740679,0,0
2018-08-22,3217,137000,4701450,34.5,34.55,34.2,34.25,-0.25,96,2018,9.81,1.77,8.21,281.19250000000005,1.636663283052517,0,0
2018-08-23,3217,564000,18909550,34.2,34.3,33.0,33.5,-0.75,396,2018,9.6,1.73,8.21,275.035,1.6008239410878633,0,0
2018-08-24,3217,549000,17983600,33.5,33.55,32.45,32.5,-1.0,328,2018,9.31,1.68,8.21,266.82500000000005,1.5530381518016585,0,0
2018-08-27,3217,352000,11789000,32.55,33.85,32.55,33.6,1.1,267,2018,9.63,1.73,8.21,275.85600000000005,1.6056025200164838,0,0
2018-08-28,3217,260000,8889500,34.55,34.55,33.8,34.3,0.7,183,2018,9.83,1.77,8.21,281.603,1.6390525725168268,0,0
2018-08-29,3217,348000,12203400,34.4,35.45,34.4,35.2,0.9,240,2018,10.09,1.81,8.21,288.9920000000001,1.6820597828744117,0,0
2018-08-30,3217,295000,10510750,35.5,35.95,35.35,35.45,0.25,185,2018,10.16,1.83,8.21,291.0445,1.6940062301959629,0,0
2018-08-31,3217,103000,3631450,35.15,35.3,35.1,35.25,-0.2,82,2018,10.1,1.82,8.21,289.40250000000003,1.6844490723387218,0,0
2018-09-03,3217,141000,4964900,35.7,35.8,35.0,35.0,-0.25,110,2018,10.03,1.8,8.21,287.35,1.6742937783977356,0,0
2018-09-04,3217,173000,6001350,35.45,35.45,34.45,34.7,-0.3,128,2018,9.94,1.79,8.21,284.88700000000006,1.6599426888686124,0,0
2018-09-05,3217,114000,3974200,34.7,35.0,34.7,34.75,0.05,84,2018,9.96,1.79,8.21,285.2975,1.662334537123466,0,0
2018-09-06,3217,193000,6620050,34.75,34.75,33.8,33.8,-0.95,144,2018,9.68,1.74,8.21,277.498,1.6168894202812418,0,0
2018-09-07,3217,470000,15445750,33.8,33.9,32.25,32.65,-1.15,361,2018,9.36,1.68,8.21,268.0565,1.5618769104196022,0,0
2018-09-10,3217,582000,18319000,32.65,32.7,30.9,31.2,-1.45,371,2018,8.94,1.61,8.21,256.15200000000004,1.4925133110288389,0,0
2018-09-11,3217,498000,15301000,30.6,31.1,30.5,30.85,-0.35,296,2018,8.84,1.59,8.21,253.27850000000004,1.4757703732448615,0,0
2018-09-12,3217,349000,10632000,30.7,30.8,30.2,30.35,-0.5,209,2018,8.7,1.56,8.21,249.17350000000005,1.4518518906963223,0,0
2018-09-13,3217,361000,11167550,30.35,31.4,30.35,31.25,0.9,264,2018,8.95,1.61,8.21,256.5625,1.4949051592836924,0,0
2018-09-14,3217,319000,10197100,31.6,32.35,31.45,32.1,0.85,232,2018,9.2,1.65,8.21,263.54100000000005,1.5355665796162092,0,0
2018-09-17,3217,127000,4005000,31.85,31.85,31.2,31.5,-0.6,98,2018,9.03,1.62,8.21,258.615,1.506864400557962,0,0
2018-09-18,3217,214000,6631250,31.25,31.25,30.8,30.95,-0.55,142,2018,8.87,1.6,8.21,254.09950000000003,1.4805540697545692,0,0
2018-09-19,3217,127000,3971550,31.2,31.5,30.95,31.5,0.55,89,2018,9.03,1.62,8.21,258.615,1.506864400557962,0,0
2018-09-20,3217,114000,3582750,31.5,31.6,31.3,31.3,-0.2,71,2018,8.97,1.61,8.21,256.973,1.4972970075385463,0,0
2018-09-21,3217,167000,5252200,31.7,31.85,31.35,31.65,0.35,119,2018,9.07,1.63,8.21,259.8465,1.5140399453225237,0,0
2018-09-25,3217,221000,6899200,31.5,31.6,31.05,31.1,-0.55,157,2018,8.91,1.6,8.21,255.33100000000005,1.487729614519131,0,0
2018-09-26,3217,138000,4290050,31.15,31.3,30.9,31.1,0.0,107,2018,8.91,1.6,8.21,255.33100000000005,1.487729614519131,0,0
2018-09-27,3217,289000,8930750,31.15,31.3,30.6,30.7,-0.4,176,2018,8.8,1.58,8.21,252.04700000000003,1.4685948284802997,0,0
2018-09-28,3217,858000,25955050,30.5,30.7,29.95,30.2,-0.5,427,2018,8.65,1.56,8.21,247.942,1.4446763459317604,0,0
2018-10-01,3217,135000,4099850,30.25,30.6,30.15,30.6,0.4,95,2018,8.77,1.58,8.21,251.22600000000003,1.463811131970592,0,0
2018-10-02,3217,196000,6020550,31.2,31.2,30.6,30.7,0.1,119,2018,8.8,1.58,8.21,252.04700000000003,1.458217141270264,0,0
2018-10-03,3217,106000,3230200,30.6,30.65,30.3,30.45,-0.25,76,2018,8.72,1.57,8.21,249.99450000000002,1.446342408849496,0,0
2018-10-04,3217,84000,2549450,30.45,30.45,30.25,30.45,0.0,58,2018,8.72,1.57,8.21,249.99450000000002,1.446342408849496,0,0
2018-10-05,3217,689000,20324400,30.4,30.5,29.0,29.2,-1.25,397,2018,8.37,1.51,8.21,239.73200000000003,1.3869687467456582,0,0
2018-10-08,3217,147000,4314750,29.2,29.6,29.2,29.2,0.0,90,2018,8.37,1.51,8.21,239.73200000000003,1.3869687467456582,0,0
2018-10-09,3217,509000,14530750,29.25,29.25,28.2,28.3,-0.9,300,2018,8.11,1.46,8.21,232.34300000000002,1.3442197100308946,0,0
2018-10-11,3217,819000,21986900,27.0,27.5,26.1,26.95,-1.35,508,2018,7.72,1.39,8.21,221.25950000000003,1.2800961549587497,0,0
2018-10-12,3217,541000,15146000,26.95,28.6,26.75,28.6,1.65,324,2018,8.19,1.47,8.21,234.80600000000004,1.358469388935816,0,0
2018-10-15,3217,423000,12377700,28.5,29.7,28.3,29.6,1.0,283,2018,8.48,1.53,8.21,243.01600000000005,1.4059683186188865,0,0
2018-10-16,3217,289000,8522650,29.4,29.85,29.2,29.4,-0.2,227,2018,8.42,1.52,8.21,241.37400000000002,1.3964685326822721,0,0
2018-10-17,3217,388000,11270000,30.0,30.05,28.45,28.55,-0.85,275,2018,8.18,1.47,8.21,234.39550000000003,1.3560944424516626,0,0
2018-10-18,3217,265000,7506000,28.6,28.9,28.0,28.3,-0.25,176,2018,8.11,1.46,8.21,232.34300000000002,1.3442197100308946,0,0
2018-10-19,3217,252000,6952450,27.8,28.1,26.8,27.75,-0.55,170,2018,7.95,1.43,8.21,227.82750000000001,1.3180952987052057,0,0
2018-10-22,3217,170000,4827200,27.75,28.6,27.75,28.6,0.85,135,2018,8.19,1.47,8.21,234.80600000000004,1.358469388935816,0,0
2018-10-23,3217,118000,3326100,28.15,28.5,27.9,28.0,-0.6,94,2018,8.02,1.44,8.21,229.88000000000002,1.3299700311259737,0,0
2018-10-24,3217,192000,5396650,28.1,28.4,27.7,28.0,0.0,129,2018,8.02,1.44,8.21,229.88000000000002,1.3299700311259737,0,0
2018-10-25,3217,299000,8120300,27.0,27.55,26.85,27.0,-1.0,216,2018,7.74,1.39,8.21,221.67000000000002,1.2824711014429029,0,0
2018-10-26,3217,159000,4289550,27.5,27.5,26.4,26.9,-0.1,126,2018,7.71,1.39,8.21,220.84900000000002,1.277721208474596,0,0
2018-10-29,3217,256000,6818150,26.85,27.0,26.35,26.6,-0.3,190,2018,7.62,1.37,8.21,218.38600000000002,1.263471529569675,0,0
2018-10-30,3217,214000,5643150,26.6,26.6,26.15,26.4,-0.2,157,2018,7.56,1.36,8.21,216.744,1.2539717436330606,0,0
2018-10-31,3217,219000,5948150,26.9,27.4,26.7,27.4,1.0,169,2018,7.85,1.41,8.21,224.954,1.3014706733161312,0,0
2018-11-01,3217,918000,25875300,28.0,28.5,27.9,28.5,1.1,543,2018,8.17,1.47,8.21,233.985,1.3537194959675087,0,0
2018-11-02,3217,607000,17541350,28.8,29.35,28.45,29.0,0.5,449,2018,8.31,1.49,8.21,238.09000000000003,1.359642560598291,0,0
2018-11-05,3217,203000,5843300,28.9,29.0,28.5,29.0,0.0,146,2018,8.31,1.49,8.21,238.09000000000003,1.359642560598291,0,0
2018-11-06,3217,159000,4607150,29.2,29.25,28.8,28.95,-0.05,111,2018,8.3,1.49,8.21,237.67950000000002,1.3572983492869144,0,0
2018-11-07,3217,167000,4870450,29.2,29.4,29.05,29.4,0.45,111,2018,8.42,1.52,8.21,241.37400000000002,1.3783962510893015,0,0
2018-11-08,3217,317000,9466050,29.5,30.25,29.5,29.95,0.55,218,2018,8.58,1.54,8.21,245.88950000000003,1.404182575514442,0,0
2018-11-09,3217,305000,9023550,29.9,29.9,29.4,29.7,-0.25,160,2018,8.51,1.53,8.21,243.83700000000002,1.3924615189575598,0,0
2018-11-12,3217,432000,12544800,29.45,29.45,28.6,28.7,-1.0,253,2018,8.22,1.48,8.21,235.627,1.3455772927300325,0,0
2018-11-13,3217,215000,6074050,28.2,28.8,27.9,28.65,-0.05,121,2018,8.21,1.48,8.21,235.21650000000002,1.3432330814186564,0,0
2018-11-14,3217,249000,7220400,28.95,29.15,28.9,28.95,0.3,125,2018,8.3,1.42,8.21,237.67950000000002,1.3572983492869144,0,0
2018-11-15,3217,306000,8979200,28.9,29.65,28.9,29.65,0.7,163,2018,8.5,1.46,8.21,243.4265,1.3901173076461835,0,0
2018-11-16,3217,327000,9800450,29.95,30.1,29.6,30.0,0.35,180,2018,8.6,1.47,8.21,246.3,1.406526786825818,0,0
2018-11-19,3217,253000,7704500,30.1,30.7,30.0,30.6,0.6,164,2018,8.77,1.5,8.21,251.22600000000003,1.4346573225623347,0,0
2018-11-20,3217,171000,5173850,30.25,30.45,30.1,30.4,-0.2,117,2018,8.71,1.49,8.21,249.584,1.4252804773168288,0,0
2018-11-21,3217,122000,3687800,30.0,30.5,30.0,30.4,0.0,89,2018,8.71,1.49,8.21,249.584,1.4252804773168288,0,0
2018-11-22,3217,206000,6285450,30.4,30.65,30.25,30.25,-0.15,107,2018,8.67,1.49,8.21,248.35250000000002,1.4182478433826997,0,0
2018-11-23,3217,131000,3921750,30.25,30.25,29.8,29.8,-0.45,85,2018,8.54,1.47,8.21,244.65800000000004,1.3971499415803128,0,0
2018-11-26,3217,47000,1406750,29.75,30.2,29.7,29.7,-0.1,39,2018,8.51,1.46,8.21,243.83700000000002,1.3924615189575598,0,0
2018-11-27,3217,165000,4939350,29.75,30.2,29.75,30.2,0.5,85,2018,8.65,1.48,8.21,247.942,1.4159036320713234,0,0
2018-11-28,3217,299000,9123600,30.6,30.75,30.25,30.7,0.5,157,2018,8.8,1.51,8.21,252.04700000000003,1.4393457451850873,0,0
2018-11-29,3217,397000,12234400,30.95,31.2,30.7,30.75,0.05,142,2018,8.81,1.51,8.21,252.45750000000004,1.4416899564964636,0,0
2018-11-30,3217,105000,3231200,30.8,30.9,30.65,30.75,0.0,68,2018,8.81,1.51,8.21,252.45750000000004,1.4416899564964636,0,0
2018-12-03,3217,280000,8737750,31.05,31.4,30.9,31.2,0.45,156,2018,8.94,1.53,8.21,256.15200000000004,1.4596445481291456,0,0
2018-12-04,3217,182000,5679000,31.4,31.4,31.0,31.0,-0.2,112,2018,8.88,1.52,8.21,254.51000000000002,1.4502878523078044,0,0
2018-12-05,3217,228000,6907400,30.5,30.5,30.15,30.15,-0.85,155,2018,8.64,1.48,8.21,247.53150000000002,1.4105218950671066,0,0
2018-12-06,3217,291000,8660200,30.2,30.25,29.45,29.6,-0.55,180,2018,8.48,1.46,8.21,243.01600000000005,1.38479098155842,0,0
2018-12-07,3217,102000,3060400,29.85,30.1,29.8,30.0,0.4,71,2018,8.6,1.47,8.21,246.3,1.4035043732011012,0,0
2018-12-10,3217,100000,2964700,29.95,29.95,29.5,29.55,-0.45,74,2018,8.47,1.45,8.21,242.60550000000003,1.382451807603085,0,0
2018-12-11,3217,361000,10597700,29.35,29.7,29.2,29.4,-0.15,173,2018,8.42,1.45,8.21,241.37400000000002,1.3754342857370792,0,0
2018-12-12,3217,146000,4383700,29.7,30.35,29.7,30.3,0.9,104,2018,8.68,1.49,8.21,248.76300000000003,1.4175394169331124,0,0
2018-12-13,3217,224000,6837850,30.45,30.8,30.25,30.4,0.1,159,2018,8.71,1.49,8.21,249.584,1.4222177648437826,0,0
2018-12-14,3217,233000,7013550,30.55,30.55,30.0,30.0,-0.4,154,2018,8.6,1.47,8.21,246.3,1.4035043732011012,0,0
2018-12-17,3217,274000,8175000,30.0,30.1,29.6,29.7,-0.3,152,2018,8.51,1.46,8.21,243.83700000000002,1.38946932946909,0,0
2018-12-18,3217,135000,3979800,29.6,29.6,29.35,29.35,-0.35,109,2018,8.41,1.44,8.21,240.96350000000004,1.3730951117817443,0,0
2018-12-19,3217,210000,6144450,29.4,29.5,29.15,29.2,-0.15,149,2018,8.37,1.44,8.21,239.73200000000003,1.3660775899157387,0,0
2018-12-20,3217,216000,6264350,29.2,29.2,28.8,28.9,-0.3,148,2018,8.28,1.42,8.21,237.269,1.3520425461837275,0,0
2018-12-21,3217,98000,2843150,28.9,29.25,28.7,29.25,0.35,58,2018,8.38,1.44,8.21,240.1425,1.3684167638710736,0,0
2018-12-24,3217,84000,2488800,29.55,29.8,29.3,29.75,0.55,65,2018,8.52,1.46,8.21,244.24750000000003,1.3918085034244256,0,0
2018-12-25,3217,104000,3036200,29.4,29.4,29.05,29.2,-0.55,83,2018,8.37,1.44,8.21,239.73200000000003,1.3660775899157387,0,0
2018-12-26,3217,235000,6838950,29.7,29.7,29.0,29.0,-0.2,156,2018,8.31,1.43,8.21,238.09000000000003,1.356720894094398,0,0
2018-12-27,3217,270000,7995550,29.7,29.9,29.3,29.9,0.9,155,2018,8.57,1.47,8.21,245.479,1.3988260252904308,0,0
2018-12-28,3217,187000,5601800,29.9,30.1,29.8,29.95,0.05,126,2018,8.58,1.47,8.21,245.88950000000003,1.4011651992457663,0,0
2019-01-02,3217,243000,7394650,30.2,30.7,30.2,30.45,0.5,176,2019,8.72,1.5,8.21,249.99450000000002,1.4062030669401135,0,0
2019-01-03,3217,168000,5097550,30.45,30.6,30.2,30.3,-0.15,120,2019,8.68,1.49,8.21,248.76300000000003,1.3992759582359753,0,0
2019-01-04,3217,2185000,69718900,30.0,33.3,29.8,33.3,3.0,1336,2019,9.54,1.64,8.21,273.39300000000003,1.5378181323187452,0,0
2019-01-07,3217,3148000,106920250,33.4,34.95,33.3,34.7,1.4,2018,2019,9.94,1.71,8.21,284.88700000000006,1.6024711468907045,0,0
2019-01-08,3217,1509000,52313450,34.15,35.1,34.1,35.0,0.3,979,2019,10.03,1.72,8.21,287.35,1.616325364298981,0,0
2019-01-09,3217,1377000,48347950,35.4,35.75,34.6,34.65,-0.35,878,2019,9.93,1.7,8.21,284.47650000000004,1.6001621106559916,0,0
2019-01-10,3217,720000,25145750,34.8,35.4,34.5,34.85,0.2,447,2019,9.99,1.71,8.21,286.11850000000004,1.609398255594843,0,0
2019-01-11,3217,1049000,37063550,35.2,35.65,34.75,35.0,0.15,686,2019,10.03,1.72,8.21,287.35,1.616325364298981,0,0
2019-01-14,3217,1733000,62021150,35.5,36.6,35.0,35.8,0.8,1169,2019,10.26,1.76,8.21,293.918,1.6532699440543863,0,0
2019-01-15,3217,1715000,62409100,36.0,36.95,35.8,36.4,0.6,1024,2019,10.43,1.79,8.21,298.844,1.6809783788709403,0,0
2019-01-16,3217,2098000,78048600,36.55,37.85,36.55,37.0,0.6,1340,2019,10.6,1.82,8.21,303.77000000000004,1.7086868136874946,0,0
2019-01-17,3217,1615000,60698000,37.6,38.2,36.8,36.8,-0.2,1058,2019,10.54,1.81,8.21,302.128,1.699450668748643,0,0
2019-01-18,3217,911000,33258450,37.15,37.3,36.2,36.6,-0.2,619,2019,10.49,1.8,8.21,300.48600000000005,1.6902145238097919,0,0
2019-01-21,3217,623000,22825950,36.8,36.95,36.45,36.85,0.25,384,2019,10.56,1.81,8.21,302.53850000000006,1.7017597049833562,0,0
2019-01-22,3217,645000,23810350,37.0,37.3,36.75,36.75,-0.1,322,2019,10.53,1.81,8.21,301.71750000000003,1.6971416325139304,0,0
2019-01-23,3217,898000,32413750,36.8,36.8,35.55,36.3,-0.45,572,2019,10.4,1.78,8.21,298.023,1.676360306401515,0,0
2019-01-24,3217,337000,12206550,36.5,36.6,35.9,36.3,0.0,211,2019,10.4,1.78,8.21,298.023,1.676360306401515,0,0
2019-01-25,3217,804000,29783050,36.45,37.35,36.45,36.95,0.65,537,2019,10.59,1.82,8.21,303.3595000000001,1.706377777452782,0,0
2019-01-28,3217,455000,16769500,37.0,37.15,36.6,36.7,-0.25,287,2019,10.52,1.8,8.21,301.3070000000001,1.694832596279218,0,0
2019-01-29,3217,268000,9841450,36.5,37.05,36.3,37.0,0.3,172,2019,10.6,1.82,8.21,303.77000000000004,1.7086868136874946,0,0
2019-01-30,3217,347000,12830150,36.7,37.1,36.7,36.95,-0.05,219,2019,10.59,1.82,8.21,303.3595000000001,1.706377777452782,0,0
2019-02-11,3217,1823000,69742650,37.15,39.0,37.0,38.95,2.0,1125,2019,11.16,1.91,8.21,319.77950000000004,1.7650300731171118,0,0
2019-02-12,3217,855000,33040650,38.95,38.95,38.4,38.4,-0.55,582,2019,11.0,1.89,8.21,315.264,1.7401066702874732,0,0
2019-02-13,3217,1242000,46910400,38.6,38.6,37.35,37.55,-0.85,770,2019,10.76,1.85,8.21,308.2855,1.701588684096214,0,0
2019-02-14,3217,1132000,43540700,37.55,39.15,37.55,39.0,1.45,709,2019,11.17,1.92,8.21,320.19000000000005,1.7672958370107152,0,0
2019-02-15,3217,4564000,187750650,39.25,42.4,39.25,41.2,2.2,2599,2019,11.81,2.03,8.21,338.25200000000007,1.8669894483292684,0,0
2019-02-18,3217,1379000,56898500,41.2,41.85,40.7,41.65,0.45,768,2019,11.93,2.05,8.21,341.9465,1.8873813233716996,0,0
2019-02-19,3217,1013000,42408450,41.25,42.35,41.05,42.0,0.35,595,2019,12.03,2.06,8.21,344.82000000000005,1.9032416706269242,0,0
2019-02-20,3217,1720000,72130600,42.5,43.0,41.6,41.75,-0.25,877,2019,11.96,2.05,8.21,342.76750000000004,1.8919128511589067,0,0
2019-02-21,3217,1240000,51902400,41.75,42.3,41.1,41.6,-0.15,710,2019,11.92,2.05,8.21,341.53600000000006,1.8851155594780964,0,0
2019-02-22,3217,610000,25562800,42.0,42.2,41.55,41.85,0.25,405,2019,11.99,2.06,8.21,343.58850000000007,1.8964443789461136,0,0
2019-02-25,3217,982000,40676850,42.3,42.5,40.85,41.25,-0.6,611,2019,11.82,2.03,8.21,338.6625,1.8692552122228716,0,0
2019-02-26,3217,500000,20554500,41.25,41.55,40.9,41.0,-0.25,248,2019,11.75,2.02,8.21,336.61,1.8579263927548544,0,0
2019-02-27,3217,532000,21922050,41.3,41.8,40.8,41.2,0.2,386,2019,11.81,2.03,8.21,338.25200000000007,1.8669894483292684,0,0
2019-03-04,3217,2341000,100595800,41.35,44.0,41.2,43.6,2.4,1514,2019,12.49,2.14,8.21,357.9560000000001,1.974353416299464,0,0
2019-03-05,3217,995000,43300250,43.65,44.1,43.0,43.0,-0.6,673,2019,12.32,2.11,8.21,353.03000000000003,1.947183415157728,0,0
2019-03-06,3217,717000,30702450,43.3,43.5,42.6,42.75,-0.25,297,2019,12.25,2.1,8.21,350.9775,1.9358625813486712,0,0
2019-03-07,3217,4565000,210030400,46.0,46.85,44.2,46.35,3.6,2874,2019,13.28,2.28,8.21,380.53350000000006,2.098882588199086,0,0
2019-03-08,3217,7662000,371050850,47.7,49.3,47.1,48.9,2.55,4682,2019,14.01,2.4,8.21,401.46900000000005,2.214355093051463,0,0
2019-03-11,3217,3028000,146728650,49.3,49.3,47.7,47.8,-1.1,2069,2019,13.7,2.35,8.21,392.43800000000005,2.164543424291614,0,0
2019-03-12,3217,9573000,471893500,48.8,51.2,46.9,47.0,-0.8,5800,2019,13.47,2.31,8.21,385.87000000000006,2.128316756102633,0,0
2019-03-13,3217,3613000,174517950,48.2,49.15,47.5,48.65,1.65,2474,2019,13.94,2.39,8.21,399.41650000000004,2.2030342592424064,0,0
2019-03-14,3217,4217000,208856200,48.65,50.5,48.0,49.6,0.95,2785,2019,14.21,2.44,8.21,407.21600000000007,2.246053427716821,0,0
2019-03-15,3217,10805000,564698100,51.4,54.4,50.4,54.2,4.6,6449,2019,15.53,2.66,8.21,444.9820000000001,2.454356769803462,0,0
2019-03-18,3217,4732000,252367500,53.7,54.0,52.5,53.7,-0.5,2923,2019,15.39,2.64,8.21,440.87700000000007,2.4317151021853487,0,0
2019-03-19,3217,7330000,407155700,55.3,56.6,54.5,55.2,1.5,4918,2019,15.82,2.71,8.21,453.19200000000006,2.4996401050396884,0,0
2019-03-20,3217,3393000,187626200,54.7,56.1,54.7,56.0,0.8,1855,2019,16.05,2.75,8.21,459.76000000000005,2.535866773228669,0,0
2019-03-21,3217,2862000,159849100,55.5,56.6,55.1,55.6,-0.4,1794,2019,15.93,2.73,8.21,456.47600000000006,2.5177534391341787,0,0
2019-03-22,3217,3705000,209671600,57.3,58.1,55.5,55.5,-0.1,2468,2019,15.9,2.73,8.21,455.65500000000003,2.5132251056105557,0,0
2019-03-25,3217,2937000,155165700,54.0,54.0,51.8,52.4,-3.1,1891,2019,15.01,2.58,8.21,430.204,2.372846766378254,0,0
2019-03-26,3217,2181000,116450900,53.7,54.3,52.5,53.0,0.6,1381,2019,14.72,2.5,8.21,435.13000000000005,2.4000167675199906,0,0
2019-03-27,3217,1304000,69227200,53.0,53.8,52.3,53.4,0.4,894,2019,14.83,2.52,8.21,438.41400000000004,2.4181301016144805,0,0
2019-03-28,3217,3445000,177538800,53.5,53.8,50.8,51.0,-2.4,2335,2019,14.17,2.41,8.21,418.71000000000004,2.309450097047538,0,0
2019-03-29,3217,6936000,372158500,50.6,54.9,50.6,53.7,2.7,4299,2019,14.92,2.54,8.21,440.87700000000007,2.4317151021853487,0,0
2019-04-01,3217,1931000,102955600,53.7,54.6,52.3,52.8,-0.9,1294,2019,14.67,2.5,8.21,433.488,2.390960100472745,0,0
2019-04-02,3217,1803000,95208400,52.9,53.8,51.8,53.3,0.5,1098,2019,14.81,2.52,8.21,437.593,2.420474577696209,0,0
2019-04-03,3217,1230000,65025500,53.1,53.4,52.2,53.0,-0.3,878,2019,14.72,2.5,8.21,435.13000000000005,2.4068508933939796,0,0
2019-04-08,3217,1309000,69097100,53.2,53.2,52.3,52.7,-0.3,971,2019,14.64,2.49,8.21,432.6670000000001,2.3932272090917492,0,0
2019-04-09,3217,3932000,199358950,52.7,52.9,49.65,49.75,-2.95,2840,2019,13.82,2.35,8.21,408.44750000000005,2.2592609801198202,0,0
2019-04-10,3217,1868000,93334450,50.1,51.1,49.1,49.25,-0.5,1351,2019,13.68,2.33,8.21,404.34250000000003,2.2365548396161032,0,0
2019-04-11,3217,4798000,247708150,49.3,52.9,49.1,51.8,2.55,2868,2019,14.39,2.45,8.21,425.278,2.3523561561850586,0,0
2019-04-12,3217,1638000,83616900,51.8,51.8,50.5,50.7,-1.1,980,2019,14.08,2.4,8.21,416.24700000000007,2.302402647076882,0,0
2019-04-15,3217,2002000,100867700,50.8,51.3,49.55,51.1,0.4,1641,2019,14.19,2.41,8.21,419.53100000000006,2.3205675594798554,0,0
2019-04-16,3217,3511000,184743000,51.1,53.5,50.6,53.4,2.3,2223,2019,14.83,2.52,8.21,438.41400000000004,2.4250158057969524,0,0
2019-04-17,3217,1591000,83598100,53.0,53.0,51.9,52.2,-1.2,1085,2019,14.5,2.47,8.21,428.56200000000007,2.3705210685880322,0,0
2019-04-18,3217,1425000,72583200,51.9,52.2,50.0,50.5,-1.7,986,2019,14.03,2.39,8.21,414.605,2.293320190875395,0,0
2019-04-19,3217,1217000,63228800,50.6,52.7,50.6,51.6,1.1,960,2019,14.33,2.44,8.21,423.6360000000001,2.3432736999835724,0,0
2019-04-22,3217,2007000,106222700,52.5,53.5,52.4,53.4,1.8,1410,2019,14.83,2.52,8.21,438.41400000000004,2.4250158057969524,0,0
2019-04-23,3217,2527000,131286800,53.7,53.9,50.5,51.3,-2.1,1819,2019,14.25,2.42,8.21,421.173,2.329650015681342,0,0
2019-04-24,3217,961000,49101200,51.3,52.0,50.7,51.4,0.1,679,2019,14.28,2.43,8.21,421.994,2.3341912437820853,0,0
2019-04-25,3217,1833000,95475600,51.2,53.0,50.3,52.2,0.8,1207,2019,14.5,2.47,8.21,428.56200000000007,2.3705210685880322,0,0
2019-04-26,3217,869000,44708300,51.8,52.7,50.9,51.2,-1.0,585,2019,14.22,2.42,8.21,420.3520000000001,2.325108787580599,0,0
2019-04-29,3217,1669000,82765400,51.3,51.6,48.7,48.7,-2.5,1182,2019,13.53,2.3,8.21,399.82700000000006,2.211578085062015,0,0
2019-04-30,3217,550000,27116950,48.3,49.9,48.3,49.9,1.2,371,2019,13.86,2.36,8.21,409.67900000000003,2.266072822270935,0,0
2019-05-02,3217,2279000,118462150,50.1,52.7,49.6,52.5,2.6,1532,2019,14.58,2.48,8.21,431.02500000000003,2.3470120077278103,0,0
2019-05-03,3217,10458000,578061700,53.3,56.5,53.3,55.9,3.4,6550,2019,15.53,2.64,8.21,458.939,2.4990089758473255,0,0
2019-05-06,3217,8876000,498032900,55.0,58.0,53.7,56.8,0.9,5837,2019,15.78,2.68,8.21,466.32800000000003,2.5392434674083737,0,0
2019-05-07,3217,11968000,710475800,57.5,60.4,57.5,58.7,1.9,7992,2019,16.31,2.77,8.21,481.9270000000001,2.6241829495928095,0,0
2019-05-08,3217,8787000,501527400,58.2,59.2,54.5,56.5,-2.2,5822,2019,15.69,2.67,8.21,463.86500000000007,2.525831970221358,0,0
2019-05-09,3217,5331000,292443800,57.0,57.6,52.6,53.1,-3.4,3414,2019,14.75,2.51,8.21,435.9510000000001,2.373835002101843,0,0
2019-05-10,3217,4879000,253731900,53.3,54.4,50.0,51.6,-1.5,3266,2019,14.33,2.44,8.21,423.6360000000001,2.3067775161667625,0,0
2019-05-13,3217,2604000,130328200,51.0,51.4,49.5,49.8,-1.8,1781,2019,13.83,2.35,8.21,408.858,2.2263085330446657,0,0
2019-05-14,3217,3744000,180330850,46.8,49.2,46.5,48.4,-1.4,2248,2019,13.05,2.11,8.21,397.36400000000003,2.1637215461719244,0,0
2019-05-15,3217,2333000,114553900,48.85,49.55,48.65,49.0,0.6,1430,2019,13.21,2.13,8.21,402.29,2.1905445405459565,0,0
2019-05-16,3217,1870000,89267300,48.75,48.9,46.9,47.1,-1.9,1265,2019,12.7,2.05,8.21,386.69100000000003,2.1056050583615216,0,0
2019-05-17,3217,2772000,126891100,47.55,47.9,44.55,44.95,-2.15,1881,2019,12.12,1.96,8.21,369.0395000000001,2.00948932852124,0,0
2019-05-20,3217,2716000,117871400,45.1,45.8,42.45,42.75,-2.2,1714,2019,11.52,1.86,8.21,350.9775,1.9111383491497884,0,0
2019-05-21,3217,5107000,227934850,43.05,47.0,41.4,47.0,4.25,3188,2019,12.67,2.05,8.21,385.87000000000006,2.101134559299183,0,0
2019-05-22,3217,3695000,173476300,46.05,47.95,46.05,46.3,-0.7,2394,2019,12.48,2.01,8.21,380.123,2.069841065862812,0,0
2019-05-23,3217,1711000,78385300,45.8,47.25,45.0,47.25,0.95,1211,2019,12.74,2.06,8.21,387.9225,2.1123108069550294,0,0
2019-05-24,3217,1535000,72351600,47.45,47.75,46.3,46.3,-0.95,1101,2019,12.48,2.01,8.21,380.123,2.069841065862812,0,0
2019-05-27,3217,1132000,52304950,46.9,46.9,45.6,46.15,-0.15,902,2019,12.44,2.01,8.21,378.8915,2.0631353172693037,0,0
2019-05-28,3217,1515000,71799900,46.6,48.1,46.3,48.0,1.85,1098,2019,12.94,2.09,8.21,394.08000000000004,2.1458395499225698,0,0
2019-05-29,3217,1232000,58921700,47.1,48.6,46.8,48.15,0.15,886,2019,12.98,2.1,8.21,395.3115,2.1525452985160776,0,0
2019-05-30,3217,1212000,58143600,48.95,48.95,47.5,47.55,-0.6,879,2019,12.82,2.07,8.21,390.38550000000004,2.1257223041420454,0,0
2019-05-31,3217,1120000,53621150,47.2,48.45,47.2,47.4,-0.15,848,2019,12.78,2.06,8.21,389.15400000000005,2.1190165555485376,0,0
2019-06-03,3217,1332000,63415550,47.4,48.2,46.7,47.9,0.5,1005,2019,12.91,2.08,8.21,393.259,2.1118908683552813,0,0
2019-06-04,3217,1170000,55736950,48.3,48.35,47.2,47.2,-0.7,876,2019,12.72,2.05,8.21,387.51200000000006,2.0810281625546825,0,0
2019-06-05,3217,989000,47246600,48.0,48.25,47.25,47.25,0.05,710,2019,12.74,2.06,8.21,387.9225,2.0832326415404396,0,0
2019-06-06,3217,2287000,110301650,47.5,48.8,47.5,48.0,0.75,1694,2019,12.94,2.09,8.21,394.08000000000004,2.116299826326796,0,0
2019-06-10,3217,1382000,66999300,48.85,48.95,48.1,48.2,0.2,1105,2019,12.99,2.1,8.21,395.72200000000004,2.125117742269824,0,0
2019-06-11,3217,7180000,372014950,49.45,53.0,49.35,53.0,4.8,4527,2019,14.29,2.31,8.21,435.13000000000005,2.336747724902504,0,0
2019-06-12,3217,5847000,311930800,54.1,54.5,52.2,52.9,-0.1,3938,2019,14.26,2.3,8.21,434.309,2.3323387669309894,0,0
2019-06-13,3217,2452000,131060700,53.2,54.3,52.4,54.3,1.4,1723,2019,14.64,2.36,8.21,445.803,2.3940641785321874,0,0
2019-06-14,3217,2603000,139567000,54.3,54.5,53.0,54.0,-0.3,1831,2019,14.56,2.35,8.21,443.34000000000003,2.380837304617645,0,0
2019-06-17,3217,1680000,89635500,54.2,54.2,52.3,53.1,-0.9,1155,2019,14.31,2.31,8.21,435.9510000000001,2.341156682874018,0,0
2019-06-18,3217,4214000,227621400,54.0,55.3,52.6,52.6,-0.5,2917,2019,14.18,2.29,8.21,431.84600000000006,2.3191118930164474,0,0
2019-06-19,3217,2175000,116804100,53.4,54.5,52.9,53.6,1.0,1470,2019,14.45,2.33,8.21,440.05600000000004,2.3632014727315886,0,0
2019-06-20,3217,1670000,90020700,53.6,54.5,53.4,54.3,0.7,1126,2019,14.64,2.36,8.21,445.803,2.3940641785321874,0,0
2019-06-21,3217,1988000,107807900,54.9,55.3,53.3,53.3,-1.0,1419,2019,14.37,2.32,8.21,437.593,2.349974598817046,0,0
2019-06-24,3217,609000,32364900,53.3,53.7,52.6,53.4,0.1,437,2019,14.39,2.32,8.21,438.41400000000004,2.35438355678856,0,0
2019-06-25,3217,981000,51576500,53.5,53.6,52.0,52.1,-1.3,793,2019,14.04,2.27,8.21,427.74100000000004,2.2970671031588763,0,0
2019-06-26,3217,509000,26694300,52.5,53.0,51.9,52.6,0.5,374,2019,14.18,2.29,8.21,431.84600000000006,2.3191118930164474,0,0
2019-06-27,3217,612000,32479600,52.9,53.5,52.6,53.0,0.4,425,2019,14.29,2.31,8.21,435.13000000000005,2.336747724902504,0,0
2019-06-28,3217,670000,35542700,53.3,53.5,52.7,52.8,-0.2,408,2019,14.23,2.3,8.21,433.488,2.327929808959475,0,0
2019-07-01,3217,5184000,287733400,53.8,57.0,53.4,56.0,3.2,3268,2019,15.09,2.44,8.21,459.76000000000005,2.469016464047929,0,0
2019-07-02,3217,2362000,131855300,56.5,56.8,55.1,55.4,-0.6,1551,2019,14.93,2.41,8.21,454.83400000000006,2.407331544377227,0,0
2019-07-03,3217,1954000,108939700,55.9,56.2,55.2,56.1,0.7,1268,2019,15.12,2.44,8.21,460.5810000000001,2.4377490909668307,0,0
2019-07-04,3217,1453000,81512900,56.9,56.9,55.4,55.9,-0.2,919,2019,15.07,2.43,8.21,458.939,2.4290583633698004,0,0
2019-07-05,3217,980000,54903800,56.4,56.4,55.5,56.3,0.4,611,2019,15.18,2.45,8.21,462.223,2.44643981856386,0,0
2019-07-08,3217,3508000,199922900,56.3,57.8,55.6,57.6,1.3,2193,2019,15.53,2.51,8.21,472.8960000000001,2.5029295479445532,0,0
2019-07-09,3217,3979000,221306700,55.3,56.2,55.0,55.8,0.0,2346,2019,15.04,2.43,8.21,458.11800000000005,2.424712999571286,0,0
2019-07-10,3217,1801000,100725600,56.1,56.4,55.4,56.2,0.4,1174,2019,15.15,2.45,8.21,461.40200000000004,2.442094454765345,0,0
2019-07-11,3217,1846000,103504100,56.0,56.8,55.3,56.3,0.1,1174,2019,15.18,2.45,8.21,462.223,2.44643981856386,0,0
2019-07-12,3217,1966000,111282700,56.7,57.4,55.8,55.8,-0.5,1255,2019,15.04,2.43,8.21,458.11800000000005,2.424712999571286,0,0
2019-07-15,3217,991000,55370600,56.0,56.3,55.4,55.8,0.0,635,2019,15.04,2.43,8.21,458.11800000000005,2.424712999571286,0,0
2019-07-16,3217,8413000,487845100,56.0,59.3,55.7,55.8,0.0,5528,2019,15.04,2.43,8.21,458.11800000000005,2.424712999571286,0,0
2019-07-17,3217,2422000,136574100,56.4,57.4,55.5,56.9,1.1,1604,2019,15.34,2.48,8.21,467.14900000000006,2.4725120013549495,0,0
2019-07-18,3217,1421000,79853800,57.0,57.0,55.8,55.8,-1.1,955,2019,15.04,2.43,8.21,458.11800000000005,2.424712999571286,0,0
2019-07-19,3217,882000,49270100,56.1,56.4,55.6,55.7,-0.1,620,2019,15.01,2.42,8.21,457.2970000000001,2.4203676357727715,0,0
2019-07-22,3217,1049000,57845800,56.1,56.1,54.8,55.1,-0.6,746,2019,14.85,2.4,8.21,452.37100000000004,2.3942954529816816,0,0
2019-07-23,3217,942000,52419100,55.6,56.5,55.0,55.1,0.0,651,2019,14.85,2.4,8.21,452.37100000000004,2.3942954529816816,0,0
2019-07-24,3217,1721000,96924400,55.5,56.8,55.3,56.8,1.7,1160,2019,15.31,2.47,8.21,466.32800000000003,2.468166637556434,0,0
2019-07-25,3217,9246000,540368400,58.0,59.7,56.7,57.3,0.5,5821,2019,15.44,2.49,8.21,470.43300000000005,2.4898934565490087,0,0
2019-07-26,3217,1994000,115014000,57.0,58.4,56.4,57.5,0.2,1262,2019,15.5,2.5,8.21,472.07500000000005,2.498584184146038,0,0
2019-07-29,3217,4544000,268210700,58.1,59.9,57.8,59.4,1.9,3005,2019,16.01,2.58,8.21,487.67400000000004,2.5811460963178203,0,0
2019-07-30,3217,4255000,245662700,59.0,59.7,56.6,57.9,-1.5,3044,2019,15.61,2.52,8.21,475.35900000000004,2.5159656393400973,0,0
2019-07-31,3217,1450000,84111400,57.6,58.8,57.0,58.8,0.9,979,2019,15.85,2.56,8.21,482.74800000000005,2.5550739135267313,0,0
2019-08-01,3217,3173000,186109500,57.1,59.4,57.1,59.4,0.6,1975,2019,16.01,2.58,8.21,487.67400000000004,2.5811460963178203,0,0
2019-08-02,3217,2915000,167096900,57.6,58.5,56.6,56.8,-2.6,1963,2019,15.31,2.47,8.21,466.32800000000003,2.421515768505984,0,0
2019-08-05,3217,4451000,238527000,55.6,56.4,51.5,52.0,-4.8,3170,2019,14.02,2.26,8.21,426.9200000000001,2.2168806331392816,0,0
2019-08-06,3217,2826000,141482500,48.0,52.0,48.0,51.4,-0.6,1990,2019,13.85,2.24,8.21,421.994,2.191301241218443,0,0
2019-08-07,3217,1390000,72377800,52.3,52.9,51.3,52.0,0.6,1023,2019,14.02,2.26,8.21,426.9200000000001,2.2168806331392816,0,0
2019-08-08,3217,1512000,80462000,52.0,53.8,52.0,53.8,1.8,1033,2019,13.9,2.5,8.21,441.69800000000004,2.2936188089017944,0,0
2019-08-12,3217,1253000,66689300,53.7,53.7,52.8,53.2,-0.6,783,2019,13.75,2.48,8.21,436.77200000000005,2.2680394169809572,0,0
2019-08-13,3217,618000,32752800,52.8,53.7,52.5,52.8,-0.4,471,2019,13.64,2.46,8.21,433.488,2.2509864890337314,0,0
2019-08-14,3217,943000,50604800,54.4,54.4,53.1,53.2,0.4,698,2019,13.75,2.48,8.21,436.77200000000005,2.2680394169809572,0,0
2019-08-15,3217,626000,32778000,51.2,53.0,51.2,52.5,-0.7,450,2019,13.57,2.44,8.21,431.02500000000003,2.2381967930733127,0,0
2019-08-16,3217,645000,34483900,53.0,53.9,53.0,53.2,0.7,516,2019,13.75,2.48,8.21,436.77200000000005,2.2680394169809572,0,0
2019-08-19,3217,1169000,63615600,53.6,55.0,53.5,55.0,1.8,844,2019,14.21,2.56,8.21,451.55000000000007,2.344777592743471,0,0
2019-08-20,3217,1337000,74288600,55.5,56.3,54.6,55.1,0.1,990,2019,14.24,2.56,8.21,452.37100000000004,2.3490408247302765,0,0
2019-08-21,3217,531000,29338300,55.5,55.7,54.7,55.4,0.3,392,2019,14.32,2.58,8.21,454.83400000000006,2.361830520690696,0,0
2019-08-22,3217,2132000,120590000,56.4,57.1,55.9,56.3,0.9,1492,2019,14.55,2.62,8.21,462.223,2.400199608571952,0,0
2019-08-23,3217,815000,45818600,56.3,56.8,55.8,55.8,-0.5,577,2019,14.42,2.6,8.21,458.11800000000005,2.378883448637921,0,0
2019-08-26,3217,872000,47193300,54.5,54.7,53.0,54.0,-1.8,641,2019,13.95,2.51,8.21,443.34000000000003,2.302145272875407,0,0
2019-08-27,3217,1291000,71568200,54.7,56.3,54.4,55.6,1.6,880,2019,14.37,2.59,8.21,456.47600000000006,2.3703569846643084,0,0
2019-08-28,3217,1372000,74712300,55.9,55.9,53.0,54.0,-1.6,1040,2019,13.95,2.51,8.21,443.34000000000003,2.302145272875407,0,0
2019-08-29,3217,587000,31939200,54.2,54.8,53.7,54.6,0.6,401,2019,14.11,2.54,8.21,448.2660000000001,2.3277246647962455,0,0
2019-08-30,3217,1798000,99148200,55.8,56.3,53.9,54.3,-0.3,1369,2019,14.03,2.53,8.21,445.803,2.3149349688358263,0,0
2019-09-02,3217,867000,47480800,54.3,55.4,54.0,55.0,0.7,677,2019,14.21,2.56,8.21,451.55000000000007,2.2781393471570563,0,0
2019-09-03,3217,6595000,379744600,55.8,59.5,55.7,56.9,1.9,4448,2019,14.7,2.65,8.21,467.14900000000006,2.3568387064224816,0,0
2019-09-04,3217,1925000,110578500,57.2,58.0,56.7,57.9,1.0,1269,2019,14.96,2.69,8.21,475.35900000000004,2.398259421825337,0,0
2019-09-05,3217,4176000,245738000,58.4,59.5,58.0,59.1,1.2,2404,2019,15.27,2.75,8.21,485.21100000000007,2.447964280308764,0,0
2019-09-06,3217,2511000,148159500,60.2,60.2,58.3,58.5,-0.6,1467,2019,15.12,2.72,8.21,480.285,2.42311185106705,0,0
2019-09-09,3217,1526000,90134900,58.8,59.4,58.6,59.4,0.9,954,2019,15.35,2.76,8.21,487.67400000000004,2.4603904949296203,0,0
2019-09-10,3217,3403000,193725300,59.4,59.4,55.3,57.3,-2.1,2216,2019,14.81,2.67,8.21,470.43300000000005,2.373406992583624,0,0
2019-09-11,3217,3341000,191798400,58.8,58.9,56.4,56.8,-0.5,2010,2019,14.68,2.64,8.21,466.32800000000003,2.3526966348821956,0,0
2019-09-12,3217,984000,56027600,57.3,57.6,56.5,56.8,0.0,622,2019,14.68,2.64,8.21,466.32800000000003,2.3526966348821956,0,0
2019-09-16,3217,1382000,77596000,57.2,57.4,55.8,55.9,-0.9,709,2019,14.44,2.6,8.21,458.939,2.3154179910196255,0,0
2019-09-17,3217,1538000,84940300,55.7,56.0,54.5,54.6,-1.3,1040,2019,14.11,2.54,8.21,448.2660000000001,2.261571060995914,0,0
2019-09-18,3217,939000,51608800,54.9,55.4,54.3,55.3,0.7,648,2019,14.29,2.57,8.21,454.01300000000003,2.290565561777912,0,0
2019-09-19,3217,1893000,106472000,55.5,57.7,54.8,55.9,0.6,1279,2019,14.44,2.6,8.21,458.939,2.3154179910196255,0,0
2019-09-20,3217,931000,52578500,56.3,57.1,56.0,56.2,0.3,650,2019,14.52,2.62,8.21,461.40200000000004,2.3278442056404822,0,0
2019-09-23,3217,525000,29450700,56.5,56.7,55.8,55.8,-0.4,380,2019,14.42,2.6,8.21,458.11800000000005,2.3112759194793404,0,0
2019-09-24,3217,414000,23179300,55.6,56.3,55.6,56.0,0.2,315,2019,14.47,2.61,8.21,459.76000000000005,2.3195600625599115,0,0
2019-09-25,3217,675000,37433000,55.9,56.2,54.7,56.1,0.1,497,2019,14.5,2.61,8.21,460.5810000000001,2.323702134100197,0,0
2019-09-26,3217,744000,42077200,56.9,56.9,56.1,56.2,0.1,551,2019,14.52,2.62,8.21,461.40200000000004,2.3278442056404822,0,0
2019-09-27,3217,971000,53876700,56.7,56.8,55.0,55.2,-1.0,750,2019,14.26,2.57,8.21,453.19200000000006,2.286423490237627,0,0
2019-10-01,3217,1648000,92962200,55.4,57.0,54.9,56.9,1.7,942,2019,14.7,2.65,8.21,467.14900000000006,2.3568387064224816,0,0
2019-10-02,3217,1211000,68979000,57.3,57.4,56.5,56.7,-0.2,789,2019,14.65,2.64,8.21,465.50700000000006,2.2944727942709533,0,0
2019-10-03,3217,618000,34608300,55.8,56.5,55.5,56.1,-0.6,403,2019,14.5,2.61,8.21,460.5810000000001,2.2701926588818426,0,0
2019-10-04,3217,1068000,60889000,56.6,57.6,56.2,57.6,1.5,740,2019,14.88,2.68,8.21,472.8960000000001,2.3308929973546193,0,0
2019-10-07,3217,1493000,85683700,57.9,57.9,56.8,56.9,-0.7,940,2019,14.7,2.65,8.21,467.14900000000006,2.30256617273399,0,0
2019-10-08,3217,2337000,129729200,56.9,56.9,55.0,55.1,-1.8,1638,2019,14.24,2.56,8.21,452.37100000000004,2.229725766566658,0,0
2019-10-09,3217,2240000,119817800,54.5,54.9,52.8,53.3,-1.8,1640,2019,13.77,2.48,8.21,437.593,2.156885360399326,0,0
2019-10-14,3217,894000,48972600,55.2,55.2,54.5,54.5,1.2,678,2019,14.08,2.54,8.21,447.44500000000005,2.2054456311775477,0,0
2019-10-15,3217,938000,50584600,54.6,54.7,53.6,53.7,-0.8,645,2019,13.88,2.5,8.21,440.87700000000007,2.1730721173254,0,0
2019-10-16,3217,598000,32170900,54.1,54.3,53.2,54.0,0.3,428,2019,13.95,2.51,8.21,443.34000000000003,2.185212185019955,0,0
2019-10-17,3217,752000,40895600,54.1,54.8,53.8,54.8,0.8,535,2019,14.16,2.55,8.21,449.908,2.2175856988721026,0,0
2019-10-18,3217,429000,23452400,54.9,54.9,54.3,54.5,-0.3,320,2019,14.08,2.54,8.21,447.44500000000005,2.2054456311775477,0,0
2019-10-21,3217,705000,38764700,54.6,55.7,54.1,55.7,1.2,491,2019,14.39,2.59,8.21,457.2970000000001,2.254005901955769,0,0
2019-10-22,3217,1001000,55614900,56.1,56.1,55.1,55.6,-0.1,595,2019,14.37,2.59,8.21,456.47600000000006,2.2499592127242503,0,0
2019-10-23,3217,395000,21935800,55.4,55.9,55.2,55.4,-0.2,292,2019,14.32,2.58,8.21,454.83400000000006,2.2418658342612137,0,0
2019-10-24,3217,1419000,79630300,55.8,56.8,55.3,56.7,1.3,925,2019,14.65,2.64,8.21,465.50700000000006,2.2944727942709533,0,0
2019-10-25,3217,2281000,130082500,57.7,57.8,56.2,56.5,-0.2,1236,2019,14.6,2.63,8.21,463.86500000000007,2.2863794158079163,0,0
2019-10-28,3217,998000,56236700,56.7,57.0,55.6,56.5,0.0,578,2019,14.6,2.63,8.21,463.86500000000007,2.2863794158079163,0,0
2019-10-29,3217,1416000,80158900,56.9,57.3,55.6,56.6,0.1,880,2019,14.63,2.63,8.21,464.68600000000004,2.290426105039434,0,0
2019-10-30,3217,4800000,277502500,56.9,58.3,56.4,58.0,1.4,2473,2019,14.99,2.7,8.21,476.18000000000006,2.347079754280693,0,0
2019-10-31,3217,15004000,884685700,57.9,61.5,57.1,58.0,0.0,8203,2019,14.99,2.7,8.21,476.18000000000006,2.347079754280693,0,0
2019-11-01,3217,4011000,234123400,58.5,59.4,57.8,58.1,0.1,2442,2019,15.01,2.7,8.21,477.00100000000003,2.351126443512211,0,0
2019-11-04,3217,9703000,585653100,59.0,61.8,58.3,61.3,3.2,6292,2019,15.84,2.85,8.21,503.273,2.3710995839870344,0,0
2019-11-05,3217,8897000,552556600,61.8,63.5,61.1,62.0,0.7,5896,2019,16.02,2.89,8.21,509.02000000000004,2.398175761944472,0,0
2019-11-06,3217,2823000,171853900,61.5,61.9,60.2,60.7,-1.3,1886,2019,15.68,2.82,8.21,498.3470000000001,2.3478914314520885,0,0
2019-11-07,3217,5060000,307026100,61.1,62.5,58.5,59.2,-1.5,3289,2019,15.3,2.75,8.21,486.0320000000001,2.289871050114722,0,0
2019-11-08,3217,1899000,114053600,59.7,60.9,59.1,60.4,1.2,1346,2019,15.61,2.81,8.21,495.884,2.3362873551846146,0,0
2019-11-11,3217,3813000,233744700,61.9,62.2,60.3,61.4,1.0,2541,2019,15.87,2.86,8.21,504.09400000000005,2.374967609409526,0,0
2019-11-12,3217,14190000,902226100,62.0,65.5,61.8,63.8,2.4,8659,2019,14.12,2.71,8.21,523.798,2.4678002195493116,0,0
2019-11-13,3217,3319000,210970800,63.6,64.5,62.9,63.0,-0.8,2153,2019,13.94,2.67,8.21,517.23,2.436856016169383,0,0
2019-11-14,3217,2792000,174746400,63.8,63.8,61.8,62.8,-0.2,1717,2019,13.89,2.67,8.21,515.5880000000001,2.429119965324401,0,0
2019-11-15,3217,5464000,351143200,63.3,65.7,63.0,63.4,0.6,3680,2019,14.03,2.69,8.21,520.514,2.4523281178593472,0,0
2019-11-18,3217,11681000,783721100,63.9,69.7,63.8,69.7,6.3,7718,2019,15.42,2.96,8.21,572.2370000000001,2.696013719476286,0,0
2019-11-19,3217,24769000,1770412300,70.7,73.9,69.4,69.4,-0.3,15605,2019,15.35,2.95,8.21,569.7740000000001,2.6844096432088125,0,0
2019-11-20,3217,5521000,375907700,69.6,70.2,67.1,67.6,-1.8,3893,2019,14.96,2.87,8.21,554.996,2.6147851856039726,0,0
2019-11-21,3217,5858000,402444600,66.8,70.6,65.8,70.4,2.8,4013,2019,15.58,2.99,8.21,577.9840000000002,2.7230898974337236,0,0
2019-11-22,3217,4230000,298424500,70.4,71.7,69.3,70.7,0.3,3103,2019,15.64,3.0,8.21,580.4470000000001,2.7346939737011966,0,0
2019-11-25,3217,4051000,288014500,71.7,72.7,69.6,69.7,-1.0,2943,2019,15.42,2.96,8.21,572.2370000000001,2.696013719476286,0,0
2019-11-26,3217,2032000,141076100,70.0,70.5,68.7,69.7,0.0,1459,2019,15.42,2.96,8.21,572.2370000000001,2.696013719476286,0,0
2019-11-27,3217,2024000,141587600,70.7,70.9,69.2,69.4,-0.3,1474,2019,15.35,2.95,8.21,569.7740000000001,2.6844096432088125,0,0
2019-11-28,3217,4289000,289318600,69.3,69.3,66.8,67.0,-2.4,2912,2019,14.82,2.84,8.21,550.07,2.5915770330690266,0,0
2019-11-29,3217,1819000,120930300,67.5,67.6,66.0,66.2,-0.8,1305,2019,14.65,2.81,8.21,543.5020000000001,2.560632829689098,0,0
2019-12-02,3217,1608000,106879300,66.8,67.3,65.1,67.0,0.8,1173,2019,14.82,2.84,8.21,550.07,2.5664713130682557,0,0
2019-12-03,3217,1046000,70027600,66.1,67.5,66.1,66.8,-0.2,701,2019,14.78,2.84,8.21,548.428,2.5588102046710364,0,0
2019-12-04,3217,1718000,115601400,66.6,68.1,66.3,67.0,0.2,1056,2019,14.82,2.84,8.21,550.07,2.5664713130682557,0,0
2019-12-05,3217,1796000,119417400,67.3,67.6,65.7,66.1,-0.9,1302,2019,14.62,2.81,8.21,542.681,2.531996325280771,0,0
2019-12-06,3217,1345000,89735300,66.1,67.4,65.9,67.0,0.9,922,2019,14.82,2.84,8.21,550.07,2.5664713130682557,0,0
2019-12-09,3217,4051000,280746600,67.8,70.0,67.6,69.9,2.9,3000,2019,15.46,2.97,8.21,573.8790000000001,2.6775573848279266,0,0
2019-12-10,3217,2477000,170802000,69.6,69.8,68.2,69.8,-0.1,1632,2019,15.44,2.96,8.21,573.058,2.6737268306293167,0,0
2019-12-11,3217,4876000,323492600,68.0,68.0,65.5,65.8,-4.0,3579,2019,14.56,2.79,8.21,540.2180000000001,2.5205046626849437,0,0
2019-12-12,3217,1371000,90608400,66.1,66.6,65.8,65.9,0.1,1010,2019,14.58,2.8,8.21,541.0390000000001,2.524335216883553,0,0
2019-12-13,3217,2425000,156783700,66.2,66.3,64.0,64.2,-1.7,1771,2019,14.2,2.72,8.21,527.0820000000001,2.4592157955071943,0,0
2019-12-16,3217,858000,55938800,64.2,65.8,64.2,65.2,1.0,607,2019,14.42,2.77,8.21,535.292,2.4975213374932874,0,0
2019-12-17,3217,741000,48192900,65.3,65.8,64.7,64.9,-0.3,547,2019,14.36,2.75,8.21,532.8290000000001,2.4860296748974595,0,0
2019-12-18,3217,798000,52417600,64.9,66.3,64.9,65.7,0.8,627,2019,14.54,2.79,8.21,539.397,2.516674108486334,0,0
2019-12-19,3217,756000,49899800,65.8,66.3,65.7,66.0,0.3,566,2019,14.6,2.8,8.21,541.86,2.5281657710821617,0,0
2019-12-20,3217,1278000,85067200,66.0,67.5,65.6,66.5,0.5,863,2019,14.71,2.82,8.21,545.965,2.5473185420752085,0,0
2019-12-23,3217,717000,47352600,66.5,66.6,65.8,65.9,-0.6,494,2019,14.58,2.8,8.21,541.0390000000001,2.524335216883553,0,0
2019-12-24,3217,559000,36774600,65.8,66.3,65.5,65.9,0.0,405,2019,14.58,2.8,8.21,541.0390000000001,2.524335216883553,0,0
2019-12-25,3217,448000,29561700,66.0,66.3,65.8,65.9,0.0,266,2019,14.58,2.8,8.21,541.0390000000001,2.524335216883553,0,0
2019-12-26,3217,2973000,200842000,66.6,68.5,66.3,68.0,2.1,2201,2019,15.04,2.89,8.21,558.2800000000001,2.604776855054349,0,0
2019-12-27,3217,1873000,127122400,68.4,68.6,67.3,67.5,-0.5,1294,2019,14.93,2.87,8.21,554.1750000000001,2.5856240840613025,0,0
2019-12-30,3217,1059000,71997100,67.8,68.4,67.6,68.0,0.5,748,2019,15.04,2.89,8.21,558.2800000000001,2.604776855054349,0,0
2019-12-31,3217,777000,52716600,67.8,68.4,67.5,67.6,-0.4,556,2019,14.96,2.87,8.21,554.996,2.589454638259911,0,0
2020-01-02,3217,1197000,81652700,68.4,68.7,67.6,68.5,0.9,811,2020,15.15,2.91,9.01,617.185,2.816096490607688,0,0
2020-01-03,3217,1675000,114426600,69.4,69.7,67.0,67.6,-0.9,1229,2020,14.96,2.87,9.01,609.0759999999999,2.7790966827018937,0,0
2020-01-06,3217,1678000,110312000,66.7,67.4,65.0,65.2,-2.4,1216,2020,14.42,2.77,9.01,587.452,2.680430528286442,0,0
2020-01-07,3217,1067000,69341000,65.5,66.0,64.3,65.1,-0.1,788,2020,14.4,2.76,9.01,586.5509999999999,2.676319438519131,0,0
2020-01-08,3217,1500000,99086800,64.5,67.7,64.3,65.5,0.4,1081,2020,14.49,2.78,9.01,590.155,2.692763797588374,0,0
2020-01-09,3217,1672000,111027800,65.5,67.4,65.2,66.5,1.0,1154,2020,14.71,2.82,9.01,599.165,2.7338746952614787,0,0
2020-01-10,3217,1026000,67328100,66.4,66.5,65.0,65.3,-1.2,716,2020,14.45,2.77,9.01,588.353,2.684541618053752,0,0
2020-01-13,3217,1122000,74090300,65.5,66.8,65.2,66.8,1.5,776,2020,14.78,2.84,9.01,601.8679999999999,2.7462079645634097,0,0
2020-01-14,3217,1013000,68264000,67.4,67.9,66.9,67.2,0.4,762,2020,14.87,2.85,9.01,605.472,2.762652323632652,0,0
2020-01-15,3217,2182000,148934800,67.5,69.0,67.1,68.2,1.0,1558,2020,15.09,2.89,9.01,614.482,2.803763221305757,0,0
2020-01-16,3217,1961000,134676200,67.6,69.3,67.6,68.9,0.7,1323,2020,15.24,2.92,9.01,620.789,2.8325408496769304,0,0
2020-01-17,3217,2514000,174397100,70.0,70.7,68.3,68.4,-0.5,1747,2020,15.13,2.9,9.01,616.284,2.8119854008403777,0,0
2020-01-20,3217,1014000,69894200,68.5,69.2,68.5,68.9,0.5,631,2020,15.24,2.92,9.01,620.789,2.8325408496769304,0,0
2020-01-30,3217,2719000,171485400,64.0,64.8,62.1,62.1,-6.8,1811,2020,13.74,2.64,9.01,559.521,2.5529867454998167,0,0
2020-01-31,3217,1423000,88519600,62.0,63.5,60.5,62.2,0.1,991,2020,13.76,2.64,9.01,560.422,2.557097835267127,0,0
2020-02-03,3217,1262000,74093100,57.6,60.4,57.1,60.3,-1.9,943,2020,13.34,2.56,9.01,543.303,2.506604425587985,0,0
2020-02-04,3217,634000,38747800,60.9,61.6,60.3,61.4,1.1,501,2020,13.58,2.61,9.01,553.2139999999999,2.552330211129391,0,0
2020-02-05,3217,760000,47017300,62.4,62.4,61.0,61.9,0.5,451,2020,13.69,2.63,9.01,557.7189999999999,2.573114659102757,0,0
2020-02-06,3217,1054000,66756500,62.5,63.8,62.5,63.1,1.2,783,2020,13.96,2.68,9.01,568.531,2.6229973342388364,0,0
2020-02-07,3217,1058000,65467700,63.1,63.3,61.4,61.4,-1.7,717,2020,13.58,2.61,9.01,553.2139999999999,2.552330211129391,0,0
2020-02-10,3217,959000,58122500,60.0,62.0,59.4,62.0,0.6,683,2020,13.72,2.63,9.01,558.62,2.577271548697431,0,0
2020-02-11,3217,1113000,68475300,61.0,62.2,60.9,61.7,-0.3,813,2020,13.65,2.62,9.01,555.917,2.564800879913411,0,0
2020-02-12,3217,979000,61422900,62.2,63.4,62.2,62.6,0.9,708,2020,13.85,2.66,9.01,564.026,2.6022128862654705,0,0
2020-02-13,3217,781000,48803100,62.8,63.2,61.8,61.8,-0.8,542,2020,13.67,2.62,9.01,556.818,2.5689577695080845,0,0
2020-02-14,3217,1828000,115857500,61.7,64.5,61.4,64.1,2.3,1153,2020,14.18,2.72,9.01,577.5409999999999,2.6645662301855695,0,0
2020-02-17,3217,571000,36395200,63.4,64.2,63.1,63.6,-0.5,419,2020,14.07,2.7,9.01,573.036,2.643781782212203,0,0
2020-02-18,3217,478000,30309700,63.5,64.0,63.0,63.2,-0.4,293,2020,13.98,2.68,9.01,569.432,2.6271542238335104,0,0
2020-02-19,3217,599000,37967400,63.3,63.9,62.7,63.7,0.5,420,2020,14.09,2.7,9.01,573.937,2.6479386718068767,0,0
2020-02-20,3217,713000,45701300,64.6,64.6,63.7,63.8,0.1,458,2020,14.12,2.71,9.01,574.838,2.65209556140155,0,0
2020-02-21,3217,410000,25883700,63.9,63.9,62.8,62.9,-0.9,290,2020,13.92,2.67,9.01,566.7289999999999,2.6146835550494902,0,0
2020-02-24,3217,526000,32706600,62.5,63.1,61.8,62.1,-0.8,299,2020,13.74,2.64,9.01,559.521,2.581428438292104,0,0
2020-02-25,3217,722000,45037500,61.8,63.4,61.3,63.2,1.1,514,2020,13.98,2.68,9.01,569.432,2.6271542238335104,0,0
2020-02-26,3217,443000,27638200,62.2,63.0,62.0,62.2,-1.0,316,2020,13.76,2.64,9.01,560.422,2.5855853278867778,0,0
2020-02-27,3217,8969000,611759000,66.3,68.4,65.6,68.4,6.2,3460,2020,15.13,2.9,9.01,616.284,2.8433124827565206,0,0
2020-03-02,3217,12741000,917527200,69.5,74.9,68.4,72.5,4.1,8475,2020,16.04,3.08,9.01,653.225,3.0429731299731166,0,0
2020-03-03,3217,6929000,545957700,76.0,79.7,76.0,79.7,7.2,3117,2020,17.63,3.38,9.01,718.097,3.345171840811826,0,0
2020-03-04,3217,9668000,785599500,83.0,83.3,78.6,80.8,1.1,6691,2020,17.88,3.43,9.01,728.0079999999999,3.391341088301073,0,0
2020-03-05,3217,9484000,805937200,82.3,87.6,82.1,86.6,5.8,6452,2020,19.16,3.68,9.01,780.266,3.6347789386989224,0,0
2020-03-06,3217,4038000,345661200,85.3,86.9,84.3,86.6,0.0,2686,2020,19.16,3.68,9.01,780.266,3.6347789386989224,0,0
2020-03-09,3217,3493000,287939700,84.5,85.6,80.1,80.5,-6.1,2507,2020,17.81,3.42,9.01,725.305,3.37874947534946,0,0
2020-03-10,3217,7117000,583352000,78.7,86.8,76.9,84.8,4.3,4656,2020,18.76,3.6,9.01,764.048,3.559229260989245,0,0
2020-03-11,3217,8145000,687443300,85.1,88.8,81.0,81.0,-3.8,5813,2020,17.92,3.44,9.01,729.81,3.3997354969354814,0,0
2020-03-12,3217,4710000,353877800,79.9,79.9,72.9,74.0,-7.0,2895,2020,16.37,3.14,9.01,666.74,3.105931194731181,0,0
2020-03-13,3217,6296000,429308200,68.5,71.7,66.6,68.2,-5.8,3472,2020,15.09,2.89,9.01,614.482,2.862493344333332,0,0
2020-03-16,3217,8956000,630993800,69.9,73.0,66.6,68.0,-0.2,5895,2020,15.04,2.89,9.01,612.68,2.8540989356989224,0,0
2020-03-17,3217,5651000,386775800,67.2,70.8,64.8,68.0,0.0,3729,2020,15.04,2.89,9.01,612.68,2.8540989356989224,0,0
2020-03-18,3217,9549000,685643100,70.1,74.3,69.7,70.1,2.1,6446,2020,15.51,2.98,9.01,631.6009999999999,2.9422402263602128,0,0
2020-03-19,3217,13319000,925300800,72.2,73.5,63.2,68.5,-1.6,9670,2020,15.15,2.91,9.01,617.185,2.875084957284944,0,0
2020-03-20,3217,8225000,604983400,73.0,75.3,71.2,75.3,6.8,5456,2020,16.66,3.2,9.01,678.453,3.1604948508548367,0,0
2020-03-23,3217,4843000,356067800,73.6,75.2,71.1,72.2,-3.1,3578,2020,15.97,3.06,9.01,650.522,3.030381517021504,0,0
2020-03-24,3217,5711000,438632600,75.1,78.4,75.0,76.6,4.4,4013,2020,16.95,3.25,9.01,690.1659999999999,3.215058506978492,0,0
2020-03-25,3217,9002000,694770800,79.0,80.5,73.0,73.6,-3.0,6685,2020,16.28,3.12,9.01,663.136,3.089142377462364,0,0
2020-03-26,3217,4852000,347985400,74.1,74.5,69.7,73.1,-0.5,3645,2020,16.17,3.1,9.01,658.631,3.0681563558763423,0,0
2020-03-27,3217,4530000,330752800,73.6,75.0,71.0,71.0,-2.1,3395,2020,15.71,3.01,9.01,639.71,2.980015065215052,0,0
2020-03-30,3217,2754000,196206800,67.3,73.3,67.3,73.3,2.3,1943,2020,13.73,2.91,9.01,660.433,3.076550764510751,0,0
2020-03-31,3217,3878000,290122400,76.0,76.7,73.6,74.6,1.3,2974,2020,13.97,2.96,9.01,672.146,3.1311144206344066,0,0
2020-04-01,3217,1829000,136995800,75.0,75.8,74.0,75.0,0.4,1281,2020,14.04,2.98,9.01,675.75,3.147903237903224,0,0
2020-04-06,3217,4358000,341946400,76.4,81.5,75.0,79.3,4.3,2970,2020,14.85,3.15,9.01,714.4929999999999,3.1763743010352097,0,0
2020-04-07,3217,4150000,336404100,81.9,82.9,79.5,79.6,0.3,2822,2020,14.91,3.16,9.01,717.1959999999999,3.1883908494628335,0,0
2020-04-08,3217,6894000,583267700,79.5,87.5,79.2,87.5,7.9,4696,2020,16.39,3.47,9.01,788.375,3.504826624723593,0,0
2020-04-09,3217,13163000,1208845100,90.0,95.8,85.8,86.2,-1.3,9300,2020,16.14,3.42,9.01,776.662,3.4527549148705563,0,0
2020-04-10,3217,6376000,566804900,88.6,91.5,86.4,89.8,3.6,4796,2020,16.82,3.57,9.01,809.098,3.5969534960020413,0,0
2020-04-13,3217,3908000,344352500,90.2,90.5,86.5,88.2,-1.6,2899,2020,16.52,3.5,9.01,794.682,3.5328652377213814,0,0
2020-04-14,3217,4965000,439039500,89.1,90.8,86.6,90.8,2.6,3732,2020,17.0,3.61,9.01,818.108,3.6370086574274536,0,0
2020-04-15,3217,4168000,374457500,91.0,91.7,88.7,88.8,-2.0,3072,2020,16.63,3.53,9.01,800.088,3.556898334576629,0,0
2020-04-16,3217,4625000,411501200,89.1,91.3,87.0,87.7,-1.1,3321,2020,16.42,3.48,9.01,790.177,3.5128376570086752,0,0
2020-04-17,3217,5721000,505886900,88.7,90.7,87.1,87.3,-0.4,4189,2020,16.35,3.47,9.01,786.573,3.49681559243851,0,0
2020-04-20,3217,3249000,289052500,87.2,90.5,87.0,90.5,3.2,2357,2020,16.95,3.59,9.01,815.405,3.6249921089998303,0,0
2020-04-21,3217,16116000,1511492300,90.6,96.7,89.8,93.6,3.1,11680,2020,17.53,3.72,9.01,843.3359999999999,3.7491631094186086,0,0
2020-04-22,3217,8393000,791722500,93.6,96.9,91.0,96.9,3.3,6108,2020,18.15,3.85,9.01,873.0690000000001,3.8813451421224703,0,0
2020-04-23,3217,6693000,642530700,96.1,98.4,93.5,93.5,-3.4,5124,2020,17.51,3.71,9.01,842.435,3.7451575932760672,0,0
2020-04-24,3217,6950000,670115400,94.1,98.0,94.1,95.5,2.0,5303,2020,17.88,3.79,9.01,860.4549999999999,3.8252679161268928,0,0
2020-04-27,3217,5770000,564012500,96.8,99.7,95.9,96.4,0.9,4454,2020,18.05,3.83,9.01,868.5640000000001,3.8613175614097637,0,0
2020-04-28,3217,5712000,566086000,97.9,101.0,96.8,100.5,4.1,4436,2020,18.82,3.99,9.01,905.505,4.025543723253955,0,0
2020-04-29,3217,3450000,342817600,100.5,102.0,98.0,98.1,-2.4,2661,2020,18.37,3.9,9.01,883.881,3.929411335832965,0,0
2020-04-30,3217,2817000,273359000,98.6,99.0,96.1,96.6,-1.5,2170,2020,18.09,3.84,9.01,870.3659999999999,3.8693285936948456,0,0
2020-05-04,3217,2618000,254306400,96.0,98.2,94.1,96.9,0.3,2043,2020,18.15,3.85,9.01,873.0690000000001,3.6929868826843903,0,0
2020-05-05,3217,1719000,167230700,97.3,98.8,95.9,97.3,0.4,1300,2020,18.22,3.86,9.01,876.673,3.7082314105798884,0,0
2020-05-06,3217,3635000,361030000,97.3,101.5,97.0,99.3,2.0,2644,2020,18.6,3.94,9.01,894.693,3.7844540500573784,0,0
2020-05-07,3217,3872000,380703800,100.0,100.5,96.7,97.0,-2.3,2721,2020,18.16,3.85,9.01,873.97,3.696798014658265,0,0
2020-05-08,3217,5780000,536714800,97.6,97.7,90.1,90.1,-6.9,4455,2020,16.87,3.58,9.01,811.8009999999999,3.433829908460924,0,0
2020-05-11,3217,2990000,275823900,92.0,93.9,90.3,92.3,2.2,2255,2020,17.28,3.67,9.01,831.6229999999999,3.517674811886163,0,0
2020-05-12,3217,2265000,207056700,91.1,92.7,90.4,91.8,-0.5,1614,2020,17.19,3.65,9.01,827.1179999999999,3.4986191520167904,0,0
2020-05-13,3217,1816000,168692900,91.6,94.8,91.5,94.7,2.9,1329,2020,17.73,3.76,9.01,853.247,3.6091419792591513,0,0
2020-05-14,3217,1794000,167871200,94.5,95.2,91.5,91.9,-2.8,1239,2020,15.07,3.48,9.01,828.019,3.5024302839906656,0,0
2020-05-15,3217,1239000,114130700,92.6,93.7,90.6,91.6,-0.3,957,2020,15.02,3.47,9.01,825.3159999999999,3.4909968880690414,0,0
2020-05-18,3217,1490000,137590300,91.6,93.8,90.8,91.8,0.2,1195,2020,15.05,3.48,9.01,827.1179999999999,3.4986191520167904,0,0
2020-05-19,3217,1538000,143242400,93.0,94.3,92.3,94.3,2.5,1199,2020,15.46,3.57,9.01,849.6429999999999,3.5938974513636532,0,0
2020-05-20,3217,2373000,224653700,94.6,96.3,93.5,93.7,-0.6,1672,2020,15.36,3.55,9.01,844.237,3.5710306595204067,0,0
2020-05-21,3217,1441000,136649600,94.3,95.5,93.9,95.0,1.3,1153,2020,15.57,3.6,9.01,855.9499999999999,3.6205753751807745,0,0
2020-05-22,3217,3471000,332244100,95.5,97.5,93.4,93.4,-1.6,2398,2020,15.31,3.54,9.01,841.534,3.559597263598783,0,0
2020-05-25,3217,1223000,115527700,93.4,95.8,92.3,95.6,2.2,859,2020,15.67,3.62,9.01,861.3559999999999,3.643442167024021,0,0
2020-05-26,3217,1830000,176024800,96.1,97.2,95.1,95.2,-0.4,1441,2020,15.61,3.61,9.01,857.752,3.628197639128524,0,0
2020-05-27,3217,5045000,515940700,97.7,104.5,97.6,104.5,9.3,2843,2020,17.13,3.96,9.01,941.545,3.9826329126988527,0,0
2020-05-28,3217,11811000,1260676000,108.0,110.5,103.0,106.0,1.5,7730,2020,17.38,4.02,9.01,955.06,4.03979989230697,0,0
2020-05-29,3217,4820000,496317500,104.5,106.5,100.5,101.5,-4.5,3243,2020,16.64,3.85,9.01,914.515,3.8682989534826175,0,0
2020-06-01,3217,7096000,766069500,102.0,111.5,102.0,111.5,10.0,4723,2020,18.28,4.23,9.01,1004.615,4.249412150870067,0,0
2020-06-02,3217,11055000,1189392500,115.0,116.0,100.5,102.0,-9.5,7466,2020,16.72,3.87,9.01,919.02,3.8218419962639083,0,0
2020-06-03,3217,4191000,430067500,103.0,105.5,100.0,104.0,2.0,3053,2020,17.05,3.94,9.01,937.04,3.8967800746220242,0,0
2020-06-04,3217,3082000,309995100,104.0,104.5,99.5,99.5,-4.5,2357,2020,16.31,3.77,9.01,896.495,3.728169398316264,0,0
2020-06-05,3217,2170000,222326000,100.5,104.0,100.0,103.0,3.5,1902,2020,16.89,3.9,9.01,928.03,3.8593110354429663,0,0
2020-06-08,3217,2477000,258500500,106.0,107.0,102.0,103.5,0.5,1834,2020,16.97,3.92,9.01,932.535,3.8780455550324953,0,0
2020-06-09,3217,1294000,131736000,103.5,104.0,100.0,101.5,-2.0,1029,2020,16.64,3.85,9.01,914.515,3.8031074766743793,0,0
2020-06-10,3217,2567000,261290800,102.0,105.0,99.6,103.0,1.5,1812,2020,16.89,3.9,9.01,928.03,3.8593110354429663,0,0
2020-06-11,3217,3425000,342820700,101.0,102.5,99.0,99.0,-4.0,2306,2020,16.23,3.75,9.01,891.99,3.709434878726735,0,0
2020-06-12,3217,1878000,181174000,95.0,98.5,93.6,97.0,-2.0,1420,2020,15.9,3.68,9.01,873.97,3.634496800368619,0,0
2020-06-15,3217,1848000,183197500,97.9,101.0,96.5,99.0,2.0,1206,2020,16.23,3.75,9.01,891.99,3.709434878726735,0,0
2020-06-16,3217,1031000,102802000,100.5,101.5,98.3,99.0,0.0,811,2020,16.23,3.75,9.01,891.99,3.709434878726735,0,0
2020-06-17,3217,782000,78030200,99.9,101.0,99.0,99.0,0.0,605,2020,16.23,3.75,9.01,891.99,3.709434878726735,0,0
2020-06-18,3217,1395000,140974100,99.3,102.5,98.8,101.5,2.5,1106,2020,16.64,3.85,9.01,914.515,3.8031074766743793,0,0
2020-06-19,3217,5747000,608544000,102.0,109.0,102.0,105.0,3.5,4063,2020,17.21,3.98,9.01,946.05,3.934249113801082,0,0
2020-06-22,3217,3071000,326947500,106.0,108.5,103.0,107.0,2.0,2255,2020,17.54,4.06,9.01,964.0699999999999,4.009187192159198,0,0
2020-06-23,3217,7700000,867261000,111.0,117.0,106.5,112.5,5.5,5452,2020,18.44,4.26,9.01,1013.625,4.215266907644017,0,0
2020-06-24,3217,3358000,380157500,115.0,115.0,110.5,115.0,2.5,2330,2020,18.85,4.36,9.01,1036.1499999999999,4.308939505591661,0,0
2020-06-29,3217,3870000,445697000,112.0,119.0,111.0,115.0,0.0,2659,2020,18.85,4.36,9.01,1036.1499999999999,4.308939505591661,0,0
2020-06-30,3217,2904000,338529500,116.5,119.0,113.5,116.0,1.0,1984,2020,19.02,4.4,9.01,1045.16,4.3464085447707195,0,0
2020-07-01,3217,4757000,568028500,118.0,123.5,116.0,117.0,1.0,3283,2020,19.18,4.44,9.01,1054.17,4.3838775839497774,0,0
2020-07-02,3217,2016000,237620000,118.0,120.0,116.5,118.0,1.0,1350,2020,19.34,4.47,9.01,1063.18,4.353984982728295,0,0
2020-07-03,3217,1678000,199226000,120.0,121.0,116.0,116.0,-2.0,1015,2020,19.02,4.4,9.01,1045.16,4.280188627088832,0,0
2020-07-06,3217,2108000,253101500,117.5,123.0,117.0,120.0,4.0,1391,2020,19.67,4.55,9.01,1081.2,4.427781338367757,0,0
2020-07-07,3217,1726000,205710500,122.5,123.0,116.5,118.5,-1.5,1233,2020,19.43,4.49,9.01,1067.685,4.3724340716381604,0,0
2020-07-08,3217,1185000,138203000,115.0,118.5,114.5,118.0,0.0,815,2020,19.34,4.47,9.01,1063.18,4.353984982728295,0,0
2020-07-09,3217,1966000,230683000,120.0,121.0,113.0,113.0,-5.0,1326,2020,18.52,4.28,9.01,1018.13,4.1694940936296385,0,0
2020-07-10,3217,4639000,547535500,114.0,124.0,111.0,121.0,8.0,2963,2020,19.84,4.59,9.01,1090.21,4.464679516187489,0,0
2020-07-13,3217,8654000,1100118500,121.0,132.0,120.0,130.0,9.0,5706,2020,21.31,4.93,9.01,1171.3,4.796763116565071,0,0
2020-07-14,3217,9742000,1315581500,132.0,140.0,129.0,134.0,4.0,7219,2020,21.97,5.08,9.01,1207.34,4.944355827843996,0,0
2020-07-15,3217,4446000,582205500,138.5,138.5,124.0,124.5,-9.5,3188,2020,20.41,4.72,9.01,1121.745,4.593823138556547,0,0
2020-07-16,3217,1516000,190456000,126.0,128.5,122.5,126.5,2.0,1214,2020,20.74,4.8,9.01,1139.7649999999999,4.66761949419601,0,0
2020-07-17,3217,1655000,207662500,126.5,127.5,123.0,127.5,1.0,1056,2020,20.9,4.83,9.01,1148.7749999999999,4.704517672015742,0,0
2020-07-20,3217,1419000,179379500,128.0,129.5,124.5,125.0,-2.5,1038,2020,20.49,4.74,9.01,1126.25,4.612272227466414,0,0
2020-07-21,3217,1894000,245382500,126.5,132.0,126.0,131.0,6.0,1422,2020,21.48,4.97,9.01,1180.31,4.833661294384802,0,0
2020-07-22,3217,1114000,142945500,130.0,130.0,127.0,127.5,-3.5,876,2020,20.9,4.83,9.01,1148.7749999999999,4.704517672015742,0,0
2020-07-23,3217,951000,122020000,128.0,131.0,127.0,127.5,0.0,774,2020,20.9,4.83,9.01,1148.7749999999999,4.704517672015742,0,0
2020-07-24,3217,1626000,201346000,126.5,127.0,121.0,121.5,-6.0,1205,2020,19.92,4.61,9.01,1094.715,4.483128605097354,0,0
2020-07-27,3217,999000,124473500,124.0,127.0,122.5,124.0,2.5,758,2020,20.33,4.7,9.01,1117.24,4.575374049646682,0,0
2020-07-28,3217,2235000,266454500,125.0,125.0,116.0,117.0,-7.0,1620,2020,19.18,4.44,9.01,1054.17,4.317086804908564,0,0
2020-07-29,3217,1127000,134312500,119.5,121.5,117.5,119.0,2.0,897,2020,19.51,4.51,9.01,1072.19,4.390883160548026,0,0
2020-07-30,3217,672000,80138000,119.5,120.5,118.0,119.0,0.0,443,2020,19.51,4.51,9.01,1072.19,4.390883160548026,0,0
2020-07-31,3217,3703000,465547500,121.0,129.0,120.5,124.5,5.5,2622,2020,20.41,4.72,9.01,1121.745,4.593823138556547,0,0
2020-08-03,3217,806000,98678500,125.0,125.5,121.0,121.0,-3.5,661,2020,19.84,4.59,9.01,1090.21,4.384283641487763,0,0
2020-08-04,3217,990000,118002000,122.0,122.5,118.0,118.5,-2.5,816,2020,19.43,4.49,9.01,1067.685,4.2936992687297515,0,0
2020-08-05,3217,1098000,133892500,120.0,123.5,120.0,122.0,3.5,850,2020,20.0,4.62,9.01,1099.22,4.420517390590968,0,0
2020-08-06,3217,1021000,122647000,122.5,122.5,118.5,118.5,0.0,802,2020,19.43,4.49,9.01,1067.685,4.2936992687297515,0,0
2020-08-07,3217,363000,42974500,118.5,120.0,117.5,118.5,0.0,313,2020,19.43,4.49,9.01,1067.685,4.2936992687297515,0,0
2020-08-10,3217,427000,50715000,120.0,120.0,117.5,118.5,0.0,295,2020,19.43,4.49,9.01,1067.685,4.2936992687297515,0,0
2020-08-11,3217,1016000,118028000,119.5,119.5,112.5,114.5,-4.0,827,2020,18.77,4.34,9.01,1031.645,4.148764272316933,0,0
2020-08-12,3217,573000,65421500,114.5,116.5,112.5,113.5,-1.0,482,2020,18.61,4.3,9.01,1022.635,4.112530523213729,0,0
2020-08-13,3217,777000,88043500,115.0,116.0,111.0,112.0,-1.5,561,2020,16.14,4.47,9.01,1009.12,4.0581798995589216,0,0
2020-08-14,3217,3546000,426307000,112.0,123.0,112.0,123.0,11.0,2438,2020,17.72,4.91,9.01,1108.23,4.456751139694172,0,0
2020-08-17,3217,3761000,471284500,124.5,128.5,123.0,123.5,0.5,2754,2020,17.8,4.93,9.01,1112.735,4.474868014245774,0,0
2020-08-18,3217,902000,108776000,122.5,123.5,119.0,120.0,-3.5,725,2020,17.29,4.79,9.01,1081.2,4.348049892384559,0,0
2020-08-19,3217,948000,114327000,121.0,122.5,119.0,119.0,-1.0,671,2020,17.15,4.75,9.01,1072.19,4.311816143281354,0,0
2020-08-20,3217,2481000,275914000,119.0,120.0,107.5,109.5,-9.5,1875,2020,15.78,4.37,9.01,986.595,3.9675955268009098,0,0
2020-08-21,3217,1100000,120983500,111.0,112.0,108.0,108.0,-1.5,852,2020,15.56,4.31,9.01,973.0799999999999,3.913244903146103,0,0
2020-08-24,3217,3459000,403769500,110.0,118.5,110.0,116.0,8.0,1849,2020,16.71,4.63,9.01,1045.16,4.20311489597174,0,0
2020-08-25,3217,6349000,792363500,118.0,127.5,117.0,127.5,11.5,3915,2020,18.37,5.09,9.01,1148.7749999999999,4.619803010658593,0,0
2020-08-26,3217,5515000,698241000,129.5,132.0,122.5,126.0,-1.5,3958,2020,18.16,5.03,9.01,1135.26,4.565452387003787,0,0
2020-08-27,3217,2674000,332113500,128.0,128.0,121.5,122.0,-4.0,1758,2020,17.58,4.87,9.01,1099.22,4.420517390590968,0,0
2020-08-28,3217,1717000,205938500,121.0,122.0,117.5,120.0,-2.0,1262,2020,17.29,4.79,9.01,1081.2,4.348049892384559,0,0
2020-08-31,3217,1699000,201296000,121.5,123.0,116.0,117.5,-2.5,1317,2020,16.93,4.69,9.01,1058.675,4.257465519626547,0,0
2020-09-01,3217,2078000,246130500,117.5,121.0,116.5,118.5,1.0,1285,2020,17.07,4.73,9.01,1067.685,4.2936992687297515,0,0
2020-09-02,3217,1335000,160024000,119.0,121.5,118.0,120.0,1.5,931,2020,17.29,4.79,9.01,1081.2,4.345856544127607,0,0
2020-09-03,3217,1345000,159581500,121.0,121.0,116.5,117.5,-2.5,968,2020,16.93,4.69,9.01,1058.675,4.2553178661249484,0,0
2020-09-04,3217,2198000,262950500,115.0,121.0,114.5,120.5,3.0,1576,2020,17.36,4.81,9.01,1085.705,4.363964279728139,0,0
2020-09-07,3217,1256000,149998500,120.5,122.0,116.0,117.5,-3.0,845,2020,16.93,4.69,9.01,1058.675,4.2553178661249484,0,0
2020-09-08,3217,771000,89781000,118.5,119.0,115.0,116.0,-1.5,587,2020,16.71,4.63,9.01,1045.16,4.200994659323354,0,0
2020-09-09,3217,1903000,212420500,113.5,115.0,109.0,113.0,-3.0,1445,2020,16.28,4.51,9.01,1018.13,4.092348245720164,0,0
2020-09-10,3217,1419000,164079500,115.0,118.5,114.0,114.5,1.5,1106,2020,16.5,4.57,9.01,1031.645,4.146671452521758,0,0
2020-09-11,3217,1161000,129044500,112.0,113.5,110.0,111.5,-3.0,912,2020,16.07,4.45,9.01,1004.615,4.038025038918568,0,0
2020-09-14,3217,858000,95599500,111.0,112.5,110.0,112.5,1.0,604,2020,16.21,4.49,9.01,1013.625,4.0742405101196315,0,0
2020-09-15,3217,714000,80685500,113.0,115.0,110.5,113.0,0.5,512,2020,16.28,4.51,9.01,1018.13,4.092348245720164,0,0
2020-09-16,3217,981000,110730500,114.0,114.5,112.0,113.0,0.0,646,2020,16.28,4.51,9.01,1018.13,4.092348245720164,0,0
2020-09-17,3217,1213000,138031000,112.0,116.0,112.0,112.0,-1.0,837,2020,16.14,4.47,9.01,1009.12,4.0561327745191,0,0
2020-09-18,3217,748000,83689500,113.0,113.0,111.0,113.0,1.0,548,2020,16.28,4.51,9.01,1018.13,4.092348245720164,0,0
2020-09-21,3217,951000,107820500,113.0,115.0,112.0,112.0,-1.0,634,2020,16.14,4.47,9.01,1009.12,4.0561327745191,0,0
2020-09-22,3217,866000,95419000,111.5,112.5,109.0,110.5,-1.5,733,2020,15.92,4.41,9.01,995.605,4.001809567717505,0,0
2020-09-23,3217,1105000,119722500,110.0,111.5,105.5,108.0,-2.5,766,2020,15.56,4.31,9.01,973.0799999999999,3.9112708897148463,0,0
2020-09-24,3217,698000,74062000,106.5,108.0,105.0,105.0,-3.0,535,2020,15.13,4.19,9.01,946.05,3.802624476111656,0,0
2020-09-25,3217,1729000,175868800,106.0,107.0,99.7,102.0,-3.0,1112,2020,14.7,4.07,9.01,919.02,3.693978062508466,0,0
2020-09-28,3217,889000,89994000,104.0,104.0,100.0,101.0,-1.0,634,2020,14.55,4.03,9.01,910.01,3.6577625913074026,0,0
2020-09-29,3217,1167000,123057500,103.0,108.0,102.0,107.5,6.5,853,2020,15.49,4.29,9.01,968.5749999999999,3.8931631541143146,0,0
2020-09-30,3217,1221000,126885500,106.0,107.0,102.5,103.5,-4.0,828,2020,14.91,4.13,9.01,932.535,3.748301269310061,0,0
2020-10-05,3217,690000,72303500,104.0,107.0,103.0,107.0,3.5,532,2020,15.42,4.27,9.01,964.0699999999999,3.858880885716973,0,0
2020-10-06,3217,1074000,117361000,108.0,111.0,107.5,109.0,2.0,660,2020,15.71,4.35,9.01,982.09,3.9310095004032717,0,0
2020-10-07,3217,320000,34819500,109.0,110.0,107.0,109.5,0.5,260,2020,15.78,4.37,9.01,986.595,3.9490416540748465,0,0
2020-10-08,3217,363000,39684500,109.5,110.5,108.5,108.5,-1.0,275,2020,15.63,4.33,9.01,977.5849999999999,3.9129773467316973,0,0
2020-10-12,3217,615000,67305500,109.5,111.0,106.5,108.5,0.0,427,2020,15.63,4.33,9.01,977.5849999999999,3.9129773467316973,0,0
2020-10-13,3217,481000,52772000,110.5,110.5,108.5,109.5,1.0,317,2020,15.78,4.37,9.01,986.595,3.9490416540748465,0,0
2020-10-14,3217,548000,60198000,110.0,111.0,108.5,108.5,-1.0,374,2020,15.63,4.33,9.01,977.5849999999999,3.9129773467316973,0,0
2020-10-15,3217,333000,36421500,109.0,110.5,108.5,109.0,0.5,226,2020,15.71,4.35,9.01,982.09,3.9310095004032717,0,0
2020-10-16,3217,328000,35518500,109.5,110.0,107.0,107.0,-2.0,251,2020,15.42,4.27,9.01,964.0699999999999,3.858880885716973,0,0
2020-10-19,3217,163000,17567000,107.0,108.5,107.0,107.5,0.5,122,2020,15.49,4.29,9.01,968.5749999999999,3.876913039388548,0,0
2020-10-20,3217,291000,31529000,107.0,109.0,107.0,108.0,0.5,192,2020,15.56,4.31,9.01,973.0799999999999,3.8949451930601224,0,0
2020-10-21,3217,1653000,185571500,108.5,114.5,108.0,111.5,3.5,1076,2020,16.07,4.45,9.01,1004.615,4.021170268761145,0,0
2020-10-22,3217,4160000,482526500,112.5,118.0,112.0,117.0,5.5,2619,2020,16.86,4.67,9.01,1054.17,4.219523959148466,0,0
2020-10-23,3217,2251000,263498000,119.0,120.5,115.0,115.5,-1.5,1613,2020,16.64,4.61,9.01,1040.655,4.1654274981337425,0,0
2020-10-26,3217,1235000,139096000,115.0,115.5,111.0,111.0,-4.5,791,2020,15.99,4.43,9.01,1000.11,4.003138115089571,0,0
2020-10-27,3217,335000,37242500,110.0,112.5,110.0,111.0,0.0,260,2020,15.99,4.43,9.01,1000.11,4.003138115089571,0,0
2020-10-28,3217,336000,36740000,111.0,111.5,108.5,108.5,-2.5,263,2020,15.63,4.33,9.01,977.5849999999999,3.9129773467316973,0,0
2020-10-29,3217,383000,40981500,106.0,108.0,105.0,107.5,-1.0,263,2020,15.49,4.29,9.01,968.5749999999999,3.876913039388548,0,0
2020-10-30,3217,472000,50615500,109.5,109.5,105.5,105.5,-2.0,352,2020,15.2,4.21,9.01,950.555,3.8047844247022495,0,0
2020-11-02,3217,441000,46085500,106.5,107.0,103.5,103.5,-2.0,335,2020,14.91,4.13,9.01,932.535,3.717994057014545,0,0
2020-11-03,3217,330000,34830500,104.5,106.5,104.5,106.0,2.5,280,2020,15.27,4.23,9.01,955.06,3.8078006767491956,0,0
2020-11-04,3217,264000,28021000,107.0,107.0,105.0,106.0,0.0,190,2020,15.27,4.23,9.01,955.06,3.8078006767491956,0,0
2020-11-05,3217,301000,32360500,107.0,108.5,106.5,107.5,1.5,243,2020,15.49,4.29,9.01,968.5749999999999,3.861684648589986,0,0
2020-11-06,3217,239000,25721000,108.0,108.5,107.0,107.0,-0.5,207,2020,15.42,4.27,9.01,964.0699999999999,3.843723324643056,0,0
2020-11-09,3217,701000,74737500,108.5,108.5,105.0,107.5,0.5,516,2020,15.49,4.29,9.01,968.5749999999999,3.861684648589986,0,0
2020-11-10,3217,394000,41827000,107.5,108.0,105.0,105.5,-2.0,297,2020,15.2,4.21,9.01,950.555,3.7898393528022654,0,0
2020-11-11,3217,300000,31712500,107.0,107.0,105.0,106.0,0.5,241,2020,15.27,4.23,9.01,955.06,3.8078006767491956,0,0
2020-11-12,3217,446000,47366500,107.0,107.0,105.5,105.5,-0.5,309,2020,15.2,4.21,9.01,950.555,3.7898393528022654,0,0
2020-11-13,3217,443000,47208000,106.5,108.0,105.5,106.5,1.0,314,2020,16.61,3.07,9.01,959.5649999999999,3.825762000696126,0,0
2020-11-16,3217,475000,50756000,107.0,107.5,106.0,107.5,1.0,341,2020,16.77,3.1,9.01,968.5749999999999,3.861684648589986,0,0
2020-11-17,3217,1643000,171399500,107.5,108.0,102.5,103.5,-4.0,1061,2020,16.15,2.99,9.01,932.535,3.717994057014545,0,0
2020-11-18,3217,1584000,161030000,103.5,103.5,100.0,102.0,-1.5,1157,2020,15.91,2.94,9.01,919.02,3.6641100851737542,0,0
2020-11-19,3217,665000,68453500,102.0,104.0,101.5,102.5,0.5,545,2020,15.99,2.96,9.01,923.525,3.6820714091206845,0,0
2020-11-20,3217,1710000,180647500,104.0,108.0,102.5,107.0,4.5,1122,2020,16.69,3.09,9.01,964.0699999999999,3.843723324643056,0,0
2020-11-23,3217,609000,64476000,106.5,107.0,105.0,105.5,-1.5,443,2020,16.46,3.04,9.01,950.555,3.7898393528022654,0,0
2020-11-24,3217,471000,49811000,106.5,106.5,104.5,106.0,0.5,313,2020,16.54,3.06,9.01,955.06,3.8078006767491956,0,0
2020-11-25,3217,2654000,289384000,106.5,111.5,106.0,111.0,5.0,1629,2020,17.32,3.2,9.01,1000.11,3.9874139162184976,0,0
2020-11-26,3217,7113000,838902500,113.0,121.5,112.5,117.0,6.0,4539,2020,18.25,3.37,9.01,1054.17,4.202949803581659,0,0
2020-11-27,3217,2534000,296115500,116.0,119.0,114.0,114.0,-3.0,1488,2020,17.78,3.29,9.01,1027.1399999999999,4.0951818599000775,0,0
2020-11-30,3217,2798000,331168500,117.0,120.5,115.5,116.5,2.5,1788,2020,18.17,3.36,9.01,1049.665,4.184988479634729,0,0
2020-12-01,3217,1242000,145670000,119.0,119.5,115.0,117.5,1.0,878,2020,18.33,3.39,9.01,1058.675,4.2209111275285895,0,0
2020-12-02,3217,2383000,287220500,121.0,123.0,118.5,119.5,2.0,1765,2020,18.64,3.45,9.01,1076.695,4.193774550950098,0,0
2020-12-03,3217,1295000,153915500,120.5,121.0,117.0,117.0,-2.5,895,2020,18.25,3.37,9.01,1054.17,4.10603868168336,0,0
2020-12-04,3217,1478000,175916500,117.0,120.5,116.5,118.5,1.5,975,2020,18.49,3.42,9.01,1067.685,4.158680203243403,0,0
2020-12-07,3217,945000,110123500,119.5,120.0,115.0,115.0,-3.5,619,2020,17.94,3.32,9.01,1036.1499999999999,4.035849986269969,0,0
2020-12-08,3217,878000,103538000,115.5,119.0,115.5,118.0,3.0,656,2020,18.41,3.4,9.01,1063.18,4.141133029390056,0,0
2020-12-09,3217,851000,100194500,117.5,119.0,116.0,117.0,-1.0,640,2020,18.25,3.37,9.01,1054.17,4.10603868168336,0,0
2020-12-10,3217,1060000,123723000,118.0,119.0,115.5,115.5,-1.5,712,2020,18.02,3.33,9.01,1040.655,4.053397160123317,0,0
2020-12-11,3217,1014000,116870500,117.5,118.5,113.0,114.0,-1.5,771,2020,17.78,3.29,9.01,1027.1399999999999,4.000755638563273,0,0
2020-12-14,3217,1023000,118396500,114.0,118.5,114.0,116.0,2.0,455,2020,18.1,3.35,9.01,1045.16,4.070944333976665,0,0
2020-12-15,3217,731000,85032000,116.0,118.0,114.5,116.0,0.0,524,2020,18.1,3.35,9.01,1045.16,4.070944333976665,0,0
2020-12-16,3217,2228000,264028000,118.0,120.0,116.5,119.5,3.5,1471,2020,18.64,3.45,9.01,1076.695,4.193774550950098,0,0
2020-12-17,3217,2810000,335027000,121.5,123.0,116.0,116.0,-3.5,1892,2020,18.1,3.35,9.01,1045.16,4.070944333976665,0,0
2020-12-18,3217,601000,69787500,116.0,117.0,115.0,115.5,-0.5,452,2020,18.02,3.33,9.01,1040.655,4.053397160123317,0,0
2020-12-21,3217,599000,68717000,117.0,117.0,113.5,113.5,-2.0,433,2020,17.71,3.27,9.01,1022.635,3.9832084647099264,0,0
2020-12-22,3217,941000,105022500,113.5,114.5,108.5,109.0,-4.5,716,2020,17.0,3.14,9.01,982.09,3.825283900029797,0,0
2020-12-23,3217,409000,44534500,109.5,110.5,107.5,109.0,0.0,300,2020,17.0,3.14,9.01,982.09,3.825283900029797,0,0
2020-12-24,3217,388000,43125500,109.5,112.5,109.5,112.5,3.5,297,2020,17.55,3.24,9.01,1013.625,3.948114117003231,0,0
2020-12-25,3217,354000,39234000,112.5,112.5,109.5,110.0,-2.5,282,2020,17.16,3.17,9.01,991.1,3.8603782477364925,0,0
2020-12-28,3217,219000,24002500,110.5,111.0,109.0,109.5,-0.5,189,2020,17.08,3.16,9.01,986.595,3.842831073883145,0,0
2020-12-29,3217,265000,29123500,109.5,110.5,109.0,109.5,0.0,198,2020,17.08,3.16,9.01,986.595,3.842831073883145,0,0
2020-12-30,3217,182000,20120000,110.0,111.0,110.0,110.5,1.0,152,2020,17.24,3.19,9.01,995.605,3.87792542158984,0,0
2020-12-31,3217,143000,15782500,111.0,111.5,110.0,110.0,-0.5,130,2020,17.16,3.17,9.01,991.1,3.8603782477364925,0,0
2021-01-04,3217,1273000,137016000,110.0,110.0,106.5,108.5,-1.5,823,2021,16.93,3.13,9.01,977.5849999999999,3.762260438931988,0,0
2021-01-05,3217,1327000,144775500,106.5,112.5,106.0,111.5,3.0,920,2021,17.39,3.22,9.01,1004.615,3.866286073188172,0,0
2021-01-06,3217,1625000,183064000,111.5,115.0,110.0,114.5,3.0,1201,2021,17.86,3.3,9.01,1031.645,3.970311707444356,0,0
2021-01-07,3217,1359000,154762500,115.5,116.0,112.0,114.0,-0.5,973,2021,17.78,3.29,9.01,1027.1399999999999,3.9529741017349913,0,0
2021-01-08,3217,1081000,120014500,113.0,113.5,110.0,110.5,-3.5,709,2021,17.24,3.19,9.01,995.605,3.831610861769444,0,0
2021-01-11,3217,1127000,121844000,109.5,110.5,107.0,107.5,-3.0,745,2021,16.77,3.1,9.01,968.5749999999999,3.72758522751326,0,0
2021-01-12,3217,1170000,124310000,107.5,108.5,105.0,105.5,-2.0,869,2021,16.46,3.04,9.01,950.555,3.658234804675804,0,0
2021-01-13,3217,824000,87114000,105.5,107.5,105.0,105.5,0.0,623,2021,16.46,3.04,9.01,950.555,3.658234804675804,0,0
2021-01-14,3217,1353000,148388000,106.5,111.5,105.5,110.5,5.0,1006,2021,17.24,3.19,9.01,995.605,3.831610861769444,0,0
2021-01-15,3217,1057000,115686000,110.0,111.5,107.0,107.5,-3.0,763,2021,16.77,3.1,9.01,968.5749999999999,3.72758522751326,0,0
2021-01-18,3217,978000,103966000,107.0,107.5,105.0,106.5,-1.0,812,2021,16.61,3.07,9.01,959.5649999999999,3.6929100160945323,0,0
2021-01-19,3217,925000,101325500,107.5,110.5,106.5,110.5,4.0,709,2021,17.24,3.19,9.01,995.605,3.831610861769444,0,0
2021-01-20,3217,812000,88713000,109.5,111.0,107.5,107.5,-3.0,581,2021,16.77,3.1,9.01,968.5749999999999,3.72758522751326,0,0
2021-01-21,3217,5759000,674656000,114.5,118.0,112.0,118.0,10.5,2584,2021,18.41,3.4,9.01,1063.18,4.091674947409904,0,0
2021-01-22,3217,7802000,934281500,121.5,124.5,114.0,119.5,1.5,5039,2021,18.64,3.45,9.01,1076.695,4.143687764537996,0,0
2021-01-25,3217,1208000,143133500,119.0,120.0,117.0,118.5,-1.0,819,2021,18.49,3.42,9.01,1067.685,4.1090125531192685,0,0
2021-01-26,3217,1293000,154384500,118.5,122.0,117.0,118.0,-0.5,893,2021,18.41,3.4,9.01,1063.18,4.091674947409904,0,0
2021-01-27,3217,7077000,884861500,121.5,129.0,121.0,121.0,3.0,4810,2021,18.88,3.49,9.01,1090.21,4.195700581666088,0,0
2021-01-28,3217,2499000,303651000,118.0,124.0,116.0,123.0,2.0,1723,2021,19.19,3.55,9.01,1108.23,4.265051004503544,0,0
2021-01-29,3217,2672000,328863000,125.0,127.0,119.0,120.0,-3.0,1841,2021,18.72,3.46,9.01,1081.2,4.16102537024736,0,0
2021-02-01,3217,6609000,839562000,121.5,131.0,118.5,129.5,9.5,4491,2021,20.2,3.74,9.01,1166.795,4.490439878725276,0,0
2021-02-02,3217,6604000,847599500,132.0,133.0,124.0,132.5,3.0,4388,2021,20.67,3.82,9.01,1193.825,4.365745885851557,0,0
2021-02-03,3217,2015000,264198500,131.0,133.5,129.0,130.0,-2.5,1597,2021,20.28,3.75,9.01,1171.3,4.283373321967565,0,0
2021-02-04,3217,5198000,694766000,130.0,138.5,128.5,130.5,0.5,3608,2021,20.36,3.76,9.01,1175.805,4.299847834744363,0,0
2021-02-05,3217,1975000,254512500,131.0,133.0,126.5,126.5,-4.0,1439,2021,19.73,3.65,9.01,1139.7649999999999,4.168051732529976,0,0
2021-02-17,3217,1560000,203447000,131.5,132.0,129.0,129.5,3.0,1117,2021,20.2,3.74,9.01,1166.795,4.266898809190767,0,0
2021-02-18,3217,1805000,234939000,130.0,132.5,128.5,131.5,2.0,1173,2021,20.51,3.79,9.01,1184.815,4.33279686029796,0,0
2021-02-19,3217,1301000,169921500,130.0,133.0,129.0,131.0,-0.5,921,2021,20.44,3.78,9.01,1180.31,4.316322347521162,0,0
2021-02-22,3217,2111000,270406000,131.0,131.5,126.5,127.0,-4.0,1483,2021,19.81,3.66,9.01,1144.27,4.184526245306775,0,0
2021-02-23,3217,2079000,258933500,125.0,127.0,123.0,126.0,-1.0,1682,2021,19.66,3.63,9.01,1135.26,4.151577219753179,0,0
2021-02-24,3217,1665000,210354000,126.5,129.5,124.0,124.0,-2.0,1213,2021,19.34,3.58,9.01,1117.24,4.085679168645985,0,0
2021-02-25,3217,3985000,524373500,125.5,135.5,125.5,134.0,10.0,2674,2021,20.9,3.87,9.01,1207.34,4.4151694241819515,0,0
2021-02-26,3217,4048000,538062000,131.5,138.5,128.0,128.0,-6.0,2981,2021,19.97,3.69,9.01,1153.28,4.217475270860372,0,0
2021-03-02,3217,1677000,219211000,133.0,133.5,127.5,127.5,-0.5,1112,2021,19.89,3.68,9.01,1148.7749999999999,4.107425384140945,0,0
2021-03-03,3217,3269000,435280500,128.5,136.5,127.0,135.0,7.5,2342,2021,21.06,3.89,9.01,1216.35,4.349038642031589,0,0
2021-03-04,3217,2502000,329339000,134.5,134.5,130.0,130.0,-5.0,1574,2021,20.28,3.75,9.01,1171.3,4.1879631367711605,0,0
2021-03-05,3217,1645000,215450000,127.5,133.5,127.0,130.0,0.0,1148,2021,20.28,3.75,9.01,1171.3,4.1879631367711605,0,0
2021-03-08,3217,2935000,390450500,130.5,136.5,129.0,131.5,1.5,1953,2021,20.51,3.79,9.01,1184.815,4.236285788349289,0,0
2021-03-09,3217,1186000,154519000,130.5,133.0,129.0,129.5,-2.0,927,2021,20.2,3.74,9.01,1166.795,4.171855586245117,0,0
2021-03-10,3217,1067000,139898500,131.5,133.5,129.5,129.5,0.0,741,2021,20.2,3.74,9.01,1166.795,4.171855586245117,0,0
2021-03-11,3217,1928000,246853000,129.5,131.0,126.0,126.5,-3.0,1498,2021,19.73,3.65,9.01,1139.7649999999999,4.075210283088859,0,0
2021-03-12,3217,706000,90673500,127.5,130.0,127.0,128.5,2.0,533,2021,20.05,3.71,9.01,1157.785,4.1396404851930315,0,0
2021-03-15,3217,939000,120698500,131.5,131.5,127.0,127.5,-1.0,758,2021,19.89,3.68,9.01,1148.7749999999999,4.107425384140945,0,0
2021-03-16,3217,981000,124589500,129.0,129.0,126.0,127.5,0.0,825,2021,19.89,3.68,9.01,1148.7749999999999,4.107425384140945,0,0
2021-03-17,3217,1120000,145408000,129.0,131.5,128.0,130.5,3.0,784,2021,20.36,3.76,9.01,1175.805,4.204070687297203,0,0
2021-03-18,3217,1683000,215959500,131.0,131.0,127.0,127.0,-3.5,1263,2021,19.81,3.66,9.01,1144.27,4.0913178336149025,0,0
2021-03-19,3217,708000,90107000,127.0,128.5,126.0,127.5,0.5,512,2021,19.89,3.68,9.01,1148.7749999999999,4.107425384140945,0,0
2021-03-22,3217,406000,51821000,128.0,128.5,127.0,127.5,0.0,306,2021,19.89,3.68,9.01,1148.7749999999999,4.107425384140945,0,0
2021-03-23,3217,1317000,165389500,128.0,128.0,124.5,125.0,-2.5,1034,2021,19.5,3.61,9.01,1126.25,4.026887631510731,0,0
2021-03-24,3217,346000,43325500,124.5,126.5,124.0,124.5,-0.5,268,2021,19.42,3.59,9.01,1121.745,4.010780080984687,0,0
2021-03-25,3217,756000,93311500,125.0,125.0,122.5,123.0,-1.5,552,2021,19.19,3.55,9.01,1108.23,3.9624574294065593,0,0
2021-03-26,3217,584000,72360000,124.0,125.5,123.0,124.0,1.0,452,2021,17.22,3.21,9.01,1117.24,3.994672530458645,0,0
2021-03-29,3217,639000,79917000,126.0,126.0,124.0,125.5,1.5,453,2021,17.43,3.25,9.01,1130.7549999999999,4.0429951820367735,0,0
2021-03-30,3217,412000,51910000,126.5,126.5,125.5,126.0,0.5,336,2021,17.5,3.26,9.01,1135.26,4.059102732562817,0,0
2021-03-31,3217,345000,43436000,126.5,126.5,125.0,125.5,-0.5,267,2021,17.43,3.25,9.01,1130.7549999999999,4.0429951820367735,0,0
2021-04-01,3217,1322000,169625000,126.5,129.5,126.0,128.0,2.5,936,2021,17.78,3.32,9.01,1153.28,4.123532934666988,0,0
2021-04-06,3217,968000,125306000,131.0,131.0,128.0,128.5,0.5,631,2021,17.85,3.33,9.01,1157.785,4.131683873912421,0,0
2021-04-07,3217,437000,56371000,128.5,130.0,128.0,129.5,1.0,348,2021,17.99,3.35,9.01,1166.795,4.163837055810572,0,0
2021-04-08,3217,697000,89333000,129.5,130.0,127.0,127.5,-2.0,553,2021,17.71,3.3,9.01,1148.7749999999999,4.09953069201427,0,0
2021-04-09,3217,515000,65588500,128.0,128.5,126.5,127.0,-0.5,369,2021,17.64,3.29,9.01,1144.27,4.083454101065195,0,0
2021-04-12,3217,1905000,233976000,124.5,125.0,120.5,121.0,-6.0,1477,2021,16.81,3.13,9.01,1090.21,3.8905350096762876,0,0
2021-04-13,3217,1471000,174658500,121.0,121.0,117.0,117.0,-4.0,1124,2021,16.25,3.03,9.01,1054.17,3.7619222820836833,0,0
2021-04-14,3217,1368000,156823000,116.5,118.0,110.0,115.5,-1.5,948,2021,16.04,2.99,9.01,1040.655,3.7136925092364566,0,0
2021-04-15,3217,323000,37414000,116.0,117.0,114.5,116.5,1.0,268,2021,16.18,3.02,9.01,1049.665,3.745845691134608,0,0
2021-04-16,3217,467000,55522000,117.5,120.0,117.0,118.5,2.0,352,2021,16.46,3.07,9.01,1067.685,3.81015205493091,0,0
2021-04-19,3217,281000,33058500,119.0,119.0,117.0,117.0,-1.5,251,2021,16.25,3.03,9.01,1054.17,3.7619222820836833,0,0
2021-04-20,3217,273000,32193500,117.5,119.0,117.0,118.5,1.5,246,2021,16.46,3.07,9.01,1067.685,3.81015205493091,0,0
2021-04-21,3217,499000,58828000,118.5,119.0,116.5,117.5,-1.0,345,2021,16.32,3.04,9.01,1058.675,3.7779988730327587,0,0
2021-04-22,3217,808000,93337000,118.0,118.5,114.0,114.0,-3.5,614,2021,15.83,2.95,9.01,1027.1399999999999,3.665462736389229,0,0
2021-04-23,3217,867000,97818000,113.0,114.0,111.5,112.5,-1.5,680,2021,15.63,2.91,9.01,1013.625,3.617232963542003,0,0
2021-04-26,3217,1988000,234762000,113.5,122.0,112.0,119.0,6.5,1241,2021,16.53,3.08,9.01,1072.19,3.8262286458799855,0,0
2021-04-27,3217,1093000,131898500,120.0,123.0,118.5,120.5,1.5,752,2021,16.74,3.12,9.01,1085.705,3.874458418727212,0,0
2021-04-28,3217,801000,96889500,121.0,122.0,119.5,122.0,1.5,553,2021,16.94,3.16,9.01,1099.22,3.922688191574439,0,0
2021-04-29,3217,2351000,272472500,118.0,119.5,113.5,114.5,-7.5,1589,2021,15.9,2.97,9.01,1031.645,3.6815393273383052,0,0
2021-05-03,3217,1181000,131579500,113.0,113.5,110.0,110.5,-4.0,825,2021,15.35,2.86,9.01,995.605,3.5732884748386984,0,0
2021-05-04,3217,1750000,184641000,110.5,110.5,101.0,105.5,-5.0,1260,2021,14.65,2.73,9.01,950.555,3.41160121353378,0,0
2021-05-05,3217,554000,58116000,105.0,106.5,103.0,103.5,-2.0,389,2021,14.38,2.68,9.01,932.535,3.346926309011813,0,0
2021-05-06,3217,364000,37913000,104.5,105.5,103.0,103.0,-0.5,290,2021,14.31,2.67,9.01,928.03,3.3307575828813207,0,0
2021-05-07,3217,723000,77400000,104.0,109.0,104.0,109.0,6.0,466,2021,15.14,2.82,9.01,982.09,3.524782296447223,0,0
2021-05-10,3217,381000,40938500,109.5,109.5,106.0,107.0,-2.0,312,2021,14.86,2.77,9.01,964.0699999999999,3.4601073919252556,0,0
2021-05-11,3217,1420000,144072800,105.0,105.0,97.8,99.8,-7.2,978,2021,14.18,2.37,9.01,899.198,3.227277735646173,0,0
2021-05-12,3217,3009000,277376800,99.7,99.7,89.9,90.3,-9.5,1988,2021,12.83,2.14,9.01,813.603,2.9200719391668275,0,0
2021-05-13,3217,1253000,113845000,88.0,93.9,86.3,91.8,1.5,908,2021,13.04,2.18,9.01,827.1179999999999,2.968578117558303,0,0
2021-05-14,3217,971000,92678500,93.3,97.5,93.2,96.0,4.2,673,2021,13.64,2.28,9.01,864.96,3.104395417054435,0,0
2021-05-17,3217,892000,80964900,89.0,94.0,88.1,90.0,-6.0,679,2021,12.78,2.13,9.01,810.9,2.9103707034885327,0,0
2021-05-18,3217,662000,62643600,92.0,96.3,91.8,96.0,6.0,459,2021,13.64,2.28,9.01,864.96,3.104395417054435,0,0
2021-05-19,3217,331000,31831600,94.5,97.6,94.4,96.3,0.3,264,2021,13.68,2.28,9.01,867.6629999999999,3.114096652732729,0,0
2021-05-20,3217,235000,22337700,96.3,96.3,94.5,94.5,-1.8,191,2021,13.42,2.24,9.01,851.4449999999999,3.0558892386629593,0,0
2021-05-21,3217,393000,37730700,95.3,96.6,95.2,95.9,1.4,301,2021,13.62,2.27,9.01,864.0590000000001,3.101161671828337,0,0
2021-05-24,3217,298000,28461400,95.9,96.6,94.6,95.4,-0.5,247,2021,13.55,2.26,9.01,859.5540000000001,3.0849929456978447,0,0
2021-05-25,3217,719000,70835400,95.6,101.0,95.4,98.1,2.7,515,2021,13.93,2.33,9.01,883.881,3.172304066802501,0,0
2021-05-26,3217,417000,41576000,98.1,101.0,97.5,100.0,1.9,361,2021,14.2,2.37,9.01,901.0,3.2337452260983697,0,0
2021-05-27,3217,713000,72958400,100.0,104.0,98.9,102.0,2.0,593,2021,14.49,2.42,9.01,919.02,3.2984201306203373,0,0
2021-05-28,3217,442000,45198000,102.5,103.5,101.0,101.5,-0.5,315,2021,14.42,2.41,9.01,914.515,3.282251404489845,0,0
2021-05-31,3217,485000,49537500,102.0,104.0,100.5,103.5,2.0,347,2021,14.7,2.45,9.01,932.535,3.346926309011813,0,0
2021-06-01,3217,421000,44048000,103.5,106.0,102.5,105.0,1.5,361,2021,14.91,2.49,9.01,946.05,3.3954324874032884,0,0
2021-06-02,3217,462000,48352000,105.0,106.0,103.5,104.5,-0.5,348,2021,14.84,2.48,9.01,941.545,3.3920308557380405,0,0
2021-06-03,3217,377000,40210500,104.5,108.5,104.5,106.0,1.5,311,2021,15.06,2.51,9.01,955.06,3.440720293858682,0,0
2021-06-04,3217,340000,35307500,106.0,106.0,103.0,103.0,-3.0,274,2021,14.63,2.44,9.01,928.03,3.3433414176173986,0,0
2021-06-07,3217,430000,43680500,102.0,103.5,100.0,101.5,-1.5,293,2021,14.42,2.41,9.01,914.515,3.294651979496757,0,0
2021-06-08,3217,201000,20354500,102.5,103.0,100.5,101.0,-0.5,158,2021,14.35,2.4,9.01,910.01,3.2784221667898765,0,0
2021-06-09,3217,104000,10630500,101.0,103.0,101.0,102.0,1.0,76,2021,14.49,2.42,9.01,919.02,3.3108817922036375,0,0
2021-06-10,3217,297000,30876500,102.0,105.0,102.0,104.0,2.0,221,2021,14.77,2.47,9.01,937.04,3.37580104303116,0,0
2021-06-11,3217,444000,45226000,102.0,103.0,101.0,101.0,-3.0,339,2021,14.35,2.4,9.01,910.01,3.2784221667898765,0,0
2021-06-15,3217,477000,49139000,103.0,104.5,101.0,103.5,2.5,329,2021,14.7,2.45,9.01,932.535,3.359571230324279,0,0
2021-06-16,3217,186000,19179000,103.5,103.5,102.0,102.5,-1.0,137,2021,14.56,2.43,9.01,923.525,3.327111604910518,0,0
2021-06-17,3217,539000,56506500,101.0,107.0,101.0,106.0,3.5,408,2021,15.06,2.51,9.01,955.06,3.440720293858682,0,0
2021-06-18,3217,533000,56995500,107.0,108.0,105.0,107.0,1.0,308,2021,15.2,2.54,9.01,964.0699999999999,3.473179919272443,0,0
2021-06-21,3217,419000,44402000,107.0,107.5,104.5,106.5,-0.5,298,2021,15.13,2.53,9.01,959.5649999999999,3.4569501065655626,0,0
2021-06-22,3217,469000,50201500,106.5,108.0,106.5,107.0,0.5,261,2021,15.2,2.54,9.01,964.0699999999999,3.473179919272443,0,0
2021-06-23,3217,5415000,620354000,108.0,117.5,107.0,117.5,10.5,2538,2021,16.69,2.79,9.01,1058.675,3.8140059861169355,0,0
2021-06-24,3217,3223000,366226000,116.5,116.5,109.5,113.0,-4.5,1991,2021,16.05,2.68,9.01,1018.13,3.66793767175501,0,0
2021-06-25,3217,1525000,172002000,114.5,115.5,110.5,111.5,-1.5,1052,2021,15.84,2.64,9.01,1004.615,3.6192482336343685,0,0
2021-06-28,3217,821000,91438000,113.0,113.0,110.0,111.5,0.0,659,2021,15.84,2.64,9.01,1004.615,3.6192482336343685,0,0
2021-06-29,3217,2044000,233976000,112.5,118.0,111.0,112.5,1.0,1474,2021,15.98,2.67,9.01,1013.625,3.6517078590481296,0,0
2021-06-30,3217,992000,110154500,113.5,113.5,110.0,110.0,-2.5,728,2021,15.63,2.61,9.01,991.1,3.5705587955137266,0,0
2021-07-01,3217,515000,56775000,111.0,112.5,108.5,109.0,-1.0,408,2021,15.48,2.59,9.01,982.09,3.5380991700999656,0,0
2021-07-02,3217,2560000,282923500,108.5,112.0,106.5,111.5,2.5,833,2021,15.84,2.64,9.01,1004.615,3.5877646410110446,0,0
2021-07-05,3217,576000,63195500,111.0,111.0,109.0,109.0,-2.5,487,2021,15.48,2.59,9.01,982.09,3.5073214876251466,0,0
2021-07-06,3217,881000,95162500,110.0,111.0,106.5,106.5,-2.5,641,2021,15.13,2.53,9.01,959.5649999999999,3.426878334239249,0,0
2021-07-07,3217,621000,65861500,106.5,107.5,105.0,105.5,-1.0,488,2021,14.99,2.5,9.01,950.555,3.3947010728848896,0,0
2021-07-08,3217,378000,40339000,106.5,107.5,106.0,106.0,0.5,278,2021,15.06,2.51,9.01,955.06,3.4107897035620693,0,0
2021-07-09,3217,428000,44903500,104.5,106.0,104.5,105.0,-1.0,321,2021,14.91,2.49,9.01,946.05,3.37861244220771,0,0
2021-07-12,3217,266000,28188000,106.5,107.0,105.5,106.5,1.5,216,2021,15.13,2.53,9.01,959.5649999999999,3.426878334239249,0,0
2021-07-13,3217,772000,83504500,106.5,110.5,106.5,107.0,0.5,577,2021,15.2,2.54,9.01,964.0699999999999,3.4429669649164283,0,0
2021-07-14,3217,363000,38571500,106.5,108.0,105.5,106.0,-1.0,260,2021,15.06,2.51,9.01,955.06,3.4107897035620693,0,0
2021-07-15,3217,417000,43962500,105.5,106.5,104.5,105.5,-0.5,324,2021,14.99,2.5,9.01,950.555,3.3947010728848896,0,0
2021-07-16,3217,1030000,112450000,106.5,111.0,106.0,108.5,3.0,772,2021,15.41,2.57,9.01,977.5849999999999,3.491232856947967,0,0
2021-07-19,3217,662000,72762000,110.0,111.0,108.5,110.5,2.0,486,2021,15.7,2.62,9.01,995.605,3.5555873796566853,0,0
2021-07-20,3217,671000,72969000,111.0,111.5,106.5,106.5,-4.0,547,2021,15.13,2.53,9.01,959.5649999999999,3.426878334239249,0,0
2021-07-21,3217,488000,51719000,108.5,108.5,105.0,105.5,-1.0,366,2021,14.99,2.5,9.01,950.555,3.3947010728848896,0,0
2021-07-22,3217,405000,43379000,107.5,108.0,106.0,107.5,2.0,246,2021,15.27,2.55,9.01,968.5749999999999,3.459055595593608,0,0
2021-07-23,3217,380000,40795500,108.0,109.0,106.5,107.0,-0.5,290,2021,15.2,2.54,9.01,964.0699999999999,3.4429669649164283,0,0
2021-07-26,3217,881000,96559500,108.0,111.0,108.0,110.5,3.5,583,2021,15.7,2.62,9.01,995.605,3.5555873796566853,0,0
2021-07-27,3217,873000,95261000,110.5,112.0,106.5,106.5,-4.0,638,2021,15.13,2.53,9.01,959.5649999999999,3.426878334239249,0,0
2021-07-28,3217,572000,60272000,108.0,108.0,103.0,105.5,-1.0,461,2021,14.99,2.5,9.01,950.555,3.3947010728848896,0,0
2021-07-29,3217,1056000,114962500,107.0,111.0,106.0,110.5,5.0,701,2021,15.7,2.62,9.01,995.605,3.5555873796566853,0,0
2021-07-30,3217,549000,57777500,105.5,106.0,104.5,105.0,0.0,403,2021,14.91,2.49,9.01,946.05,3.37861244220771,0,0
2021-08-02,3217,335000,35665500,106.0,107.5,105.5,106.0,1.0,259,2021,15.06,2.51,9.01,955.06,3.3525169502085976,0,0
2021-08-03,3217,1143000,125242500,108.5,112.0,107.5,108.0,2.0,923,2021,15.34,2.56,9.01,973.0799999999999,3.4157719870049865,0,0
2021-08-04,3217,495000,52444500,107.0,107.5,105.0,105.0,-3.0,402,2021,14.91,2.49,9.01,946.05,3.320889431810403,0,0
2021-08-05,3217,636000,65967000,104.5,105.5,102.0,102.5,-2.5,540,2021,14.56,2.43,9.01,923.525,3.2418206358149178,0,0
2021-08-06,3217,523000,52998000,101.0,104.0,100.0,102.0,-0.5,425,2021,14.49,2.42,9.01,919.02,3.2260068766158203,0,0
2021-08-09,3217,274000,27857500,102.0,103.0,101.0,101.0,-1.0,207,2021,14.35,2.4,9.01,910.01,3.1943793582176263,0,0
2021-08-10,3217,510000,50976100,102.5,102.5,99.0,99.8,-1.2,366,2021,14.85,2.59,9.01,899.198,3.156426336139793,0,0
2021-08-11,3217,553000,55381400,101.0,101.0,98.5,99.2,-0.6,339,2021,14.76,2.57,9.01,893.792,3.137449825100876,0,0
2021-08-12,3217,277000,27837400,99.7,101.5,99.3,100.5,1.3,200,2021,14.96,2.6,9.01,905.505,3.178565599018529,0,0
2021-08-13,3217,294000,29373800,101.0,101.0,99.3,99.4,-1.1,219,2021,14.79,2.58,9.01,895.594,3.143775328780515,0,0
2021-08-16,3217,469000,45464700,99.0,99.8,95.1,96.9,-2.5,332,2021,14.42,2.51,9.01,873.0690000000001,3.0647065327850296,0,0
2021-08-17,3217,274000,26529700,98.0,98.7,94.8,96.2,-0.7,210,2021,14.32,2.49,9.01,866.7620000000001,3.0425672699062933,0,0
2021-08-18,3217,581000,54810300,93.8,96.3,92.1,96.0,-0.2,386,2021,14.29,2.49,9.01,864.96,3.0362417662266545,0,0
2021-08-19,3217,380000,35370900,94.9,95.7,91.6,91.9,-4.1,311,2021,13.68,2.38,9.01,828.019,2.906568940794058,0,0
2021-08-20,3217,361000,33034000,91.9,92.4,90.5,91.1,-0.8,227,2021,13.56,2.36,9.01,820.8109999999999,2.881266926075502,0,0
2021-08-23,3217,287000,26443600,91.6,93.1,91.5,92.8,1.7,195,2021,13.81,2.4,9.01,836.1279999999999,2.9350337073524324,0,0
2021-08-24,3217,131000,12241600,94.7,94.7,92.8,93.2,0.4,119,2021,13.87,2.42,9.01,839.732,2.9476847147117105,0,0
2021-08-25,3217,853000,82117000,92.8,97.4,92.8,97.0,3.8,314,2021,14.43,2.51,9.01,873.97,3.067869284624849,0,0
2021-08-26,3217,872000,87334600,98.0,102.0,97.1,101.0,4.0,655,2021,15.03,2.62,9.01,910.01,3.1943793582176263,0,0
2021-08-27,3217,1306000,134556500,103.0,106.0,100.0,100.5,-0.5,1002,2021,14.96,2.6,9.01,905.505,3.178565599018529,0,0
2021-08-30,3217,144000,14557000,102.5,103.0,100.5,100.5,0.0,106,2021,14.96,2.6,9.01,905.505,3.178565599018529,0,0
2021-08-31,3217,145000,14571500,100.5,101.0,100.0,100.5,0.0,103,2021,14.96,2.6,9.01,905.505,3.178565599018529,0,0
2021-09-01,3217,160000,15950300,100.5,100.5,99.0,99.7,-0.8,120,2021,14.84,2.58,9.01,898.297,3.1532635842999737,0,0
2021-09-02,3217,224000,22302900,99.8,101.0,99.0,99.0,-0.7,160,2021,14.73,2.57,9.01,891.99,3.086224971715054,0,0
2021-09-03,3217,150000,14994800,100.5,100.5,99.5,100.0,1.0,111,2021,14.88,2.59,9.01,901.0,3.117398961328337,0,0
2021-09-06,3217,134000,13367600,100.5,100.5,99.0,99.0,-1.0,109,2021,14.73,2.57,9.01,891.99,3.086224971715054,0,0
2021-09-07,3217,274000,26538400,99.7,100.0,95.6,96.0,-3.0,216,2021,14.29,2.49,9.01,864.96,2.9927030028752037,0,0
2021-09-08,3217,228000,21776000,96.0,97.6,94.4,94.8,-1.2,167,2021,14.11,2.46,9.01,854.1479999999999,2.955294215339263,0,0
2021-09-09,3217,117000,11298500,94.8,97.6,94.8,96.7,1.9,98,2021,14.39,2.51,9.01,871.267,3.014524795604502,0,0
2021-09-10,3217,91000,8783200,96.2,97.1,96.0,96.3,-0.4,79,2021,14.33,2.5,9.01,867.6629999999999,3.002055199759188,0,0
2021-09-13,3217,85000,8116900,96.3,96.3,95.1,95.3,-1.0,84,2021,14.18,2.47,9.01,858.6529999999999,2.970881210145905,0,0
2021-09-14,3217,127000,12034900,95.3,95.6,93.5,93.6,-1.7,113,2021,13.93,2.43,9.01,843.3359999999999,2.9178854278033235,0,0
2021-09-15,3217,799000,72816300,93.6,93.6,90.0,91.2,-2.4,597,2021,13.57,2.36,9.01,821.712,2.8430678527314437,0,0
2021-09-16,3217,164000,15151500,91.3,93.1,91.3,91.7,0.5,123,2021,13.65,2.38,9.01,826.217,2.858654847538085,0,0
2021-09-17,3217,218000,20269400,92.9,93.5,91.9,93.1,1.4,200,2021,13.85,2.41,9.01,838.8309999999999,2.9022984329966817,0,0
2021-09-22,3217,147000,13415500,92.2,92.2,90.4,91.2,-1.9,121,2021,13.57,2.36,9.01,821.712,2.8430678527314437,0,0
2021-09-23,3217,124000,11341000,92.6,92.6,91.0,91.4,0.2,106,2021,13.6,2.37,9.01,823.514,2.8493026506541,0,0
2021-09-24,3217,102000,9369800,92.3,92.3,91.5,91.8,0.4,84,2021,13.66,2.38,9.01,827.1179999999999,2.861772246499413,0,0
2021-09-27,3217,179000,16289900,92.0,92.1,90.3,91.1,-0.7,157,2021,13.56,2.36,9.01,820.8109999999999,2.839950453770115,0,0
2021-09-28,3217,317000,28473000,90.6,90.8,89.3,89.9,-1.2,262,2021,13.38,2.33,9.01,809.999,2.802541666234175,0,0
2021-09-29,3217,380000,33734700,90.9,90.9,88.0,88.2,-1.7,259,2021,13.13,2.29,9.01,794.682,2.7495458838915936,0,0
2021-09-30,3217,228000,20076300,88.1,88.5,87.8,88.2,0.0,183,2021,13.13,2.29,9.01,794.682,2.7495458838915936,0,0
2021-10-01,3217,467000,40086000,88.0,88.5,84.1,85.9,-2.3,389,2021,12.78,2.23,9.01,773.9590000000001,2.677845707781042,0,0
2021-10-04,3217,398000,33297200,86.0,86.2,82.0,82.2,-3.7,297,2021,12.23,2.13,9.01,740.622,2.523367542811819,0,0
2021-10-05,3217,473000,38831900,81.7,84.7,79.6,84.6,2.4,374,2021,12.59,2.19,9.01,762.246,2.5970425075654484,0,0
2021-10-06,3217,498000,41516000,84.9,86.4,82.5,82.8,-1.8,403,2021,12.32,2.15,9.01,746.0279999999999,2.541786284000226,0,0
2021-10-07,3217,698000,59277500,84.1,86.5,82.8,85.9,3.1,534,2021,12.78,2.23,9.01,773.9590000000001,2.6369497801403314,0,0
2021-10-08,3217,463000,40365000,85.9,89.0,85.4,88.0,2.1,320,2021,13.1,2.28,9.01,792.88,2.7014153742997573,0,0
2021-10-12,3217,209000,18305400,89.6,89.6,86.2,86.3,-1.7,177,2021,12.84,2.24,9.01,777.563,2.649228940932603,0,0
2021-10-13,3217,247000,20960300,87.4,87.4,83.6,83.9,-2.4,173,2021,12.49,2.17,9.01,755.9390000000001,2.5755539761789734,0,0
2021-10-14,3217,291000,24358900,84.0,84.6,82.9,84.0,0.1,165,2021,12.5,2.18,9.01,756.84,2.5786237663770413,0,0
2021-10-15,3217,317000,27493700,84.6,88.1,84.6,86.8,2.8,254,2021,12.92,2.25,9.01,782.068,2.6645778919229426,0,0
2021-10-18,3217,917000,77548000,87.5,88.3,81.0,84.1,-2.7,354,2021,12.51,2.18,9.01,757.741,2.581693556575109,0,0
2021-10-19,3217,465000,40426300,85.7,88.5,84.5,88.0,3.9,348,2021,13.1,2.28,9.01,792.88,2.7014153742997573,0,0
2021-10-20,3217,195000,17222200,88.0,89.4,87.6,88.0,0.0,139,2021,13.1,2.28,9.01,792.88,2.7014153742997573,0,0
2021-10-21,3217,388000,34435900,88.7,89.4,88.0,88.0,0.0,271,2021,13.1,2.28,9.01,792.88,2.7014153742997573,0,0
2021-10-22,3217,228000,20333500,88.9,90.0,88.0,89.4,1.4,168,2021,13.3,2.32,9.01,805.494,2.744392437072708,0,0
2021-10-25,3217,229000,20647900,90.9,90.9,88.8,90.6,1.2,169,2021,13.48,2.35,9.01,816.3059999999999,2.7812299194495225,0,0
2021-10-26,3217,141000,12698200,91.6,91.6,89.0,89.2,-1.4,114,2021,13.27,2.31,9.01,803.692,2.738252856676572,0,0
2021-10-27,3217,148000,13320700,89.6,90.5,89.5,90.3,1.1,114,2021,13.44,2.34,9.01,813.603,2.772020548855319,0,0
2021-10-28,3217,122000,11007300,90.3,91.3,89.6,89.7,-0.6,108,2021,13.35,2.32,9.01,808.197,2.7536018076669118,0,0
2021-10-29,3217,259000,23599800,91.0,92.0,90.1,91.5,1.8,211,2021,13.62,2.37,9.01,824.415,2.808858031232134,0,0
2021-11-01,3217,142000,13066000,92.0,92.5,91.0,92.0,0.5,126,2021,13.69,2.38,9.01,828.92,2.824206982222474,0,0
2021-11-02,3217,415000,38428500,92.4,94.6,90.2,93.3,1.3,329,2021,13.88,2.42,9.01,840.6329999999999,2.8603213533014893,0,0
2021-11-03,3217,765000,71426900,94.0,95.4,92.1,92.3,-1.0,573,2021,13.74,2.39,9.01,831.6229999999999,2.829664104069962,0,0
2021-11-04,3217,962000,92411200,93.4,97.8,93.0,95.8,3.5,765,2021,14.26,2.48,9.01,863.1579999999999,2.9369644763803073,0,0
2021-11-05,3217,768000,74816300,98.0,98.6,96.2,96.6,0.8,573,2021,14.38,2.5,9.01,870.3659999999999,2.961490275765529,0,0
2021-11-08,3217,330000,31353800,97.1,97.1,94.3,94.6,-2.0,280,2021,14.08,2.45,9.01,852.3459999999999,2.9001757773024748,0,0
2021-11-09,3217,576000,54283100,93.0,96.0,92.7,94.3,-0.3,430,2021,14.03,2.44,9.01,849.6429999999999,2.8909786025330164,0,0
2021-11-10,3217,115000,10888700,95.4,95.4,94.1,94.4,0.1,104,2021,14.05,2.45,9.01,850.544,2.89404432745617,0,0
2021-11-11,3217,306000,28560900,95.0,95.0,92.7,92.8,-1.6,286,2021,13.81,2.4,9.01,836.1279999999999,2.844992728685726,0,0
2021-11-12,3217,198000,18495200,92.9,94.5,92.8,92.8,0.0,173,2021,12.84,2.37,9.01,836.1279999999999,2.844992728685726,0,0
2021-11-15,3217,307000,29128900,94.5,95.7,93.7,94.6,1.8,255,2021,13.08,2.41,9.01,852.3459999999999,2.9001757773024748,0,0
2021-11-16,3217,180000,17061800,95.0,95.6,94.1,94.2,-0.4,148,2021,13.03,2.4,9.01,848.742,2.8879128776098644,0,0
2021-11-17,3217,252000,24027700,94.8,96.4,94.2,95.8,1.6,209,2021,13.25,2.44,9.01,863.1579999999999,2.9369644763803073,0,0
2021-11-18,3217,232000,22282400,96.9,96.9,95.1,95.1,-0.7,178,2021,13.15,2.43,9.01,856.8509999999999,2.9155044019182386,0,0
2021-11-19,3217,410000,39302900,95.9,96.8,94.6,95.8,0.7,291,2021,13.25,2.44,9.01,863.1579999999999,2.9369644763803073,0,0
2021-11-22,3217,819000,79927200,97.0,99.2,96.1,97.0,1.2,641,2021,13.42,2.48,9.01,873.97,2.9737531754581403,0,0
2021-11-23,3217,445000,42383400,97.0,97.0,94.1,94.2,-2.8,386,2021,13.03,2.4,9.01,848.742,2.8879128776098644,0,0
2021-11-24,3217,173000,16548600,94.5,96.3,94.5,96.3,2.1,148,2021,13.32,2.46,9.01,867.6629999999999,2.9522931009960707,0,0
2021-11-25,3217,3237000,337315000,97.4,105.5,97.1,105.5,9.2,1871,2021,14.59,2.69,9.01,950.555,3.234339793926122,0,0
2021-11-26,3217,5464000,582581000,102.5,109.0,102.0,108.0,2.5,3447,2021,14.94,2.76,9.01,973.0799999999999,3.31098291700494,0,0
2021-11-29,3217,2943000,317749000,108.0,111.0,103.0,110.0,2.0,1760,2021,15.21,2.81,9.01,991.1,3.3722974154679943,0,0
2021-11-30,3217,6148000,725207500,114.0,121.0,111.5,121.0,11.0,3361,2021,16.74,3.09,9.01,1090.21,3.7095271570147936,0,0
2021-12-01,3217,13537000,1670934000,121.0,129.5,118.5,124.5,3.5,7340,2021,17.22,3.18,9.01,1121.745,3.8168275293251384,0,0
2021-12-02,3217,2831000,346068000,124.5,125.5,120.0,123.0,-1.5,1818,2021,17.01,3.14,9.01,1108.23,3.7093925891809967,0,0
2021-12-03,3217,3369000,417146000,125.0,126.0,121.5,124.0,1.0,2120,2021,17.15,3.16,9.01,1117.24,3.7395502525076716,0,0
2021-12-06,3217,5773000,736631000,125.5,130.0,123.0,127.0,3.0,3842,2021,17.57,3.24,9.01,1144.27,3.830023242487696,0,0
2021-12-07,3217,3446000,440153500,130.5,130.5,124.5,125.0,-2.0,2417,2021,17.29,3.19,9.01,1126.25,3.7697079158343465,0,0
2021-12-08,3217,2853000,360970500,128.0,130.5,122.5,122.5,-2.5,1907,2021,16.94,3.13,9.01,1103.725,3.6943137575176594,0,0
2021-12-09,3217,10848000,1430717000,126.0,134.5,125.5,132.0,9.5,6357,2021,18.26,3.37,9.01,1189.32,3.98081155912107,0,0
2021-12-10,3217,6036000,797815000,134.5,134.5,129.5,134.0,2.0,3824,2021,18.53,3.42,9.01,1207.34,4.041126885774419,0,0
2021-12-13,3217,6142000,814135000,132.0,136.5,128.0,131.0,-3.0,3767,2021,18.12,3.34,9.01,1180.31,3.950653895794395,0,0
2021-12-14,3217,2789000,359487500,130.5,132.5,126.0,128.0,-3.0,1874,2021,17.7,3.27,9.01,1153.28,3.860180905814371,0,0
2021-12-15,3217,2834000,368433500,128.5,133.0,126.0,129.0,1.0,1799,2021,17.84,3.29,9.01,1162.29,3.8903385691410457,0,0
2021-12-16,3217,7646000,1013975500,132.5,138.0,128.0,130.0,1.0,4811,2021,17.98,3.32,9.01,1171.3,3.92049623246772,0,0
2021-12-17,3217,2667000,331376500,127.0,127.0,122.0,123.5,-6.5,1786,2021,17.08,3.15,9.01,1112.735,3.7244714208443335,0,0
2021-12-20,3217,1088000,135826000,122.5,126.5,122.0,125.0,1.5,612,2021,17.29,3.19,9.01,1126.25,3.7697079158343465,0,0
2021-12-21,3217,13541000,1824020000,126.5,137.5,126.0,137.5,12.5,7106,2021,19.02,3.51,9.01,1238.875,4.146678707417781,0,0
2021-12-22,3217,25250000,3643821000,140.5,150.0,140.0,145.0,7.5,16540,2021,20.06,3.7,9.01,1306.45,4.372861182367842,0,0
2021-12-23,3217,8214000,1186101500,147.0,147.5,141.5,145.0,0.0,5039,2021,20.06,3.7,9.01,1306.45,4.372861182367842,0,0
2021-12-24,3217,5866000,823082500,145.5,146.0,135.5,139.0,-6.0,3807,2021,19.23,3.55,9.01,1252.3899999999999,4.191915202407793,0,0
2021-12-27,3217,3663000,500944000,136.5,139.5,133.5,139.5,0.5,2307,2021,19.29,3.56,9.01,1256.895,4.206994034071131,0,0
2021-12-28,3217,3321000,463068000,140.0,142.5,137.0,137.5,-2.0,2178,2021,19.02,3.51,9.01,1238.875,4.146678707417781,0,0
2021-12-29,3217,1075000,147370500,136.0,139.0,136.0,137.0,-0.5,728,2021,18.95,3.5,9.01,1234.37,4.131599875754443,0,0
2021-12-30,3217,2542000,350324500,138.0,141.0,135.0,135.0,-2.0,1757,2021,18.67,3.44,9.01,1216.35,4.071284549101094,0,0
2022-01-03,3217,1824000,244747500,135.0,136.5,131.5,135.0,0.0,1147,2022,18.67,3.44,9.01,1216.35,4.0323529733526895,0,0
2022-01-04,3217,1756000,234657500,135.0,135.5,131.5,134.5,-0.5,1233,2022,18.6,3.43,9.01,1211.845,4.017418332710642,0,0
2022-01-05,3217,2343000,309046500,135.0,137.0,128.5,130.0,-4.5,1672,2022,17.98,3.32,9.01,1171.3,3.8830065669322194,0,0
2022-01-06,3217,1856000,239564500,128.0,131.0,126.0,130.0,0.0,1271,2022,17.98,3.32,9.01,1171.3,3.8830065669322194,0,0
2022-01-07,3217,3243000,403362500,130.0,131.0,120.0,126.0,-4.0,2043,2022,17.43,3.22,9.01,1135.26,3.763529441795843,0,0
2022-01-10,3217,948000,121983500,125.0,130.5,124.5,130.5,4.5,725,2022,18.05,3.33,9.01,1175.805,3.897941207574266,0,0
2022-01-11,3217,1599000,199027500,130.5,131.0,120.5,122.5,-8.0,1100,2022,16.94,3.13,9.01,1103.725,3.658986957301514,0,0
2022-01-12,3217,1403000,171297500,121.5,124.5,120.0,123.0,0.5,908,2022,17.01,3.14,9.01,1108.23,3.6739215979435613,0,0
2022-01-13,3217,1274000,153032500,123.5,124.0,118.5,118.5,-4.5,974,2022,16.39,3.02,9.01,1067.685,3.5395098321651384,0,0
2022-01-14,3217,1071000,128012000,117.5,122.0,117.0,121.0,2.5,771,2022,16.74,3.09,9.01,1090.21,3.6141830353753734,0,0
2022-01-17,3217,1067000,132765500,121.0,126.5,120.5,125.0,4.0,731,2022,17.29,3.19,9.01,1126.25,3.733660160511749,0,0
2022-01-18,3217,633000,78806000,124.5,126.5,122.5,124.0,-1.0,510,2022,17.15,3.16,9.01,1117.24,3.7037908792276553,0,0
2022-01-19,3217,578000,71288500,122.5,125.0,121.0,123.0,-1.0,387,2022,17.01,3.14,9.01,1108.23,3.6739215979435613,0,0
2022-01-20,3217,487000,60468500,124.5,125.0,122.5,124.5,1.5,342,2022,17.22,3.18,9.01,1121.745,3.7187255198697016,0,0
2022-01-21,3217,1234000,147178000,122.0,122.0,117.0,117.5,-7.0,883,2022,16.25,3.0,9.01,1058.675,3.5096405508810444,0,0
2022-01-24,3217,1416000,167926500,117.0,122.5,113.0,120.5,3.0,863,2022,16.67,3.07,9.01,1085.705,3.5992483947333263,0,0
2022-01-25,3217,1092000,133138000,120.0,123.5,119.0,121.0,0.5,794,2022,16.74,3.09,9.01,1090.21,3.6141830353753734,0,0
2022-01-26,3217,2074000,258246500,120.5,127.0,118.5,125.0,4.0,1460,2022,17.29,3.19,9.01,1126.25,3.733660160511749,0,0
2022-02-07,3217,5215000,679700500,129.5,134.5,126.0,130.0,5.0,3302,2022,17.98,3.32,9.01,1171.3,3.9357326080806003,0,0
2022-02-08,3217,2656000,340503500,131.0,131.5,126.0,127.0,-3.0,1899,2022,17.57,3.24,9.01,1144.27,3.8449080094325865,0,0
2022-02-09,3217,3305000,410447500,126.5,128.5,121.5,123.0,-4.0,2396,2022,17.01,3.14,9.01,1108.23,3.723808544568568,0,0
2022-02-10,3217,2908000,370009500,124.0,130.5,123.5,126.5,3.5,2083,2022,17.5,3.23,9.01,1139.7649999999999,3.8297705763245835,0,0
2022-02-11,3217,1840000,226126000,123.5,124.5,122.0,123.0,-3.5,1442,2022,17.01,3.14,9.01,1108.23,3.723808544568568,0,0
2022-02-14,3217,1434000,175455500,121.0,125.0,120.5,121.5,-1.5,1051,2022,16.8,3.1,9.01,1094.715,3.6783962452445613,0,0
2022-02-15,3217,929000,112790500,122.5,124.0,118.5,119.5,-2.0,746,2022,16.53,3.05,9.01,1076.695,3.6178465128125517,0,0
2022-02-16,3217,3893000,452950500,122.0,122.5,113.0,116.0,-3.5,2458,2022,16.04,2.96,9.01,1045.16,3.5118844810565357,0,0
2022-02-17,3217,1136000,132035500,116.0,117.5,115.0,116.0,0.0,900,2022,16.04,2.96,9.01,1045.16,3.5118844810565357,0,0
2022-02-18,3217,639000,74134000,114.0,117.5,114.0,116.5,0.5,501,2022,16.11,2.97,9.01,1049.665,3.527021914164538,0,0
2022-02-21,3217,364000,42064500,116.5,116.5,115.0,115.5,-1.0,292,2022,15.98,2.95,9.01,1040.655,3.496747047948533,0,0
2022-02-22,3217,2108000,231525500,114.5,114.5,107.0,110.0,-5.5,1598,2022,15.21,2.81,9.01,991.1,3.330235283760508,0,0
2022-02-23,3217,1252000,138290000,111.0,112.5,108.5,112.0,2.0,902,2022,15.49,2.86,9.01,1009.12,3.3907850161925173,0,0
2022-02-24,3217,1876000,200228500,109.0,111.0,104.0,104.0,-8.0,1294,2022,14.38,2.65,9.01,937.04,3.1485860864644803,0,0
2022-02-25,3217,1814000,193267500,106.5,108.5,104.0,107.0,3.0,1344,2022,14.8,2.73,9.01,964.0699999999999,3.239410685112494,0,0
2022-03-01,3217,503000,54764000,107.5,110.5,107.5,110.0,3.0,418,2022,15.21,2.81,9.01,991.1,3.330235283760508,0,0
2022-03-02,3217,1015000,108298000,109.0,109.0,105.5,107.5,-2.5,737,2022,14.87,2.74,9.01,968.5749999999999,3.172394931766856,0,0
2022-03-03,3217,1005000,107881500,109.0,109.5,105.5,108.0,0.5,759,2022,14.94,2.76,9.01,973.0799999999999,3.187150257030888,0,0
2022-03-04,3217,1115000,121609000,106.5,111.0,106.0,111.0,3.0,833,2022,15.35,2.83,9.01,1000.11,3.275682208615079,0,0
2022-03-07,3217,2296000,235402500,108.5,109.0,100.0,101.0,-10.0,1567,2022,13.97,2.58,9.01,910.01,2.9805757033344413,0,0
2022-03-08,3217,1697000,169113500,99.8,103.0,98.2,98.4,-2.6,1185,2022,13.61,2.51,9.01,886.5840000000001,2.903848011961476,0,0
2022-03-09,3217,1342000,133753500,99.5,101.0,98.6,99.5,1.1,936,2022,13.76,2.54,9.01,896.495,2.936309727542346,0,0
2022-03-10,3217,1777000,183880500,102.5,106.5,101.5,101.5,2.0,1226,2022,14.04,2.59,9.01,914.515,2.9953310285984736,0,0
2022-03-11,3217,919000,91667100,101.5,101.5,99.0,99.2,-2.3,737,2022,13.72,2.53,9.01,893.792,2.9274565323839266,0,0
2022-03-14,3217,585000,57949200,99.9,100.5,98.3,99.0,-0.2,441,2022,13.69,2.53,9.01,891.99,2.9215544022783138,0,0
2022-03-15,3217,1373000,135179900,98.6,100.5,97.0,97.0,-2.0,972,2022,13.42,2.48,9.01,873.97,2.862533101222186,0,0
2022-03-16,3217,1090000,107216600,99.0,100.0,97.0,97.5,0.5,702,2022,13.49,2.49,9.01,878.475,2.8772884264862184,0,0
2022-03-17,3217,1058000,106473900,102.0,102.0,99.2,101.0,3.5,750,2022,13.97,2.58,9.01,910.01,2.9805757033344413,0,0
2022-03-18,3217,882000,88654000,101.0,101.5,99.1,101.5,0.5,599,2022,14.04,2.59,9.01,914.515,2.9953310285984736,0,0
2022-03-21,3217,544000,55398500,102.5,103.0,101.0,101.0,-0.5,456,2022,13.97,2.58,9.01,910.01,2.9805757033344413,0,0
2022-03-22,3217,455000,45918000,100.5,102.0,100.0,102.0,1.0,368,2022,14.11,2.6,9.01,919.02,3.0100863538625053,0,0
2022-03-23,3217,1503000,156356000,104.0,105.5,101.5,102.5,0.5,1001,2022,14.18,2.62,9.01,923.525,3.024841679126537,0,0
2022-03-24,3217,820000,84343500,102.0,104.0,101.0,103.5,1.0,538,2022,14.32,2.64,9.01,932.535,3.054352329654601,0,0
2022-03-25,3217,8031000,896023000,106.0,113.5,105.5,113.5,10.0,4099,2022,15.96,2.62,9.01,1022.635,3.3494588349352385,0,0
2022-03-28,3217,5818000,643663000,111.5,114.5,108.0,114.5,1.0,3475,2022,16.1,2.64,9.01,1031.645,3.3789694854633026,0,0
2022-03-29,3217,4642000,524442500,115.0,116.0,110.0,111.0,-3.5,3003,2022,15.61,2.56,9.01,1000.11,3.275682208615079,0,0
2022-03-30,3217,1732000,192908500,112.5,113.0,110.5,110.5,-0.5,1257,2022,15.54,2.55,9.01,995.605,3.2609268833510474,0,0
2022-03-31,3217,1277000,140789000,112.0,113.0,108.0,108.0,-2.5,962,2022,15.19,2.49,9.01,973.0799999999999,3.187150257030888,0,0
2022-04-01,3217,761000,81953500,107.0,109.0,106.0,107.5,-0.5,514,2022,15.12,2.48,9.01,968.5749999999999,3.172394931766856,0,0
2022-04-06,3217,519000,55299500,106.5,108.0,105.5,107.0,-0.5,443,2022,15.05,2.47,9.01,964.0699999999999,3.134392945657019,0,0
2022-04-07,3217,2014000,205783000,104.0,106.0,100.0,101.0,-6.0,1411,2022,14.21,2.33,9.01,910.01,2.958632593564102,0,0
2022-04-08,3217,738000,75726000,101.5,104.0,101.5,102.5,1.5,470,2022,14.42,2.37,9.01,923.525,3.0025726815873313,0,0
2022-04-11,3217,912000,91513400,101.5,101.5,99.5,100.0,-2.5,646,2022,14.06,2.31,9.01,901.0,2.9293392015486157,0,0
2022-04-12,3217,600000,60228700,99.1,102.0,98.8,100.5,0.5,435,2022,14.14,2.32,9.01,905.505,2.943985897556359,0,0
2022-04-13,3217,321000,32727000,102.0,102.5,101.5,101.5,1.0,260,2022,14.28,2.34,9.01,914.515,2.973279289571845,0,0
2022-04-14,3217,235000,23996500,102.5,103.0,101.5,102.0,0.5,203,2022,14.35,2.36,9.01,919.02,2.9879259855795883,0,0
2022-04-15,3217,520000,52335000,101.5,102.5,100.0,100.5,-1.5,351,2022,14.14,2.32,9.01,905.505,2.943985897556359,0,0
2022-04-18,3217,519000,51910700,99.6,102.0,98.8,100.5,0.0,354,2022,14.14,2.32,9.01,905.505,2.943985897556359,0,0
2022-04-19,3217,397000,39815500,100.5,101.5,99.8,100.0,-0.5,341,2022,14.06,2.31,9.01,901.0,2.9293392015486157,0,0
2022-04-20,3217,548000,56165000,101.0,104.5,101.0,103.0,3.0,443,2022,14.49,2.38,9.01,928.03,3.017219377595074,0,0
2022-04-21,3217,260000,26800000,103.5,104.0,102.0,102.0,-1.0,199,2022,14.35,2.36,9.01,919.02,2.9879259855795883,0,0
2022-04-22,3217,330000,33437000,101.0,103.0,100.0,100.0,-2.0,293,2022,14.06,2.31,9.01,901.0,2.9293392015486157,0,0
2022-04-25,3217,865000,85493000,99.8,100.5,98.0,98.2,-1.8,671,2022,13.81,2.27,9.01,884.782,2.8766110959207407,0,0
2022-04-26,3217,687000,66842500,99.0,99.5,96.2,96.7,-1.5,505,2022,13.6,2.23,9.01,871.267,2.8326710078975115,0,0
2022-04-27,3217,1293000,120471500,92.8,96.4,91.2,95.2,-1.5,948,2022,13.39,2.2,9.01,857.752,2.7887309198742822,0,0
2022-04-28,3217,1786000,166526900,97.0,97.9,91.8,91.8,-3.4,1231,2022,12.91,2.12,9.01,827.1179999999999,2.689133387021629,0,0
2022-04-29,3217,804000,75497400,93.2,95.6,92.6,94.4,2.6,668,2022,13.28,2.18,9.01,850.544,2.7652962062618935,0,0
2022-05-03,3217,935000,87156000,94.6,96.3,92.2,93.0,-1.4,771,2022,13.08,2.15,9.01,837.93,2.7889593250554006,0,0
2022-05-04,3217,1034000,97524600,93.9,96.4,93.0,93.5,0.5,898,2022,13.15,2.16,9.01,842.435,2.803953730028817,0,0
2022-05-05,3217,607000,58408300,95.4,97.0,95.1,96.7,3.2,514,2022,13.6,2.23,9.01,871.267,2.8999179218586804,0,0
2022-05-06,3217,295000,27907500,93.8,95.5,93.2,95.3,-1.4,213,2022,13.4,2.2,9.01,858.6529999999999,2.857933587933115,0,0
2022-05-09,3217,681000,62970000,93.5,94.4,91.7,91.7,-3.6,488,2022,12.46,2.07,9.01,826.217,2.749973872124519,0,0
2022-05-10,3217,799000,71936700,90.1,90.8,89.0,90.3,-1.4,621,2022,12.27,2.04,9.01,813.603,2.707989538198954,0,0
2022-05-11,3217,915000,81948500,90.3,91.0,88.8,89.2,-1.1,769,2022,12.12,2.01,9.01,803.692,2.6750018472574384,0,0
2022-05-12,3217,2145000,185093100,87.8,88.9,84.9,84.9,-4.3,1630,2022,11.54,1.92,9.01,764.9490000000001,2.54604996448606,0,0
2022-05-13,3217,957000,82415100,85.9,87.3,84.6,87.0,2.1,746,2022,11.82,1.96,9.01,783.87,2.6090264653744075,0,0
2022-05-16,3217,764000,67008500,87.4,88.7,86.6,88.1,1.1,432,2022,11.97,1.99,9.01,793.781,2.6420141563159225,0,0
2022-05-17,3217,938000,85537800,88.9,92.8,88.5,92.6,4.5,705,2022,12.58,2.09,9.01,834.3259999999999,2.776963801076668,0,0
2022-05-18,3217,1006000,94310600,95.7,96.3,92.3,92.8,0.2,767,2022,12.61,2.09,9.01,836.1279999999999,2.7829615630660345,0,0
2022-05-19,3217,461000,42201800,89.5,93.2,89.5,93.2,0.4,350,2022,12.66,2.1,9.01,839.732,2.7949570870447675,0,0
2022-05-20,3217,219000,20414400,93.5,93.8,92.6,93.0,-0.2,195,2022,12.64,2.1,9.01,837.93,2.7889593250554006,0,0
2022-05-23,3217,211000,19559400,93.6,93.6,92.0,92.0,-1.0,168,2022,12.5,2.08,9.01,828.92,2.758970515108569,0,0
2022-05-24,3217,423000,39477600,92.1,94.2,92.1,92.8,0.8,310,2022,12.61,2.09,9.01,836.1279999999999,2.7829615630660345,0,0
2022-05-25,3217,231000,21567200,92.4,93.9,92.2,93.6,0.8,163,2022,12.72,2.11,9.01,843.3359999999999,2.8069526110235,0,0
2022-05-26,3217,194000,18164800,93.9,94.1,93.2,93.6,0.0,159,2022,12.72,2.11,9.01,843.3359999999999,2.8069526110235,0,0
2022-05-27,3217,710000,65232400,93.7,94.2,90.6,90.8,-2.8,529,2022,12.34,2.05,9.01,818.108,2.7229839431723697,0,0
2022-05-30,3217,1140000,102455400,91.3,91.5,89.1,89.4,-1.4,910,2022,12.15,2.02,9.01,805.494,2.680999609246805,0,0
2022-05-31,3217,425000,38347300,89.1,90.8,89.0,90.2,0.8,343,2022,12.26,2.04,9.01,812.702,2.7049906572042706,0,0
2022-06-01,3217,412000,37504400,90.1,91.5,90.0,90.7,0.5,363,2022,12.32,2.05,9.01,817.207,2.719985062177687,0,0
2022-06-02,3217,374000,33674300,91.2,91.2,89.6,90.0,-0.7,305,2022,12.23,2.03,9.01,810.9,2.674985765737355,0,0
2022-06-06,3217,182000,16270400,90.0,90.1,89.0,89.4,-0.6,156,2022,12.15,2.02,9.01,805.494,2.6571525272991057,0,0
2022-06-07,3217,359000,31927000,89.4,89.6,88.5,88.7,-0.7,301,2022,12.05,2.0,9.01,799.187,2.6363470824544817,0,0
2022-06-08,3217,908000,82207100,90.0,91.5,89.5,89.6,0.9,778,2022,12.17,2.02,9.01,807.2959999999999,2.663096940111855,0,0
2022-06-09,3217,391000,35173800,89.5,90.5,89.3,89.8,0.2,277,2022,12.2,2.03,9.01,809.098,2.669041352924605,0,0
2022-06-10,3217,340000,30724900,89.8,91.1,89.1,91.1,1.3,295,2022,12.38,2.06,9.01,820.8109999999999,2.7076800362074773,0,0
2022-06-13,3217,586000,52089500,89.6,89.6,88.5,88.6,-2.5,438,2022,12.04,2.0,9.01,798.286,2.6333748760481064,0,0
2022-06-14,3217,767000,66368400,87.5,88.2,85.1,87.6,-1.0,589,2022,11.9,1.98,9.01,789.276,2.6036528119843583,0,0
2022-06-15,3217,317000,28080800,88.0,89.1,87.6,88.3,0.7,242,2022,12.0,1.99,9.01,795.583,2.6244582568289823,0,0
2022-06-16,3217,593000,51955800,89.0,89.8,85.4,85.5,-2.8,426,2022,11.62,1.93,9.01,770.355,2.5412364774504868,0,0
2022-06-17,3217,814000,68659800,84.4,85.1,83.6,84.2,-1.3,396,2022,11.44,1.9,9.01,758.642,2.502597794167614,0,0
2022-06-20,3217,1544000,124645300,84.5,84.7,78.0,78.0,-6.2,1034,2022,10.6,1.76,9.01,702.78,2.318320996972374,0,0
2022-06-21,3217,1211000,95191500,78.3,80.1,77.0,79.5,1.5,795,2022,10.8,1.79,9.01,716.295,2.3629040930679968,0,0
2022-06-22,3217,1825000,138634400,79.5,80.2,74.1,74.3,-5.2,1312,2022,10.1,1.68,9.01,669.443,2.208349359936505,0,0
2022-06-23,3217,1872000,130464600,69.4,71.5,68.2,70.2,0.0,1446,2022,9.54,1.58,9.01,632.5020000000001,2.086488897275137,0,0
2022-06-24,3217,464000,32701400,71.4,71.5,69.9,70.0,-0.2,365,2022,9.51,1.58,9.01,630.6999999999999,2.0805444844623864,0,0
2022-06-27,3217,888000,64808500,71.6,74.0,71.1,73.6,3.6,635,2022,10.0,1.66,9.01,663.136,2.187543915091881,0,0
2022-06-28,3217,610000,44222900,74.3,74.9,71.0,72.1,-1.5,427,2022,9.8,1.63,9.01,649.621,2.1429608189962583,0,0
2022-06-29,3217,532000,37951700,72.7,72.7,70.8,71.8,-0.3,339,2022,9.76,1.62,9.01,646.918,2.134044199777134,0,0
2022-06-30,3217,529000,36904900,71.3,71.5,68.6,69.2,-2.6,369,2022,9.4,1.56,9.01,623.492,2.0567668332113884,0,0
2022-07-01,3217,739000,49748000,69.5,69.8,65.6,65.9,-3.3,523,2022,8.95,1.49,9.01,593.759,1.9586840218010186,0,0
2022-07-04,3217,482000,31550700,65.9,66.8,64.7,64.7,-1.2,307,2022,8.79,1.46,9.01,582.947,1.9318213827332489,0,0
2022-07-05,3217,727000,48696800,66.4,68.1,66.0,67.7,3.0,488,2022,9.2,1.53,9.01,609.977,2.021395789969721,0,0
2022-07-06,3217,461000,31375200,66.5,69.4,66.4,68.1,0.4,359,2022,9.25,1.54,9.01,613.5809999999999,2.033339044267917,0,0
2022-07-07,3217,591000,41478300,69.2,72.0,67.6,71.5,3.4,446,2022,9.71,1.61,9.01,644.215,2.134856705802586,0,0
2022-07-08,3217,429000,30999700,72.7,73.3,71.3,72.5,1.0,317,2022,9.85,1.64,9.01,653.225,2.1647148415480766,0,0
2022-07-11,3217,391000,27695300,71.5,71.7,70.2,70.8,-1.7,232,2022,9.62,1.6,9.01,637.908,2.113956010780742,0,0
2022-07-12,3217,330000,23045800,70.2,70.4,69.0,69.8,-1.0,249,2022,9.48,1.57,9.01,628.8979999999999,2.0840978750352512,0,0
2022-07-13,3217,320000,23004600,70.8,72.7,70.4,71.4,1.6,272,2022,9.7,1.61,9.01,643.3140000000001,2.131870892228037,0,0
2022-07-14,3217,214000,15387500,71.0,73.0,70.5,72.4,1.0,186,2022,9.84,1.63,9.01,652.3240000000001,2.1617290279735277,0,0
2022-07-15,3217,263000,19163600,72.8,73.5,72.4,73.2,0.8,173,2022,9.95,1.65,9.01,659.532,2.18561553656992,0,0
2022-07-18,3217,161000,11900600,75.0,75.0,73.1,73.3,0.1,136,2022,9.96,1.65,9.01,660.433,2.1886013501444688,0,0
2022-07-19,3217,95000,6905300,72.7,73.3,72.3,72.4,-0.9,77,2022,9.84,1.63,9.01,652.3240000000001,2.1617290279735277,0,0
2022-07-20,3217,542000,40258000,73.0,75.2,72.9,74.1,1.7,351,2022,10.07,1.67,9.01,667.641,2.2124878587408614,0,0
2022-07-21,3217,310000,23195000,74.8,75.2,74.0,75.0,0.9,203,2022,10.19,1.69,9.01,675.75,2.2393601809118033,0,0
2022-07-22,3217,259000,19441300,75.0,75.9,74.2,74.2,-0.8,170,2022,10.08,1.67,9.01,668.542,2.2154736723154107,0,0
2022-07-25,3217,140000,10418500,74.2,75.0,73.5,74.9,0.7,97,2022,10.18,1.69,9.01,674.849,2.236374367337254,0,0
2022-07-26,3217,145000,10616400,74.2,74.2,72.6,72.9,-2.0,111,2022,9.9,1.64,9.01,656.8290000000001,2.176658095846273,0,0
2022-07-27,3217,172000,12740800,73.5,75.0,73.0,74.7,1.8,134,2022,10.15,1.69,9.01,673.047,2.230402740188156,0,0
2022-07-28,3217,389000,29144300,76.2,76.2,73.4,73.5,-1.2,267,2022,9.99,1.66,9.01,662.235,2.194572977293567,0,0
2022-07-29,3217,322000,23926600,74.4,75.1,73.5,73.7,0.2,227,2022,10.01,1.66,9.01,664.037,2.200544604442665,0,0
2022-08-01,3217,142000,10411800,73.8,73.9,72.9,73.2,-0.5,110,2022,9.95,1.65,9.01,659.532,2.18561553656992,0,0
2022-08-02,3217,317000,22620900,72.3,72.4,70.9,70.9,-2.3,234,2022,9.63,1.6,9.01,638.8090000000001,2.1800732914752423,0,0
2022-08-03,3217,156000,11034000,70.3,71.2,70.2,70.7,-0.2,118,2022,9.61,1.6,9.01,637.0070000000001,2.1739235783822233,0,0
2022-08-04,3217,171000,12035300,70.2,71.1,69.7,70.6,-0.1,144,2022,9.59,1.59,9.01,636.1059999999999,2.170848721835713,0,0
2022-08-05,3217,103000,7375600,70.7,72.0,70.7,71.9,1.3,80,2022,9.77,1.62,9.01,647.8190000000001,2.210821856940337,0,0
2022-08-08,3217,235000,16599800,71.1,71.9,70.2,70.7,-1.2,139,2022,9.61,1.6,9.01,637.0070000000001,2.1739235783822233,0,0
2022-08-09,3217,255000,17665500,70.2,70.2,68.6,69.1,-1.6,215,2022,9.39,1.56,9.01,622.5909999999999,2.12472587363807,0,0
2022-08-10,3217,240000,16447900,69.0,69.2,68.2,68.4,-0.7,150,2022,8.96,1.72,9.01,616.284,2.103201877812504,0,0
2022-08-11,3217,177000,12232900,68.9,69.6,68.4,69.3,0.9,148,2022,9.08,1.75,9.01,624.3929999999999,2.130875586731089,0,0
2022-08-12,3217,323000,22878300,69.4,71.5,69.3,71.2,1.9,250,2022,9.33,1.79,9.01,641.5120000000001,2.1892978611147704,0,0
2022-08-15,3217,303000,21986100,71.5,73.8,71.3,73.7,2.5,198,2022,9.66,1.86,9.01,664.037,2.266169274777508,0,0
2022-08-16,3217,166000,12228100,73.8,74.2,73.1,73.5,-0.2,139,2022,9.63,1.85,9.01,662.235,2.260019561684489,0,0
2022-08-17,3217,183000,13485600,73.6,74.2,73.3,73.5,0.0,114,2022,9.63,1.85,9.01,662.235,2.260019561684489,0,0
2022-08-18,3217,202000,14964900,73.6,74.4,73.6,74.3,0.8,134,2022,9.74,1.87,9.01,669.443,2.284618414056565,0,0
2022-08-19,3217,431000,32597200,74.3,76.2,74.3,76.2,1.9,250,2022,9.99,1.92,9.01,686.562,2.343040688440246,0,0
2022-08-22,3217,242000,18248200,76.2,76.2,74.8,75.4,-0.8,165,2022,9.88,1.9,9.01,679.354,2.31844183606817,0,0
2022-08-23,3217,133000,9968200,74.8,75.4,74.1,75.1,-0.3,113,2022,9.84,1.89,9.01,676.651,2.3092172664286412,0,0
2022-08-24,3217,167000,12496100,74.8,75.5,74.5,74.7,-0.4,75,2022,9.79,1.88,9.01,673.047,2.296917840242603,0,0
2022-08-25,3217,190000,14182000,74.4,75.5,74.3,74.5,-0.2,102,2022,9.76,1.88,9.01,671.245,2.290768127149584,0,0
2022-08-26,3217,132000,9896600,75.2,75.2,74.5,75.1,0.6,92,2022,9.84,1.89,9.01,676.651,2.3092172664286412,0,0
2022-08-29,3217,210000,15233600,72.1,73.4,71.9,72.8,-2.3,158,2022,9.54,1.83,9.01,655.928,2.2384955658589223,0,0
2022-08-30,3217,60000,4404000,72.9,73.9,72.9,73.6,0.8,47,2022,9.65,1.85,9.01,663.136,2.2630944182309984,0,0
2022-08-31,3217,67000,4960000,73.4,74.5,73.3,74.5,0.9,61,2022,9.76,1.88,9.01,671.245,2.290768127149584,0,0
2022-09-01,3217,107000,8005500,73.8,75.4,73.8,74.6,0.1,90,2022,9.78,1.88,9.01,672.146,2.2938429836960936,0,0
2022-09-02,3217,805000,62359800,75.4,79.3,75.2,77.8,3.2,610,2022,10.2,1.96,9.01,700.978,2.455181032378234,0,0
2022-09-05,3217,769000,57834200,78.6,78.7,73.5,73.7,-4.1,596,2022,9.66,1.86,9.01,664.037,2.3257948854277104,0,0
2022-09-06,3217,401000,28975000,73.7,74.1,70.8,71.0,-2.7,280,2022,9.31,1.79,9.01,639.71,2.240589374021268,0,0
2022-09-07,3217,335000,23596800,71.0,71.1,69.8,70.8,-0.2,202,2022,9.28,1.78,9.01,637.908,2.2342778546578277,0,0
2022-09-08,3217,367000,25871900,70.5,71.1,70.1,70.6,-0.2,206,2022,9.25,1.78,9.01,636.1059999999999,2.2279663352943873,0,0
2022-09-12,3217,807000,59961300,71.0,75.7,71.0,75.5,4.9,557,2022,9.9,1.9,9.01,680.255,2.382598559698672,0,0
2022-09-13,3217,358000,27088200,76.3,77.2,74.3,75.1,-0.4,297,2022,9.84,1.89,9.01,676.651,2.3699755209717916,0,0
2022-09-14,3217,129000,9516400,72.2,74.6,72.1,74.6,-0.5,109,2022,9.78,1.88,9.01,672.146,2.3541967225631915,0,0
2022-09-15,3217,287000,21137000,74.6,74.6,72.7,72.7,-1.9,189,2022,9.53,1.83,9.01,655.027,2.2942372886105096,0,0
2022-09-16,3217,220000,15880700,73.0,73.3,71.5,71.6,-1.1,185,2022,9.38,1.8,9.01,645.116,2.2595239321115885,0,0
2022-09-19,3217,374000,26395500,72.5,72.5,69.7,70.2,-1.4,291,2022,9.2,1.77,9.01,632.5020000000001,2.2153432965675073,0,0
2022-09-20,3217,90000,6360100,70.6,71.2,70.5,70.5,0.3,73,2022,9.24,1.78,9.01,635.205,2.2248105756126675,0,0
2022-09-21,3217,141000,9916900,70.6,70.6,70.0,70.6,0.1,93,2022,9.25,1.78,9.01,636.1059999999999,2.2279663352943873,0,0
2022-09-22,3217,142000,9972500,69.8,70.8,69.2,70.5,-0.1,106,2022,9.24,1.78,9.01,635.205,2.2248105756126675,0,0
2022-09-23,3217,194000,13552100,70.5,70.5,69.6,69.8,-0.7,157,2022,9.15,1.76,9.01,628.8979999999999,2.2027202578406264,0,0
2022-09-26,3217,503000,33717000,69.5,69.8,65.5,65.8,-4.0,358,2022,8.62,1.66,9.01,592.858,2.0764898705718227,0,0
2022-09-27,3217,308000,20493100,65.9,68.3,65.5,68.0,2.2,249,2022,8.91,1.71,9.01,612.68,2.1459165835696647,0,0
2022-09-28,3217,577000,37862300,69.1,69.2,63.1,64.1,-3.9,386,2022,8.4,1.61,9.01,577.5409999999999,2.022841955982581,0,0
2022-09-29,3217,323000,20919800,64.7,65.8,64.0,64.3,0.2,267,2022,8.43,1.62,9.01,579.343,2.0291534753460216,0,0
2022-09-30,3217,410000,26001900,63.1,64.7,62.6,64.6,0.3,345,2022,8.47,1.63,9.01,582.0459999999999,2.0386207543911814,0,0
2022-10-03,3217,123000,7991400,64.2,65.9,64.0,65.7,1.1,100,2022,8.61,1.65,9.01,591.957,2.1280044518786214,0,0
2022-10-04,3217,146000,9810600,67.5,67.6,66.7,67.5,1.8,118,2022,8.85,1.7,9.01,608.175,2.1863059437109125,0,0
2022-10-05,3217,190000,12893000,68.3,68.8,67.3,67.4,-0.1,103,2022,8.83,1.7,9.01,607.274,2.183066971942452,0,0
2022-10-06,3217,128000,8620100,68.1,68.1,66.7,67.5,0.1,55,2022,8.85,1.7,9.01,608.175,2.1863059437109125,0,0
2022-10-07,3217,101000,6836500,67.2,68.1,67.2,67.6,0.1,59,2022,8.86,1.7,9.01,609.0759999999999,2.189544915479373,0,0
2022-10-11,3217,261000,16779600,64.6,65.5,63.6,63.7,-3.9,201,2022,8.35,1.6,9.01,573.937,2.0632250165094095,0,0
2022-10-12,3217,215000,13559500,64.8,64.8,62.4,63.4,-0.3,163,2022,8.31,1.6,9.01,571.2339999999999,2.0535081012040273,0,0
2022-10-13,3217,500000,30230300,63.1,63.1,58.9,59.5,-3.9,343,2022,7.8,1.5,9.01,536.095,1.9271882022340636,0,0
2022-10-14,3217,586000,35546900,61.3,62.0,60.0,61.4,1.9,455,2022,8.05,1.55,9.01,553.2139999999999,1.988728665834815,0,0
2022-10-17,3217,260000,15494300,60.8,60.8,58.9,60.5,-0.9,173,2022,7.93,1.52,9.01,545.105,1.9595779199186698,0,0
2022-10-18,3217,140000,8616500,61.6,62.2,60.7,61.5,1.0,114,2022,8.06,1.55,9.01,554.115,1.991967637603276,0,0
2022-10-19,3217,255000,15933100,61.5,63.3,61.5,61.9,0.4,207,2022,8.11,1.56,9.01,557.7189999999999,2.004923524677118,0,0
2022-10-20,3217,200000,12090900,62.2,62.2,59.8,60.2,-1.7,160,2022,7.89,1.52,9.01,542.402,1.949861004613288,0,0
2022-10-21,3217,187000,11194200,60.2,60.3,59.3,59.3,-0.9,135,2022,7.77,1.49,9.01,534.293,1.9207102586971425,0,0
2022-10-24,3217,121000,7346100,61.0,61.1,60.3,60.3,1.0,102,2022,7.9,1.52,9.01,543.303,1.9530999763817485,0,0
2022-10-25,3217,185000,10877800,60.3,60.4,58.0,58.4,-1.9,159,2022,7.65,1.47,9.01,526.184,1.891559512780997,0,0
2022-10-26,3217,329000,18992100,58.4,59.2,56.3,58.7,0.3,233,2022,7.69,1.48,9.01,528.8870000000001,1.9012764280863792,0,0
2022-10-27,3217,298000,18184000,60.1,62.0,59.8,61.5,2.8,213,2022,8.06,1.55,9.01,554.115,1.991967637603276,0,0
2022-10-28,3217,167000,10068100,61.5,61.7,59.7,59.7,-1.8,117,2022,7.82,1.5,9.01,537.897,1.9336661457709852,0,0
2022-10-31,3217,86000,5237100,60.6,61.3,60.2,60.8,1.1,74,2022,7.97,1.53,9.01,547.808,1.9692948352240516,0,0
2022-11-01,3217,176000,10854200,61.2,62.3,61.0,62.1,1.3,124,2022,8.14,1.56,9.01,559.521,2.0114014682140398,0,0
2022-11-02,3217,330000,21140500,62.5,65.5,62.1,63.6,1.5,240,2022,8.34,1.6,9.01,573.036,2.0808450096627933,0,0
2022-11-03,3217,326000,21122100,62.6,65.8,62.6,65.2,1.6,245,2022,8.55,1.64,9.01,587.452,2.133193311792675,0,0
2022-11-04,3217,731000,48987400,66.5,68.5,65.2,68.5,3.3,480,2022,8.98,1.73,9.01,617.185,2.241161684935556,0,0
2022-11-07,3217,729000,51003000,69.4,71.0,68.6,70.6,2.1,494,2022,9.25,1.78,9.01,636.1059999999999,2.309868831481025,0,0
2022-11-08,3217,368000,26305500,71.3,72.5,70.3,70.6,0.0,280,2022,9.25,1.78,9.01,636.1059999999999,2.309868831481025,0,0
2022-11-09,3217,304000,21537600,71.7,72.4,70.0,70.7,0.1,246,2022,9.27,1.78,9.01,637.0070000000001,2.3131406003641435,0,0
2022-11-10,3217,347000,24426800,69.7,71.3,69.0,71.1,0.4,254,2022,9.32,1.79,9.01,640.611,2.3262276758966136,0,0
2022-11-11,3217,471000,34254900,73.0,74.1,71.8,72.6,1.5,329,2022,9.71,1.73,9.01,654.126,2.3753042091433776,0,0
2022-11-14,3217,244000,17750800,74.2,74.4,71.7,71.7,-0.9,179,2022,9.59,1.71,9.01,646.017,2.3458582891953195,0,0
2022-11-15,3217,489000,35766300,71.3,74.5,71.1,73.8,2.1,335,2022,9.87,1.76,9.01,664.938,2.414565435740789,0,0
2022-11-16,3217,212000,15599900,74.5,74.6,72.8,73.9,0.1,153,2022,9.88,1.76,9.01,665.839,2.4178372046239067,0,0
2022-11-17,3217,1557000,117176700,75.2,78.0,72.2,75.6,1.7,934,2022,10.11,1.8,9.01,681.156,2.473457275636905,0,0
2022-11-18,3217,2636000,213104700,76.6,83.1,75.7,83.1,7.5,1628,2022,11.11,1.98,9.01,748.7309999999999,2.7188399418707254,0,0
2022-11-21,3217,1884000,156457100,84.7,84.7,81.7,82.9,-0.2,1375,2022,11.08,1.98,9.01,746.9290000000001,2.7122964041044906,0,0
2022-11-22,3217,2429000,204884100,82.5,87.3,80.6,87.0,4.1,1633,2022,11.63,2.07,9.01,783.87,2.846438928312312,0,0
2022-11-23,3217,3143000,277899200,87.0,90.9,85.6,90.1,3.1,1860,2022,12.05,2.15,9.01,811.8009999999999,2.9478637636889573,0,0
2022-11-24,3217,1058000,95386700,89.9,91.3,89.3,90.0,-0.1,752,2022,12.03,2.14,9.01,810.9,2.94459199480584,0,0
2022-11-25,3217,802000,71317100,90.0,91.3,87.3,87.3,-2.7,596,2022,11.67,2.08,9.01,786.573,2.8562542349616646,0,0
2022-11-28,3217,674000,59200800,84.3,89.2,83.9,88.7,1.4,501,2022,11.86,2.11,9.01,799.187,2.902058999325311,0,0
2022-11-29,3217,1202000,108014200,88.9,91.3,88.8,89.0,0.3,830,2022,11.9,2.12,9.01,801.89,2.911874305974664,0,0
2022-11-30,3217,589000,51872100,90.0,90.0,87.4,88.3,-0.7,433,2022,11.8,2.1,9.01,795.583,2.8889719237928406,0,0
2022-12-01,3217,702000,61538500,88.5,89.5,86.8,87.1,-1.2,526,2022,11.64,2.08,9.01,784.771,2.8497106971954294,0,0
2022-12-02,3217,383000,33497300,87.7,88.8,86.8,86.8,-0.3,320,2022,11.6,2.07,9.01,782.068,2.9325896752570575,0,0
2022-12-05,3217,446000,39021300,86.8,89.3,86.5,86.8,0.0,333,2022,11.6,2.07,9.01,782.068,2.9325896752570575,0,0
2022-12-06,3217,600000,50488400,87.2,87.5,83.0,83.1,-3.7,520,2022,11.11,1.98,9.01,748.7309999999999,2.8075829725099246,0,0
2022-12-07,3217,435000,35949800,83.1,84.1,81.2,82.9,-0.2,337,2022,11.08,1.98,9.01,746.9290000000001,2.8008258534425123,0,0
2022-12-08,3217,263000,22004500,82.9,84.9,81.6,84.6,1.7,205,2022,11.31,2.02,9.01,762.246,2.858261365515519,0,0
2022-12-09,3217,582000,48107800,85.8,85.8,81.6,81.8,-2.8,481,2022,10.94,1.95,9.01,737.0179999999999,2.7636616985717426,0,0
2022-12-12,3217,254000,20588300,79.3,82.6,79.3,82.6,0.8,221,2022,11.04,1.97,9.01,744.2259999999999,2.790690174841393,0,0
2022-12-13,3217,171000,13987700,82.7,82.8,81.0,81.3,-1.3,144,2022,10.87,1.94,9.01,732.5129999999999,2.746768900903211,0,0
2022-12-14,3217,216000,17937100,82.6,83.7,81.5,83.6,2.3,181,2022,11.18,1.99,9.01,753.2359999999999,2.8244757701784557,0,0
2022-12-15,3217,122000,10141600,83.6,84.0,82.6,83.5,-0.1,112,2022,11.16,1.99,9.01,752.335,2.82109721064475,0,0
2022-12-16,3217,251000,20500800,82.5,82.5,81.2,81.2,-2.3,178,2022,10.86,1.94,9.01,731.612,2.7433903413695053,0,0
2022-12-19,3217,85000,6953900,81.3,82.5,80.7,81.6,0.4,67,2022,10.91,1.94,9.01,735.2159999999999,2.75690457950433,0,0
2022-12-20,3217,215000,17185900,81.6,81.9,78.8,79.0,-2.6,169,2022,10.56,1.88,9.01,711.79,2.669062031627967,0,0
2022-12-21,3217,224000,17956300,79.1,81.1,79.0,79.7,0.7,168,2022,10.66,1.9,9.01,718.097,2.692711948363911,0,0
2022-12-22,3217,123000,9878200,80.7,80.9,79.7,80.4,0.7,92,2022,10.75,1.92,9.01,724.404,2.716361865099855,0,0
2022-12-23,3217,118000,9491600,78.6,81.5,78.5,80.7,0.3,93,2022,10.79,1.92,9.01,727.107,2.7264975437009737,0,0
2022-12-26,3217,201000,16352200,81.5,84.5,80.3,80.7,0.0,154,2022,10.79,1.92,9.01,727.107,2.7264975437009737,0,0
2022-12-27,3217,290000,23050800,80.2,80.7,78.9,79.2,-1.5,270,2022,10.59,1.89,9.01,713.592,2.6758191506953795,0,0
2022-12-28,3217,127000,9967900,79.2,79.2,78.1,78.2,-1.0,90,2022,10.45,1.86,9.01,704.582,2.6420335553583167,0,0
2022-12-29,3217,131000,10252400,77.5,78.9,77.0,78.9,0.7,115,2022,10.55,1.88,9.01,710.889,2.6656834720942606,0,0
2022-12-30,3217,188000,14918900,79.0,80.0,78.5,80.0,1.1,168,2022,10.7,1.91,9.01,720.8,2.70284762696503,0,0
2023-01-03,3217,240000,19124900,79.5,80.7,79.0,79.5,-0.5,204,2023,10.63,1.89,9.01,716.295,2.746131887326147,0,0
2023-01-04,3217,201000,15989300,79.7,80.3,79.0,79.9,0.4,155,2023,10.68,1.9,9.01,719.899,2.7599489031114355,0,0
2023-01-05,3217,226000,17933000,80.5,80.5,78.7,79.3,-0.6,173,2023,10.6,1.89,9.01,714.4929999999999,2.739223379433502,0,0
2023-01-06,3217,57000,4538900,79.3,80.0,79.0,79.8,0.5,44,2023,10.67,1.9,9.01,718.9979999999999,2.7564946491651128,0,0
2023-01-09,3217,1128000,94254100,80.0,87.5,80.0,82.7,2.9,818,2023,11.06,1.97,9.01,745.127,2.856668013608457,0,0
2023-01-10,3217,211000,17177400,81.4,82.2,80.9,81.2,-1.5,182,2023,10.86,1.94,9.01,731.612,2.804854204413624,0,0
2023-01-11,3217,100000,8160700,81.9,82.0,81.0,81.2,0.0,72,2023,10.86,1.94,9.01,731.612,2.804854204413624,0,0
2023-01-12,3217,46000,3733600,81.2,81.9,80.8,81.0,-0.2,37,2023,10.83,1.93,9.01,729.81,2.7979456965209795,0,0
2023-01-13,3217,90000,7320700,81.9,82.4,80.6,80.8,-0.2,72,2023,10.8,1.93,9.01,728.0079999999999,2.791037188628335,0,0
2023-01-16,3217,101000,8156700,81.1,81.8,80.6,80.8,0.0,60,2023,10.8,1.93,9.01,728.0079999999999,2.791037188628335,0,0
2023-01-17,3217,48000,3877700,80.8,81.0,80.7,80.8,0.0,40,2023,10.8,1.93,9.01,728.0079999999999,2.791037188628335,0,0
2023-01-30,3217,4174000,366540500,86.0,88.8,85.0,88.8,8.0,1689,2023,11.87,2.12,9.01,800.088,3.067377504334111,0,0
2023-01-31,3217,2411000,221825400,96.5,96.5,89.9,90.4,1.6,1771,2023,12.09,2.15,9.01,814.504,3.1226455674752662,0,0
2023-02-01,3217,1201000,106915400,92.5,92.5,87.8,88.1,-2.3,880,2023,11.78,2.1,9.01,793.781,3.0431977267098556,0,0
2023-02-02,3217,837000,74216500,88.3,89.6,85.7,89.2,1.1,691,2023,11.93,2.13,9.01,803.692,3.1343224792476305,0,0
2023-02-03,3217,918000,80735600,91.5,91.5,86.8,87.0,-2.2,774,2023,11.63,2.07,9.01,783.87,3.057018561598025,0,0
2023-02-06,3217,791000,67966400,86.6,87.0,85.0,87.0,0.0,637,2023,11.63,2.07,9.01,783.87,3.057018561598025,0,0
2023-02-07,3217,375000,32657900,87.6,87.8,86.3,87.3,0.3,317,2023,11.67,2.08,9.01,786.573,3.0675600049138803,0,0
2023-02-08,3217,504000,44018900,88.5,88.5,86.7,87.2,-0.1,405,2023,11.66,2.08,9.01,785.672,3.064046190475262,0,0
2023-02-09,3217,944000,84275200,87.2,90.5,87.0,89.7,2.5,710,2023,11.99,2.14,9.01,808.197,3.1518915514407224,0,0
2023-02-10,3217,1890000,172691900,90.1,92.7,90.1,90.1,0.4,1364,2023,12.05,2.15,9.01,811.8009999999999,3.1659468091951957,0,0
2023-02-13,3217,1832000,169441800,91.5,93.4,91.1,91.8,1.7,1203,2023,12.27,2.19,9.01,827.1179999999999,3.2256816546517086,0,0
2023-02-14,3217,893000,81586200,93.1,93.1,90.1,90.8,-1.0,728,2023,12.14,2.16,9.01,818.108,3.190543510265525,0,0
2023-02-15,3217,449000,40881100,92.0,92.0,90.4,90.8,0.0,379,2023,12.14,2.16,9.01,818.108,3.190543510265525,0,0
2023-02-16,3217,1204000,110817900,92.0,92.8,91.3,92.8,2.0,737,2023,12.41,2.21,9.01,836.1279999999999,3.260819799037893,0,0
2023-02-17,3217,1111000,103330000,93.0,93.6,92.2,92.5,-0.3,799,2023,12.37,2.2,9.01,833.425,3.2502783557220383,0,0
2023-02-20,3217,1896000,180141600,94.0,96.7,93.2,95.7,3.2,1271,2023,12.79,2.28,9.01,862.2570000000001,3.362720417757828,0,0
2023-02-21,3217,2607000,256485300,95.8,100.5,95.8,99.6,3.9,1848,2023,13.32,2.37,9.01,897.396,3.499759180863946,0,0
2023-02-22,3217,2028000,196321800,99.0,99.4,95.2,95.3,-4.3,1365,2023,12.74,2.27,9.01,858.6529999999999,3.3486651600033537,0,0
2023-02-23,3217,835000,79158200,94.1,96.2,93.6,94.9,-0.4,597,2023,12.69,2.26,9.01,855.049,3.3346099022488804,0,0
2023-02-24,3217,459000,43678100,95.7,96.4,94.0,94.0,-0.9,326,2023,12.57,2.24,9.01,846.9399999999999,3.302985572301314,0,0
2023-03-01,3217,527000,48872600,94.6,94.6,91.4,93.3,-0.7,374,2023,12.47,2.22,9.01,840.6329999999999,3.278388871230985,0,0
2023-03-02,3217,393000,36587800,94.0,94.6,92.5,93.0,-0.3,303,2023,12.43,2.22,9.01,837.93,3.3364829496654673,0,0
2023-03-03,3217,583000,54779200,94.0,94.7,92.8,93.5,0.5,433,2023,12.5,2.23,9.01,842.435,3.354421030040013,0,0
2023-03-06,3217,250000,23578900,93.2,95.2,93.2,94.4,0.9,196,2023,12.62,2.25,9.01,850.544,3.386709574714195,0,0
2023-03-07,3217,1564000,152300500,94.9,100.5,94.5,98.0,3.6,1059,2023,13.1,2.34,9.01,882.98,3.515863753410923,0,0
2023-03-08,3217,630000,61459400,98.0,98.7,96.3,97.5,-0.5,459,2023,13.03,2.32,9.01,878.475,3.4979256730363777,0,0
2023-03-09,3217,4610000,473220000,98.2,106.5,98.2,99.8,2.3,2605,2023,13.34,2.38,9.01,899.198,3.580440842759287,0,0
2023-03-10,3217,2642000,264543000,99.7,102.5,98.6,99.4,-0.4,1624,2023,13.29,2.37,9.01,895.594,3.5660903784596503,0,0
2023-03-13,3217,983000,96489200,99.4,99.9,96.8,98.7,-0.7,744,2023,13.2,2.35,9.01,889.287,3.540977065935287,0,0
2023-03-14,3217,1923000,192116000,98.0,101.0,97.7,99.4,0.7,989,2023,13.29,2.37,9.01,895.594,3.5660903784596503,0,0
2023-03-15,3217,1489000,149090700,101.0,101.5,99.4,99.4,0.0,918,2023,13.29,2.37,9.01,895.594,3.5660903784596503,0,0
2023-03-16,3217,4732000,483749100,99.0,104.5,98.2,102.0,2.6,2849,2023,13.64,2.43,9.01,919.02,3.659368396407287,0,0
2023-03-17,3217,16763000,1834261500,106.5,112.0,105.0,105.5,3.5,8112,2023,14.1,2.51,9.01,950.555,3.7849349590291057,0,0
2023-03-20,3217,3911000,405361000,105.0,105.5,102.5,103.5,-2.0,2170,2023,13.84,2.47,9.01,932.535,3.713182637530924,0,0
2023-03-21,3217,3001000,312432000,104.5,105.5,103.0,103.0,-0.5,1702,2023,13.77,2.45,9.01,928.03,3.695244557156378,0,0
2023-03-22,3217,10074000,1103261500,105.5,113.0,105.0,113.0,10.0,5517,2023,15.11,2.69,9.01,1018.13,4.054006164647289,0,0
2023-03-23,3217,8384000,943384500,114.5,115.0,110.0,113.0,0.0,5258,2023,15.11,2.69,9.01,1018.13,4.054006164647289,0,0
2023-03-24,3217,3815000,429635000,113.0,114.5,111.0,111.0,-2.0,2405,2023,16.32,2.56,9.01,1000.11,3.9822538431491066,0,0
2023-03-27,3217,3032000,338061000,111.5,112.5,110.5,112.5,1.5,1608,2023,16.54,2.6,9.01,1013.625,4.036068084272744,0,0
2023-03-28,3217,3545000,394354500,112.5,114.0,109.0,109.0,-3.5,2144,2023,16.03,2.52,9.01,982.09,3.9105015216509247,0,0
2023-03-29,3217,1956000,214831000,110.5,111.0,109.0,109.0,0.0,1228,2023,16.03,2.52,9.01,982.09,3.9105015216509247,0,0
2023-03-30,3217,2244000,249595500,111.0,112.5,110.0,111.5,2.5,1421,2023,16.4,2.57,9.01,1004.615,4.000191923523652,0,0
2023-03-31,3217,1524000,170301000,113.0,113.0,111.0,111.5,0.0,1062,2023,16.4,2.57,9.01,1004.615,4.000191923523652,0,0
2023-04-06,3217,956000,105985000,111.5,112.0,110.0,111.5,0.0,582,2023,16.4,2.57,9.01,1004.615,4.080942494342377,0,0
2023-04-07,3217,1066000,117279000,111.5,112.0,109.0,109.0,-2.5,739,2023,16.03,2.52,9.01,982.09,3.9894415415544318,0,0
2023-04-10,3217,1072000,115527000,109.0,109.0,107.0,108.0,-1.0,813,2023,15.88,2.49,9.01,973.0799999999999,3.9528411604392533,0,0
2023-04-11,3217,1585000,171463500,108.0,109.5,107.5,108.0,0.0,860,2023,15.88,2.49,9.01,973.0799999999999,3.9528411604392533,0,0
2023-04-12,3217,2705000,296163000,110.0,110.5,108.5,110.0,2.0,1628,2023,16.18,2.54,9.01,991.1,4.02604192266961,0,0
2023-04-13,3217,1575000,171912500,110.5,111.0,107.5,107.5,-2.5,1061,2023,15.81,2.48,9.01,968.5749999999999,3.934540969881664,0,0
2023-04-14,3217,956000,103761500,109.0,109.5,107.5,108.0,0.5,724,2023,15.88,2.49,9.01,973.0799999999999,3.9528411604392533,0,0
2023-04-17,3217,3273000,365417000,110.0,113.0,109.5,113.0,5.0,2168,2023,16.62,2.61,9.01,1018.13,4.135843066015145,0,0
2023-04-18,3217,3201000,359828500,113.0,114.0,110.0,113.0,0.0,2292,2023,16.62,2.61,9.01,1018.13,4.135843066015145,0,0
2023-04-19,3217,4392000,503336000,114.5,117.5,112.5,113.0,0.0,3200,2023,16.62,2.61,9.01,1018.13,4.135843066015145,0,0
2023-04-20,3217,2426000,262997000,113.0,113.0,105.5,106.0,-7.0,1833,2023,15.59,2.45,9.01,955.06,3.8796403982088967,0,0
2023-04-21,3217,2243000,234093000,106.0,107.5,101.5,104.0,-2.0,1255,2023,15.29,2.4,9.01,937.04,3.80643963597854,0,0
2023-04-24,3217,1400000,144206500,104.0,104.5,101.0,103.5,-0.5,784,2023,15.22,2.39,9.01,932.535,3.788139445420951,0,0
2023-04-25,3217,1147000,115891600,104.0,104.0,99.9,100.0,-3.5,808,2023,14.71,2.31,9.01,901.0,3.660038111517827,0,0
2023-04-26,3217,737000,73800500,100.0,101.5,99.0,100.5,0.5,562,2023,14.78,2.32,9.01,905.505,3.6783383020754163,0,0
2023-04-27,3217,713000,72105300,101.0,103.5,98.1,101.0,0.5,573,2023,16.72,2.1,9.01,910.01,3.6966384926330056,0,0
2023-04-28,3217,588000,60335500,103.5,103.5,101.5,102.5,1.5,455,2023,16.97,2.13,9.01,923.525,3.751539064305773,0,0
2023-05-02,3217,677000,71036000,103.0,106.0,100.5,105.5,3.0,538,2023,17.47,2.19,9.01,950.555,3.8124679137521658,0,0
2023-05-03,3217,629000,66314500,105.5,107.0,104.0,104.5,-1.0,552,2023,17.3,2.17,9.01,941.545,3.7763307771289227,0,0
2023-05-04,3217,407000,42504000,105.0,106.0,103.0,104.5,0.0,323,2023,17.3,2.17,9.01,941.545,3.7763307771289227,0,0
2023-05-05,3217,402000,42089500,104.5,106.0,104.0,104.5,0.0,293,2023,17.3,2.17,9.01,941.545,3.7763307771289227,0,0
2023-05-08,3217,441000,46386500,106.0,107.0,103.5,104.0,-0.5,347,2023,17.22,2.16,9.01,937.04,3.758262208817301,0,0
2023-05-09,3217,568000,58421000,104.0,104.5,101.5,102.0,-2.0,386,2023,16.89,2.12,9.01,919.02,3.6859879355708145,0,0
2023-05-10,3217,478000,49390500,102.0,105.0,102.0,104.5,2.5,295,2023,17.3,2.17,9.01,941.545,3.7763307771289227,0,0
2023-05-11,3217,968000,97650400,105.5,105.5,99.6,99.9,-4.6,753,2023,16.54,2.08,9.01,900.099,3.6100999486620036,0,0
2023-05-12,3217,478000,48644100,101.5,103.5,99.7,103.0,3.1,355,2023,17.05,2.14,9.01,928.03,3.7221250721940575,0,0
2023-05-15,3217,247000,24947000,102.0,103.0,100.0,100.0,-3.0,205,2023,16.56,2.08,9.01,901.0,3.613713662324328,0,0
2023-05-16,3217,688000,69804000,101.5,103.5,100.5,102.0,2.0,410,2023,16.89,2.12,9.01,919.02,3.6859879355708145,0,0
2023-05-17,3217,885000,92923500,101.5,106.5,101.5,105.5,3.5,612,2023,17.47,2.19,9.01,950.555,3.8124679137521658,0,0
2023-05-18,3217,497000,52416000,106.0,106.5,104.5,105.0,-0.5,407,2023,17.38,2.18,9.01,946.05,3.794399345440544,0,0
2023-05-19,3217,1803000,194377500,106.5,110.5,106.0,106.0,1.0,1391,2023,17.55,2.2,9.01,955.06,3.8305364820637875,0,0
2023-05-22,3217,448000,47975000,107.0,108.0,106.0,107.0,1.0,344,2023,17.72,2.23,9.01,964.0699999999999,3.8666736186870305,0,0
2023-05-23,3217,607000,65136000,108.0,108.5,106.5,106.5,-0.5,403,2023,17.63,2.22,9.01,959.5649999999999,3.8486050503754092,0,0
2023-05-24,3217,408000,43457000,106.5,107.5,105.0,107.0,0.5,294,2023,17.72,2.23,9.01,964.0699999999999,3.8666736186870305,0,0
2023-05-25,3217,393000,41881500,107.5,107.5,106.0,107.0,0.0,274,2023,17.72,2.23,9.01,964.0699999999999,3.8666736186870305,0,0
2023-05-26,3217,536000,56947000,108.0,108.0,105.0,105.5,-1.5,431,2023,17.47,2.19,9.01,950.555,3.8124679137521658,0,0
2023-05-29,3217,851000,91508000,106.0,108.5,106.0,108.5,3.0,518,2023,17.96,2.26,9.01,977.5849999999999,3.9208793236218957,0,0
2023-05-30,3217,370000,39851000,108.5,109.0,107.0,107.5,-1.0,285,2023,17.8,2.24,9.01,968.5749999999999,3.8847421869986523,0,0
2023-05-31,3217,343000,36825500,107.5,108.5,106.5,107.0,-0.5,283,2023,17.72,2.23,9.01,964.0699999999999,3.8666736186870305,0,0
2023-06-01,3217,470000,49628500,107.0,107.0,105.0,106.0,-1.0,413,2023,17.55,2.2,9.01,955.06,3.8305364820637875,0,0
2023-06-02,3217,458000,48686500,106.0,107.5,105.5,106.5,0.5,349,2023,17.63,2.22,9.01,959.5649999999999,3.8004214835412697,0,0
2023-06-05,3217,1762000,194287500,108.0,112.0,108.0,109.5,3.0,1216,2023,18.13,2.28,9.01,986.595,3.907475609838207,0,0
2023-06-06,3217,5298000,600571000,109.5,115.5,109.5,113.5,4.0,3295,2023,18.79,2.36,9.01,1022.635,4.0502144449007895,0,0
2023-06-07,3217,10843000,1318754000,119.0,124.5,118.5,122.5,9.0,6460,2023,20.28,2.55,9.01,1103.725,4.371376823791601,0,0
2023-06-08,3217,7451000,888501000,122.5,123.5,115.0,117.0,-5.5,4217,2023,19.37,2.43,9.01,1054.17,4.17511092558055,0,0
2023-06-09,3217,9209000,1142810000,121.0,128.0,119.5,126.5,9.5,5821,2023,20.94,2.63,9.01,1139.7649999999999,4.514115658854183,0,0
2023-06-12,3217,4454000,556444000,127.5,127.5,122.5,125.0,-1.5,2653,2023,20.7,2.6,9.01,1126.25,4.460588595705715,0,0
2023-06-13,3217,5183000,643300500,128.0,128.5,121.0,125.0,0.0,3271,2023,20.7,2.6,9.01,1126.25,4.460588595705715,0,0
2023-06-14,3217,8275000,1068161000,128.0,132.5,126.0,128.0,3.0,5477,2023,21.19,2.66,9.01,1153.28,4.5676427220026525,0,0
2023-06-15,3217,3653000,470092000,129.5,131.0,126.5,129.0,1.0,2439,2023,21.36,2.68,9.01,1162.29,4.6033274307682985,0,0
2023-06-16,3217,8890000,1188703500,132.5,139.0,126.5,136.5,7.5,5666,2023,22.6,2.84,9.01,1229.865,4.870962746510641,0,0
2023-06-19,3217,6884000,943507000,137.5,140.5,133.5,136.5,0.0,4258,2023,22.6,2.84,9.01,1229.865,4.870962746510641,0,0
2023-06-20,3217,7333000,976717500,137.0,137.0,129.5,135.0,-1.5,4661,2023,22.35,2.81,9.01,1216.35,4.817435683362173,0,0
2023-06-21,3217,7279000,1010882000,136.0,141.5,135.5,139.0,4.0,4542,2023,23.01,2.89,9.01,1252.3899999999999,4.960174518424755,0,0
2023-06-26,3217,3101000,419912000,138.0,138.5,134.0,134.0,-5.0,2020,2023,22.19,2.79,9.01,1207.34,4.781750974596527,0,0
2023-06-27,3217,2888000,382454500,133.0,135.5,130.5,130.5,-3.5,1925,2023,21.61,2.71,9.01,1175.805,4.656854493916767,0,0
2023-06-28,3217,2871000,373750500,132.0,134.0,128.5,128.5,-2.0,1922,2023,21.27,2.67,9.01,1157.785,4.585485076385476,0,0
2023-06-29,3217,1907000,247364000,130.5,131.5,128.5,129.0,0.5,1189,2023,21.36,2.68,9.01,1162.29,4.6033274307682985,0,0
2023-06-30,3217,2290000,296282000,129.5,131.0,127.5,129.0,0.0,1404,2023,21.36,2.68,9.01,1162.29,4.6033274307682985,0,0
2023-07-03,3217,4967000,661614000,132.0,135.5,130.5,135.0,6.0,3238,2023,22.35,2.81,9.01,1216.35,4.79162054351911,0,0
2023-07-04,3217,3090000,407658000,133.5,134.0,130.5,131.5,-3.5,2136,2023,21.77,2.74,9.01,1184.815,4.667393344242689,0,0
2023-07-05,3217,3726000,499812000,132.0,136.5,131.5,134.0,2.5,2485,2023,22.19,2.79,9.01,1207.34,4.756127058011561,0,0
2023-07-06,3217,4116000,554029500,136.5,138.0,132.0,132.5,-1.5,2951,2023,21.94,2.76,9.01,1193.825,4.702886829750238,0,0
2023-07-07,3217,2780000,360771500,131.0,132.0,127.5,129.0,-3.5,1757,2023,21.36,2.68,9.01,1162.29,4.578659630473816,0,0
2023-07-10,3217,2573000,322655000,128.5,128.5,123.5,125.0,-4.0,1710,2023,20.7,2.6,9.01,1126.25,4.43668568844362,0,0
2023-07-11,3217,3816000,500623000,126.5,134.5,126.5,132.5,7.5,2131,2023,21.94,2.76,9.01,1193.825,4.702886829750238,0,0
2023-07-12,3217,3615000,485666000,134.0,136.0,132.5,135.5,3.0,2285,2023,22.43,2.82,9.01,1220.855,4.8093672862728845,0,0
2023-07-13,3217,6437000,865787000,133.5,137.5,131.0,132.5,0.0,4257,2023,21.94,2.76,9.01,1193.825,4.702886829750238,0,0
2023-07-14,3217,6464000,901468500,134.5,144.0,134.0,141.5,9.0,4114,2023,23.43,2.94,9.01,1274.915,5.022328199318179,0,0
2023-07-17,3217,4155000,573074500,141.0,141.0,136.0,138.5,-3.0,2938,2023,22.93,2.88,9.01,1247.885,4.915847742795531,0,0
2023-07-18,3217,3496000,468856500,139.5,140.5,131.5,134.0,-4.5,2409,2023,22.19,2.79,9.01,1207.34,4.756127058011561,0,0
2023-07-19,3217,1616000,214883500,136.5,136.5,131.5,132.0,-2.0,1132,2023,21.85,2.75,9.01,1189.32,4.685140086996463,0,0
2023-07-20,3217,1320000,174686000,133.0,134.5,130.5,132.0,0.0,976,2023,21.85,2.75,9.01,1189.32,4.685140086996463,0,0
2023-07-21,3217,1177000,153999000,130.0,133.0,128.0,131.5,-0.5,894,2023,21.77,2.74,9.01,1184.815,4.667393344242689,0,0
2023-07-24,3217,1014000,132277000,131.5,133.0,128.0,131.0,-0.5,723,2023,21.69,2.72,9.01,1180.31,4.649646601488914,0,0
2023-07-25,3217,1940000,259281000,133.0,135.0,131.0,135.0,4.0,1326,2023,22.35,2.81,9.01,1216.35,4.79162054351911,0,0
2023-07-26,3217,4943000,661683500,136.5,139.5,129.0,129.0,-6.0,3479,2023,21.36,2.68,9.01,1162.29,4.578659630473816,0,0
2023-07-27,3217,4312000,544489500,129.0,130.5,124.5,126.0,-3.0,2762,2023,20.86,2.62,9.01,1135.26,4.47217917395117,0,0
2023-07-28,3217,4354000,571019000,128.0,135.0,126.0,133.0,7.0,3085,2023,22.02,2.77,9.01,1198.33,4.7206335725040125,0,0
2023-07-31,3217,10191000,1409872500,134.5,142.5,132.5,136.0,3.0,6397,2023,22.52,2.83,9.01,1225.36,4.827114029026658,0,0
2023-08-01,3217,11105000,1488056000,139.0,145.0,125.5,129.5,-6.5,7720,2023,21.44,2.69,9.01,1166.795,4.596406373227591,0,0
2023-08-02,3217,4210000,524568000,129.0,129.5,121.5,123.5,-6.0,2926,2023,20.45,2.57,9.01,1112.735,4.269712890313232,0,0
2023-08-04,3217,1378000,172196500,122.0,127.5,120.5,126.0,2.5,1040,2023,20.86,2.62,9.01,1135.26,4.356144325339817,0,0
2023-08-07,3217,5388000,712584500,124.5,135.5,124.5,134.0,8.0,3319,2023,22.19,2.79,9.01,1207.34,4.632724917424884,0,0
2023-08-08,3217,2173000,289979500,133.0,135.0,131.5,134.5,0.5,1525,2023,22.27,2.97,9.01,1211.845,4.650011204430201,0,0
2023-08-09,3217,4150000,538905000,130.0,134.5,126.0,131.0,-3.5,2663,2023,21.69,2.9,9.01,1180.31,4.529007195392984,0,0
2023-08-10,3217,4443000,556126000,129.0,129.5,122.5,124.0,-7.0,3013,2023,20.53,2.74,9.01,1117.24,4.28699917731855,0,0
2023-08-11,3217,1858000,233764500,124.5,128.0,123.0,125.5,1.5,1220,2023,20.78,2.77,9.01,1130.7549999999999,4.338858038334499,0,0
2023-08-14,3217,1922000,233690500,123.5,124.0,120.0,121.0,-4.5,1321,2023,20.03,2.67,9.01,1090.21,4.183281455286649,0,0
2023-08-15,3217,1330000,165129500,123.5,125.5,122.5,124.5,3.5,994,2023,20.61,2.75,9.01,1121.745,4.304285464323866,0,0
2023-08-16,3217,797000,97967000,122.5,124.0,121.5,123.5,-1.0,565,2023,20.45,2.73,9.01,1112.735,4.269712890313232,0,0
2023-08-17,3217,900000,112603000,123.0,126.5,122.0,126.0,2.5,637,2023,20.86,2.79,9.01,1135.26,4.356144325339817,0,0
2023-08-18,3217,1644000,200944000,125.5,126.5,120.0,121.5,-4.5,1130,2023,20.12,2.69,9.01,1094.715,4.200567742291966,0,0
2023-08-21,3217,664000,80938500,122.0,123.0,120.5,122.5,1.0,494,2023,20.28,2.71,9.01,1103.725,4.2351403163026,0,0
2023-08-22,3217,1727000,207040000,125.0,125.0,118.0,119.0,-3.5,1205,2023,19.7,2.63,9.01,1072.19,4.114136307265382,0,0
2023-08-23,3217,1525000,181195000,119.0,121.0,116.0,120.5,1.5,1152,2023,19.95,2.66,9.01,1085.705,4.1659951682813325,0,0
2023-08-24,3217,816000,97802500,122.0,122.5,117.5,119.0,-1.5,576,2023,19.7,2.63,9.01,1072.19,4.114136307265382,0,0
2023-08-25,3217,883000,103252500,117.0,118.5,116.0,116.5,-2.5,670,2023,19.29,2.58,9.01,1049.665,4.0277048722387985,0,0
2023-08-28,3217,1684000,194369000,117.0,117.5,112.5,116.5,0.0,1278,2023,19.29,2.58,9.01,1049.665,4.0277048722387985,0,0
2023-08-29,3217,1699000,202546500,117.5,121.5,115.5,120.0,3.5,1287,2023,19.87,2.65,9.01,1081.2,4.148708881276016,0,0
2023-08-30,3217,7030000,901056000,121.5,131.5,121.0,128.5,8.5,4219,2023,21.27,2.84,9.01,1157.785,4.4425757603664,0,0
2023-08-31,3217,11863000,1598239500,129.0,138.0,129.0,136.0,7.5,7067,2023,22.52,3.01,9.01,1225.36,4.70187006544615,0,0
2023-09-01,3217,4696000,635362000,135.0,138.5,132.5,135.5,-0.5,3192,2023,22.43,3.0,9.01,1220.855,4.684583778440834,0,0
2023-09-04,3217,4643000,640292500,136.5,140.5,134.5,140.5,5.0,2872,2023,23.26,3.11,9.01,1265.905,4.6296005079045575,0,0
2023-09-05,3217,4883000,686460000,140.5,143.5,137.5,141.5,1.0,3388,2023,23.43,3.13,9.01,1274.915,4.662551401199251,0,0
2023-09-06,3217,3203000,455369500,143.0,144.5,140.0,141.0,-0.5,2414,2023,23.34,3.12,9.01,1270.41,4.646075954551905,0,0
2023-09-07,3217,4904000,691651500,143.0,144.0,137.5,140.5,-0.5,3242,2023,23.26,3.11,9.01,1265.905,4.6296005079045575,0,0
2023-09-08,3217,2335000,330331000,140.0,143.5,139.5,141.0,0.5,1511,2023,23.34,3.12,9.01,1270.41,4.646075954551905,0,0
2023-09-11,3217,3232000,446866500,142.0,143.5,135.0,138.0,-3.0,2190,2023,22.85,3.05,9.01,1243.3799999999999,4.547223274667821,0,0
2023-09-12,3217,1701000,230528000,138.5,138.5,134.0,134.0,-4.0,1215,2023,22.19,2.96,9.01,1207.34,4.415419701489044,0,0
2023-09-13,3217,1931000,264043500,135.0,138.5,134.0,138.0,4.0,1270,2023,22.85,3.05,9.01,1243.3799999999999,4.547223274667821,0,0
2023-09-14,3217,2444000,340410000,138.0,142.0,137.0,138.5,0.5,1517,2023,22.93,3.06,9.01,1247.885,4.563698721315169,0,0
2023-09-15,3217,2253000,304594000,140.0,140.0,133.0,134.0,-4.5,1608,2023,22.19,2.96,9.01,1207.34,4.415419701489044,0,0
2023-09-18,3217,1008000,136088000,132.0,136.5,132.0,134.0,0.0,703,2023,22.19,2.96,9.01,1207.34,4.415419701489044,0,0
2023-09-19,3217,1106000,146427000,135.0,135.5,130.5,131.0,-3.0,824,2023,21.69,2.9,9.01,1180.31,4.3165670216049605,0,0
2023-09-20,3217,1173000,154407500,131.0,134.0,129.0,130.5,-0.5,904,2023,21.61,2.88,9.01,1175.805,4.300091574957614,0,0
2023-09-21,3217,1264000,161527000,130.5,130.5,126.0,128.0,-2.5,883,2023,21.19,2.83,9.01,1153.28,4.217714341720877,0,0
2023-09-22,3217,1758000,223273500,126.0,129.0,124.0,129.0,1.0,1011,2023,21.36,2.85,9.01,1162.29,4.250665235015572,0,0
2023-09-25,3217,1014000,131836500,129.5,131.5,127.0,130.5,1.5,734,2023,21.61,2.88,9.01,1175.805,4.300091574957614,0,0
2023-09-26,3217,1347000,175926000,130.0,132.5,128.5,130.0,-0.5,954,2023,21.52,2.87,9.01,1171.3,4.283616128310267,0,0
2023-09-27,3217,2232000,296661500,129.0,135.0,129.0,135.0,5.0,1476,2023,22.35,2.98,9.01,1216.35,4.448370594783738,0,0
2023-09-28,3217,2463000,330723500,135.5,137.0,132.0,133.5,-1.5,1782,2023,22.1,2.95,9.01,1202.835,4.398944254841696,0,0
2023-10-02,3217,1404000,189771000,135.5,136.5,134.0,134.5,1.0,868,2023,22.27,2.97,9.01,1211.845,4.2924807159016725,0,0
2023-10-03,3217,2755000,378626500,136.0,139.5,134.5,138.0,3.5,1880,2023,22.85,3.05,9.01,1243.3799999999999,4.404180957579411,0,0
2023-10-04,3217,1841000,253309000,136.0,139.0,135.5,137.5,-0.5,1244,2023,22.76,3.04,9.01,1238.875,4.388223780196877,0,0
2023-10-05,3217,1805000,248853000,138.0,139.5,136.0,138.0,0.5,1123,2023,22.85,3.05,9.01,1243.3799999999999,4.404180957579411,0,0
2023-10-06,3217,1656000,229666500,139.0,140.0,136.5,138.5,0.5,1055,2023,22.93,3.06,9.01,1247.885,4.420138134961945,0,0
2023-10-11,3217,5414000,691922000,137.0,137.5,125.0,125.0,-13.5,3765,2023,20.7,2.76,9.01,1126.25,3.9892943456335246,0,0
2023-10-12,3217,3924000,488002500,124.0,127.0,121.0,126.5,1.5,2769,2023,20.94,2.8,9.01,1139.7649999999999,4.037165877781127,0,0
2023-10-13,3217,1413000,178590500,127.0,127.5,124.5,127.5,1.0,994,2023,21.11,2.82,9.01,1148.7749999999999,4.069080232546194,0,0
2023-10-16,3217,1171000,145464000,125.5,126.5,123.5,124.0,-3.5,880,2023,20.53,2.74,9.01,1117.24,3.9573799908684566,0,0
2023-10-17,3217,958000,119071000,125.5,126.5,122.0,122.0,-2.0,714,2023,20.2,2.7,9.01,1099.22,3.89355128133832,0,0
2023-10-18,3217,884000,106969500,122.0,122.5,120.0,120.0,-2.0,660,2023,19.87,2.65,9.01,1081.2,3.8297225718081838,0,0
2023-10-19,3217,869000,104732000,119.5,123.0,118.0,122.0,2.0,632,2023,20.2,2.7,9.01,1099.22,3.89355128133832,0,0
2023-10-20,3217,1088000,130207000,122.0,122.0,118.0,120.5,-1.5,668,2023,19.95,2.66,9.01,1085.705,3.845679749190718,0,0
2023-10-23,3217,596000,71585000,120.0,122.0,119.0,119.0,-1.5,439,2023,19.7,2.63,9.01,1072.19,3.7978082170431153,0,0
2023-10-24,3217,544000,65751500,119.0,123.0,119.0,122.5,3.5,406,2023,20.28,2.71,9.01,1103.725,3.9095084587208544,0,0
2023-10-25,3217,719000,88926000,122.5,125.0,122.0,124.0,1.5,501,2023,20.53,2.74,9.01,1117.24,3.9573799908684566,0,0
2023-10-26,3217,1097000,132835000,122.0,123.5,119.5,120.0,-4.0,630,2023,19.87,2.65,9.01,1081.2,3.8297225718081838,0,0
2023-10-27,3217,401000,48514500,121.5,122.0,120.0,120.0,0.0,297,2023,19.87,2.65,9.01,1081.2,3.8297225718081838,0,0
2023-10-30,3217,325000,39255500,120.0,122.0,119.5,121.5,1.5,249,2023,20.12,2.69,9.01,1094.715,3.877594103955786,0,0
2023-10-31,3217,1354000,162838500,123.0,125.0,116.0,116.5,-5.0,901,2023,19.29,2.58,9.01,1049.665,3.718022330130445,0,0
2023-11-01,3217,540000,63728500,118.0,119.0,116.5,118.5,2.0,384,2023,19.62,2.62,9.01,1067.685,3.7818510396605816,0,0
2023-11-02,3217,1176000,144232000,120.5,125.0,120.0,125.0,6.5,800,2023,20.7,2.76,9.01,1126.25,3.9892943456335246,0,0
2023-11-03,3217,3142000,402106500,126.0,130.5,125.0,129.5,4.5,2041,2023,21.44,2.86,9.01,1166.795,4.132908942076331,0,0
