date,stock_id,Trading_Volume,Trading_money,open,max,min,close,spread,Trading_turnover,year,PER,PBR,equity,mkPrice,PSR,ROA,ROE
2007-01-02,6161,737,12583,17.5,17.5,16.85,17.05,0.0,219,2007,8.57,1.05,9.6,163.68,0.26425743789110684,0,0
2007-01-03,6161,1116,18680,17.0,17.0,16.5,16.7,-0.35,319,2007,8.39,1.03,9.6,160.32,0.25883279840360607,0,0
2007-01-04,6161,1037,17320,16.75,16.95,16.5,16.75,0.05,226,2007,8.42,1.04,9.6,160.79999999999998,0.2596077469018204,0,0
2007-01-05,6161,614,10261,16.8,16.8,16.6,16.7,-0.05,186,2007,8.39,1.03,9.6,160.32,0.25883279840360607,0,0
2007-01-08,6161,528,8710,16.7,16.7,16.2,16.4,-0.3,183,2007,8.24,1.01,9.6,157.43999999999997,0.2541831074143197,0,0
2007-01-09,6161,606,10005,16.4,16.7,16.35,16.4,0.0,198,2007,8.24,1.01,9.6,157.43999999999997,0.2541831074143197,0,0
2007-01-10,6161,3835,66206,16.45,17.5,16.45,17.5,1.1,973,2007,8.79,1.08,9.6,168.0,0.2712319743750363,0,0
2007-01-11,6161,10748,195255,18.0,18.65,17.65,18.2,0.7,2547,2007,9.15,1.12,9.6,174.72,0.28208125335003775,0,0
2007-01-12,6161,5822,107132,18.85,18.85,17.95,18.1,-0.1,1612,2007,9.1,1.12,9.6,173.76000000000002,0.28053135635360904,0,0
2007-01-15,6161,2917,52195,18.45,18.45,17.5,17.5,-0.6,757,2007,8.79,1.08,9.6,168.0,0.2712319743750363,0,0
2007-01-16,6161,7095,129795,17.7,18.7,17.3,18.7,1.2,1491,2007,9.4,1.16,9.6,179.51999999999998,0.28983073833218165,0,0
2007-01-17,6161,4106,75378,18.6,18.6,18.05,18.3,-0.4,1130,2007,9.2,1.13,9.6,175.68,0.2836311503464666,0,0
2007-01-18,6161,3077,56356,18.3,18.6,18.1,18.15,-0.15,911,2007,9.12,1.12,9.6,174.23999999999998,0.28130630485182334,0,0
2007-01-19,6161,6025,112131,18.6,19.0,18.25,18.3,0.15,1399,2007,9.2,1.13,9.6,175.68,0.2836311503464666,0,0
2007-01-22,6161,2347,42168,18.35,18.45,17.8,17.8,-0.5,607,2007,8.94,1.1,9.6,170.88,0.2758816653643227,0,0
2007-01-23,6161,1610,28482,17.8,18.1,17.5,17.5,-0.3,500,2007,8.79,1.08,9.6,168.0,0.2712319743750363,0,0
2007-01-24,6161,1454,25551,17.75,17.8,17.4,17.6,0.1,414,2007,8.84,1.09,9.6,168.96,0.2727818713714651,0,0
2007-01-25,6161,1322,23027,17.75,17.75,17.2,17.2,-0.4,429,2007,8.64,1.06,9.6,165.11999999999998,0.26658228338574996,0,0
2007-01-26,6161,778,13415,17.15,17.45,17.15,17.25,0.05,273,2007,8.67,1.07,9.6,165.6,0.2673572318839644,0,0
2007-01-29,6161,921,15827,17.45,17.45,17.0,17.2,-0.05,264,2007,8.64,1.06,9.6,165.11999999999998,0.26658228338574996,0,0
2007-01-30,6161,930,15674,17.2,17.35,16.55,17.0,-0.2,337,2007,8.54,1.05,9.6,163.2,0.2634824893928924,0,0
2007-01-31,6161,750,12568,17.0,17.1,16.55,16.8,-0.2,229,2007,8.44,1.04,9.6,161.28,0.2603826954000349,0,0
2007-02-01,6161,1313,22394,16.6,17.3,16.6,17.0,0.2,313,2007,8.54,1.05,9.6,163.2,0.2634824893928924,0,0
2007-02-02,6161,500,8522,17.1,17.2,16.9,17.15,0.15,162,2007,8.62,1.06,9.6,164.64,0.25615844482698097,0,0
2007-02-05,6161,501,8499,17.2,17.2,16.8,17.05,-0.1,164,2007,8.57,1.05,9.6,163.68,0.25466480958017645,0,0
2007-02-06,6161,1426,24481,17.05,17.4,16.85,17.25,0.2,279,2007,8.67,1.07,9.6,165.6,0.2576520800737856,0,0
2007-02-07,6161,3306,59694,17.3,18.45,16.85,18.45,1.2,788,2007,9.27,1.14,9.6,177.11999999999998,0.2755757030354402,0,0
2007-02-08,6161,5358,99615,18.8,19.1,18.1,18.25,-0.2,1457,2007,9.17,1.13,9.6,175.2,0.2725884325418311,0,0
2007-02-09,6161,4879,90072,18.3,18.9,17.95,18.5,0.25,1262,2007,9.3,1.14,9.6,177.6,0.2763225206588425,0,0
2007-02-12,6161,3729,69847,18.5,18.95,18.45,18.6,0.1,968,2007,9.35,1.15,9.6,178.56,0.27781615590564707,0,0
2007-02-13,6161,6411,123840,18.7,19.8,18.7,18.75,0.15,1640,2007,9.42,1.16,9.6,180.0,0.28005660877585387,0,0
2007-02-14,6161,3921,72205,18.8,19.2,17.8,18.05,-0.7,1091,2007,9.07,1.12,9.6,173.28,0.269601162048222,0,0
2007-02-26,6161,4122,77214,18.7,19.3,18.25,19.3,1.25,1120,2007,9.7,1.19,9.6,185.28,0.28827160263327894,0,0
2007-02-27,6161,7175,142769,19.5,20.3,19.5,19.75,0.45,2004,2007,9.92,1.22,9.6,189.6,0.29499296124389945,0,0
2007-03-01,6161,3203,61698,19.2,19.75,18.8,19.75,0.0,904,2007,9.92,1.22,9.6,189.6,0.29499296124389945,0,0
2007-03-02,6161,4468,89094,19.75,20.25,19.6,19.7,-0.05,1091,2007,9.9,1.22,9.6,189.11999999999998,0.2903912912093986,0,0
2007-03-05,6161,2462,46201,19.55,19.55,18.25,18.35,-1.2,663,2007,9.22,1.13,9.6,176.16,0.2704913803904805,0,0
2007-03-06,6161,1130,21056,18.35,19.0,18.2,18.7,0.35,350,2007,9.4,1.16,9.6,179.51999999999998,0.2756506165287185,0,0
2007-03-07,6161,1492,28038,19.0,19.2,18.4,18.7,0.0,429,2007,9.4,1.16,9.6,179.51999999999998,0.2756506165287185,0,0
2007-03-08,6161,1660,31408,18.7,19.05,18.7,18.9,0.2,401,2007,9.5,1.17,9.6,181.43999999999997,0.2785987514648545,0,0
2007-03-09,6161,2785,53641,18.8,19.6,18.8,19.0,0.1,743,2007,9.55,1.17,9.6,182.4,0.2800728189329226,0,0
2007-03-12,6161,3049,59622,19.1,19.8,19.1,19.6,0.6,735,2007,9.85,1.21,9.6,188.16,0.28891722374133066,0,0
2007-03-13,6161,2090,40966,19.6,19.9,19.35,19.65,0.05,511,2007,9.87,1.21,9.6,188.64,0.2896542574753646,0,0
2007-03-14,6161,1261,24316,19.25,19.55,19.0,19.55,-0.1,358,2007,9.82,1.21,9.6,187.68,0.2881801900072966,0,0
2007-03-15,6161,2799,55797,19.7,20.2,19.55,19.8,0.25,755,2007,9.95,1.22,9.6,190.08,0.2918653586774667,0,0
2007-03-16,6161,2109,41680,20.1,20.15,19.45,19.45,-0.35,510,2007,9.77,1.2,9.6,186.72,0.2867061225392286,0,0
2007-03-19,6161,2347,45007,19.5,19.55,19.0,19.15,-0.3,538,2007,9.62,1.18,9.6,183.83999999999997,0.28228392013502457,0,0
2007-03-20,6161,1334,25518,19.2,19.4,18.95,19.05,-0.1,368,2007,9.57,1.18,9.6,182.88,0.28080985266695657,0,0
2007-03-21,6161,1139,21595,19.2,19.2,18.8,18.9,-0.15,277,2007,9.5,1.17,9.6,181.43999999999997,0.2785987514648545,0,0
2007-03-22,6161,749,14253,19.25,19.25,18.9,18.9,0.0,233,2007,9.5,1.17,9.6,181.43999999999997,0.2785987514648545,0,0
2007-03-23,6161,1695,32413,18.9,19.35,18.9,19.35,0.45,392,2007,9.72,1.2,9.6,185.76000000000002,0.2852320550711606,0,0
2007-03-26,6161,2111,41394,19.4,19.85,19.35,19.65,0.3,588,2007,9.87,1.21,9.6,188.64,0.2896542574753646,0,0
2007-03-27,6161,6195,126375,19.8,21.0,19.65,21.0,1.35,1709,2007,10.55,1.3,9.6,201.6,0.30955416829428284,0,0
2007-03-28,6161,6083,135201,21.75,22.45,21.75,22.45,1.45,1430,2007,11.28,1.39,9.6,215.51999999999998,0.330928146581269,0,0
2007-03-29,6161,9779,226361,22.9,23.7,22.6,23.35,0.9,2313,2007,11.73,1.44,9.6,224.16,0.34419475379388115,0,0
2007-03-30,6161,4889,121905,24.9,24.95,24.55,24.95,1.6,804,2007,12.54,1.54,9.6,239.51999999999998,0.36777983328296937,0,0
2007-04-02,6161,2568,68433,26.65,26.65,26.65,26.65,1.7,522,2007,13.39,1.65,9.6,255.83999999999997,0.366816209078357,0,0
2007-04-03,6161,2072,59062,28.5,28.5,28.5,28.5,1.85,497,2007,14.32,1.76,9.6,273.59999999999997,0.3922799984515263,0,0
2007-04-04,6161,17587,531077,30.45,30.45,29.0,30.45,1.95,4269,2007,15.3,1.88,9.6,292.32,0.41912020887189394,0,0
2007-04-09,6161,8143,238287,30.3,30.3,28.5,28.5,-1.95,2189,2007,14.32,1.76,9.6,273.59999999999997,0.3922799984515263,0,0
2007-04-10,6161,6106,174734,27.1,29.8,27.1,28.65,0.15,1746,2007,14.4,1.77,9.6,275.03999999999996,0.3943446300223238,0,0
2007-04-11,6161,3036,86564,29.0,29.4,27.8,28.4,-0.25,1059,2007,14.27,1.76,9.6,272.64,0.39090357740432796,0,0
2007-04-12,6161,4872,145127,28.3,30.35,28.1,30.35,1.95,1618,2007,15.25,1.88,9.6,291.36,0.41774378782469557,0,0
2007-04-13,6161,10880,335320,30.35,31.95,29.3,30.7,0.35,3519,2007,15.43,1.9,9.6,294.71999999999997,0.4225612614898897,0,0
2007-04-16,6161,4480,132007,30.2,30.4,28.6,28.7,-1.45,1498,2007,14.42,1.77,9.6,275.52,0.395032840545923,0,0
2007-04-17,6161,4233,117418,28.9,29.05,26.8,26.8,-1.9,1435,2007,13.47,1.66,9.6,257.28,0.3688808406491545,0,0
2007-04-18,6161,5106,140601,27.0,28.25,26.7,28.0,1.2,1539,2007,14.07,1.73,9.6,268.8,0.38539789321553464,0,0
2007-04-19,6161,1737,47636,27.9,27.9,27.0,27.7,-0.3,737,2007,13.92,1.71,9.6,265.91999999999996,0.3812686300739396,0,0
2007-04-20,6161,5372,155181,28.0,29.4,27.6,28.7,1.0,1757,2007,14.42,1.77,9.6,275.52,0.395032840545923,0,0
2007-04-23,6161,2018,57625,29.3,29.3,28.1,28.1,-0.6,767,2007,14.12,1.74,9.6,269.76,0.38677431426273295,0,0
2007-04-24,6161,1868,52588,28.3,28.6,27.8,27.9,-0.2,711,2007,14.02,1.72,9.6,267.84,0.3840214721683362,0,0
2007-04-25,6161,1524,42478,27.85,28.3,27.6,27.9,0.0,535,2007,14.02,1.72,9.6,267.84,0.3840214721683362,0,0
2007-04-26,6161,1892,53336,28.5,28.6,27.8,28.2,0.3,632,2007,14.17,1.74,9.6,270.71999999999997,0.3881507353099312,0,0
2007-04-27,6161,5879,172053,28.2,30.0,28.2,28.95,0.75,2056,2007,14.55,1.79,9.6,277.91999999999996,0.3984738931639188,0,0
2007-04-30,6161,2126,59921,28.7,29.0,27.6,27.9,-1.05,748,2007,14.02,1.72,9.6,267.84,0.3840214721683362,0,0
2007-05-02,6161,1905,53579,28.0,28.6,27.65,27.65,-0.25,661,2007,13.89,1.71,9.6,265.44,0.3538551737321723,0,0
2007-05-03,6161,2177,57473,27.7,28.0,25.75,25.75,-1.9,661,2007,12.94,1.59,9.6,247.2,0.3295396283400881,0,0
2007-05-04,6161,2816,72020,25.75,26.0,25.1,25.95,0.2,935,2007,13.04,1.6,9.6,249.11999999999998,0.33209915943399165,0,0
2007-05-07,6161,3283,87504,26.4,27.1,26.1,26.7,0.75,1099,2007,13.42,1.65,9.6,256.32,0.34169740103613017,0,0
2007-05-08,6161,2233,60829,27.5,27.5,27.05,27.05,0.35,765,2007,13.59,1.67,9.6,259.68,0.34617658045046146,0,0
2007-05-09,6161,1837,49945,27.3,27.55,26.85,27.0,-0.05,613,2007,13.57,1.67,9.6,259.2,0.3455366976769856,0,0
2007-05-10,6161,1555,41585,27.35,27.35,26.4,26.5,-0.5,589,2007,14.48,1.53,9.6,254.39999999999998,0.3391378699422266,0,0
2007-05-11,6161,2192,59386,26.5,27.6,26.3,26.9,0.4,803,2007,14.7,1.56,9.6,258.23999999999995,0.3442569321300337,0,0
2007-05-14,6161,1049,28199,27.0,27.25,26.6,26.75,-0.15,344,2007,14.62,1.55,9.6,256.8,0.3423372838096061,0,0
2007-05-15,6161,976,25659,26.6,26.95,26.0,26.0,-0.75,359,2007,14.21,1.5,9.6,249.6,0.3327390422074676,0,0
2007-05-16,6161,771,19969,26.0,26.25,25.65,25.65,-0.35,367,2007,14.02,1.48,9.6,246.23999999999998,0.3282598627931363,0,0
2007-05-17,6161,1031,27049,25.8,26.55,25.8,26.0,0.35,408,2007,14.21,1.5,9.6,249.6,0.3327390422074676,0,0
2007-05-18,6161,580,15040,26.0,26.3,25.7,25.9,-0.1,259,2007,14.15,1.5,9.6,248.64,0.3314592766605158,0,0
2007-05-21,6161,688,18045,25.9,26.6,25.8,26.25,0.35,363,2007,14.34,1.52,9.6,252.0,0.33593845607484707,0,0
2007-05-22,6161,2344,63213,26.4,27.6,26.0,27.6,1.35,849,2007,15.08,1.6,9.6,264.96,0.35321529095869636,0,0
2007-05-23,6161,7657,218820,28.1,29.45,27.3,28.9,1.3,2397,2007,15.79,1.67,9.6,277.44,0.3698522430690697,0,0
2007-05-24,6161,2794,79415,28.9,29.0,28.0,28.1,-0.8,1026,2007,15.36,1.63,9.6,269.76,0.35961411869345533,0,0
2007-05-25,6161,2698,75842,27.5,28.85,27.45,28.1,0.0,1007,2007,15.36,1.63,9.6,269.76,0.35961411869345533,0,0
2007-05-28,6161,1854,52679,28.2,28.8,28.0,28.0,-0.1,616,2007,15.3,1.62,9.6,268.8,0.3583343531465036,0,0
2007-05-29,6161,2565,71178,28.3,28.55,27.0,27.2,-0.8,932,2007,14.86,1.57,9.6,261.12,0.3480962287708892,0,0
2007-05-30,6161,1189,32338,27.0,27.6,26.8,27.05,-0.15,415,2007,14.78,1.56,9.6,259.68,0.34617658045046146,0,0
2007-05-31,6161,2166,60086,27.5,28.4,27.15,27.5,0.45,791,2007,15.03,1.59,9.6,264.0,0.35193552541174455,0,0
2007-06-01,6161,1759,48293,27.95,27.95,27.1,27.1,-0.4,712,2007,14.81,1.57,9.6,260.16,0.34681646322393744,0,0
2007-06-04,6161,2521,69999,27.45,28.5,27.1,28.3,1.2,919,2007,15.46,1.64,9.6,271.68,0.3449132594188755,0,0
2007-06-05,6161,5983,173414,28.5,29.7,27.95,28.7,0.4,2130,2007,15.68,1.66,9.6,275.52,0.3497883584919338,0,0
2007-06-06,6161,2430,68685,28.9,28.9,27.6,27.7,-1.0,923,2007,15.14,1.6,9.6,265.91999999999996,0.337600610809288,0,0
2007-06-07,6161,1428,39917,27.7,28.35,27.6,27.9,0.2,542,2007,15.25,1.61,9.6,267.84,0.34003816034581713,0,0
2007-06-08,6161,1640,45795,27.6,28.35,27.6,27.6,-0.3,656,2007,15.08,1.6,9.6,264.96,0.33638183604102345,0,0
2007-06-11,6161,2779,79008,27.95,28.8,27.9,28.6,1.0,985,2007,15.63,1.65,9.6,274.56,0.34856958372366925,0,0
2007-06-12,6161,3173,91517,29.2,29.3,28.1,28.1,-0.5,1098,2007,15.36,1.63,9.6,269.76,0.3424757098823463,0,0
2007-06-13,6161,7924,231365,28.1,29.75,27.9,29.0,0.9,2293,2007,15.85,1.68,9.6,278.4,0.3534446827967275,0,0
2007-06-14,6161,2832,82387,29.6,29.8,28.55,28.55,-0.45,991,2007,15.6,1.65,9.6,274.08,0.34796019633953695,0,0
2007-06-15,6161,2996,86414,29.0,29.2,28.3,28.5,-0.05,810,2007,15.57,1.65,9.6,273.59999999999997,0.3473508089554046,0,0
2007-06-20,6161,4220,122539,28.7,29.5,28.5,28.7,0.2,1275,2007,15.68,1.66,9.6,275.52,0.3497883584919338,0,0
2007-06-21,6161,7605,229272,29.0,30.7,28.8,30.7,2.0,2181,2007,16.78,1.78,9.6,294.71999999999997,0.3741638538572253,0,0
2007-06-22,6161,7775,237825,31.35,31.35,29.85,30.3,-0.4,2491,2007,16.56,1.75,9.6,290.88,0.36928875478416706,0,0
2007-06-25,6161,3729,113982,31.1,31.3,30.0,30.0,-0.45,1291,2007,16.39,1.74,9.6,288.0,0.3656324304793733,0,0
2007-06-26,6161,3287,96694,30.1,30.4,28.9,28.9,-1.1,1128,2007,15.79,1.67,9.6,277.44,0.352225908028463,0,0
2007-06-27,6161,2772,81543,28.9,29.95,28.85,29.15,0.25,926,2007,15.93,1.69,9.6,279.84,0.35527284494912437,0,0
2007-06-28,6161,3358,99719,29.5,30.1,29.3,29.5,0.35,1074,2007,16.12,1.71,9.6,283.2,0.35953855663805045,0,0
2007-06-29,6161,2164000,63867950,29.95,30.0,29.2,29.2,-0.3,649,2007,15.96,1.69,9.6,280.32,0.3558822323332567,0,0
2007-07-02,6161,2304000,68499950,29.3,29.9,29.3,29.7,0.5,740,2007,16.23,1.72,9.6,285.12,0.34842583913900493,0,0
2007-07-03,6161,2613000,78000650,30.0,30.15,29.6,29.6,-0.1,779,2007,16.17,1.71,9.6,284.16,0.347252688165473,0,0
2007-07-04,6161,3372000,101499150,29.9,30.5,29.75,30.05,0.45,1022,2007,16.42,1.74,9.6,288.48,0.35253186754636695,0,0
2007-07-05,6161,7456000,234273800,31.0,31.85,30.8,31.6,1.55,2381,2007,17.27,1.83,9.6,303.36,0.370715707636113,0,0
2007-07-06,6161,9697000,319184450,32.15,33.8,32.0,33.8,2.2,2956,2007,18.47,1.95,9.6,324.47999999999996,0.39652502905381704,0,0
2007-07-09,6161,7482000,265359900,36.0,36.0,34.5,35.2,1.4,2433,2007,19.23,2.04,9.6,337.92,0.4129491426832651,0,0
2007-07-10,6161,5930000,201933250,35.2,35.2,33.1,33.8,-1.4,2121,2007,18.47,1.95,9.6,324.47999999999996,0.39652502905381704,0,0
2007-07-11,6161,4098000,138572550,33.5,34.4,33.0,33.0,-0.8,1495,2007,18.03,1.91,9.6,316.8,0.38713982126556107,0,0
2007-07-12,6161,4355000,146287850,33.2,34.4,33.2,33.25,0.25,1400,2007,18.17,1.92,9.6,319.2,0.39007269869939104,0,0
2007-07-13,6161,4203000,137552450,34.0,34.1,32.0,32.05,-1.2,1429,2007,17.51,1.85,9.6,307.67999999999995,0.37599488701700695,0,0
2007-07-16,6161,3444000,110910500,32.2,33.0,31.5,31.7,-0.35,1072,2007,17.32,1.83,9.6,304.32,0.371888858609645,0,0
2007-07-17,6161,2746000,88126700,31.8,32.7,31.4,32.15,0.45,943,2007,17.57,1.86,9.6,308.64,0.37716803799053905,0,0
2007-07-18,6161,4171000,137890350,32.4,34.0,32.35,32.75,0.6,1333,2007,17.9,1.89,9.6,314.4,0.38420694383173104,0,0
2007-07-19,6161,4170000,138573150,32.8,34.0,32.5,33.0,0.25,1364,2007,18.03,1.91,9.6,316.8,0.38713982126556107,0,0
2007-07-20,6161,3151000,105707250,33.6,33.95,33.1,33.1,0.1,1002,2007,18.09,1.91,9.6,317.76,0.38831297223909306,0,0
2007-07-23,6161,2451000,81191900,33.1,33.5,32.8,33.0,-0.1,810,2007,18.03,1.91,9.6,316.8,0.38713982126556107,0,0
2007-07-24,6161,12235000,426867000,33.5,35.3,33.1,35.3,2.3,2938,2007,19.29,2.04,9.6,338.87999999999994,0.4141222936567971,0,0
2007-07-25,6161,8578000,300992450,35.7,35.8,34.2,34.8,-0.5,2465,2007,19.02,2.01,9.6,334.08,0.4082565387891371,0,0
2007-07-26,6161,8673000,305671600,35.0,36.5,33.15,33.15,-1.65,2385,2007,18.11,1.92,9.6,318.23999999999995,0.388899547725859,0,0
2007-07-27,6161,4243000,140479000,32.0,33.9,32.0,32.7,-0.45,1216,2007,17.87,1.89,9.6,313.92,0.38362036834496505,0,0
2007-07-30,6161,2842000,94879350,33.5,33.85,32.75,33.4,0.7,831,2007,18.25,1.93,9.6,320.64,0.3918324251596891,0,0
2007-07-31,6161,5309000,183201500,34.45,35.2,34.0,34.35,0.95,1366,2007,18.77,1.99,9.6,329.76,0.4029773594082431,0,0
2007-08-01,6161,4007000,138460200,34.1,35.3,33.65,34.35,0.0,1056,2007,18.77,1.99,9.6,329.76,0.4029773594082431,0,0
2007-08-02,6161,3459000,116158450,35.0,35.15,32.0,32.9,-1.45,924,2007,17.98,1.9,9.6,315.84,0.373928967703164,0,0
2007-08-03,6161,1530000,51035950,33.3,33.95,32.65,32.9,0.0,587,2007,17.98,1.9,9.6,315.84,0.373928967703164,0,0
2007-08-06,6161,1851000,58140100,32.1,32.5,30.6,30.85,-2.05,659,2007,16.86,1.78,9.6,296.16,0.35062944235995785,0,0
2007-08-07,6161,1292000,40723700,31.65,32.0,31.0,31.05,0.2,395,2007,16.97,1.8,9.6,298.08,0.3529025667836852,0,0
2007-08-08,6161,1996000,65006800,31.7,33.0,31.6,32.8,1.75,632,2007,17.92,1.9,9.6,314.87999999999994,0.37279240549130027,0,0
2007-08-09,6161,2732000,91618900,33.35,34.5,32.6,33.7,0.9,922,2007,18.42,1.95,9.6,323.52000000000004,0.38302146539807386,0,0
2007-08-10,6161,1603000,52727050,32.1,33.5,32.1,33.4,-0.3,502,2007,18.25,1.93,9.6,320.64,0.37961177876248264,0,0
2007-08-13,6161,2803000,95616950,33.7,34.85,33.4,33.8,0.4,886,2007,18.47,1.95,9.6,324.47999999999996,0.3841580276099375,0,0
2007-08-14,6161,1860000,63323800,34.2,34.7,33.2,33.8,0.0,677,2007,18.47,1.95,9.6,324.47999999999996,0.3841580276099375,0,0
2007-08-15,6161,2373000,78508800,33.8,34.3,32.1,32.1,-1.7,684,2007,17.54,1.86,9.6,308.16,0.36483647000825437,0,0
2007-08-16,6161,2619000,79428200,31.1,31.6,29.9,29.9,-2.2,627,2007,16.34,1.73,9.6,287.03999999999996,0.3398321013472524,0,0
2007-08-17,6161,1806000,51457100,28.0,29.7,27.85,27.85,-2.05,551,2007,15.22,1.61,9.6,267.36,0.31653257600404616,0,0
2007-08-20,6161,1266000,36895850,29.1,29.6,28.6,29.25,1.4,475,2007,15.98,1.69,9.6,280.8,0.33244444697013825,0,0
2007-08-21,6161,1067000,31137450,29.1,29.7,28.5,28.5,-0.75,427,2007,15.57,1.65,9.6,273.59999999999997,0.3239202303811603,0,0
2007-08-22,6161,682000,19475450,28.9,28.9,28.2,28.6,0.1,258,2007,15.63,1.65,9.6,274.56,0.32505679259302406,0,0
2007-08-23,6161,823000,24372200,29.0,30.05,29.0,29.45,0.85,332,2007,16.09,1.7,9.6,282.71999999999997,0.33471757139386565,0,0
2007-08-24,6161,547000,16134900,29.6,29.8,29.2,29.7,0.25,226,2007,16.23,1.72,9.6,285.12,0.337558976923525,0,0
2007-08-27,6161,1052000,31442550,30.4,30.4,29.65,29.7,0.0,341,2007,16.23,1.72,9.6,285.12,0.337558976923525,0,0
2007-08-28,6161,520000,15411800,29.7,29.95,29.2,29.2,-0.5,214,2007,15.96,1.69,9.6,280.32,0.3318761658642064,0,0
2007-08-29,6161,547000,15587300,28.2,28.9,28.2,28.5,-0.7,192,2007,15.57,1.65,9.6,273.59999999999997,0.3239202303811603,0,0
2007-08-30,6161,491000,14211350,29.0,29.25,28.6,28.6,0.1,204,2007,15.63,1.65,9.6,274.56,0.32505679259302406,0,0
2007-08-31,6161,409000,11844100,29.2,29.2,28.7,29.2,0.6,204,2007,15.96,1.69,9.6,280.32,0.3318761658642064,0,0
2007-09-03,6161,1516000,45593800,29.5,30.9,29.3,30.2,1.0,582,2007,16.5,1.75,9.6,289.91999999999996,0.33417422473815983,0,0
2007-09-04,6161,1462000,45038250,31.1,31.3,30.3,30.8,0.6,537,2007,16.83,1.78,9.6,295.68,0.3408134477462028,0,0
2007-09-05,6161,920000,28045000,31.3,31.4,29.4,29.7,-1.1,367,2007,16.23,1.72,9.6,285.12,0.32864153889812414,0,0
2007-09-06,6161,510000,15166500,29.0,30.2,29.0,29.8,0.1,211,2007,16.28,1.72,9.6,286.08,0.32974807606613127,0,0
2007-09-07,6161,1129000,34170900,30.5,30.5,30.0,30.3,0.5,400,2007,16.56,1.75,9.6,290.88,0.335280761906167,0,0
2007-09-10,6161,1365000,40794100,29.4,30.2,29.2,30.0,-0.3,495,2007,16.39,1.74,9.6,288.0,0.3319611504021456,0,0
2007-09-11,6161,1432000,41271700,28.5,29.2,28.5,28.7,0.0,509,2007,15.68,1.66,9.6,275.52,0.3175761672180526,0,0
2007-09-12,6161,941000,27240300,28.9,29.35,28.55,28.6,-0.1,327,2007,13.06,1.62,9.6,274.56,0.31646963005004547,0,0
2007-09-13,6161,520000,14721800,28.6,29.0,28.0,28.0,-0.6,237,2007,12.79,1.58,9.6,268.8,0.30983040704200254,0,0
2007-09-14,6161,487000,13690850,28.3,28.4,27.8,28.15,0.15,201,2007,12.85,1.59,9.6,270.23999999999995,0.31149021279401323,0,0
2007-09-17,6161,312000,8655750,28.1,28.3,27.4,27.45,-0.7,140,2007,12.53,1.55,9.6,263.52,0.3037444526179632,0,0
2007-09-19,6161,564000,15138500,27.7,27.8,26.25,26.25,-1.2,230,2007,11.99,1.48,9.6,252.0,0.2904660066018774,0,0
2007-09-20,6161,463000,12228300,26.3,26.95,26.1,26.1,-0.15,204,2007,11.92,1.48,9.6,250.56,0.28880620084986663,0,0
2007-09-21,6161,581000,15004050,26.1,26.5,25.5,25.8,-0.3,253,2007,11.78,1.46,9.6,247.68,0.2854865893458452,0,0
2007-09-26,6161,937000,24573850,26.0,26.55,25.95,26.3,0.5,263,2007,12.01,1.49,9.6,252.48,0.29101927518588094,0,0
2007-09-27,6161,706000,19001850,26.3,27.3,26.3,27.05,0.75,310,2007,12.35,1.53,9.6,259.68,0.2993183039459346,0,0
2007-09-28,6161,557000,15224600,27.3,27.7,27.1,27.2,0.15,201,2007,12.42,1.54,9.6,261.12,0.3009781096979453,0,0
2007-10-01,6161,444000,12034350,27.5,27.6,26.85,26.85,-0.35,184,2007,12.26,1.52,9.6,257.76,0.2971052296099203,0,0
2007-10-02,6161,606000,16194400,27.0,27.15,26.5,26.55,-0.3,278,2007,12.12,1.5,9.6,254.88,0.29020559531599427,0,0
2007-10-03,6161,694000,18123000,26.55,26.8,26.0,26.2,-0.35,297,2007,11.96,1.48,9.6,251.51999999999998,0.28637990950203573,0,0
2007-10-04,6161,418000,10927300,26.2,26.4,25.9,26.25,0.05,168,2007,11.99,1.48,9.6,252.0,0.28692643604688695,0,0
2007-10-05,6161,479000,12403900,26.3,26.3,25.7,25.8,-0.45,153,2007,11.78,1.46,9.6,247.68,0.28200769714322604,0,0
2007-10-08,6161,370000,9531200,26.1,26.1,25.55,25.55,-0.25,160,2007,11.67,1.45,9.6,245.28,0.27927506441897,0,0
2007-10-09,6161,532000,13276800,25.55,25.55,24.65,24.8,-0.75,207,2007,11.32,1.4,9.6,238.07999999999998,0.27107716624620176,0,0
2007-10-11,6161,502000,12888800,24.85,26.15,24.85,25.8,1.0,232,2007,11.78,1.46,9.6,247.68,0.28200769714322604,0,0
2007-10-12,6161,534000,13430750,25.8,25.95,24.8,25.0,-0.8,243,2007,11.42,1.41,9.6,240.0,0.27326327242560666,0,0
2007-10-15,6161,313000,7717800,25.0,25.0,24.5,24.55,-0.45,138,2007,11.21,1.39,9.6,235.68,0.2683445335219457,0,0
2007-10-16,6161,553000,13256450,24.0,24.5,23.5,24.0,-0.55,239,2007,10.96,1.36,9.6,230.39999999999998,0.2623327415285824,0,0
2007-10-17,6161,444000,10586400,23.9,24.4,23.5,23.75,-0.25,209,2007,10.84,1.34,9.6,228.0,0.2596001088043263,0,0
2007-10-18,6161,850000,21193350,24.0,25.4,24.0,25.4,1.65,242,2007,11.6,1.44,9.6,243.83999999999997,0.2776354847844163,0,0
2007-10-19,6161,1893000,50032150,26.8,26.8,26.0,26.25,0.85,717,2007,11.99,1.48,9.6,252.0,0.28692643604688695,0,0
2007-10-22,6161,639000,15969450,24.6,25.5,24.6,25.2,-1.05,255,2007,11.51,1.43,9.6,241.92,0.2754493786050115,0,0
2007-10-23,6161,1062000,27782200,25.4,26.6,25.4,26.1,0.9,349,2007,11.92,1.48,9.6,250.56,0.2852868564123333,0,0
2007-10-24,6161,463000,11985600,26.6,26.6,25.1,25.3,-0.8,208,2007,11.55,1.43,9.6,242.88,0.27654243169471393,0,0
2007-10-25,6161,259000,6569600,25.4,25.8,25.15,25.2,-0.1,132,2007,11.51,1.43,9.6,241.92,0.2754493786050115,0,0
2007-10-26,6161,414000,10574450,25.3,25.9,25.2,25.5,0.3,201,2007,11.64,1.44,9.6,244.79999999999998,0.2787285378741188,0,0
2007-10-29,6161,719000,18614850,26.0,26.2,25.45,25.9,0.4,290,2007,11.83,1.46,9.6,248.64,0.28310075023292847,0,0
2007-10-30,6161,325000,8403150,26.1,26.15,25.5,25.65,-0.25,150,2007,11.71,1.45,9.6,246.23999999999998,0.2803681175086724,0,0
2007-10-31,6161,371000,9465000,25.75,25.9,25.2,25.35,-0.3,177,2007,11.58,1.43,9.6,243.36,0.27708895823956514,0,0
2007-11-01,6161,760000,17945050,23.6,24.8,23.6,23.6,-1.75,228,2007,10.78,1.33,9.6,226.56,0.2579605291697727,0,0
2007-11-02,6161,412000,9043400,21.95,21.95,21.95,21.95,-1.65,93,2007,10.02,1.24,9.6,210.72,0.23457187849194505,0,0
2007-11-05,6161,394000,8057300,20.45,20.45,20.45,20.45,-1.5,98,2007,9.34,1.16,9.6,196.32,0.21854190957450007,0,0
2007-11-06,6161,3263000,62953950,19.05,20.0,19.05,19.5,-0.95,919,2007,8.9,1.1,9.6,187.2,0.2083895959267849,0,0
2007-11-07,6161,1568000,30514150,19.4,19.9,19.1,19.35,-0.15,620,2007,8.84,1.09,9.6,185.76000000000002,0.20678659903504043,0,0
2007-11-08,6161,1297000,23367150,18.0,18.5,18.0,18.0,-1.35,432,2007,8.22,1.02,9.6,172.79999999999998,0.19235962700933987,0,0
2007-11-09,6161,1360000,23075550,18.0,18.0,16.75,16.8,-1.2,482,2007,7.67,0.95,9.6,161.28,0.17953565187538392,0,0
2007-11-12,6161,1040000,16484950,16.5,16.5,15.65,15.75,-1.05,351,2007,11.17,0.94,9.6,151.2,0.16831467363317243,0,0
2007-11-13,6161,1251000,18732300,14.65,15.6,14.65,15.6,-0.15,432,2007,11.06,0.93,9.6,149.76,0.16671167674142792,0,0
2007-11-14,6161,767000,12537750,16.2,16.65,15.9,16.65,1.05,254,2007,11.81,0.99,9.6,159.83999999999997,0.1779326549836394,0,0
2007-11-15,6161,853000,14563750,16.5,17.45,16.4,17.0,0.35,351,2007,12.06,1.01,9.6,163.2,0.18167298106437657,0,0
2007-11-16,6161,331000,5613850,16.5,17.4,16.5,17.1,0.1,147,2007,12.13,1.02,9.6,164.16,0.1827416456588729,0,0
2007-11-19,6161,507000,9187700,17.6,18.25,17.4,18.25,1.15,163,2007,12.94,1.09,9.6,175.2,0.19503128849558074,0,0
2007-11-20,6161,754000,13454150,18.25,18.25,17.35,18.2,-0.05,275,2007,12.91,1.09,9.6,174.72,0.19449695619833257,0,0
2007-11-21,6161,625000,11449800,18.0,18.9,17.75,17.9,-0.3,250,2007,12.7,1.07,9.6,171.83999999999997,0.19129096241484356,0,0
2007-11-22,6161,300000,5343850,17.7,18.2,17.6,17.65,-0.25,120,2007,12.52,1.05,9.6,169.43999999999997,0.1886193009286027,0,0
2007-11-23,6161,1478000,27556600,17.8,18.85,17.2,18.85,1.2,370,2007,13.37,1.12,9.6,180.96,0.20144327606255874,0,0
2007-11-26,6161,1087000,21903050,20.15,20.15,20.15,20.15,1.3,358,2007,14.29,1.2,9.6,193.43999999999997,0.21533591579101102,0,0
2007-11-27,6161,12965000,273848200,21.55,21.55,20.15,20.5,0.35,3925,2007,14.54,1.22,9.6,196.79999999999998,0.2190762418717482,0,0
2007-11-28,6161,6748000,145882750,20.8,21.9,20.6,21.9,1.4,2178,2007,15.53,1.31,9.6,210.23999999999998,0.23403754619469685,0,0
2007-11-29,6161,4785000,101444200,21.9,22.5,20.4,20.4,-1.5,1469,2007,14.47,1.22,9.6,195.83999999999997,0.21800757727725187,0,0
2007-11-30,6161,4869000,93345200,19.0,20.0,19.0,19.1,-1.3,1455,2007,13.55,1.14,9.6,183.36,0.20411493754879959,0,0
2007-12-03,6161,1592000,30334000,18.8,19.5,18.6,18.8,-0.3,674,2007,13.33,1.12,9.6,180.48,0.19711384613368313,0,0
2007-12-04,6161,1432000,27727800,18.8,19.8,18.6,19.35,0.55,608,2007,13.72,1.15,9.6,185.76000000000002,0.20288047461099834,0,0
2007-12-05,6161,1601000,31602350,19.55,20.4,19.4,19.45,0.1,679,2007,13.79,1.16,9.6,186.72,0.2039289525159647,0,0
2007-12-06,6161,1159000,22642850,19.9,20.2,18.9,18.9,-0.55,497,2007,13.4,1.13,9.6,181.43999999999997,0.1981623240386495,0,0
2007-12-07,6161,653000,12423000,19.35,19.35,18.8,19.05,0.15,272,2007,13.51,1.14,9.6,182.88,0.19973504089609911,0,0
2007-12-10,6161,552000,10318350,19.05,19.05,18.5,18.55,-0.5,221,2007,13.16,1.11,9.6,178.08,0.19449265137126714,0,0
2007-12-11,6161,375000,7023500,18.55,19.0,18.3,18.55,0.0,189,2007,13.16,1.11,9.6,178.08,0.19449265137126714,0,0
2007-12-12,6161,738000,13338700,18.05,18.45,17.7,18.1,-0.45,295,2007,12.84,1.08,9.6,173.76000000000002,0.18977450079891833,0,0
2007-12-13,6161,689000,11933200,18.05,18.1,16.85,16.85,-1.25,317,2007,11.95,1.01,9.6,161.76000000000002,0.17666852698683835,0,0
2007-12-14,6161,902000,14553600,16.85,16.85,15.7,16.2,-0.65,369,2007,11.49,0.97,9.6,155.51999999999998,0.16985342060455672,0,0
2007-12-17,6161,997000,15554850,16.0,16.4,15.1,15.1,-1.1,272,2007,10.71,0.9,9.6,144.95999999999998,0.15832016364992632,0,0
2007-12-18,6161,1378000,19520200,14.05,14.8,14.05,14.1,-1.0,491,2007,10.0,0.84,9.6,135.35999999999999,0.1478353846002623,0,0
2007-12-19,6161,1125000,16594500,14.2,15.05,14.2,15.0,0.9,400,2007,10.64,0.89,9.6,144.0,0.15727168574495992,0,0
2007-12-20,6161,839000,12231600,15.2,15.4,13.95,14.35,-0.65,311,2007,10.18,0.86,9.6,137.76,0.15045657936267834,0,0
2007-12-21,6161,887000,12368950,14.35,14.5,13.45,14.0,-0.35,321,2007,9.93,0.84,9.6,134.4,0.14678690669529593,0,0
2007-12-24,6161,566000,8281500,14.5,14.95,14.3,14.95,0.95,238,2007,10.6,0.89,9.6,143.51999999999998,0.1567474467924767,0,0
2007-12-25,6161,648000,9744900,14.95,15.4,14.7,15.2,0.25,274,2007,10.78,0.91,9.6,145.92,0.15936864155489272,0,0
2007-12-26,6161,397000,5964350,15.0,15.35,14.8,15.3,0.1,146,2007,10.85,0.91,9.6,146.88,0.16041711945985912,0,0
2007-12-27,6161,556000,8689800,15.0,16.0,15.0,15.6,0.3,229,2007,11.06,0.93,9.6,149.76,0.16356255317475832,0,0
2007-12-28,6161,547000,8556550,15.45,15.9,15.15,15.7,0.1,204,2007,11.13,0.94,9.6,150.72,0.16461103107972472,0,0
2007-12-31,6161,618000,9883800,15.8,16.2,15.7,16.05,0.35,212,2007,11.38,0.96,9.6,154.08,0.16828070374710716,0,0
2008-01-02,6161,1096000,17941050,16.0,16.8,15.85,16.1,0.05,327,2008,11.42,0.96,10.1,162.61,0.17556118362851209,0,0
2008-01-03,6161,1850000,31527850,15.3,17.2,15.3,17.2,1.1,437,2008,12.2,1.03,10.1,173.72,0.1875560471062365,0,0
2008-01-04,6161,3471000,62844900,18.4,18.4,17.5,18.0,0.8,1075,2008,12.77,1.07,10.1,181.79999999999998,0.19627958418094513,0,0
2008-01-07,6161,1218000,20834700,17.6,17.6,16.75,16.8,-1.2,458,2008,11.91,1.0,10.1,169.68,0.18319427856888215,0,0
2008-01-08,6161,1755000,31128100,17.5,17.95,17.4,17.7,0.9,627,2008,12.55,1.06,10.1,178.76999999999998,0.19300825777792938,0,0
2008-01-09,6161,1170000,20435550,17.3,17.9,16.8,17.7,0.0,426,2008,12.55,1.06,10.1,178.76999999999998,0.19300825777792938,0,0
2008-01-10,6161,1137000,20432600,18.1,18.2,17.7,17.7,0.0,462,2008,12.55,1.06,10.1,178.76999999999998,0.19300825777792938,0,0
2008-01-11,6161,1475000,26765850,18.1,18.35,17.85,17.95,0.25,568,2008,12.73,1.07,10.1,181.295,0.19573436311377584,0,0
2008-01-14,6161,1004000,17985850,18.4,18.5,17.4,17.65,-0.3,400,2008,12.52,1.05,10.1,178.265,0.1924630367107601,0,0
2008-01-15,6161,3036000,51053800,17.85,18.2,16.45,16.45,-1.2,1036,2008,11.67,0.98,10.1,166.14499999999998,0.1793777310986971,0,0
2008-01-16,6161,1972000,30307200,15.3,15.9,15.3,15.3,-1.15,669,2008,10.85,0.91,10.1,154.53,0.1668376465538034,0,0
2008-01-17,6161,1133000,17153650,15.3,15.7,14.95,15.0,-0.3,426,2008,10.64,0.89,10.1,151.5,0.16356632015078765,0,0
2008-01-18,6161,489000,7408150,15.0,15.5,14.6,15.2,0.2,251,2008,10.78,0.91,10.1,153.51999999999998,0.16574720441946478,0,0
2008-01-21,6161,577000,8673500,15.2,15.55,14.9,15.0,-0.2,254,2008,10.64,0.89,10.1,151.5,0.16356632015078765,0,0
2008-01-22,6161,868000,12136200,14.2,14.2,13.95,13.95,-1.05,281,2008,9.89,0.83,10.1,140.89499999999998,0.15211667774023246,0,0
2008-01-23,6161,865000,11584050,14.0,14.05,13.0,13.0,-0.95,311,2008,9.22,0.78,10.1,131.29999999999998,0.14175747746401593,0,0
2008-01-24,6161,770000,10235300,13.5,13.9,12.5,13.3,0.3,271,2008,9.43,0.79,10.1,134.33,0.14502880386703174,0,0
2008-01-25,6161,474000,6540050,13.7,14.1,13.5,13.85,0.55,178,2008,9.82,0.83,10.1,139.885,0.15102623560589393,0,0
2008-01-28,6161,349000,4605450,13.75,13.8,13.0,13.0,-0.85,158,2008,9.22,0.78,10.1,131.29999999999998,0.14175747746401593,0,0
2008-01-29,6161,2149000,29294850,13.2,13.9,13.0,13.6,0.6,499,2008,9.65,0.81,10.1,137.35999999999999,0.14830013027004743,0,0
2008-01-30,6161,404000,5494650,13.8,13.8,13.3,13.5,-0.1,161,2008,9.57,0.81,10.1,136.35,0.14720968813570887,0,0
2008-01-31,6161,198000,2648750,13.3,13.6,13.25,13.25,-0.25,98,2008,9.4,0.79,10.1,133.825,0.1444835827998624,0,0
2008-02-01,6161,305000,4068200,13.5,13.7,13.1,13.35,0.1,124,2008,9.47,0.8,10.1,134.83499999999998,0.14557402493420096,0,0
2008-02-12,6161,168000,2196900,13.3,13.5,12.8,12.85,-0.5,93,2008,9.11,0.77,10.1,129.785,0.1370832433334513,0,0
2008-02-13,6161,593000,7848650,13.0,13.45,13.0,13.2,0.35,160,2008,9.36,0.79,10.1,133.32,0.14081702817132738,0,0
2008-02-14,6161,540000,7438800,13.4,14.1,13.4,14.05,0.85,232,2008,9.96,0.84,10.1,141.905,0.1498847913490265,0,0
2008-02-15,6161,433000,6020000,13.8,14.2,13.55,14.1,0.05,169,2008,10.0,0.84,10.1,142.41,0.1504181891830088,0,0
2008-02-18,6161,870000,12788100,14.6,15.05,14.35,14.9,0.8,391,2008,10.57,0.89,10.1,150.49,0.1589525545267256,0,0
2008-02-19,6161,491000,7317700,15.0,15.1,14.7,14.85,-0.05,181,2008,10.53,0.89,10.1,149.98499999999999,0.15841915669274328,0,0
2008-02-20,6161,382000,5596950,14.8,14.8,14.4,14.5,-0.35,143,2008,10.28,0.87,10.1,146.45,0.1546853718548672,0,0
2008-02-21,6161,797000,12011050,14.8,15.3,14.65,15.1,0.6,242,2008,10.71,0.9,10.1,152.51,0.16108614586265482,0,0
2008-02-22,6161,381000,5689200,14.9,15.1,14.6,15.1,0.0,130,2008,10.71,0.9,10.1,152.51,0.16108614586265482,0,0
2008-02-25,6161,547000,8358500,15.2,15.5,15.1,15.2,0.1,210,2008,10.78,0.91,10.1,153.51999999999998,0.16215294153061938,0,0
2008-02-26,6161,479000,7151950,15.3,15.5,14.75,14.9,-0.3,198,2008,10.57,0.89,10.1,150.49,0.1589525545267256,0,0
2008-02-27,6161,773000,11693350,15.05,15.4,14.95,15.0,0.1,257,2008,10.64,0.89,10.1,151.5,0.1600193501946902,0,0
2008-02-29,6161,857000,13076250,15.0,15.5,14.9,15.15,0.15,285,2008,10.74,0.9,10.1,153.015,0.16161954369663709,0,0
2008-03-03,6161,407000,5972350,14.8,14.9,14.45,14.6,-0.55,155,2008,10.35,0.87,10.1,147.45999999999998,0.1536272587639996,0,0
2008-03-04,6161,1346000,20461250,14.6,15.6,14.6,15.6,1.0,349,2008,11.06,0.93,10.1,157.56,0.16414967374783523,0,0
2008-03-05,6161,2562000,42604550,16.6,16.65,16.1,16.65,1.05,828,2008,11.81,0.99,10.1,168.165,0.1751982094808626,0,0
2008-03-06,6161,2845000,48536250,16.95,17.55,16.65,17.35,0.7,1000,2008,12.3,1.04,10.1,175.235,0.18256389996954753,0,0
2008-03-07,6161,978000,16534700,17.0,17.2,16.7,16.8,-0.55,332,2008,11.91,1.0,10.1,169.68,0.17677657172843794,0,0
2008-03-10,6161,512000,8374400,16.8,16.8,16.1,16.15,-0.65,218,2008,11.45,0.96,10.1,163.11499999999998,0.16993700198894476,0,0
2008-03-11,6161,373000,5921450,15.6,16.1,15.6,15.85,-0.3,136,2008,11.24,0.95,10.1,160.08499999999998,0.1667802774937941,0,0
2008-03-12,6161,513000,8359250,16.8,16.8,15.95,16.1,0.25,171,2008,11.42,0.96,10.1,162.61,0.16941088123975304,0,0
2008-03-13,6161,575000,9006900,16.0,16.0,15.3,15.3,-0.8,210,2008,10.85,0.91,10.1,154.53,0.16099294925268454,0,0
2008-03-14,6161,392000,5953750,15.6,15.8,14.9,15.0,-0.3,143,2008,10.64,0.89,10.1,151.5,0.15783622475753387,0,0
2008-03-17,6161,325000,4689250,14.9,14.9,14.2,14.7,-0.3,158,2008,10.43,0.88,10.1,148.47,0.1546795002623832,0,0
2008-03-18,6161,274000,3978300,14.7,14.75,14.2,14.55,-0.15,100,2008,10.32,0.87,10.1,146.955,0.15310113801480787,0,0
2008-03-19,6161,382000,5624500,14.85,14.85,14.55,14.55,0.0,156,2008,10.32,0.87,10.1,146.955,0.15310113801480787,0,0
2008-03-20,6161,217000,3122100,14.5,14.5,14.3,14.5,-0.05,81,2008,10.28,0.87,10.1,146.45,0.15257501726561606,0,0
2008-03-21,6161,513000,7501300,14.6,14.75,14.5,14.7,0.2,170,2008,10.43,0.88,10.1,148.47,0.1546795002623832,0,0
2008-03-24,6161,593000,8897900,15.5,15.5,14.65,14.95,0.25,243,2008,10.6,0.89,10.1,150.99499999999998,0.15731010400834206,0,0
2008-03-25,6161,507000,7635350,15.0,15.35,14.85,15.1,0.15,225,2008,10.71,0.9,10.1,152.51,0.15888846625591743,0,0
2008-03-26,6161,938000,14513350,14.95,15.75,14.95,15.5,0.4,312,2008,10.99,0.92,10.1,156.54999999999998,0.16309743224945164,0,0
2008-03-27,6161,391000,5967600,15.5,15.6,15.0,15.1,-0.4,166,2008,10.71,0.9,10.1,152.51,0.15888846625591743,0,0
2008-03-28,6161,488000,7421550,15.1,15.4,15.1,15.15,0.05,151,2008,10.74,0.9,10.1,153.015,0.1594145870051092,0,0
2008-03-31,6161,499000,7574900,15.15,15.35,15.05,15.25,0.1,167,2008,10.82,0.91,10.1,154.025,0.16046682850349275,0,0
2008-04-01,6161,760000,11827100,15.3,15.8,15.25,15.3,0.05,294,2008,10.85,0.91,10.1,154.53,0.16099294925268454,0,0
2008-04-02,6161,1055000,16619100,15.5,16.0,15.35,15.7,0.4,347,2008,11.13,0.94,10.1,158.57,0.16771233479430728,0,0
2008-04-03,6161,1114000,17959850,15.8,16.65,15.6,16.5,0.8,439,2008,11.7,0.98,10.1,166.65,0.17625818624879427,0,0
2008-04-07,6161,1164000,19479900,17.2,17.2,16.3,16.4,-0.1,460,2008,11.63,0.98,10.1,165.64,0.17518995481698338,0,0
2008-04-08,6161,560000,9002800,16.35,16.4,15.8,15.85,-0.55,232,2008,11.24,0.95,10.1,160.08499999999998,0.16931468194202356,0,0
2008-04-09,6161,760000,12218050,15.65,16.3,15.65,16.1,0.25,262,2008,11.42,0.96,10.1,162.61,0.1719852605215508,0,0
2008-04-10,6161,815000,13234550,16.1,16.4,16.1,16.2,0.1,302,2008,11.49,0.97,10.1,163.61999999999998,0.17305349195336162,0,0
2008-04-11,6161,777000,12521550,16.4,16.4,15.9,16.0,-0.2,203,2008,11.35,0.95,10.1,161.6,0.1709170290897399,0,0
2008-04-14,6161,470000,7395500,16.0,16.0,15.5,15.5,-0.5,161,2008,10.99,0.92,10.1,156.54999999999998,0.16557587193068551,0,0
2008-04-15,6161,355000,5530900,15.05,15.8,15.05,15.55,0.05,119,2008,11.03,0.93,10.1,157.055,0.16610998764659096,0,0
2008-04-16,6161,681000,10638450,15.55,15.9,15.3,15.3,-0.25,210,2008,10.85,0.91,10.1,154.53,0.16343940906706378,0,0
2008-04-17,6161,1355000,21639050,15.5,16.35,15.45,16.35,1.05,368,2008,11.6,0.98,10.1,165.13500000000002,0.174655839101078,0,0
2008-04-18,6161,1962000,33003650,17.1,17.1,16.5,16.65,0.3,642,2008,11.81,0.99,10.1,168.165,0.1778605333965106,0,0
2008-04-21,6161,886000,13982800,15.5,16.4,15.5,15.9,-0.75,345,2008,11.28,0.95,10.1,160.59,0.16984879765792904,0,0
2008-04-22,6161,268000,4270150,16.0,16.1,15.8,16.0,0.1,143,2008,11.35,0.95,10.1,161.6,0.1709170290897399,0,0
2008-04-23,6161,454000,7259900,15.9,16.1,15.8,16.0,0.0,187,2008,11.35,0.95,10.1,161.6,0.1709170290897399,0,0
2008-04-24,6161,240000,3816100,16.0,16.15,15.8,15.85,-0.15,116,2008,11.24,0.95,10.1,160.08499999999998,0.16931468194202356,0,0
2008-04-25,6161,414000,6638200,15.95,16.2,15.85,15.85,0.0,162,2008,11.24,0.95,10.1,160.08499999999998,0.16931468194202356,0,0
2008-04-28,6161,281000,4398850,15.9,16.0,15.5,15.7,-0.15,127,2008,11.13,0.94,10.1,158.57,0.16771233479430728,0,0
2008-04-29,6161,268000,4132200,15.7,15.75,15.2,15.35,-0.35,107,2008,10.89,0.92,10.1,155.035,0.16397352478296923,0,0
2008-04-30,6161,610000,9560300,15.4,15.85,15.4,15.5,0.15,176,2008,10.99,0.92,10.1,156.54999999999998,0.16557587193068551,0,0
2008-05-02,6161,410000,6366900,15.5,15.7,15.4,15.5,0.0,129,2008,10.99,0.92,10.1,156.54999999999998,0.1704175212942979,0,0
2008-05-05,6161,290000,4576400,15.7,15.95,15.6,15.75,0.25,111,2008,11.17,0.94,10.1,159.075,0.17316619099259306,0,0
2008-05-06,6161,311000,4861700,15.9,15.9,15.5,15.6,-0.15,115,2008,11.06,0.93,10.1,157.56,0.171516989173616,0,0
2008-05-07,6161,686000,11421900,16.65,16.65,16.65,16.65,1.05,217,2008,11.81,0.99,10.1,168.165,0.18306140190645553,0,0
2008-05-08,6161,2864000,48786000,17.2,17.25,16.7,16.9,0.25,868,2008,11.99,1.01,10.1,170.68999999999997,0.18581007160475063,0,0
2008-05-09,6161,736000,12036750,16.7,16.8,16.05,16.1,-0.8,291,2008,19.63,0.99,10.1,162.61,0.17701432857020627,0,0
2008-05-12,6161,1001000,15308250,15.1,15.8,15.1,15.4,-0.7,351,2008,18.78,0.95,10.1,155.54,0.16931805341497988,0,0
2008-05-13,6161,640000,10063050,15.55,15.95,15.4,15.6,0.2,226,2008,19.02,0.96,10.1,157.56,0.171516989173616,0,0
2008-05-14,6161,307000,4773700,15.65,15.65,15.4,15.55,-0.05,122,2008,18.96,0.96,10.1,157.055,0.17096725523395698,0,0
2008-05-15,6161,379000,5931100,15.75,15.8,15.55,15.8,0.25,140,2008,19.27,0.97,10.1,159.58,0.17371592493225213,0,0
2008-05-16,6161,660000,10592650,15.9,16.3,15.75,16.0,0.2,244,2008,19.51,0.98,10.1,161.6,0.1759148606908882,0,0
2008-05-19,6161,453000,7264300,16.4,16.4,15.85,15.9,-0.1,193,2008,19.39,0.98,10.1,160.59,0.17481539281157016,0,0
2008-05-20,6161,347000,5500200,16.0,16.1,15.7,15.75,-0.15,144,2008,19.21,0.97,10.1,159.075,0.17316619099259306,0,0
2008-05-21,6161,345000,5424600,15.8,15.9,15.6,15.7,-0.05,127,2008,19.15,0.96,10.1,158.57,0.17261645705293405,0,0
2008-05-22,6161,322000,5104100,15.75,15.95,15.6,15.9,0.2,136,2008,19.39,0.98,10.1,160.59,0.17481539281157016,0,0
2008-05-23,6161,637000,10231050,15.9,16.3,15.8,15.8,-0.1,256,2008,19.27,0.97,10.1,159.58,0.17371592493225213,0,0
2008-05-26,6161,468000,7155600,15.7,15.75,15.0,15.15,-0.65,179,2008,18.48,0.93,10.1,153.015,0.16656938371668473,0,0
2008-05-27,6161,368000,5511000,15.2,15.25,14.85,14.9,-0.25,140,2008,18.17,0.92,10.1,150.49,0.16382071401838963,0,0
2008-05-28,6161,261000,3916900,14.95,15.15,14.95,14.95,0.05,93,2008,18.23,0.92,10.1,150.99499999999998,0.16437044795804864,0,0
2008-05-29,6161,165000,2447750,15.25,15.25,14.6,14.6,-0.35,87,2008,17.8,0.9,10.1,147.45999999999998,0.16052231038043546,0,0
2008-05-30,6161,274000,3947800,14.65,14.9,14.1,14.5,-0.1,131,2008,17.68,0.89,10.1,146.45,0.15942284250111743,0,0
2008-06-02,6161,131000,1901600,14.7,14.7,14.3,14.65,0.15,48,2008,17.87,0.9,10.1,147.965,0.16260821086569902,0,0
2008-06-03,6161,57000,818950,14.3,14.45,14.3,14.4,-0.25,27,2008,17.56,0.89,10.1,145.44,0.15983332672123315,0,0
2008-06-04,6161,97000,1403800,14.4,14.6,14.3,14.45,0.05,48,2008,17.62,0.89,10.1,145.945,0.16038830355012634,0,0
2008-06-05,6161,85000,1235050,14.5,14.75,14.4,14.7,0.25,44,2008,17.93,0.9,10.1,148.47,0.16316318769459218,0,0
2008-06-06,6161,129000,1903450,14.9,14.95,14.6,14.75,0.05,53,2008,17.99,0.91,10.1,148.975,0.16371816452348537,0,0
2008-06-09,6161,86000,1228750,14.1,14.4,14.1,14.3,-0.45,44,2008,17.44,0.88,10.1,144.43,0.15872337306344683,0,0
2008-06-10,6161,177000,2498750,14.1,14.25,14.0,14.05,-0.25,77,2008,17.13,0.86,10.1,141.905,0.15594848891898097,0,0
2008-06-11,6161,117000,1617950,14.3,14.3,13.65,13.65,-0.4,69,2008,16.65,0.84,10.1,137.865,0.1515086742878356,0,0
2008-06-12,6161,300000,3831500,12.7,13.05,12.7,12.7,-0.95,136,2008,15.49,0.78,10.1,128.26999999999998,0.14096411453886534,0,0
2008-06-13,6161,427000,5221850,12.2,12.7,12.1,12.45,-0.25,176,2008,15.18,0.77,10.1,125.74499999999999,0.1381892303943995,0,0
2008-06-16,6161,136000,1683500,12.5,12.65,12.2,12.4,-0.05,69,2008,15.12,0.76,10.1,125.24,0.13763425356550632,0,0
2008-06-17,6161,93000,1140300,12.3,12.4,12.2,12.35,-0.05,43,2008,15.06,0.76,10.1,124.73499999999999,0.13707927673661313,0,0
2008-06-18,6161,187000,2343500,12.3,12.75,12.3,12.55,0.2,88,2008,15.3,0.77,10.1,126.75500000000001,0.13929918405218583,0,0
2008-06-19,6161,56000,700450,12.5,12.55,12.3,12.55,0.0,26,2008,15.3,0.77,10.1,126.75500000000001,0.13929918405218583,0,0
2008-06-20,6161,104000,1294600,12.45,12.55,12.4,12.4,-0.15,41,2008,15.12,0.76,10.1,125.24,0.13763425356550632,0,0
2008-06-23,6161,141000,1661400,12.2,12.2,11.55,12.0,-0.4,61,2008,14.63,0.74,10.1,121.19999999999999,0.13319443893436098,0,0
2008-06-24,6161,193000,2223300,11.55,11.95,11.35,11.35,-0.65,79,2008,13.84,0.7,10.1,114.63499999999999,0.12597974015874974,0,0
2008-06-25,6161,224000,2529150,11.05,11.55,11.05,11.55,0.2,88,2008,14.09,0.71,10.1,116.655,0.12819964747432244,0,0
2008-06-26,6161,149000,1742650,11.6,11.9,11.55,11.7,0.15,66,2008,14.27,0.72,10.1,118.16999999999999,0.12986457796100193,0,0
2008-06-27,6161,306000,3363900,11.1,11.25,10.9,10.9,-0.8,92,2008,13.29,0.67,10.1,110.09,0.12098494869871121,0,0
2008-06-30,6161,511000,5243300,10.9,10.9,10.15,10.15,-0.75,176,2008,12.38,0.62,10.1,102.515,0.11266029626531365,0,0
2008-07-01,6161,443000,4230290,9.66,9.8,9.44,9.44,-0.71,140,2008,11.51,0.58,10.1,95.344,0.10477962529503063,0,0
2008-07-02,6161,477000,4417510,9.0,9.6,9.0,9.4,-0.04,152,2008,11.46,0.58,10.1,94.94,0.10735984897701126,0,0
2008-07-03,6161,450000,4218340,9.29,10.0,8.9,9.75,0.35,164,2008,11.89,0.6,10.1,98.475,0.11135729016232551,0,0
2008-07-04,6161,453000,4513460,9.89,10.2,9.8,9.86,0.11,167,2008,12.02,0.61,10.1,99.58599999999998,0.11261362882056712,0,0
2008-07-07,6161,113000,1125270,9.86,10.1,9.86,9.95,0.09,58,2008,12.13,0.61,10.1,100.49499999999999,0.11364154226821936,0,0
2008-07-08,6161,134000,1287630,9.95,10.0,9.26,9.56,-0.39,76,2008,11.66,0.59,10.1,96.556,0.10918725066172635,0,0
2008-07-09,6161,291000,2778840,9.6,9.73,9.32,9.35,-0.21,111,2008,11.4,0.57,10.1,94.43499999999999,0.10678878595053778,0,0
2008-07-10,6161,123000,1136690,9.29,9.4,9.17,9.3,-0.05,52,2008,11.34,0.57,10.1,93.93,0.10621772292406435,0,0
2008-07-11,6161,309000,2911640,9.3,9.57,9.22,9.48,0.18,103,2008,11.56,0.58,10.1,95.748,0.1082735498193688,0,0
2008-07-14,6161,156000,1490570,9.48,9.65,9.48,9.48,0.0,63,2008,11.56,0.58,10.1,95.748,0.1082735498193688,0,0
2008-07-15,6161,314000,2849430,9.31,9.31,8.9,9.0,-0.48,99,2008,10.98,0.55,10.1,90.89999999999999,0.10279134476522354,0,0
2008-07-16,6161,414000,3590040,9.0,9.0,8.37,8.37,-0.63,142,2008,10.21,0.51,10.1,84.53699999999999,0.09559595063165789,0,0
2008-07-17,6161,518000,4429570,8.42,8.7,8.42,8.58,0.21,132,2008,10.46,0.53,10.1,86.658,0.09799441534284645,0,0
2008-07-18,6161,551000,4651950,8.7,8.81,7.98,8.35,-0.23,160,2008,10.18,0.51,10.1,84.335,0.09536752542106851,0,0
2008-07-21,6161,198000,1670380,8.33,8.58,8.33,8.5,0.15,93,2008,10.37,0.52,10.1,85.85,0.09708071450048891,0,0
2008-07-22,6161,251000,2150100,8.5,8.88,8.35,8.79,0.29,86,2008,10.72,0.54,10.1,88.77899999999998,0.10039288005403499,0,0
2008-07-23,6161,428000,3928890,8.92,9.37,8.92,9.29,0.5,135,2008,11.33,0.57,10.1,93.829,0.10610351031876963,0,0
2008-07-24,6161,466000,4393090,9.64,9.64,9.31,9.46,0.17,177,2008,11.54,0.58,10.1,95.546,0.10804512460877944,0,0
2008-07-25,6161,262000,2409660,9.34,9.34,9.11,9.28,-0.18,94,2008,11.32,0.57,10.1,93.728,0.10598929771347496,0,0
2008-07-29,6161,274000,2474900,9.2,9.2,8.96,9.0,-0.28,94,2008,10.98,0.55,10.1,90.89999999999999,0.10279134476522354,0,0
2008-07-30,6161,213000,1915860,9.01,9.12,8.9,8.97,-0.03,63,2008,10.94,0.55,10.1,90.59700000000001,0.10244870694933948,0,0
2008-07-31,6161,399000,3491290,8.97,9.11,8.5,8.75,-0.22,126,2008,10.67,0.54,10.1,88.375,0.09993602963285624,0,0
2008-08-01,6161,387000,3259210,8.6,8.6,8.2,8.6,-0.15,134,2008,10.49,0.53,10.1,86.86,0.09822284055343583,0,0
2008-08-04,6161,89000,762440,8.55,8.79,8.5,8.51,-0.09,31,2008,10.38,0.52,10.1,85.951,0.09880135067174364,0,0
2008-08-05,6161,233000,1937620,8.41,8.52,8.23,8.26,-0.25,88,2008,10.07,0.51,10.1,83.426,0.09589884330770888,0,0
2008-08-06,6161,256000,2161140,8.31,8.53,8.31,8.5,0.24,85,2008,10.37,0.52,10.1,85.85,0.09868525037718227,0,0
2008-08-07,6161,216000,1849740,8.49,8.65,8.46,8.54,0.04,69,2008,10.41,0.52,10.1,86.25399999999999,0.09914965155542782,0,0
2008-08-08,6161,217000,1881520,8.31,8.82,8.31,8.82,0.28,90,2008,10.76,0.54,10.1,89.082,0.10240045980314677,0,0
2008-08-11,6161,413000,3773000,9.14,9.29,8.95,9.29,0.47,158,2008,11.33,0.57,10.1,93.829,0.10785717364753214,0,0
2008-08-12,6161,343000,3223760,9.33,9.58,9.16,9.5,0.21,129,2008,11.59,0.58,10.1,95.95,0.11029527983332135,0,0
2008-08-13,6161,305000,2891380,9.51,9.57,9.41,9.47,-0.03,78,2008,11.55,0.58,10.1,95.647,0.10994697894963719,0,0
2008-08-14,6161,625000,6181870,9.69,10.1,9.57,10.1,0.63,219,2008,12.32,0.62,10.1,102.00999999999999,0.1172612975070048,0,0
2008-08-15,6161,829000,8553100,10.4,10.5,10.1,10.1,0.0,276,2008,12.32,0.62,10.1,102.00999999999999,0.1172612975070048,0,0
2008-08-18,6161,333000,3276410,10.2,10.25,9.45,9.53,-0.57,125,2008,11.62,0.59,10.1,96.25299999999999,0.11064358071700552,0,0
2008-08-19,6161,278000,2687760,9.5,9.97,9.21,9.72,0.19,125,2008,11.85,0.6,10.1,98.172,0.11284948631367196,0,0
2008-08-20,6161,235000,2301130,9.67,9.95,9.52,9.89,0.17,81,2008,12.06,0.61,10.1,99.889,0.1148231913212156,0,0
2008-08-21,6161,125000,1222750,9.89,9.94,9.7,9.7,-0.19,48,2008,11.83,0.6,10.1,97.96999999999998,0.11261728572454917,0,0
2008-08-22,6161,190000,1812330,9.7,9.71,9.5,9.51,-0.19,88,2008,11.6,0.58,10.1,96.05099999999999,0.11041138012788274,0,0
2008-08-25,6161,282000,2684330,9.71,9.71,9.46,9.49,-0.02,107,2008,11.57,0.58,10.1,95.849,0.11017917953875997,0,0
2008-08-26,6161,135000,1164870,8.69,8.7,8.55,8.7,0.0,46,2008,10.61,0.53,10.1,87.86999999999999,0.10100725626841008,0,0
2008-08-27,6161,145000,1286370,8.7,8.91,8.7,8.89,0.19,56,2008,10.84,0.55,10.1,89.789,0.10321316186507651,0,0
2008-08-28,6161,111000,995690,8.8,9.05,8.8,8.96,0.07,43,2008,10.93,0.55,10.1,90.49600000000001,0.10402586392700626,0,0
2008-08-29,6161,249000,2297990,9.02,9.38,9.02,9.13,0.17,94,2008,11.13,0.56,10.1,92.21300000000001,0.10599956893454991,0,0
2008-09-01,6161,275000,2357910,9.0,9.0,8.5,8.55,-0.58,118,2008,10.43,0.53,10.1,86.355,0.09926575184998922,0,0
2008-09-02,6161,166000,1367020,8.31,8.45,8.05,8.15,-0.4,65,2008,9.94,0.5,10.1,82.315,0.09648323501963421,0,0
2008-09-03,6161,346000,2654740,8.01,8.14,7.58,7.58,-0.57,112,2008,9.24,0.47,10.1,76.55799999999999,0.08973532778513219,0,0
2008-09-04,6161,445000,3149670,7.2,7.3,7.05,7.05,-0.53,139,2008,8.6,0.43,10.1,71.205,0.08346095790041978,0,0
2008-09-05,6161,466000,3074250,6.56,6.8,6.56,6.56,-0.49,145,2008,8.0,0.4,10.1,66.256,0.07766012536549699,0,0
2008-09-08,6161,132000,924920,7.01,7.01,6.93,7.01,0.45,42,2008,63.73,0.43,10.1,70.801,0.08298742055063017,0,0
2008-09-09,6161,121000,805710,7.0,7.0,6.52,6.74,-0.27,54,2008,61.27,0.42,10.1,68.074,0.07979104343955026,0,0
2008-09-10,6161,135000,934700,6.57,7.02,6.57,6.94,0.2,49,2008,63.09,0.43,10.1,70.09400000000001,0.08215873018849836,0,0
2008-09-11,6161,234000,1557270,7.01,7.01,6.46,6.46,-0.48,75,2008,58.73,0.4,10.1,65.246,0.07647628199102295,0,0
2008-09-12,6161,281000,1784700,6.53,6.6,6.06,6.4,-0.06,87,2008,58.18,0.39,10.1,64.64,0.07576597596633852,0,0
2008-09-15,6161,336000,2012410,6.11,6.11,5.96,5.96,-0.44,84,2008,54.18,0.37,10.1,60.196,0.07055706511865276,0,0
2008-09-16,6161,32000,177600,5.55,5.55,5.55,5.55,-0.41,11,2008,50.45,0.34,10.1,56.055,0.0657033072833092,0,0
2008-09-17,6161,539000,2849530,5.2,5.6,5.17,5.17,-0.38,132,2008,47.0,0.32,10.1,52.217,0.06120470246030784,0,0
2008-09-18,6161,534000,2568700,4.81,4.82,4.81,4.81,-0.36,106,2008,43.73,0.3,10.1,48.580999999999996,0.056942866312201294,0,0
2008-09-19,6161,470000,2358990,5.0,5.14,4.95,5.14,0.33,37,2008,46.73,0.32,10.1,51.913999999999994,0.060849549447965626,0,0
2008-09-22,6161,183000,993520,5.39,5.49,5.39,5.49,0.35,43,2008,49.91,0.34,10.1,55.449,0.06499300125862477,0,0
2008-09-23,6161,302000,1764350,5.86,5.87,5.56,5.87,0.38,83,2008,53.36,0.36,10.1,59.287,0.06949160608162612,0,0
2008-09-24,6161,674000,4219110,6.15,6.28,6.02,6.28,0.41,171,2008,57.09,0.39,10.1,63.428,0.07434536391696968,0,0
2008-09-25,6161,709000,4726050,6.71,6.71,6.3,6.71,0.43,189,2008,61.0,0.41,10.1,67.771,0.07943589042720806,0,0
2008-09-26,6161,384000,2527400,6.85,6.92,6.26,6.6,-0.11,113,2008,60.0,0.41,10.1,66.66,0.0781336627152866,0,0
2008-09-30,6161,115000,706100,6.14,6.14,6.14,6.14,-0.46,18,2008,55.82,0.38,10.1,62.013999999999996,0.07268798319270603,0,0
2008-10-01,6161,351000,2224930,6.55,6.56,6.1,6.4,0.26,79,2008,58.18,0.39,10.1,64.64,0.07576597596633852,0,0
2008-10-02,6161,184000,1188420,6.61,6.61,6.29,6.45,0.05,46,2008,58.64,0.4,10.1,65.145,0.07715090798133219,0,0
2008-10-03,6161,145000,916790,6.36,6.42,6.13,6.32,-0.13,40,2008,57.45,0.39,10.1,63.832,0.07559592844062317,0,0
2008-10-06,6161,126000,777860,6.0,6.3,6.0,6.29,-0.03,31,2008,57.18,0.39,10.1,63.528999999999996,0.07523708700815186,0,0
2008-10-07,6161,163000,982950,5.87,6.28,5.87,6.23,-0.06,50,2008,56.64,0.38,10.1,62.923,0.07451940414320923,0,0
2008-10-08,6161,224000,1333460,6.0,6.15,5.8,6.14,-0.09,74,2008,55.82,0.38,10.1,62.013999999999996,0.0734428798457953,0,0
2008-10-09,6161,90000,531410,6.0,6.13,5.72,5.72,-0.42,47,2008,52.0,0.35,10.1,57.772,0.06841909979119692,0,0
2008-10-13,6161,258000,1443180,5.52,5.9,5.52,5.9,0.18,43,2008,53.64,0.36,10.1,59.59,0.0705721483860248,0,0
2008-10-14,6161,465000,2716910,5.7,6.2,5.7,6.16,0.26,79,2008,56.0,0.38,10.1,62.216,0.07368210746744283,0,0
2008-10-15,6161,426000,2553410,5.99,6.1,5.95,6.05,-0.11,60,2008,55.0,0.37,10.1,61.105,0.07236635554838136,0,0
2008-10-16,6161,235000,1392680,5.85,6.14,5.84,6.14,0.09,48,2008,55.82,0.38,10.1,62.013999999999996,0.0734428798457953,0,0
2008-10-17,6161,197000,1179190,5.95,6.1,5.93,6.09,-0.05,55,2008,55.36,0.38,10.1,61.50899999999999,0.07284481079167643,0,0
2008-10-20,6161,114000,681240,6.13,6.13,5.88,6.08,-0.01,33,2008,55.27,0.38,10.1,61.408,0.07272519698085267,0,0
2008-10-21,6161,191000,1171930,6.08,6.3,6.05,6.1,0.02,56,2008,55.45,0.38,10.1,61.60999999999999,0.0729644246025002,0,0
2008-10-22,6161,176000,1064860,5.92,6.2,5.92,6.07,-0.03,54,2008,55.18,0.37,10.1,61.307,0.0726055831700289,0,0
2008-10-23,6161,247000,1452710,5.86,5.95,5.86,5.95,-0.12,67,2008,54.09,0.37,10.1,60.095,0.07117021744014365,0,0
2008-10-24,6161,185000,1067380,5.8,5.84,5.75,5.8,-0.15,45,2008,52.73,0.36,10.1,58.58,0.06937601027778709,0,0
2008-10-27,6161,190000,1028480,5.43,5.6,5.4,5.4,-0.4,53,2008,49.09,0.33,10.1,54.54,0.06459145784483625,0,0
2008-10-28,6161,322000,1686920,5.03,5.74,5.03,5.74,0.34,98,2008,52.18,0.35,10.1,57.974,0.06865832741284446,0,0
2008-10-29,6161,197000,1125500,5.79,6.1,5.6,5.7,-0.04,46,2008,51.82,0.35,10.1,57.57,0.06817987216954938,0,0
2008-10-30,6161,296000,1710970,5.59,6.0,5.5,5.97,0.27,87,2008,54.27,0.37,10.1,60.297,0.07140944506179119,0,0
2008-10-31,6161,162000,940710,5.73,5.99,5.72,5.89,-0.08,38,2008,53.55,0.36,10.1,59.489,0.07045253457520102,0,0
2008-11-03,6161,157000,897410,5.8,5.8,5.66,5.75,-0.14,57,2008,52.27,0.35,10.1,58.074999999999996,0.07094153061956174,0,0
2008-11-04,6161,154000,851200,5.68,5.68,5.43,5.45,-0.3,58,2008,49.55,0.34,10.1,55.045,0.06724023336984547,0,0
2008-11-05,6161,164000,904980,5.6,5.6,5.45,5.49,0.04,64,2008,0.0,0.38,10.1,55.449,0.06773373966980764,0,0
2008-11-06,6161,233000,1203890,5.15,5.38,5.11,5.37,-0.12,55,2008,0.0,0.37,10.1,54.237,0.06625322076992113,0,0
2008-11-07,6161,164000,850620,5.0,5.35,5.0,5.35,-0.02,50,2008,0.0,0.37,10.1,54.035,0.06600646761994004,0,0
2008-11-10,6161,99000,520470,5.35,5.35,5.16,5.31,-0.04,35,2008,0.0,0.37,10.1,53.63099999999999,0.06551296131997787,0,0
2008-11-11,6161,171000,877670,5.1,5.2,5.05,5.2,-0.11,43,2008,0.0,0.36,10.1,52.52,0.06415581899508192,0,0
2008-11-12,6161,243000,1284650,4.9,5.4,4.9,5.4,0.2,46,2008,0.0,0.37,10.1,54.54,0.06662335049489276,0,0
2008-11-13,6161,438000,2429790,5.1,5.77,5.03,5.77,0.37,91,2008,0.0,0.4,10.1,58.276999999999994,0.07118828376954281,0,0
2008-11-14,6161,441000,2570390,6.0,6.0,5.61,5.9,0.13,120,2008,0.0,0.41,10.1,59.59,0.07279217924441987,0,0
2008-11-17,6161,260000,1444190,5.6,5.7,5.49,5.6,-0.3,66,2008,0.0,0.39,10.1,56.559999999999995,0.0690908819947036,0,0
2008-11-18,6161,73000,380420,5.21,5.23,5.21,5.21,-0.39,27,2008,0.0,0.36,10.1,52.620999999999995,0.06427919557007244,0,0
2008-11-19,6161,232000,1151640,4.85,5.08,4.85,4.87,-0.34,44,2008,0.0,0.34,10.1,49.187,0.06008439202039403,0,0
2008-11-20,6161,47000,213370,4.53,4.76,4.53,4.53,-0.34,23,2008,0.0,0.31,10.1,45.753,0.055889588470715595,0,0
2008-11-21,6161,112000,481030,4.22,4.47,4.22,4.47,-0.06,44,2008,0.0,0.31,10.1,45.147,0.05514932902077234,0,0
2008-11-24,6161,62000,262180,4.2,4.44,4.2,4.21,-0.26,27,2008,0.0,0.29,10.1,42.521,0.05194153807101824,0,0
2008-11-25,6161,32000,137370,4.4,4.4,4.24,4.24,0.03,11,2008,0.0,0.29,10.1,42.824,0.05231166779598987,0,0
2008-11-26,6161,270000,1103740,4.1,4.1,4.01,4.1,-0.14,47,2008,0.0,0.28,10.1,41.41,0.05058439574612227,0,0
2008-11-27,6161,170000,724970,4.1,4.3,4.1,4.26,0.16,53,2008,0.0,0.3,10.1,43.025999999999996,0.05255842094597095,0,0
2008-11-28,6161,94000,406290,4.2,4.4,4.2,4.37,0.11,40,2008,0.0,0.3,10.1,44.137,0.05391556327086692,0,0
2008-12-01,6161,121000,535200,4.45,4.48,4.3,4.45,0.08,40,2008,0.0,0.31,10.1,44.945,0.054902575870791254,0,0
2008-12-02,6161,53000,221390,4.18,4.3,4.15,4.3,-0.15,19,2008,0.0,0.3,10.1,43.43,0.05439962442589482,0,0
2008-12-03,6161,63000,267780,4.2,4.32,4.16,4.16,-0.14,24,2008,0.0,0.29,10.1,42.016,0.05262847386319127,0,0
2008-12-04,6161,93000,391590,4.2,4.28,4.12,4.13,-0.03,20,2008,0.0,0.29,10.1,41.713,0.052248941599754795,0,0
2008-12-05,6161,101000,396140,4.17,4.17,3.86,4.1,-0.03,34,2008,0.0,0.28,10.1,41.41,0.05186940933631831,0,0
2008-12-08,6161,76000,311600,4.15,4.15,3.92,4.1,0.0,24,2008,0.0,0.28,10.1,41.41,0.05186940933631831,0,0
2008-12-09,6161,133000,527750,4.11,4.11,3.93,4.0,-0.1,48,2008,0.0,0.28,10.1,40.4,0.05060430179153007,0,0
2008-12-10,6161,226000,931280,4.0,4.2,3.95,4.2,0.2,60,2008,0.0,0.29,10.1,42.42,0.05313451688110657,0,0
2008-12-11,6161,203000,864010,4.21,4.39,4.12,4.28,0.08,55,2008,0.0,0.3,10.1,43.228,0.054146602916937174,0,0
2008-12-12,6161,228000,947850,4.39,4.39,4.05,4.14,-0.14,63,2008,0.0,0.29,10.1,41.81399999999999,0.05237545235423361,0,0
2008-12-15,6161,112000,474830,4.25,4.29,4.16,4.16,0.02,43,2008,0.0,0.29,10.1,42.016,0.05262847386319127,0,0
2008-12-16,6161,44000,185320,4.16,4.26,4.12,4.19,0.03,21,2008,0.0,0.29,10.1,42.319,0.053008006126627746,0,0
2008-12-17,6161,98000,410310,4.28,4.3,4.14,4.15,-0.04,46,2008,0.0,0.29,10.1,41.915,0.05250196310871245,0,0
2008-12-18,6161,82000,343030,4.15,4.21,4.15,4.18,0.03,28,2008,0.0,0.29,10.1,42.217999999999996,0.052881495372148916,0,0
2008-12-19,6161,93000,384390,4.07,4.24,4.07,4.13,-0.05,29,2008,0.0,0.29,10.1,41.713,0.052248941599754795,0,0
2008-12-22,6161,147000,598160,4.13,4.13,4.02,4.02,-0.11,31,2008,0.0,0.28,10.1,40.602,0.05085732330048771,0,0
2008-12-23,6161,189000,718420,4.0,4.0,3.75,3.83,-0.19,52,2008,0.0,0.27,10.1,38.683,0.04845361896539004,0,0
2008-12-24,6161,51000,193380,3.89,3.89,3.73,3.84,0.01,18,2008,0.0,0.27,10.1,38.784,0.048580129719868866,0,0
2008-12-25,6161,8000,30450,3.75,3.9,3.75,3.9,0.06,5,2008,0.0,0.27,10.1,39.39,0.04933919424674182,0,0
2008-12-26,6161,94000,356550,3.8,3.9,3.73,3.84,-0.06,38,2008,0.0,0.27,10.1,38.784,0.048580129719868866,0,0
2008-12-29,6161,46000,178500,3.84,3.95,3.75,3.89,0.05,21,2008,0.0,0.27,10.1,39.289,0.04921268349226299,0,0
2008-12-30,6161,54000,211510,4.04,4.04,3.85,3.86,-0.03,23,2008,0.0,0.27,10.1,38.986,0.04883315122882652,0,0
2008-12-31,6161,200000,822550,3.99,4.13,3.9,4.13,0.27,59,2008,0.0,0.29,10.1,41.713,0.052248941599754795,0,0
2009-01-05,6161,234000,993190,4.34,4.34,4.06,4.08,-0.05,67,2009,0.0,0.28,10.1,41.208,0.05272997385766439,0,0
2009-01-06,6161,96000,392730,4.08,4.16,4.04,4.12,0.04,31,2009,0.0,0.29,10.1,41.612,0.053246934385680705,0,0
2009-01-07,6161,151000,629570,4.15,4.23,4.12,4.13,0.01,51,2009,0.0,0.29,10.1,41.713,0.05337617451768478,0,0
2009-01-08,6161,213000,839340,4.04,4.13,3.85,3.93,-0.2,72,2009,0.0,0.27,10.1,39.693,0.0507913718776032,0,0
2009-01-09,6161,35000,135730,3.95,3.95,3.87,3.94,0.01,6,2009,0.0,0.27,10.1,39.794,0.05092061200960727,0,0
2009-01-12,6161,72000,276530,3.84,3.85,3.84,3.84,0.0,12,2009,0.0,0.27,10.1,38.784,0.04962821068956648,0,0
2009-01-13,6161,84000,327460,3.84,3.93,3.84,3.9,0.06,21,2009,0.0,0.27,10.1,39.39,0.05040365148159096,0,0
2009-01-14,6161,190000,752310,3.9,4.0,3.9,3.96,0.06,46,2009,0.0,0.27,10.1,39.995999999999995,0.051179092273615424,0,0
2009-01-15,6161,54000,209360,3.87,3.96,3.86,3.86,-0.1,23,2009,0.0,0.27,10.1,38.986,0.04988669095357464,0,0
2009-01-16,6161,34000,130750,3.9,3.9,3.81,3.82,-0.04,10,2009,0.0,0.26,10.1,38.581999999999994,0.04936973042555832,0,0
2009-01-19,6161,116000,446790,3.83,3.9,3.83,3.83,0.0,30,2009,0.0,0.27,10.1,38.683,0.0494989705575624,0,0
2009-01-20,6161,76000,287600,3.91,3.91,3.74,3.74,-0.09,22,2009,0.0,0.26,10.1,37.774,0.04833580936952569,0,0
2009-01-21,6161,66000,249080,3.88,3.88,3.72,3.79,0.05,26,2009,0.0,0.26,10.1,38.278999999999996,0.04898201002954608,0,0
2009-02-02,6161,27000,100480,3.61,3.8,3.61,3.7,-0.09,14,2009,0.0,0.26,10.1,37.37,0.0510556580448593,0,0
2009-02-03,6161,120000,448250,3.62,3.87,3.62,3.65,-0.05,41,2009,0.0,0.25,10.1,36.864999999999995,0.05036571671992876,0,0
2009-02-04,6161,49000,187520,3.8,3.86,3.8,3.83,0.18,20,2009,0.0,0.27,10.1,38.683,0.052849505489678685,0,0
2009-02-05,6161,27000,102990,3.83,3.91,3.8,3.81,-0.02,6,2009,0.0,0.26,10.1,38.481,0.05257352895970647,0,0
2009-02-06,6161,126000,485880,3.97,3.97,3.75,3.85,0.04,38,2009,0.0,0.27,10.1,38.885,0.053125482019650894,0,0
2009-02-09,6161,122000,473300,3.75,3.9,3.75,3.88,0.03,23,2009,0.0,0.27,10.1,39.187999999999995,0.053539446814609204,0,0
2009-02-10,6161,73000,283280,3.9,3.9,3.8,3.87,-0.01,29,2009,0.0,0.27,10.1,39.086999999999996,0.0534014585496231,0,0
2009-02-11,6161,178000,698640,3.8,4.08,3.8,4.0,0.13,44,2009,0.0,0.28,10.1,40.4,0.05519530599444249,0,0
2009-02-12,6161,389000,1573400,4.05,4.18,3.96,3.97,-0.03,76,2009,0.0,0.28,10.1,40.097,0.05478134119948417,0,0
2009-02-13,6161,245000,1019630,4.1,4.24,3.98,4.19,0.22,89,2009,0.0,0.29,10.1,42.319,0.057817083029178505,0,0
2009-02-16,6161,533000,2325380,4.2,4.48,4.2,4.4,0.21,102,2009,0.0,0.3,10.1,44.440000000000005,0.060714836593886747,0,0
2009-02-17,6161,340000,1491140,4.4,4.5,4.25,4.37,-0.03,80,2009,0.0,0.3,10.1,44.137,0.060300871798928415,0,0
2009-02-18,6161,132000,560890,4.37,4.37,4.1,4.22,-0.15,39,2009,0.0,0.29,10.1,42.62199999999999,0.058231047824136815,0,0
2009-02-19,6161,50000,208670,4.2,4.2,4.13,4.19,-0.03,20,2009,0.0,0.29,10.1,42.319,0.057817083029178505,0,0
2009-02-20,6161,183000,737080,4.2,4.2,3.91,4.1,-0.09,58,2009,0.0,0.28,10.1,41.41,0.05657518864430354,0,0
2009-02-23,6161,222000,874350,4.0,4.02,3.83,3.96,-0.14,58,2009,0.0,0.27,10.1,39.995999999999995,0.054643352934498055,0,0
2009-02-24,6161,1152000,4805520,3.9,4.23,3.9,4.23,0.27,146,2009,0.0,0.29,10.1,42.723000000000006,0.05836903608912294,0,0
2009-02-25,6161,207000,935640,4.52,4.52,4.52,4.52,0.29,37,2009,0.0,0.31,10.1,45.651999999999994,0.06237069577372,0,0
2009-02-26,6161,1170000,5481070,4.83,4.83,4.3,4.3,-0.22,252,2009,0.0,0.3,10.1,43.43,0.05933495394402567,0,0
2009-02-27,6161,995000,4419010,4.32,4.6,4.3,4.6,0.3,208,2009,0.0,0.32,10.1,46.459999999999994,0.06347460189360886,0,0
2009-03-02,6161,1135000,5483800,4.79,4.92,4.66,4.71,0.11,287,2009,0.0,0.33,10.1,47.571,0.06521580879132298,0,0
2009-03-03,6161,2110000,10360390,4.6,5.03,4.53,5.03,0.32,361,2009,0.0,0.35,10.1,50.803,0.06964660684083962,0,0
2009-03-04,6161,1006000,5123890,5.05,5.2,5.0,5.13,0.1,241,2009,0.0,0.36,10.1,51.812999999999995,0.07103123123131357,0,0
2009-03-05,6161,893000,4724670,5.4,5.48,5.06,5.23,0.1,202,2009,0.0,0.36,10.1,52.823,0.07241585562178751,0,0
2009-03-06,6161,2025000,10976500,5.1,5.59,5.03,5.49,0.26,316,2009,0.0,0.38,10.1,55.449,0.07601587903701978,0,0
2009-03-09,6161,941000,5435240,5.76,5.87,5.48,5.86,0.37,181,2009,0.0,0.41,10.1,59.186,0.08113898928177339,0,0
2009-03-10,6161,892000,5540280,5.86,6.27,5.86,6.27,0.41,197,2009,0.0,0.43,10.1,63.32699999999999,0.08681594928271656,0,0
2009-03-11,6161,906000,5822680,6.47,6.67,6.3,6.38,0.11,204,2009,0.0,0.44,10.1,64.438,0.08833903611223792,0,0
2009-03-12,6161,1001000,6594680,6.38,6.82,6.35,6.51,0.13,294,2009,0.0,0.45,10.1,65.75099999999999,0.09013904781985405,0,0
2009-03-13,6161,945000,6027340,6.51,6.61,6.08,6.23,-0.28,242,2009,0.0,0.43,10.1,62.923,0.086262099526527,0,0
2009-03-16,6161,397000,2456050,6.23,6.32,6.1,6.18,-0.05,97,2009,0.0,0.43,10.1,62.41799999999999,0.08556978733129002,0,0
2009-03-17,6161,2410000,15654300,6.1,6.61,5.9,6.41,0.23,313,2009,0.0,0.44,10.1,64.741,0.08875442342938011,0,0
2009-03-18,6161,513000,3291140,6.4,6.54,6.26,6.26,-0.15,130,2009,0.0,0.43,10.1,63.226,0.08667748684366919,0,0
2009-03-19,6161,202000,1271960,6.45,6.45,6.25,6.25,-0.01,70,2009,0.0,0.43,10.1,63.125,0.0865390244046218,0,0
2009-03-20,6161,206000,1253200,6.2,6.32,6.0,6.05,-0.2,72,2009,0.0,0.42,10.1,61.105,0.0837697756236739,0,0
2009-03-23,6161,82000,498450,5.85,6.2,5.85,6.1,0.05,43,2009,0.0,0.42,10.1,61.60999999999999,0.08446208781891086,0,0
2009-03-24,6161,484000,2914250,6.11,6.16,5.92,6.03,-0.07,139,2009,0.0,0.42,10.1,60.903,0.0834928507455791,0,0
2009-03-25,6161,477000,2916110,6.05,6.35,5.92,6.2,0.17,117,2009,0.0,0.43,10.1,62.62,0.08584671220938482,0,0
2009-03-26,6161,971000,6238370,6.33,6.56,6.28,6.42,0.22,187,2009,0.0,0.44,10.1,64.842,0.0888928858684275,0,0
2009-03-27,6161,485000,3207480,6.5,6.79,6.5,6.56,0.14,154,2009,0.0,0.45,10.1,66.256,0.09083136001509104,0,0
2009-03-30,6161,309000,1976950,6.57,6.7,6.14,6.14,-0.42,76,2009,0.0,0.43,10.1,62.013999999999996,0.08501593757510045,0,0
2009-03-31,6161,97000,590910,6.14,6.15,6.0,6.09,-0.05,34,2009,0.0,0.42,10.1,61.50899999999999,0.08432362537986346,0,0
2009-04-01,6161,212000,1321850,6.13,6.39,6.13,6.29,0.2,75,2009,0.0,0.44,10.1,63.528999999999996,0.08709287416081138,0,0
2009-04-02,6161,2270000,14921690,6.35,6.73,6.24,6.73,0.44,399,2009,0.0,0.47,10.1,67.973,0.09450173493468031,0,0
2009-04-03,6161,379000,2728800,7.2,7.2,7.2,7.2,0.47,68,2009,0.0,0.5,10.1,72.72,0.10110141033130732,0,0
2009-04-06,6161,216000,1663200,7.7,7.7,7.7,7.7,0.5,75,2009,0.0,0.53,10.1,77.77,0.10812234160431478,0,0
2009-04-07,6161,2449000,19798950,8.23,8.23,7.7,8.12,0.42,567,2009,0.0,0.56,10.1,82.01199999999999,0.11401992387364102,0,0
2009-04-08,6161,2312000,18781720,8.0,8.32,7.83,8.01,-0.11,356,2009,0.0,0.56,10.1,80.901,0.11247531899357939,0,0
2009-04-09,6161,1050000,8914390,8.1,8.57,8.1,8.57,0.56,278,2009,0.0,0.59,10.1,86.557,0.12033876201934773,0,0
2009-04-10,6161,906000,7656790,8.6,8.7,8.3,8.32,-0.25,227,2009,0.0,0.58,10.1,84.032,0.11682829638284402,0,0
2009-04-13,6161,1137000,9774380,8.32,8.89,8.32,8.62,0.3,234,2009,0.0,0.6,10.1,87.06199999999998,0.12104085514664847,0,0
2009-04-14,6161,479000,4044770,8.62,8.62,8.33,8.35,-0.27,132,2009,0.0,0.58,10.1,84.335,0.11724955225922444,0,0
2009-04-15,6161,284000,2360210,8.4,8.48,8.2,8.35,0.0,80,2009,0.0,0.58,10.1,84.335,0.11724955225922444,0,0
2009-04-16,6161,686000,5853820,8.44,8.7,8.44,8.64,0.29,174,2009,0.0,0.6,10.1,87.264,0.12132169239756878,0,0
2009-04-17,6161,1990000,17883050,8.6,9.24,8.11,8.36,-0.28,441,2009,0.0,0.58,10.1,84.43599999999999,0.1173899708846846,0,0
2009-04-20,6161,621000,5002540,7.78,8.49,7.78,8.35,-0.01,138,2009,0.0,0.58,10.1,84.335,0.11724955225922444,0,0
2009-04-21,6161,459000,3873740,7.83,8.65,7.83,8.6,0.25,103,2009,0.0,0.6,10.1,86.86,0.12076001789572818,0,0
2009-04-22,6161,684000,6067920,9.15,9.15,8.66,8.85,0.25,185,2009,0.0,0.61,10.1,89.38499999999999,0.1242704835322319,0,0
2009-04-23,6161,547000,4994870,8.89,9.3,8.89,9.13,0.28,168,2009,0.0,0.63,10.1,92.21300000000001,0.1282022050451161,0,0
2009-04-24,6161,1078000,10271000,9.2,9.69,9.2,9.55,0.42,213,2009,0.0,0.66,10.1,96.455,0.13409978731444236,0,0
2009-04-27,6161,815000,7655690,9.55,9.99,8.9,9.29,-0.26,195,2009,0.0,0.64,10.1,93.829,0.13044890305247844,0,0
2009-04-28,6161,1090000,10834600,9.94,9.94,9.94,9.94,0.65,372,2009,0.0,0.69,10.1,100.39399999999999,0.13957611370738815,0,0
2009-04-29,6161,3632000,36446000,10.6,10.6,9.25,9.25,-0.69,569,2009,0.0,0.64,10.1,93.425,0.12988722855063786,0,0
2009-04-30,6161,4451000,43798030,9.89,9.89,9.56,9.89,0.64,753,2009,0.0,0.69,10.1,99.889,0.1388740205800874,0,0
2009-05-04,6161,2242000,23636950,10.55,10.55,10.3,10.55,0.66,361,2009,0.0,0.73,10.1,106.555,0.14907340292936827,0,0
2009-05-05,6161,5066000,56705350,11.25,11.25,10.85,11.25,0.7,931,2009,0.0,0.78,10.1,113.625,0.15896452919008464,0,0
2009-05-06,6161,3817000,43515000,11.25,11.95,10.8,11.5,0.25,740,2009,0.0,0.77,10.1,116.14999999999999,0.16249707428319762,0,0
2009-05-07,6161,2792000,33138300,11.8,12.3,11.15,12.3,0.8,665,2009,0.0,0.83,10.1,124.23,0.1738012185811592,0,0
2009-05-08,6161,1638000,21223400,12.6,13.15,12.4,13.15,0.85,414,2009,0.0,0.88,10.1,132.815,0.18581187189774337,0,0
2009-05-11,6161,2747000,36645250,13.5,13.65,13.05,13.25,0.1,680,2009,0.0,0.89,10.1,133.825,0.1872248899349886,0,0
2009-05-12,6161,2300000,28928350,13.0,13.0,12.35,12.95,-0.3,570,2009,0.0,0.87,10.1,130.795,0.18298583582325295,0,0
2009-05-13,6161,1745000,23311600,12.6,13.85,12.6,13.85,0.9,493,2009,0.0,0.93,10.1,139.885,0.19570299815845976,0,0
2009-05-14,6161,3857000,55530150,14.0,14.8,14.0,14.8,0.95,1091,2009,0.0,0.99,10.1,149.48,0.20912666951228914,0,0
2009-05-15,6161,2742000,41426850,15.7,15.7,14.55,14.55,-0.25,841,2009,0.0,0.98,10.1,146.955,0.20559412441917618,0,0
2009-05-18,6161,1166000,17257450,14.2,15.2,14.2,14.55,0.0,403,2009,0.0,0.98,10.1,146.955,0.20559412441917618,0,0
2009-05-19,6161,1883000,26966500,14.7,15.0,13.6,13.7,-0.85,625,2009,0.0,0.92,10.1,138.36999999999998,0.19358347110259194,0,0
2009-05-20,6161,1309000,17722950,14.0,14.0,13.15,13.5,-0.2,462,2009,0.0,0.91,10.1,136.35,0.19075743502810158,0,0
2009-05-21,6161,2011000,27879000,13.5,14.15,13.5,13.9,0.4,484,2009,0.0,0.93,10.1,140.39,0.19640950717708233,0,0
2009-05-22,6161,1461000,20561750,13.8,14.45,13.6,13.95,0.05,500,2009,0.0,0.94,10.1,140.89499999999998,0.19711601619570493,0,0
2009-05-25,6161,1187000,16526400,14.05,14.3,13.75,13.75,-0.2,361,2009,0.0,0.92,10.1,138.875,0.19428998012121457,0,0
2009-05-26,6161,1037000,13887950,14.1,14.1,12.85,13.0,-0.75,330,2009,0.0,0.87,10.1,131.29999999999998,0.18369234484187555,0,0
2009-05-27,6161,780000,10451750,13.0,13.75,13.0,13.65,0.65,269,2009,0.0,0.92,10.1,137.865,0.19287696208396937,0,0
2009-06-01,6161,546000,7389700,13.9,13.9,13.25,13.3,-0.35,173,2009,0.0,0.89,10.1,134.33,0.18793139895361122,0,0
2009-06-02,6161,1521000,19739950,13.2,13.5,12.55,12.7,-0.6,547,2009,0.0,0.85,10.1,128.26999999999998,0.18229507898505964,0,0
2009-06-03,6161,796000,10245900,12.5,13.2,12.45,12.9,0.2,277,2009,0.0,0.87,10.1,130.29,0.1851658676304937,0,0
2009-06-04,6161,854000,11335000,12.9,13.45,12.9,13.3,0.4,319,2009,0.0,0.89,10.1,134.33,0.19090744492136175,0,0
2009-06-05,6161,627000,8368250,13.7,13.7,13.05,13.2,-0.1,224,2009,0.0,0.89,10.1,133.32,0.1894720505986447,0,0
2009-06-08,6161,868000,11133450,13.35,13.35,12.35,12.4,-0.85,288,2009,0.0,0.83,10.1,125.24,0.17798889601690865,0,0
2009-06-09,6161,1176000,13737050,12.4,12.4,11.55,11.55,-0.85,321,2009,0.0,0.78,10.1,116.655,0.1657880442738141,0,0
2009-06-10,6161,583000,6580850,11.55,11.75,11.0,11.0,-0.55,207,2009,0.0,0.74,10.1,111.1,0.1578933754988706,0,0
2009-06-11,6161,1034000,11703850,11.1,11.75,10.8,11.75,0.75,296,2009,0.0,0.79,10.1,118.675,0.16865883291924813,0,0
2009-06-12,6161,990000,11973000,11.9,12.35,11.9,12.0,0.25,313,2009,0.0,0.81,10.1,121.19999999999999,0.17224731872604063,0,0
2009-06-15,6161,471000,5421250,11.7,12.0,11.2,11.6,-0.4,166,2009,0.0,0.78,10.1,117.16,0.1665057414351726,0,0
2009-06-16,6161,318000,3561500,11.4,11.45,11.0,11.1,-0.5,134,2009,0.0,0.75,10.1,112.11,0.15932876982158758,0,0
2009-06-17,6161,463000,5182650,11.2,11.45,11.0,11.0,-0.1,159,2009,0.0,0.74,10.1,111.1,0.1578933754988706,0,0
2009-06-18,6161,339000,3755050,11.2,11.35,10.85,11.0,0.0,120,2009,0.0,0.74,10.1,111.1,0.1578933754988706,0,0
2009-06-19,6161,265000,2957250,11.05,11.3,10.95,11.3,0.3,108,2009,0.0,0.76,10.1,114.13000000000001,0.1621995584670216,0,0
2009-06-22,6161,309000,3477600,11.3,11.4,11.05,11.35,0.05,132,2009,0.0,0.76,10.1,114.63499999999999,0.1629172556283801,0,0
2009-06-23,6161,283000,3138300,11.1,11.2,11.0,11.1,-0.25,105,2009,0.0,0.75,10.1,112.11,0.15932876982158758,0,0
2009-06-24,6161,1767000,20659900,10.95,11.85,10.9,11.75,0.65,466,2009,0.0,0.79,10.1,118.675,0.16865883291924813,0,0
2009-06-25,6161,646000,7548450,11.7,12.0,11.4,11.55,-0.2,237,2009,0.0,0.78,10.1,116.655,0.1657880442738141,0,0
2009-06-26,6161,648000,7677450,11.6,12.2,11.6,11.65,0.1,230,2009,0.0,0.78,10.1,117.665,0.16722343859653113,0,0
2009-06-29,6161,226000,2609450,11.7,11.8,11.45,11.5,-0.15,83,2009,0.0,0.77,10.1,116.14999999999999,0.1650703471124556,0,0
2009-06-30,6161,373000,4281400,11.7,11.7,11.25,11.35,-0.15,115,2009,0.0,0.76,10.1,114.63499999999999,0.1629172556283801,0,0
2009-07-01,6161,973000,11539500,11.25,12.1,11.25,11.7,0.35,249,2009,0.0,0.79,10.1,118.16999999999999,0.16794113575788958,0,0
2009-07-02,6161,605000,7228350,11.8,12.15,11.75,11.9,0.2,189,2009,0.0,0.8,10.1,120.19,0.16943699943553894,0,0
2009-07-03,6161,777000,9422250,12.0,12.35,11.7,12.15,0.25,240,2009,0.0,0.82,10.1,122.715,0.17299660026401664,0,0
2009-07-06,6161,595000,7260700,12.35,12.35,11.95,12.35,0.2,187,2009,0.0,0.83,10.1,124.73499999999999,0.1758442809267988,0,0
2009-07-07,6161,2159000,28219200,12.45,13.2,12.45,13.2,0.85,464,2009,0.0,0.89,10.1,133.32,0.18794692374362304,0,0
2009-07-08,6161,1839000,25677400,13.9,14.1,13.5,14.1,0.9,480,2009,0.0,0.95,10.1,142.41,0.20076148672614277,0,0
2009-07-09,6161,3646000,53405350,15.05,15.05,14.0,14.2,0.1,971,2009,0.0,0.95,10.1,143.42,0.20218532705753384,0,0
2009-07-10,6161,1264000,17979850,14.3,14.6,14.0,14.05,-0.15,370,2009,0.0,0.94,10.1,141.905,0.20004956656044723,0,0
2009-07-13,6161,752000,10112500,14.0,14.1,13.15,13.45,-0.6,242,2009,0.0,0.9,10.1,135.845,0.19150652457210074,0,0
2009-07-14,6161,1657000,23213450,13.55,14.35,13.3,14.35,0.9,481,2009,0.0,0.96,10.1,144.935,0.2043210875546205,0,0
2009-07-15,6161,3453000,51795750,14.9,15.35,14.6,14.65,0.3,993,2009,0.0,0.98,10.1,147.965,0.20859260854879375,0,0
2009-07-16,6161,1646000,23566000,14.7,14.95,13.9,14.1,-0.55,586,2009,0.0,0.95,10.1,142.41,0.20076148672614277,0,0
2009-07-17,6161,3501000,51933800,14.6,15.05,14.2,15.05,0.95,891,2009,0.0,1.01,10.1,152.005,0.21428796987435808,0,0
2009-07-20,6161,4859000,77258650,15.3,16.1,15.3,16.1,1.05,1330,2009,0.0,1.08,10.1,162.61,0.22923829335396448,0,0
2009-07-21,6161,3446000,55688000,16.6,16.6,15.35,16.1,0.0,1149,2009,0.0,1.08,10.1,162.61,0.22923829335396448,0,0
2009-07-22,6161,1771000,28365050,16.0,16.4,15.7,15.9,-0.2,635,2009,0.0,1.07,10.1,160.59,0.2263906126911823,0,0
2009-07-23,6161,4298000,71071500,16.1,17.0,15.75,16.45,0.55,1300,2009,0.0,1.1,10.1,166.14499999999998,0.2342217345138332,0,0
2009-07-24,6161,2327000,37796800,16.8,16.8,15.85,15.85,-0.6,789,2009,0.0,1.06,10.1,160.08499999999998,0.2256786925254867,0,0
2009-07-27,6161,849000,13392450,16.0,16.0,15.5,15.7,-0.15,354,2009,0.0,1.05,10.1,158.57,0.22354293202840012,0,0
2009-07-28,6161,3382000,51905750,16.1,16.1,15.05,15.2,-0.5,1105,2009,0.0,1.02,10.1,153.51999999999998,0.21642373037144466,0,0
2009-07-29,6161,1820000,27785150,15.2,15.45,15.1,15.2,0.0,557,2009,0.0,1.02,10.1,153.51999999999998,0.21642373037144466,0,0
2009-07-30,6161,1431000,21325750,15.2,15.2,14.7,14.8,-0.4,458,2009,0.0,0.99,10.1,149.48,0.21072836904588035,0,0
2009-07-31,6161,2206000,34249000,15.0,15.8,15.0,15.3,0.5,672,2009,0.0,1.03,10.1,154.53,0.21784757070283578,0,0
2009-08-03,6161,914000,13863400,15.2,15.5,14.9,15.15,-0.15,361,2009,0.0,1.02,10.1,153.015,0.21480133736521306,0,0
2009-08-04,6161,942000,14235850,15.3,15.45,14.7,14.8,-0.35,353,2009,0.0,0.99,10.1,149.48,0.2098389302313633,0,0
2009-08-05,6161,891000,13326650,14.85,15.3,14.6,14.65,-0.15,342,2009,0.0,0.98,10.1,147.965,0.20771218431685623,0,0
2009-08-06,6161,761000,10966200,14.8,14.95,14.15,14.5,-0.15,281,2009,0.0,0.97,10.1,146.45,0.20558543840234916,0,0
2009-08-10,6161,733000,10894000,14.3,15.3,14.3,15.0,0.5,289,2009,0.0,1.01,10.1,151.5,0.21267459145070602,0,0
2009-08-11,6161,1155000,17779900,15.2,15.6,15.2,15.4,0.4,400,2009,0.0,1.03,10.1,155.54,0.21834591388939154,0,0
2009-08-12,6161,733000,11265250,15.4,15.6,15.2,15.35,-0.05,254,2009,0.0,1.03,10.1,155.035,0.21763699858455585,0,0
2009-08-13,6161,3026000,48503250,15.55,16.4,15.3,16.4,1.05,892,2009,0.0,1.1,10.1,165.64,0.23252421998610523,0,0
2009-08-14,6161,3516000,58425700,16.7,17.2,16.05,16.05,-0.35,1079,2009,0.0,1.08,10.1,162.105,0.22756181285225546,0,0
2009-08-17,6161,1427000,22988250,16.0,16.4,15.8,16.0,-0.05,458,2009,0.0,1.07,10.1,161.6,0.22685289754741977,0,0
2009-08-18,6161,1379000,21236750,15.85,16.0,14.95,15.0,-1.0,447,2009,0.0,1.01,10.1,151.5,0.21267459145070602,0,0
2009-08-19,6161,685000,10444750,15.1,15.4,15.05,15.25,0.25,237,2009,0.0,1.02,10.1,154.025,0.21621916797488447,0,0
2009-08-20,6161,836000,12367050,15.2,15.25,14.55,14.7,-0.55,330,2009,0.0,0.99,10.1,148.47,0.20842109962169192,0,0
2009-08-21,6161,1279000,18737300,14.7,15.1,14.2,14.2,-0.5,487,2009,0.0,0.95,10.1,143.42,0.201331946573335,0,0
2009-08-24,6161,755000,10850200,14.4,14.6,14.25,14.35,0.15,274,2009,0.0,0.96,10.1,144.935,0.2034586924878421,0,0
2009-08-25,6161,1106000,15565700,14.35,14.4,13.7,13.7,-0.65,392,2009,0.0,0.92,10.1,138.36999999999998,0.19424279352497814,0,0
2009-08-26,6161,1367000,18114500,13.8,13.95,13.0,13.2,-0.5,483,2009,0.0,0.89,10.1,133.32,0.1871536404766213,0,0
2009-08-27,6161,561000,7413900,13.2,13.5,13.0,13.05,-0.15,237,2009,0.0,0.88,10.1,131.805,0.18502689456211424,0,0
2009-08-28,6161,902000,11739450,13.1,13.3,12.85,12.9,-0.15,277,2009,0.0,0.87,10.1,130.29,0.18290014864760717,0,0
2009-08-31,6161,446000,5838600,13.1,13.2,13.0,13.15,0.25,186,2009,0.0,0.88,10.1,132.815,0.18644472517178562,0,0
2009-09-01,6161,955000,12897050,13.15,13.65,13.15,13.65,0.5,364,2009,0.0,0.92,10.1,137.865,0.19353387822014248,0,0
2009-09-02,6161,611000,8240950,13.6,13.65,13.35,13.35,-0.3,255,2009,0.0,0.89,10.1,134.83499999999998,0.1917757522968714,0,0
2009-09-03,6161,1056000,14511950,13.5,13.95,13.4,13.9,0.55,353,2009,0.0,0.93,10.1,140.39,0.1996766259870047,0,0
2009-09-04,6161,1115000,15681450,14.0,14.25,13.9,13.9,0.0,350,2009,0.0,0.93,10.1,140.39,0.1996766259870047,0,0
2009-09-07,6161,764000,10837350,14.15,14.4,14.0,14.0,0.1,246,2009,0.0,0.94,10.1,141.4,0.20111314847611989,0,0
2009-09-08,6161,1020000,14160550,14.3,14.3,13.55,13.55,-0.45,354,2009,0.0,0.91,10.1,136.855,0.19464879727510173,0,0
2009-09-09,6161,6381000,89944700,13.5,14.45,13.5,13.95,0.4,893,2009,0.0,0.93,10.1,140.89499999999998,0.20039488723156226,0,0
2009-09-10,6161,706000,9718700,14.05,14.2,13.5,13.6,-0.35,259,2009,0.0,0.91,10.1,137.35999999999999,0.19536705851965927,0,0
2009-09-11,6161,351000,4807700,13.6,13.75,13.6,13.65,0.05,155,2009,0.0,0.91,10.1,137.865,0.1960853197642169,0,0
2009-09-14,6161,533000,7426150,13.65,14.15,13.65,13.85,0.2,180,2009,0.0,0.93,10.1,139.885,0.19895836474244716,0,0
2009-09-15,6161,622000,8698000,14.0,14.05,13.9,13.95,0.1,191,2009,0.0,0.93,10.1,140.89499999999998,0.20039488723156226,0,0
2009-09-16,6161,2098000,30637100,14.2,14.9,14.05,14.9,0.95,588,2009,0.0,1.0,10.1,150.49,0.21404185087815616,0,0
2009-09-17,6161,5088000,79696950,15.8,15.9,15.1,15.3,0.4,1395,2009,0.0,1.02,10.1,154.53,0.21978794083461672,0,0
2009-09-18,6161,3630000,57264750,15.4,16.2,15.35,15.9,0.6,1087,2009,0.0,1.06,10.1,160.59,0.22840707576930758,0,0
2009-09-21,6161,3286000,53911450,16.55,16.55,16.2,16.3,0.4,924,2009,0.0,1.09,10.1,164.63,0.23415316572576814,0,0
2009-09-22,6161,2002000,32268900,16.5,16.6,15.6,15.85,-0.45,728,2009,0.0,1.06,10.1,160.08499999999998,0.22768881452474996,0,0
2009-09-23,6161,1758000,27618000,16.0,16.25,15.0,15.2,-0.65,630,2009,0.0,1.02,10.1,153.51999999999998,0.21835141834550154,0,0
2009-09-24,6161,993000,15219900,15.0,15.6,15.0,15.55,0.35,309,2009,0.0,1.04,10.1,157.055,0.22337924705740458,0,0
2009-09-25,6161,845000,13214000,15.45,15.85,15.45,15.45,-0.1,333,2009,0.0,1.03,10.1,156.045,0.2219427245682894,0,0
2009-09-28,6161,573000,8768500,15.45,15.5,15.2,15.2,-0.25,192,2009,0.0,1.02,10.1,153.51999999999998,0.21835141834550154,0,0
2009-09-29,6161,727000,11229800,15.3,15.75,15.2,15.2,0.0,260,2009,0.0,1.02,10.1,153.51999999999998,0.21835141834550154,0,0
2009-09-30,6161,665000,10246700,15.2,15.6,15.2,15.5,0.3,218,2009,0.0,1.04,10.1,156.54999999999998,0.22266098581284696,0,0
2009-10-01,6161,1137000,17907050,15.8,16.1,15.3,15.6,0.1,425,2009,0.0,1.04,10.1,157.56,0.22409750830196215,0,0
2009-10-02,6161,734000,11352150,15.5,15.75,15.2,15.3,-0.3,244,2009,0.0,1.02,10.1,154.53,0.22408018802260726,0,0
2009-10-05,6161,696000,10570450,15.3,15.3,15.1,15.15,-0.15,242,2009,0.0,1.01,10.1,153.015,0.2218833234341503,0,0
2009-10-06,6161,1080000,16840450,15.25,15.9,15.25,15.5,0.35,380,2009,0.0,1.04,10.1,156.54999999999998,0.22700934080721646,0,0
2009-10-07,6161,2220000,35354950,15.8,16.3,15.5,15.9,0.4,664,2009,0.0,1.06,10.1,160.59,0.232867646376435,0,0
2009-10-08,6161,1085000,16908950,16.05,16.2,15.3,15.3,-0.6,348,2009,0.0,1.02,10.1,154.53,0.22408018802260726,0,0
2009-10-09,6161,652000,10038150,15.4,15.7,15.3,15.3,0.0,219,2009,0.0,1.02,10.1,154.53,0.22408018802260726,0,0
2009-10-12,6161,928000,14296250,15.3,15.6,15.15,15.2,-0.1,267,2009,0.0,1.02,10.1,153.51999999999998,0.2226156116303026,0,0
2009-10-13,6161,637000,9727300,15.15,15.5,15.15,15.25,0.05,234,2009,0.0,1.02,10.1,154.025,0.22334789982645495,0,0
2009-10-14,6161,4235000,68403950,15.6,16.3,15.6,16.2,0.95,1183,2009,0.0,1.09,10.1,163.61999999999998,0.23726137555334884,0,0
2009-10-15,6161,2387000,38590750,16.45,16.55,15.6,15.6,-0.6,732,2009,0.0,1.04,10.1,157.56,0.22847391719952112,0,0
2009-10-16,6161,2319000,37652250,16.2,16.45,16.0,16.0,0.4,722,2009,0.0,1.07,10.1,161.6,0.2343322227687396,0,0
2009-10-19,6161,3266000,54263750,16.3,17.0,16.25,16.5,0.5,928,2009,0.0,1.11,10.1,166.65,0.24165510473026272,0,0
2009-10-20,6161,1645000,27082200,16.85,16.85,16.15,16.3,-0.2,633,2009,0.0,1.09,10.1,164.63,0.2387259519456535,0,0
2009-10-21,6161,2937000,48789250,16.55,16.85,16.3,16.55,0.25,806,2009,0.0,1.11,10.1,167.155,0.24238739292641504,0,0
2009-10-22,6161,2476000,41569100,16.7,17.0,16.5,16.9,0.35,812,2009,0.0,1.13,10.1,170.68999999999997,0.24751341029948118,0,0
2009-10-23,6161,4987000,88906200,17.3,18.05,17.3,17.6,0.7,1425,2009,0.0,1.18,10.1,177.76000000000002,0.2577654450456136,0,0
2009-10-26,6161,2671000,45381650,17.4,17.5,16.6,16.75,-0.85,828,2009,0.0,1.12,10.1,169.17499999999998,0.24531654571102426,0,0
2009-10-27,6161,1896000,30740000,16.5,16.7,16.0,16.1,-0.65,607,2009,0.0,1.08,10.1,162.61,0.23579679916104426,0,0
2009-10-28,6161,1221000,19644050,16.1,16.3,15.7,15.7,-0.4,397,2009,0.0,1.05,10.1,158.57,0.22993849359182575,0,0
2009-10-29,6161,1524000,22917800,15.3,15.5,14.65,15.15,-0.55,530,2009,0.0,1.01,10.1,153.015,0.2218833234341503,0,0
2009-10-30,6161,841000,12805950,15.35,15.45,14.9,15.0,-0.15,313,2009,0.0,1.0,10.1,151.5,0.21968645884569338,0,0
2009-11-02,6161,737000,10900900,14.8,15.0,14.6,15.0,0.0,240,2009,0.0,1.0,10.1,151.5,0.22194966445312775,0,0
2009-11-03,6161,1367000,21222150,15.1,15.9,15.0,15.6,0.6,499,2009,0.0,1.04,10.1,157.56,0.23082765103125286,0,0
2009-11-04,6161,1574000,25365950,16.0,16.35,15.9,16.2,0.6,575,2009,0.0,1.09,10.1,163.61999999999998,0.23970563760937794,0,0
2009-11-05,6161,735000,11717350,16.2,16.2,15.75,15.8,-0.4,279,2009,0.0,1.04,10.1,159.58,0.23378697989062794,0,0
2009-11-06,6161,783000,12349000,16.1,16.15,15.5,15.5,-0.3,316,2009,0.0,1.02,10.1,156.54999999999998,0.2293479866015653,0,0
2009-11-09,6161,419000,6494250,15.6,15.75,15.35,15.4,-0.1,166,2009,0.0,1.01,10.1,155.54,0.22786832217187783,0,0
2009-11-10,6161,629000,9773350,15.5,15.7,15.4,15.5,0.1,207,2009,0.0,1.02,10.1,156.54999999999998,0.2293479866015653,0,0
2009-11-11,6161,463000,7100700,15.5,15.5,15.25,15.25,-0.25,205,2009,0.0,1.0,10.1,154.025,0.22564882552734655,0,0
2009-11-12,6161,451000,6943450,15.4,15.5,15.3,15.4,0.15,147,2009,0.0,1.01,10.1,155.54,0.22786832217187783,0,0
2009-11-13,6161,460000,7139650,15.4,15.65,15.4,15.6,0.2,166,2009,0.0,1.02,10.1,157.56,0.23082765103125286,0,0
2009-11-16,6161,967000,15341850,15.6,16.1,15.6,15.85,0.25,349,2009,0.0,1.04,10.1,160.08499999999998,0.2345268121054716,0,0
2009-11-17,6161,514000,8019100,16.0,16.0,15.35,15.4,-0.45,190,2009,0.0,1.01,10.1,155.54,0.22786832217187783,0,0
2009-11-18,6161,387000,6033050,15.5,15.7,15.45,15.7,0.3,148,2009,0.0,1.03,10.1,158.57,0.23230731546094038,0,0
2009-11-19,6161,576000,8931250,15.55,15.75,15.4,15.45,-0.25,205,2009,0.0,1.01,10.1,156.045,0.22860815438672155,0,0
2009-11-20,6161,566000,8808450,15.5,15.8,15.4,15.55,0.1,180,2009,0.0,1.02,10.1,157.055,0.2300878188164091,0,0
2009-11-23,6161,437000,6849800,15.6,15.8,15.6,15.6,0.05,189,2009,0.0,1.02,10.1,157.56,0.23082765103125286,0,0
2009-11-24,6161,324000,5077150,15.6,15.8,15.5,15.55,-0.05,141,2009,0.0,1.02,10.1,157.055,0.2300878188164091,0,0
2009-11-25,6161,418000,6524650,15.7,15.75,15.5,15.5,-0.05,142,2009,0.0,1.02,10.1,156.54999999999998,0.2293479866015653,0,0
2009-11-26,6161,457000,7073650,15.5,15.65,15.3,15.3,-0.2,182,2009,0.0,1.0,10.1,154.53,0.2263886577421903,0,0
2009-11-27,6161,626000,9378350,15.1,15.15,14.8,14.85,-0.45,210,2009,0.0,0.97,10.1,149.98499999999999,0.21973016780859644,0,0
2009-11-30,6161,297000,4468050,14.9,15.2,14.9,14.95,0.1,115,2009,0.0,0.98,10.1,150.99499999999998,0.22120983223828394,0,0
2009-12-01,6161,551000,8319750,14.95,15.3,14.95,15.05,0.1,159,2009,0.0,0.99,10.1,152.005,0.2226894966679715,0,0
2009-12-02,6161,657000,10097400,15.2,15.65,15.2,15.25,0.2,235,2009,0.0,1.0,10.1,154.025,0.22003769462496592,0,0
2009-12-03,6161,378000,5726850,15.3,15.6,15.0,15.0,-0.25,136,2009,0.0,0.98,10.1,151.5,0.21643051930324517,0,0
2009-12-04,6161,352000,5296600,15.1,15.2,14.9,14.9,-0.1,121,2009,0.0,0.98,10.1,150.49,0.21498764917455684,0,0
2009-12-07,6161,1056000,16328100,15.0,15.75,14.95,15.7,0.8,322,2009,0.0,1.03,10.1,158.57,0.22653061020406326,0,0
2009-12-08,6161,5630000,92646550,15.8,16.75,15.6,16.75,1.05,1286,2009,0.0,1.1,10.1,169.17499999999998,0.2416807465552904,0,0
2009-12-09,6161,6818000,115204550,16.85,17.4,16.5,17.05,0.3,1822,2009,0.0,1.12,10.1,172.205,0.24600935694135537,0,0
2009-12-10,6161,2466000,40735450,17.05,17.1,15.95,15.95,-1.1,814,2009,0.0,1.05,10.1,161.095,0.230137785525784,0,0
2009-12-11,6161,2058000,34056950,16.2,16.8,16.1,16.6,0.65,626,2009,0.0,1.09,10.1,167.66,0.23951644136225797,0,0
2009-12-14,6161,1840000,31046000,16.6,17.2,16.55,16.8,0.2,588,2009,0.0,1.1,10.1,169.68,0.2424021816196346,0,0
2009-12-15,6161,5929000,104854800,17.0,17.95,17.0,17.45,0.65,1371,2009,0.0,1.14,10.1,176.24499999999998,0.2517808374561085,0,0
2009-12-16,6161,1817000,31067250,17.1,17.45,16.8,17.05,-0.4,579,2009,0.0,1.12,10.1,172.205,0.24600935694135537,0,0
2009-12-17,6161,1515000,25572450,17.3,17.3,16.5,16.5,-0.55,494,2009,0.0,1.08,10.1,166.65,0.23807357123356968,0,0
2009-12-18,6161,523000,8696100,16.4,16.85,16.3,16.85,0.35,230,2009,0.0,1.1,10.1,170.185,0.24312361668397872,0,0
2009-12-21,6161,749000,12666650,16.95,17.1,16.75,16.75,-0.1,249,2009,0.0,1.1,10.1,169.17499999999998,0.2416807465552904,0,0
2009-12-22,6161,797000,13375100,16.8,16.95,16.6,16.75,0.0,240,2009,0.0,1.1,10.1,169.17499999999998,0.2416807465552904,0,0
2009-12-23,6161,1005000,16910050,16.85,17.0,16.7,16.75,0.0,311,2009,0.0,1.1,10.1,169.17499999999998,0.2416807465552904,0,0
2009-12-24,6161,4308000,74821000,17.0,17.9,16.75,17.9,1.15,1148,2009,0.0,1.17,10.1,180.79,0.2582737530352059,0,0
2009-12-25,6161,4949000,88898950,18.3,18.3,17.55,17.6,-0.3,1594,2009,0.0,1.15,10.1,177.76000000000002,0.25394514264914103,0,0
2009-12-28,6161,2287000,40837550,17.85,18.2,17.55,17.55,-0.05,835,2009,0.0,1.15,10.1,177.255,0.25322370758479684,0,0
2009-12-29,6161,1679000,29734550,17.75,17.95,17.5,17.5,-0.05,540,2009,0.0,1.15,10.1,176.75,0.2525022725204527,0,0
2009-12-30,6161,3249000,58416250,17.85,18.25,17.6,18.0,0.5,958,2009,0.0,1.18,10.1,181.79999999999998,0.25971662316389416,0,0
2009-12-31,6161,4191000,77129850,18.45,18.6,18.1,18.5,0.5,1153,2009,0.0,1.21,10.1,186.85,0.2669309738073357,0,0
2010-01-04,6161,2170000,39727150,19.0,19.0,17.9,17.95,-0.55,705,2010,0.0,1.18,11.2,201.04,0.2771036111683892,0,0
2010-01-05,6161,2065000,36191950,17.95,18.2,17.2,17.3,-0.65,620,2010,0.0,1.13,11.2,193.76,0.26706921856340576,0,0
2010-01-06,6161,2573000,46741400,17.3,18.5,17.3,18.5,1.2,704,2010,0.0,1.21,11.2,207.2,0.2855942510649137,0,0
2010-01-07,6161,12101000,238593500,19.75,19.75,19.0,19.75,1.25,1916,2010,0.0,1.29,11.2,221.2,0.30489115992065113,0,0
2010-01-08,6161,7139000,138730000,20.0,20.0,18.5,19.35,-0.4,1709,2010,0.0,1.27,11.2,216.72,0.29871614908681515,0,0
2010-01-11,6161,7002000,141963800,19.45,20.7,18.85,20.7,1.35,1539,2010,0.0,1.36,11.2,231.83999999999997,0.3195568106510115,0,0
2010-01-12,6161,7219000,152748300,20.65,21.95,20.1,21.0,0.3,2204,2010,0.0,1.38,11.2,235.2,0.3241880687763885,0,0
2010-01-13,6161,6994000,153836650,20.7,22.45,20.5,22.35,1.35,2300,2010,0.0,1.46,11.2,250.32,0.34502873034058495,0,0
2010-01-14,6161,3432000,81383100,23.15,23.9,23.15,23.9,1.55,744,2010,0.0,1.57,11.2,267.67999999999995,0.36895689732169923,0,0
2010-01-15,6161,4537000,115861100,25.55,25.55,25.2,25.55,1.65,1024,2010,0.0,1.67,11.2,286.15999999999997,0.39442881701127264,0,0
2010-01-18,6161,2994000,81498600,27.3,27.3,26.6,27.3,1.75,868,2010,0.0,1.79,11.2,305.76,0.42144448940930507,0,0
2010-01-19,6161,11232000,302255600,29.2,29.2,25.6,25.9,-1.4,3683,2010,0.0,1.7,11.2,290.08,0.3998319514908792,0,0
2010-01-20,6161,9454000,246846300,25.6,27.3,24.6,26.1,0.2,3408,2010,0.0,1.71,11.2,292.32,0.4029194569077972,0,0
2010-01-21,6161,7614000,202699750,26.1,27.3,25.8,26.3,0.2,2638,2010,0.0,1.72,11.2,294.56,0.40600696232471517,0,0
2010-01-22,6161,3305000,85315900,25.45,26.5,25.25,25.25,-1.05,1279,2010,0.0,1.65,11.2,282.79999999999995,0.3897975588858957,0,0
2010-01-25,6161,3275000,78473400,25.0,25.0,23.5,23.5,-1.75,1236,2010,0.0,1.54,11.2,263.2,0.36278188648786336,0,0
2010-01-26,6161,2659000,59244600,22.0,23.2,21.9,21.9,-1.6,917,2010,0.0,1.44,11.2,245.27999999999997,0.3380818431525194,0,0
2010-01-27,6161,3404000,70289950,21.0,21.8,20.4,20.4,-1.5,1067,2010,0.0,1.34,11.2,228.47999999999996,0.3149255525256345,0,0
2010-01-28,6161,5182000,111925850,20.4,21.8,20.4,21.8,1.4,1323,2010,0.0,1.43,11.2,244.16,0.33653809044406047,0,0
2010-01-29,6161,8055000,179579800,21.5,23.2,21.0,22.4,0.6,2870,2010,0.0,1.47,11.2,250.87999999999997,0.3458006066948144,0,0
2010-02-01,6161,2744000,60376350,22.4,23.0,21.5,21.6,-0.8,976,2010,0.0,1.42,11.2,241.92,0.3334505850271425,0,0
2010-02-02,6161,3000000,64806350,22.3,22.5,20.1,20.2,-1.4,1204,2010,0.0,1.32,11.2,226.23999999999998,0.2933525132766519,0,0
2010-02-03,6161,3144000,65764650,20.5,21.4,20.35,20.7,0.5,1182,2010,0.0,1.36,11.2,231.83999999999997,0.30061371410033133,0,0
2010-02-04,6161,1766000,37024450,20.9,21.4,20.7,20.75,0.05,770,2010,0.0,1.36,11.2,232.39999999999998,0.30133983418269933,0,0
2010-02-05,6161,2463000,47721550,19.5,19.8,19.3,19.3,-1.45,726,2010,0.0,1.26,11.2,216.16,0.2802823517940288,0,0
2010-02-08,6161,1278000,23749150,18.4,18.9,18.05,18.5,0.3,589,2010,0.0,1.21,11.2,207.2,0.2686644304761416,0,0
2010-02-09,6161,2140000,41500250,18.5,19.75,18.3,19.65,1.15,879,2010,0.0,1.29,11.2,220.07999999999998,0.2853651923706044,0,0
2010-02-10,6161,2930000,60833100,20.1,21.0,20.1,21.0,1.35,997,2010,0.0,1.38,11.2,235.2,0.3049704345945391,0,0
2010-02-22,6161,2678000,57583050,22.4,22.4,20.7,20.7,-0.3,983,2010,0.0,1.36,11.2,231.83999999999997,0.30061371410033133,0,0
2010-02-23,6161,2265000,48126900,20.8,21.7,20.45,21.65,0.95,969,2010,0.0,1.42,11.2,242.47999999999996,0.31440999566532235,0,0
2010-02-24,6161,3193000,70523200,21.5,22.65,21.15,22.15,0.5,1276,2010,0.0,1.45,11.2,248.07999999999996,0.3216711964890019,0,0
2010-02-25,6161,1792000,39152550,22.5,22.5,21.2,21.4,-0.75,739,2010,0.0,1.4,11.2,239.67999999999998,0.3107793952534827,0,0
2010-02-26,6161,3183000,72241800,21.8,22.85,21.7,22.85,1.45,749,2010,0.0,1.5,11.2,255.92,0.33183687764215325,0,0
2010-03-01,6161,5947000,137774250,22.9,23.55,22.7,22.7,-0.15,2095,2010,0.0,1.49,11.2,254.23999999999998,0.32965851739504937,0,0
2010-03-02,6161,2424000,55409500,23.0,23.4,22.5,22.5,-0.2,1005,2010,0.0,1.47,11.2,251.99999999999997,0.32947042336164944,0,0
2010-03-03,6161,1812000,40809400,22.7,22.95,21.9,22.3,-0.2,753,2010,0.0,1.46,11.2,249.76,0.3265417973762126,0,0
2010-03-04,6161,2646000,60477100,22.7,23.35,22.35,22.55,0.25,1138,2010,0.0,1.48,11.2,252.56,0.3302025798580087,0,0
2010-03-05,6161,2490000,57786550,23.0,23.7,22.7,22.9,0.35,1064,2010,0.0,1.5,11.2,256.47999999999996,0.33532767533252317,0,0
2010-03-08,6161,1751000,40153800,23.2,23.4,22.7,22.8,-0.1,749,2010,0.0,1.49,11.2,255.35999999999999,0.3338633623398048,0,0
2010-03-09,6161,2925000,67966850,22.75,23.6,22.75,23.0,0.2,1173,2010,0.0,1.51,11.2,257.59999999999997,0.33679198832524165,0,0
2010-03-10,6161,4702000,110926400,23.35,24.15,23.05,23.5,0.5,1878,2010,0.0,1.54,11.2,263.2,0.3441135532888339,0,0
2010-03-11,6161,2186000,50881350,23.75,23.9,22.9,22.9,-0.6,883,2010,0.0,1.5,11.2,256.47999999999996,0.33532767533252317,0,0
2010-03-12,6161,1161000,26486500,23.0,23.25,22.55,22.6,-0.3,529,2010,0.0,1.48,11.2,253.12,0.33093473635436793,0,0
2010-03-15,6161,1158000,25802950,22.6,22.9,21.85,21.9,-0.7,524,2010,0.0,1.44,11.2,245.27999999999997,0.32068454540533875,0,0
2010-03-16,6161,1241000,27491700,21.85,22.4,21.85,22.0,0.1,432,2010,0.0,1.44,11.2,246.39999999999998,0.3221488583980573,0,0
2010-03-17,6161,1099000,24663450,22.35,22.6,22.1,22.5,0.5,449,2010,0.0,1.47,11.2,251.99999999999997,0.32947042336164944,0,0
2010-03-18,6161,1711000,39235750,22.8,23.2,22.55,22.7,0.2,736,2010,0.0,1.49,11.2,254.23999999999998,0.33239904934708636,0,0
2010-03-19,6161,1962000,45301700,23.1,23.4,22.8,22.8,0.1,746,2010,0.0,1.49,11.2,255.35999999999999,0.3338633623398048,0,0
2010-03-22,6161,1637000,37474800,23.05,23.2,22.6,22.95,0.15,621,2010,0.0,1.5,11.2,257.03999999999996,0.33605983182888244,0,0
2010-03-23,6161,6146000,147703750,23.15,24.55,23.05,23.75,0.8,1864,2010,0.0,1.56,11.2,266.0,0.34777433577063,0,0
2010-03-24,6161,2663000,62971050,23.9,24.25,23.1,23.1,-0.65,1006,2010,0.0,1.51,11.2,258.72,0.3382563013179602,0,0
2010-03-25,6161,1373000,31860350,23.0,23.5,22.9,23.15,0.05,590,2010,0.0,1.52,11.2,259.28,0.3389884578143193,0,0
2010-03-26,6161,1264000,29472350,23.25,23.7,23.1,23.1,-0.05,514,2010,0.0,1.51,11.2,258.72,0.3382563013179602,0,0
2010-03-29,6161,1341000,31169500,23.4,23.55,22.9,22.9,-0.2,561,2010,0.0,1.5,11.2,256.47999999999996,0.33532767533252317,0,0
2010-03-30,6161,1695000,39614600,23.2,23.7,23.0,23.1,0.2,710,2010,0.0,1.51,11.2,258.72,0.3382563013179602,0,0
2010-03-31,6161,1074000,24732100,23.1,23.4,22.7,22.7,-0.4,463,2010,0.0,1.49,11.2,254.23999999999998,0.33239904934708636,0,0
2010-04-01,6161,1259000,28915850,22.8,23.2,22.8,22.95,0.25,430,2010,0.0,1.5,11.2,257.03999999999996,0.33605983182888244,0,0
2010-04-02,6161,3191000,75573600,23.15,24.0,23.15,23.5,0.55,1256,2010,0.0,1.54,11.2,263.2,0.3352678321215117,0,0
2010-04-06,6161,1693000,39664300,24.0,24.0,23.0,23.0,-0.5,682,2010,0.0,1.51,11.2,257.59999999999997,0.32813447399126666,0,0
2010-04-07,6161,863000,20024150,23.1,23.35,23.0,23.25,0.25,386,2010,0.0,1.52,11.2,260.4,0.3317011530563892,0,0
2010-04-08,6161,1423000,32625950,23.25,23.35,22.6,22.6,-0.65,541,2010,0.0,1.48,11.2,253.12,0.3224277874870708,0,0
2010-04-09,6161,911000,20808000,22.7,23.2,22.65,22.9,0.3,353,2010,0.0,1.5,11.2,256.47999999999996,0.3267078023652177,0,0
2010-04-12,6161,725000,16745750,23.5,23.5,22.9,22.9,0.0,306,2010,0.0,1.5,11.2,256.47999999999996,0.3267078023652177,0,0
2010-04-13,6161,683000,15654200,23.0,23.1,22.7,22.9,0.0,262,2010,0.0,1.5,11.2,256.47999999999996,0.3267078023652177,0,0
2010-04-14,6161,897000,20700300,23.0,23.3,22.9,23.3,0.4,310,2010,0.0,1.53,11.2,260.96,0.3324144888694137,0,0
2010-04-15,6161,7472000,182885450,23.6,24.9,23.5,24.35,1.05,2215,2010,0.0,1.6,11.2,272.71999999999997,0.347394540942928,0,0
2010-04-16,6161,8732000,222368850,24.35,26.05,24.15,26.05,1.7,2307,2010,0.0,1.71,11.2,291.76,0.3716479585857608,0,0
2010-04-19,6161,21902000,595981900,26.25,27.85,26.05,26.1,0.05,5776,2010,0.0,1.71,11.2,292.32,0.3723612943987853,0,0
2010-04-20,6161,6866000,183380200,26.8,27.3,25.6,26.75,0.65,2279,2010,0.0,1.75,11.2,299.59999999999997,0.38163465996810364,0,0
2010-04-21,6161,12092000,340486200,27.3,28.6,27.3,28.0,1.25,3142,2010,0.0,1.83,11.2,313.59999999999997,0.399468055293716,0,0
2010-04-22,6161,4586000,126582150,27.5,28.2,27.0,27.3,-0.7,1551,2010,0.0,1.79,11.2,305.76,0.3894813539113731,0,0
2010-04-23,6161,3944000,108949800,27.8,28.15,27.0,27.05,-0.25,1480,2010,0.0,1.77,11.2,302.96,0.38591467484625064,0,0
2010-04-26,6161,3054000,80653050,27.3,27.3,25.8,26.0,-1.05,1215,2010,0.0,1.7,11.2,291.2,0.3709346227727363,0,0
2010-04-27,6161,2177000,57566850,26.1,26.95,26.0,26.2,0.2,936,2010,0.0,1.72,11.2,293.44,0.3737879660248343,0,0
2010-04-28,6161,1639000,41657250,24.65,25.95,24.65,25.4,-0.8,625,2010,0.0,1.66,11.2,284.47999999999996,0.3623745930164423,0,0
2010-04-29,6161,1125000,28958550,26.1,26.1,25.5,25.5,0.1,483,2010,0.0,1.67,11.2,285.59999999999997,0.3638012646424913,0,0
2010-04-30,6161,2434000,59668600,25.9,25.95,24.0,24.0,-1.5,944,2010,0.0,1.57,11.2,268.79999999999995,0.3424011902517565,0,0
2010-05-03,6161,1700000,39434750,23.5,23.8,22.9,23.0,-1.0,642,2010,0.0,1.51,11.2,257.59999999999997,0.3263653817550095,0,0
2010-05-04,6161,1229000,28593750,23.25,23.6,22.85,23.5,0.5,522,2010,0.0,1.54,11.2,263.2,0.33346028135837935,0,0
2010-05-05,6161,2439000,53844600,22.7,23.0,21.9,21.9,-1.6,829,2010,17.66,1.36,11.2,245.27999999999997,0.310756602627596,0,0
2010-05-06,6161,1514000,33343800,22.0,22.5,21.45,21.45,-0.45,598,2010,17.3,1.33,11.2,240.23999999999998,0.3043711929845633,0,0
2010-05-07,6161,1801000,36565950,19.95,21.4,19.95,21.0,-0.45,663,2010,16.94,1.3,11.2,235.2,0.2979857833415305,0,0
2010-05-10,6161,1327000,28615150,21.0,21.9,21.0,21.9,0.9,552,2010,17.66,1.36,11.2,245.27999999999997,0.310756602627596,0,0
2010-05-11,6161,2152000,46937500,22.25,22.5,21.05,21.05,-0.85,758,2010,16.98,1.31,11.2,235.76,0.29869527330186746,0,0
2010-05-12,6161,1758000,38111000,21.5,22.2,21.1,21.5,0.45,748,2010,17.34,1.33,11.2,240.79999999999998,0.30508068294490026,0,0
2010-05-13,6161,1080000,23615800,21.8,22.05,21.6,21.65,0.15,427,2010,17.46,1.34,11.2,242.47999999999996,0.3072091528259111,0,0
2010-05-14,6161,1212000,26953250,22.45,22.5,21.65,22.25,0.6,516,2010,17.94,1.38,11.2,249.2,0.3157230323499549,0,0
2010-05-17,6161,680000,14786100,22.1,22.25,21.5,21.55,-0.7,295,2010,17.38,1.34,11.2,241.35999999999999,0.30579017290523725,0,0
2010-05-18,6161,860000,18772800,21.75,22.4,21.5,21.5,-0.05,387,2010,17.34,1.33,11.2,240.79999999999998,0.30508068294490026,0,0
2010-05-19,6161,891000,18830100,21.05,21.5,20.75,21.2,-0.3,305,2010,17.1,1.32,11.2,237.43999999999997,0.3008237431828783,0,0
2010-05-20,6161,835000,17506300,21.2,21.5,20.05,20.05,-1.15,349,2010,16.17,1.24,11.2,224.56,0.2845054740951279,0,0
2010-05-21,6161,1173000,22168100,19.0,19.4,18.65,18.65,-1.4,458,2010,15.04,1.16,11.2,208.87999999999997,0.2646397552056925,0,0
2010-05-24,6161,627000,11939550,18.8,19.25,18.8,19.25,0.6,281,2010,15.52,1.19,11.2,215.6,0.27315363472973625,0,0
2010-05-25,6161,1277000,23313800,18.95,19.1,17.95,17.95,-1.3,416,2010,14.48,1.11,11.2,201.04,0.2547068957609749,0,0
2010-05-26,6161,767000,13734350,18.3,18.4,17.5,17.95,0.0,260,2010,14.48,1.11,11.2,201.04,0.2547068957609749,0,0
2010-05-27,6161,1029000,19424750,18.1,19.2,18.1,19.2,1.25,427,2010,15.48,1.19,11.2,215.04,0.27244414476939927,0,0
2010-05-28,6161,1298000,25764950,19.6,20.3,19.5,19.85,0.65,530,2010,16.01,1.23,11.2,222.32,0.28166751425378,0,0
2010-05-31,6161,414000,8118500,19.85,19.85,19.5,19.65,-0.2,184,2010,15.85,1.22,11.2,220.07999999999998,0.27882955441243207,0,0
2010-06-01,6161,948000,18745750,19.4,20.0,19.4,19.6,-0.05,375,2010,15.81,1.22,11.2,219.52,0.2781200644520951,0,0
2010-06-02,6161,1957000,39728350,19.0,20.95,19.0,20.95,1.35,670,2010,16.9,1.3,11.2,234.64,0.30184457860044916,0,0
2010-06-03,6161,2828000,61426850,21.75,22.15,21.25,21.3,0.35,921,2010,17.18,1.32,11.2,238.56,0.30688732812360703,0,0
2010-06-04,6161,1113000,23989850,21.3,22.0,21.0,21.15,-0.15,510,2010,17.06,1.31,11.2,236.87999999999997,0.30472614975653933,0,0
2010-06-07,6161,799000,15936900,20.0,20.25,19.75,19.95,-1.2,329,2010,16.09,1.24,11.2,223.43999999999997,0.2874367228199981,0,0
2010-06-08,6161,716000,14380200,20.2,20.35,19.95,20.05,0.1,263,2010,16.17,1.24,11.2,224.56,0.28887750839804327,0,0
2010-06-09,6161,635000,12521000,20.05,20.25,19.05,19.1,-0.95,275,2010,15.4,1.19,11.2,213.92000000000002,0.2751900454066148,0,0
2010-06-10,6161,417000,8057350,19.1,19.7,19.1,19.5,0.4,203,2010,15.73,1.21,11.2,218.39999999999998,0.2809531877187952,0,0
2010-06-11,6161,1004000,19827500,19.6,20.0,19.6,19.6,0.1,325,2010,15.81,1.22,11.2,219.52,0.2823939732968403,0,0
2010-06-14,6161,319000,6277000,19.8,19.9,19.5,19.5,-0.1,133,2010,15.73,1.21,11.2,218.39999999999998,0.2809531877187952,0,0
2010-06-15,6161,309000,6055500,19.5,19.8,19.45,19.5,0.0,144,2010,15.73,1.21,11.2,218.39999999999998,0.2809531877187952,0,0
2010-06-17,6161,371000,7319600,19.4,20.1,19.4,19.7,0.2,177,2010,15.89,1.22,11.2,220.64,0.2838347588748854,0,0
2010-06-18,6161,276000,5443850,20.0,20.0,19.5,19.5,-0.2,128,2010,15.73,1.21,11.2,218.39999999999998,0.2809531877187952,0,0
2010-06-21,6161,2015000,41322800,19.85,20.85,19.65,20.85,1.35,688,2010,16.81,1.29,11.2,233.52,0.3004037930224041,0,0
2010-06-22,6161,1229000,25853700,21.3,21.3,20.85,20.85,0.0,522,2010,16.81,1.29,11.2,233.52,0.3004037930224041,0,0
2010-06-23,6161,484000,10046600,21.0,21.0,20.6,20.6,-0.25,234,2010,16.61,1.28,11.2,230.72,0.2968018290772913,0,0
2010-06-24,6161,306000,6342400,20.6,20.95,20.6,20.65,0.05,157,2010,16.65,1.28,11.2,231.27999999999997,0.29752222186631383,0,0
2010-06-25,6161,477000,9646400,20.5,20.6,20.0,20.05,-0.6,203,2010,16.17,1.24,11.2,224.56,0.28887750839804327,0,0
2010-06-28,6161,425000,8477400,20.35,20.35,19.6,19.7,-0.35,141,2010,15.89,1.22,11.2,220.64,0.2838347588748854,0,0
2010-06-29,6161,264000,5224450,19.95,20.1,19.5,19.7,0.0,146,2010,15.89,1.22,11.2,220.64,0.2838347588748854,0,0
2010-06-30,6161,346000,6621000,19.0,19.25,19.0,19.05,-0.65,160,2010,15.36,1.18,11.2,213.35999999999999,0.2744696526175922,0,0
2010-07-01,6161,246000,4721900,18.95,19.7,18.9,19.15,0.1,138,2010,15.44,1.19,11.2,214.47999999999996,0.27591043819563726,0,0
2010-07-02,6161,453000,8717350,19.4,19.4,19.1,19.15,0.0,165,2010,15.44,1.19,11.2,214.47999999999996,0.2795631369778557,0,0
2010-07-05,6161,323000,6208200,19.25,19.35,19.1,19.3,0.15,143,2010,15.56,1.2,11.2,216.16,0.2817529265625387,0,0
2010-07-06,6161,498000,9700900,19.45,19.6,19.25,19.6,0.3,224,2010,15.81,1.22,11.2,219.52,0.2861325057319046,0,0
2010-07-07,6161,428000,8432800,19.7,19.9,19.55,19.55,-0.05,200,2010,15.77,1.21,11.2,218.96,0.2854025758703436,0,0
2010-07-08,6161,1239000,24816550,19.7,20.25,19.7,19.85,0.3,456,2010,16.01,1.23,11.2,222.32,0.2897821550397095,0,0
2010-07-09,6161,430000,8610900,20.15,20.15,19.95,20.0,0.15,208,2010,16.13,1.24,11.2,224.0,0.2919719446243924,0,0
2010-07-12,6161,481000,9526650,20.0,20.1,19.6,19.6,-0.4,192,2010,15.81,1.22,11.2,219.52,0.2861325057319046,0,0
2010-07-13,6161,513000,10250750,19.85,20.3,19.75,19.9,0.3,236,2010,16.05,1.24,11.2,222.87999999999997,0.2905120849012704,0,0
2010-07-14,6161,1142000,23013250,20.0,20.4,19.85,20.1,0.2,388,2010,16.21,1.25,11.2,225.12,0.29343180434751437,0,0
2010-07-15,6161,399000,7979250,20.0,20.2,19.85,19.9,-0.2,172,2010,16.05,1.24,11.2,222.87999999999997,0.2905120849012704,0,0
2010-07-16,6161,457000,8990200,20.0,20.05,19.45,19.5,-0.4,201,2010,15.73,1.21,11.2,218.39999999999998,0.2846726460087826,0,0
2010-07-19,6161,284000,5455400,19.0,19.35,19.0,19.25,-0.25,115,2010,15.52,1.19,11.2,215.6,0.2810229967009777,0,0
2010-07-20,6161,193000,3759150,19.45,19.6,19.4,19.5,0.25,91,2010,15.73,1.21,11.2,218.39999999999998,0.2846726460087826,0,0
2010-07-21,6161,229000,4464750,19.5,19.7,19.35,19.4,-0.1,97,2010,15.65,1.2,11.2,217.27999999999997,0.2832127862856606,0,0
2010-07-22,6161,212000,4106750,19.4,19.55,19.25,19.3,-0.1,108,2010,15.56,1.2,11.2,216.16,0.2817529265625387,0,0
2010-07-23,6161,782000,15509400,19.6,20.15,19.45,19.7,0.4,336,2010,15.89,1.22,11.2,220.64,0.28759236545502653,0,0
2010-07-26,6161,321000,6346800,19.75,20.0,19.55,19.55,-0.15,163,2010,15.77,1.21,11.2,218.96,0.2854025758703436,0,0
2010-07-27,6161,260000,5095350,19.7,19.85,19.5,19.5,-0.05,126,2010,15.73,1.21,11.2,218.39999999999998,0.2846726460087826,0,0
2010-07-28,6161,2817000,57942700,19.8,20.85,19.8,20.35,0.85,824,2010,16.41,1.26,11.2,227.92,0.2970814536553193,0,0
2010-07-29,6161,559000,11228600,20.3,20.3,19.95,20.0,-0.35,258,2010,16.13,1.24,11.2,224.0,0.2919719446243924,0,0
2010-07-30,6161,358000,7140700,20.0,20.1,19.8,19.9,-0.1,140,2010,16.05,1.24,11.2,222.87999999999997,0.2905120849012704,0,0
2010-08-02,6161,444000,8897500,20.0,20.25,19.9,19.95,0.05,187,2010,16.09,1.24,11.2,223.43999999999997,0.2949181656206249,0,0
2010-08-03,6161,538000,10822300,20.25,20.25,19.95,19.95,0.0,179,2010,16.09,1.24,11.2,223.43999999999997,0.2949181656206249,0,0
2010-08-04,6161,836000,16910550,19.9,20.4,19.9,20.15,0.2,293,2010,16.25,1.25,11.2,225.67999999999998,0.2978747387095535,0,0
2010-08-05,6161,528000,10556200,20.3,20.35,19.65,19.7,-0.45,196,2010,15.89,1.22,11.2,220.64,0.2912224492594642,0,0
2010-08-06,6161,464000,9160850,19.8,19.9,19.6,19.8,0.1,148,2010,15.97,1.23,11.2,221.76,0.2927007358039285,0,0
2010-08-09,6161,315000,6241550,19.65,19.95,19.65,19.7,-0.1,137,2010,15.89,1.22,11.2,220.64,0.2912224492594642,0,0
2010-08-10,6161,384000,7570150,19.85,19.85,19.6,19.6,-0.1,128,2010,15.81,1.22,11.2,219.52,0.289744162715,0,0
2010-08-11,6161,402000,7816650,19.6,19.75,19.15,19.2,-0.4,181,2010,15.48,1.19,11.2,215.04,0.2838310165371428,0,0
2010-08-12,6161,183000,3525800,19.0,19.4,19.0,19.35,0.15,93,2010,15.6,1.2,11.2,216.72,0.28604844635383925,0,0
2010-08-13,6161,269000,5267900,19.2,19.75,19.2,19.65,0.3,132,2010,15.85,1.22,11.2,220.07999999999998,0.2904833059872321,0,0
2010-08-16,6161,502000,9951100,19.9,20.0,19.7,19.75,0.1,213,2010,15.93,1.23,11.2,221.2,0.2919615925316964,0,0
2010-08-17,6161,1085000,21743050,19.9,20.2,19.8,20.0,0.25,357,2010,16.13,1.24,11.2,224.0,0.2956573088928571,0,0
2010-08-18,6161,937000,19018450,20.2,20.65,20.1,20.2,0.2,358,2010,16.29,1.25,11.2,226.23999999999998,0.2986138819817857,0,0
2010-08-19,6161,575000,11640800,20.55,20.55,20.05,20.05,-0.15,222,2010,16.17,1.24,11.2,224.56,0.29639645216508925,0,0
2010-08-20,6161,331000,6649250,20.3,20.3,20.0,20.0,-0.05,142,2010,16.13,1.24,11.2,224.0,0.2956573088928571,0,0
2010-08-23,6161,300000,6034250,20.0,20.25,20.0,20.05,0.05,116,2010,16.17,1.24,11.2,224.56,0.29639645216508925,0,0
2010-08-24,6161,542000,10742900,20.1,20.2,19.05,19.05,-1.0,263,2010,15.36,1.18,11.2,213.35999999999999,0.28161358672044634,0,0
2010-08-25,6161,737000,14386850,19.5,19.9,19.3,19.3,0.25,334,2010,15.56,1.2,11.2,216.16,0.28530930308160707,0,0
2010-08-26,6161,259000,5023950,19.55,19.55,19.25,19.4,0.1,108,2010,15.65,1.2,11.2,217.27999999999997,0.2867875896260713,0,0
2010-08-27,6161,209000,4044200,19.4,19.5,19.2,19.45,0.05,90,2010,15.69,1.21,11.2,217.83999999999997,0.28752673289830344,0,0
2010-08-30,6161,222000,4317150,19.5,19.7,19.2,19.25,-0.2,98,2010,15.52,1.19,11.2,215.6,0.28457015980937495,0,0
2010-08-31,6161,748000,13714300,19.2,19.2,17.95,17.95,-1.3,330,2010,14.48,1.11,11.2,201.04,0.26535243473133924,0,0
2010-09-01,6161,630000,11521100,18.1,18.4,18.1,18.3,0.35,292,2010,14.76,1.14,11.2,204.96,0.2705264376369642,0,0
2010-09-02,6161,677000,10976400,16.3,16.4,16.0,16.1,0.0,287,2010,12.98,1.0,11.2,180.32,0.23499134811690245,0,0
2010-09-03,6161,485000,8024600,16.2,17.0,16.2,16.5,0.4,235,2010,13.31,1.02,11.2,184.79999999999998,0.24082964248005528,0,0
2010-09-06,6161,291000,4855450,16.65,16.9,16.55,16.55,0.05,133,2010,11.74,1.02,11.2,185.35999999999999,0.2415594292754494,0,0
2010-09-07,6161,225000,3714400,16.8,16.8,16.35,16.4,-0.15,115,2010,11.63,1.01,11.2,183.67999999999998,0.23937006888926707,0,0
2010-09-08,6161,151000,2452500,16.4,16.4,16.15,16.15,-0.25,79,2010,11.45,1.0,11.2,180.87999999999997,0.23572113491229654,0,0
2010-09-09,6161,154000,2506800,16.35,16.5,16.15,16.15,0.0,70,2010,11.45,1.0,11.2,180.87999999999997,0.23572113491229654,0,0
2010-09-10,6161,171000,2803550,16.6,16.6,16.2,16.3,0.15,72,2010,11.56,1.0,11.2,182.56,0.23791049529847888,0,0
2010-09-13,6161,118000,1929900,16.5,16.5,16.25,16.3,0.0,65,2010,11.56,1.0,11.2,182.56,0.23791049529847888,0,0
2010-09-14,6161,255000,4209750,16.5,16.7,16.35,16.45,0.15,108,2010,11.67,1.01,11.2,184.23999999999998,0.2400998556846612,0,0
2010-09-15,6161,178000,2956100,16.5,16.7,16.5,16.55,0.1,85,2010,11.74,1.02,11.2,185.35999999999999,0.2415594292754494,0,0
2010-09-16,6161,143000,2363800,16.65,16.65,16.4,16.5,-0.05,77,2010,11.7,1.02,11.2,184.79999999999998,0.24082964248005528,0,0
2010-09-17,6161,986000,16742650,16.6,17.3,16.5,16.95,0.45,318,2010,12.02,1.05,11.2,189.83999999999997,0.24739772363860224,0,0
2010-09-20,6161,152000,2561400,16.95,17.15,16.7,16.9,-0.05,66,2010,11.99,1.04,11.2,189.27999999999997,0.24666793684320815,0,0
2010-09-21,6161,176000,2980250,17.0,17.15,16.8,16.85,-0.05,83,2010,11.95,1.04,11.2,188.72,0.24593815004781408,0,0
2010-09-23,6161,102000,1720050,17.0,17.05,16.8,16.8,-0.05,49,2010,11.91,1.04,11.2,188.16,0.24520836325241996,0,0
2010-09-24,6161,246000,4059450,16.8,16.8,16.4,16.4,-0.4,109,2010,11.63,1.01,11.2,183.67999999999998,0.23937006888926707,0,0
2010-09-27,6161,234000,3827500,16.5,16.7,16.2,16.3,-0.1,81,2010,11.56,1.0,11.2,182.56,0.23791049529847888,0,0
2010-09-28,6161,93000,1517700,16.3,16.45,16.25,16.3,0.0,48,2010,11.56,1.0,11.2,182.56,0.23791049529847888,0,0
2010-09-29,6161,118000,1937000,16.5,16.5,16.35,16.35,0.05,61,2010,11.6,1.01,11.2,183.12,0.238640282093873,0,0
2010-09-30,6161,107000,1754700,16.45,16.5,16.3,16.4,0.05,64,2010,11.63,1.01,11.2,183.67999999999998,0.23937006888926707,0,0
2010-10-01,6161,436000,7200650,16.5,16.65,16.45,16.45,0.05,104,2010,11.67,1.01,11.2,184.23999999999998,0.2400998556846612,0,0
2010-10-04,6161,198000,3236400,16.45,16.45,16.2,16.2,-0.25,79,2010,11.49,1.0,11.2,181.43999999999997,0.2293225480283114,0,0
2010-10-05,6161,165000,2670050,16.25,16.3,16.1,16.2,0.0,65,2010,11.49,1.0,11.2,181.43999999999997,0.2293225480283114,0,0
2010-10-06,6161,190000,3084800,16.3,16.4,16.1,16.1,-0.1,75,2010,11.42,0.99,11.2,180.32,0.22790697674418606,0,0
2010-10-07,6161,171000,2760100,16.2,16.25,16.1,16.15,0.05,60,2010,11.45,1.0,11.2,180.87999999999997,0.2286147623862487,0,0
2010-10-08,6161,482000,7911200,16.15,16.6,16.15,16.45,0.3,198,2010,11.67,1.01,11.2,184.23999999999998,0.23286147623862485,0,0
2010-10-11,6161,180000,2934000,16.5,16.55,16.2,16.2,-0.25,73,2010,11.49,1.0,11.2,181.43999999999997,0.2293225480283114,0,0
2010-10-12,6161,125000,2015450,16.3,16.3,16.05,16.15,-0.05,55,2010,11.45,1.0,11.2,180.87999999999997,0.2286147623862487,0,0
2010-10-13,6161,105000,1689000,16.2,16.25,16.0,16.05,-0.1,55,2010,11.38,0.99,11.2,179.76,0.22719919110212336,0,0
2010-10-14,6161,135000,2179150,16.2,16.4,16.1,16.1,0.05,56,2010,11.42,0.99,11.2,180.32,0.22790697674418606,0,0
2010-10-15,6161,183000,2936150,16.1,16.2,15.9,16.0,-0.1,70,2010,11.35,0.99,11.2,179.2,0.22649140546006066,0,0
2010-10-18,6161,157000,2476850,16.0,16.0,15.6,15.7,-0.3,75,2010,11.13,0.97,11.2,175.83999999999997,0.2222446916076845,0,0
2010-10-19,6161,184000,2870000,15.45,15.75,15.45,15.55,-0.15,70,2010,11.03,0.96,11.2,174.16,0.22012133468149647,0,0
2010-10-20,6161,157000,2423600,15.15,15.7,15.15,15.65,0.1,73,2010,11.1,0.96,11.2,175.28,0.22153690596562184,0,0
2010-10-21,6161,90000,1408550,15.6,15.75,15.6,15.6,-0.05,43,2010,11.06,0.96,11.2,174.72,0.22082912032355914,0,0
2010-10-22,6161,116000,1811800,15.7,15.7,15.6,15.7,0.1,37,2010,11.13,0.97,11.2,175.83999999999997,0.2222446916076845,0,0
2010-10-25,6161,256000,4072550,15.8,16.2,15.7,15.75,0.05,103,2010,11.17,0.97,11.2,176.39999999999998,0.22295247724974718,0,0
2010-10-26,6161,582000,9530750,15.75,16.55,15.75,16.3,0.55,283,2010,11.56,1.0,11.2,182.56,0.23073811931243682,0,0
2010-10-27,6161,171000,2763450,16.3,16.45,16.05,16.05,-0.25,84,2010,11.38,0.99,11.2,179.76,0.22719919110212336,0,0
2010-10-28,6161,96000,1544400,16.0,16.2,16.0,16.2,0.15,45,2010,11.49,1.0,11.2,181.43999999999997,0.2293225480283114,0,0
2010-10-29,6161,135000,2156500,16.2,16.2,15.9,15.95,-0.25,48,2010,11.31,0.98,11.2,178.64,0.22578361981799794,0,0
2010-11-01,6161,200000,3150150,15.9,15.95,15.65,15.7,-0.25,82,2010,11.13,0.97,11.2,175.83999999999997,0.2222446916076845,0,0
2010-11-02,6161,148000,2290250,15.7,15.8,15.2,15.2,-0.5,74,2010,10.78,0.94,11.2,170.23999999999998,0.21011411131505955,0,0
2010-11-03,6161,379000,5621900,15.2,15.5,14.35,14.5,-0.7,152,2010,10.28,0.89,11.2,162.39999999999998,0.2004378035571292,0,0
2010-11-04,6161,288000,4179900,14.5,14.85,14.4,14.4,-0.1,105,2010,13.09,0.99,11.2,161.28,0.19905547387742487,0,0
2010-11-05,6161,125000,1816900,14.6,14.7,14.35,14.35,-0.05,72,2010,13.05,0.98,11.2,160.72,0.1983643090375727,0,0
2010-11-08,6161,219000,3043450,14.4,14.4,13.35,13.35,-1.0,94,2010,12.14,0.91,11.2,149.51999999999998,0.1845410122405293,0,0
2010-11-09,6161,372000,5093950,13.35,14.15,13.1,14.0,0.65,167,2010,12.73,0.96,11.2,156.79999999999998,0.1935261551586075,0,0
2010-11-10,6161,62000,862650,14.0,14.0,13.8,14.0,0.0,45,2010,12.73,0.96,11.2,156.79999999999998,0.1935261551586075,0,0
2010-11-11,6161,160000,2269800,13.85,14.45,13.85,14.2,0.2,81,2010,12.91,0.97,11.2,159.04,0.1962908145180162,0,0
2010-11-12,6161,130000,1821750,14.2,14.2,13.85,14.2,0.0,63,2010,12.91,0.97,11.2,159.04,0.1962908145180162,0,0
2010-11-15,6161,851000,12791300,14.6,15.15,14.55,14.95,0.75,441,2010,13.59,1.02,11.2,167.43999999999997,0.20665828711579873,0,0
2010-11-16,6161,1579000,24931550,15.5,15.95,15.35,15.95,1.0,599,2010,14.5,1.09,11.2,178.64,0.22048158391284212,0,0
2010-11-17,6161,1579000,25431900,16.0,16.45,15.6,15.6,-0.35,696,2010,14.18,1.07,11.2,174.72,0.21564343003387695,0,0
2010-11-18,6161,609000,9439150,15.6,15.9,15.2,15.3,-0.3,257,2010,13.91,1.05,11.2,171.35999999999999,0.2114964409947639,0,0
2010-11-19,6161,330000,5021950,15.5,15.55,15.05,15.15,-0.15,164,2010,13.77,1.04,11.2,169.68,0.20942294647520743,0,0
2010-11-22,6161,127000,1921100,15.15,15.45,15.0,15.0,-0.15,74,2010,13.64,1.03,11.2,168.0,0.2073494519556509,0,0
2010-11-23,6161,219000,3267050,15.0,15.0,14.8,14.8,-0.2,87,2010,13.45,1.01,11.2,165.76,0.20458479259624224,0,0
2010-11-24,6161,129000,1919100,14.8,15.0,14.8,14.9,0.1,69,2010,13.55,1.02,11.2,166.88,0.20596712227594657,0,0
2010-11-25,6161,233000,3470750,15.15,15.15,14.75,14.8,-0.1,105,2010,13.45,1.01,11.2,165.76,0.20458479259624224,0,0
2010-11-26,6161,199000,2959100,14.9,15.0,14.7,14.7,-0.1,77,2010,13.36,1.01,11.2,164.64,0.20320246291653787,0,0
2010-11-29,6161,153000,2263550,15.0,15.0,14.7,14.8,0.1,57,2010,13.45,1.01,11.2,165.76,0.20458479259624224,0,0
2010-11-30,6161,154000,2277550,14.85,14.9,14.65,14.7,-0.1,86,2010,13.36,1.01,11.2,164.64,0.20320246291653787,0,0
2010-12-01,6161,608000,9164300,14.8,15.3,14.8,14.9,0.2,219,2010,13.55,1.02,11.2,166.88,0.20596712227594657,0,0
2010-12-02,6161,381000,5703550,15.0,15.2,14.85,14.85,-0.05,153,2010,13.5,1.02,11.2,166.32,0.20732340768779428,0,0
2010-12-03,6161,301000,4487000,14.85,15.1,14.85,15.05,0.2,120,2010,13.68,1.03,11.2,168.56,0.21011564213476794,0,0
2010-12-06,6161,558000,8548650,15.05,15.7,15.0,15.2,0.15,228,2010,13.82,1.04,11.2,170.23999999999998,0.21220981796999816,0,0
2010-12-07,6161,275000,4153550,15.25,15.25,15.0,15.0,-0.2,111,2010,13.64,1.03,11.2,168.0,0.20941758352302453,0,0
2010-12-08,6161,253000,3846900,15.05,15.3,15.05,15.15,0.15,115,2010,13.77,1.04,11.2,169.68,0.21151175935825478,0,0
2010-12-09,6161,482000,7377200,15.3,15.5,15.1,15.3,0.15,185,2010,13.91,1.05,11.2,171.35999999999999,0.213605935193485,0,0
2010-12-10,6161,632000,9802250,15.2,15.7,15.2,15.7,0.4,219,2010,14.27,1.07,11.2,175.83999999999997,0.21919040408743232,0,0
2010-12-13,6161,317000,5026550,16.0,16.1,15.7,15.75,0.05,152,2010,14.32,1.08,11.2,176.39999999999998,0.21988846269917572,0,0
2010-12-14,6161,552000,8730450,15.7,16.1,15.6,15.6,-0.15,187,2010,14.18,1.07,11.2,174.72,0.2177942868639455,0,0
2010-12-15,6161,202000,3118150,15.55,15.7,15.15,15.3,-0.3,99,2010,13.91,1.05,11.2,171.35999999999999,0.213605935193485,0,0
2010-12-16,6161,258000,3919650,15.3,15.4,15.05,15.1,-0.2,93,2010,13.73,1.03,11.2,169.11999999999998,0.21081370074651132,0,0
2010-12-17,6161,274000,4138300,15.1,15.3,15.0,15.0,-0.1,96,2010,13.64,1.03,11.2,168.0,0.20941758352302453,0,0
2010-12-20,6161,172000,2599450,15.15,15.25,14.95,15.1,0.1,70,2010,13.73,1.03,11.2,169.11999999999998,0.21081370074651132,0,0
2010-12-21,6161,204000,3063650,15.1,15.2,14.9,14.9,-0.2,75,2010,13.55,1.02,11.2,166.88,0.2080214662995377,0,0
2010-12-22,6161,181000,2736100,15.0,15.2,15.0,15.2,0.3,82,2010,13.82,1.04,11.2,170.23999999999998,0.21220981796999816,0,0
2010-12-23,6161,273000,4191500,15.3,15.45,15.25,15.3,0.1,110,2010,13.91,1.05,11.2,171.35999999999999,0.213605935193485,0,0
2010-12-24,6161,330000,5101100,15.35,15.7,15.3,15.35,0.05,128,2010,13.95,1.05,11.2,171.92,0.2143039938052284,0,0
2010-12-27,6161,231000,3523150,15.35,15.45,15.1,15.15,-0.2,95,2010,13.77,1.04,11.2,169.68,0.21151175935825478,0,0
2010-12-28,6161,187000,2815750,15.15,15.2,14.95,15.2,0.05,74,2010,13.82,1.04,11.2,170.23999999999998,0.21220981796999816,0,0
2010-12-29,6161,291000,4326650,15.0,15.05,14.7,14.75,-0.45,109,2010,13.41,1.01,11.2,165.2,0.20592729046430747,0,0
2010-12-30,6161,125000,1850100,14.8,15.0,14.7,14.75,0.0,71,2010,13.41,1.01,11.2,165.2,0.20592729046430747,0,0
2010-12-31,6161,201000,2962850,14.8,14.9,14.6,14.6,-0.15,93,2010,13.27,1.0,11.2,163.51999999999998,0.2038331146290772,0,0
2011-01-03,6161,263000,3812900,14.45,14.8,14.35,14.35,-0.25,90,2011,13.05,0.98,10.4,149.24,0.1904057886217614,0,0
2011-01-04,6161,153000,2222400,14.7,14.7,14.45,14.5,0.15,63,2011,13.18,0.99,10.4,150.8,0.19239609303244185,0,0
2011-01-05,6161,170000,2436300,14.5,14.5,14.2,14.3,-0.2,78,2011,13.0,0.98,10.4,148.72,0.18974235381820126,0,0
2011-01-06,6161,99000,1428700,14.25,14.55,14.25,14.5,0.2,42,2011,13.18,0.99,10.4,150.8,0.19239609303244185,0,0
2011-01-07,6161,100000,1447950,14.5,14.6,14.3,14.35,-0.15,44,2011,13.05,0.98,10.4,149.24,0.1904057886217614,0,0
2011-01-10,6161,78000,1104650,14.5,14.5,14.05,14.1,-0.25,41,2011,12.82,0.97,10.4,146.64000000000001,0.1870886146039607,0,0
2011-01-11,6161,972000,14215750,14.15,14.85,14.1,14.8,0.7,232,2011,13.45,1.01,10.4,153.92000000000002,0.19637670185380274,0,0
2011-01-12,6161,249000,3654450,14.65,14.8,14.55,14.6,-0.2,103,2011,13.27,1.0,10.4,151.84,0.19372296263956212,0,0
2011-01-13,6161,187000,2752950,14.85,14.85,14.55,14.55,-0.05,73,2011,13.23,1.0,10.4,151.32000000000002,0.193059527836002,0,0
2011-01-14,6161,155000,2233350,14.65,14.65,14.3,14.45,-0.1,66,2011,13.14,0.99,10.4,150.28,0.1917326582288817,0,0
2011-01-17,6161,162000,2306700,14.35,14.4,14.15,14.15,-0.3,63,2011,12.86,0.97,10.4,147.16,0.18775204940752083,0,0
2011-01-18,6161,165000,2331100,14.15,14.25,14.0,14.2,0.05,76,2011,12.91,0.97,10.4,147.68,0.18841548421108098,0,0
2011-01-19,6161,272000,3848600,14.2,14.25,14.05,14.1,-0.1,75,2011,12.82,0.97,10.4,146.64000000000001,0.1870886146039607,0,0
2011-01-20,6161,268000,3802150,14.1,14.3,14.1,14.1,0.0,89,2011,12.82,0.97,10.4,146.64000000000001,0.1870886146039607,0,0
2011-01-21,6161,235000,3310450,14.05,14.2,14.0,14.0,-0.1,78,2011,12.73,0.96,10.4,145.6,0.1857617449968404,0,0
2011-01-24,6161,191000,2661700,14.0,14.15,13.8,13.8,-0.2,93,2011,12.55,0.94,10.4,143.52,0.1831080057825998,0,0
2011-01-25,6161,297000,4130300,13.85,14.1,13.75,13.8,0.0,95,2011,12.55,0.94,10.4,143.52,0.1831080057825998,0,0
2011-01-26,6161,184000,2537550,13.8,14.0,13.65,13.85,0.05,88,2011,12.59,0.95,10.4,144.04,0.18377144058615996,0,0
2011-01-27,6161,143000,1981050,13.95,13.95,13.75,13.8,-0.05,64,2011,12.55,0.94,10.4,143.52,0.1831080057825998,0,0
2011-01-28,6161,129000,1788950,13.8,13.95,13.8,13.9,0.1,57,2011,12.64,0.95,10.4,144.56,0.18443487538972012,0,0
2011-02-08,6161,155000,2133450,14.0,14.0,13.65,13.65,-0.25,62,2011,12.41,0.93,10.4,141.96,0.18586995544934415,0,0
2011-02-09,6161,119000,1625300,13.7,13.75,13.6,13.6,-0.05,51,2011,12.36,0.93,10.4,141.44,0.18518911312169087,0,0
2011-02-10,6161,135000,1816350,13.3,13.6,13.3,13.4,-0.2,46,2011,12.18,0.92,10.4,139.36,0.1824657438110778,0,0
2011-02-11,6161,165000,2189500,13.3,13.45,13.15,13.15,-0.25,71,2011,11.95,0.9,10.4,136.76000000000002,0.17906153217281143,0,0
2011-02-14,6161,133000,1770600,13.0,13.5,13.0,13.35,0.2,53,2011,12.14,0.91,10.4,138.84,0.1817849014834245,0,0
2011-02-15,6161,148000,1970450,13.4,13.45,13.2,13.25,-0.1,54,2011,12.05,0.91,10.4,137.8,0.18042321682811796,0,0
2011-02-16,6161,329000,4439250,13.3,13.75,13.15,13.5,0.25,101,2011,12.27,0.92,10.4,140.4,0.18382742846638433,0,0
2011-02-17,6161,144000,1947850,13.6,13.7,13.35,13.35,-0.15,57,2011,12.14,0.91,10.4,138.84,0.1817849014834245,0,0
2011-02-18,6161,209000,2788900,13.45,13.45,13.25,13.3,-0.05,68,2011,12.09,0.91,10.4,138.32000000000002,0.18110405915577127,0,0
2011-02-21,6161,215000,2838500,13.35,13.35,13.15,13.2,-0.1,73,2011,12.0,0.9,10.4,137.28,0.17974237450046468,0,0
2011-02-22,6161,282000,3621850,13.2,13.2,12.7,12.75,-0.45,108,2011,11.59,0.87,10.4,132.6,0.17361479355158518,0,0
2011-02-23,6161,318000,4038450,12.8,12.9,12.45,12.45,-0.3,100,2011,11.32,0.85,10.4,129.48,0.16952973958566556,0,0
2011-02-24,6161,270000,3364700,12.5,12.6,12.3,12.35,-0.1,88,2011,11.23,0.85,10.4,128.44,0.168168054930359,0,0
2011-02-25,6161,747000,9317650,12.4,12.65,12.25,12.6,0.25,185,2011,11.45,0.86,10.4,131.04,0.17157226656862537,0,0
2011-03-01,6161,264000,3365800,12.75,12.9,12.55,12.7,0.1,94,2011,11.55,0.87,10.4,132.07999999999998,0.1729339512239319,0,0
2011-03-02,6161,258000,3270850,12.6,12.8,12.5,12.7,0.0,86,2011,11.55,0.87,10.4,132.07999999999998,0.173896213926048,0,0
2011-03-03,6161,329000,4408950,12.9,13.55,12.9,13.55,0.85,148,2011,12.32,0.93,10.4,140.92000000000002,0.1855349369053505,0,0
2011-03-04,6161,1159000,16242950,14.3,14.3,13.65,13.75,0.2,419,2011,12.5,0.94,10.4,143.0,0.18827345995930397,0,0
2011-03-07,6161,204000,2786450,13.9,13.9,13.5,13.6,-0.15,103,2011,12.36,0.93,10.4,141.44,0.18621956766883882,0,0
2011-03-08,6161,401000,5558100,13.55,14.1,13.55,13.8,0.2,162,2011,12.55,0.94,10.4,143.52,0.18895809072279235,0,0
2011-03-09,6161,140000,1937500,14.15,14.15,13.65,13.75,-0.05,68,2011,12.5,0.94,10.4,143.0,0.18827345995930397,0,0
2011-03-10,6161,126000,1714050,13.6,13.7,13.5,13.7,-0.05,56,2011,12.45,0.94,10.4,142.48,0.1875888291958156,0,0
2011-03-11,6161,166000,2231100,13.6,13.6,13.25,13.3,-0.4,50,2011,12.09,0.91,10.4,138.32000000000002,0.1821117830879086,0,0
2011-03-14,6161,184000,2357600,13.15,13.15,12.55,13.0,-0.3,81,2011,11.82,0.89,10.4,135.20000000000002,0.17800399850697832,0,0
2011-03-15,6161,617000,7659150,13.0,13.1,12.1,12.3,-0.7,166,2011,11.18,0.84,10.4,127.92000000000002,0.16841916781814104,0,0
2011-03-16,6161,330000,3904850,12.3,12.4,11.5,12.15,-0.15,136,2011,11.05,0.83,10.4,126.36000000000001,0.1663652755276759,0,0
2011-03-17,6161,631000,7196450,11.9,11.9,11.3,11.3,-0.85,184,2011,10.27,0.77,10.4,117.52000000000001,0.15472655254837345,0,0
2011-03-18,6161,342000,4026300,11.35,11.95,11.35,11.8,0.5,145,2011,10.73,0.81,10.4,122.72000000000001,0.16157286018325726,0,0
2011-03-21,6161,155000,1860450,11.9,12.15,11.7,12.15,0.35,74,2011,11.05,0.83,10.4,126.36000000000001,0.1663652755276759,0,0
2011-03-22,6161,435000,5359350,12.4,12.5,12.15,12.25,0.1,118,2011,11.14,0.84,10.4,127.4,0.16773453705465263,0,0
2011-03-23,6161,201000,2463100,12.4,12.4,12.2,12.2,-0.05,79,2011,11.09,0.84,10.4,126.88,0.16704990629116426,0,0
2011-03-24,6161,148000,1838700,12.25,12.55,12.25,12.4,0.2,66,2011,11.27,0.85,10.4,128.96,0.16978842934511776,0,0
2011-03-25,6161,184000,2306950,12.5,12.7,12.4,12.6,0.2,74,2011,11.45,0.86,10.4,131.04,0.17252695239907126,0,0
2011-03-28,6161,170000,2141650,12.6,12.75,12.5,12.5,-0.1,69,2011,11.36,0.86,10.4,130.0,0.1711576908720945,0,0
2011-03-29,6161,125000,1579050,12.5,12.75,12.5,12.55,0.05,46,2011,11.41,0.86,10.4,130.52,0.17184232163558288,0,0
2011-03-30,6161,94000,1194750,12.7,12.75,12.65,12.7,0.15,45,2011,11.55,0.87,10.4,132.07999999999998,0.173896213926048,0,0
2011-03-31,6161,454000,5954900,12.8,13.5,12.75,13.2,0.5,199,2011,12.0,0.9,10.4,137.28,0.18074252156093182,0,0
2011-04-01,6161,214000,2783300,13.05,13.2,12.95,13.0,-0.2,63,2011,11.82,0.89,10.4,135.20000000000002,0.17800399850697832,0,0
2011-04-06,6161,503000,6750550,13.0,13.55,13.0,13.4,0.4,161,2011,12.18,0.92,10.4,139.36,0.17982548050669084,0,0
2011-04-07,6161,274000,3724550,13.5,13.7,13.4,13.6,0.2,111,2011,12.36,0.93,10.4,141.44,0.18250944290231305,0,0
2011-04-08,6161,1232000,17906850,14.5,14.55,14.35,14.55,0.95,328,2011,13.23,1.0,10.4,151.32000000000002,0.1952582642815188,0,0
2011-04-11,6161,1591000,23147450,14.6,14.8,14.25,14.25,-0.3,458,2011,12.95,0.98,10.4,148.20000000000002,0.1912323206880854,0,0
2011-04-12,6161,458000,6552850,14.05,14.5,14.05,14.45,0.2,176,2011,13.14,0.99,10.4,150.28,0.19391628308370762,0,0
2011-04-13,6161,238000,3429700,14.4,14.55,14.3,14.5,0.05,113,2011,13.18,0.99,10.4,150.8,0.1945872736826132,0,0
2011-04-14,6161,324000,4707900,14.5,14.65,14.3,14.55,0.05,114,2011,13.23,1.0,10.4,151.32000000000002,0.1952582642815188,0,0
2011-04-15,6161,205000,2926850,14.5,14.5,14.05,14.05,-0.5,101,2011,12.77,0.96,10.4,146.12,0.18854835829246314,0,0
2011-04-18,6161,196000,2726650,14.05,14.15,13.65,13.7,-0.35,74,2011,12.45,0.94,10.4,142.48,0.18385142410012417,0,0
2011-04-19,6161,221000,2987900,13.7,13.7,13.35,13.5,-0.2,61,2011,12.27,0.92,10.4,140.4,0.18116746170450193,0,0
2011-04-20,6161,261000,3562450,13.7,13.8,13.5,13.6,0.1,87,2011,12.36,0.93,10.4,141.44,0.18250944290231305,0,0
2011-04-21,6161,195000,2659400,13.65,13.75,13.5,13.55,-0.05,58,2011,12.32,0.93,10.4,140.92000000000002,0.18183845230340753,0,0
2011-04-22,6161,238000,3242300,13.6,13.75,13.5,13.5,-0.05,93,2011,12.27,0.92,10.4,140.4,0.18116746170450193,0,0
2011-04-25,6161,234000,3213450,13.6,13.85,13.6,13.8,0.3,88,2011,12.55,0.94,10.4,143.52,0.18519340529793532,0,0
2011-04-26,6161,122000,1672600,13.7,13.9,13.6,13.7,-0.1,48,2011,12.45,0.94,10.4,142.48,0.18385142410012417,0,0
2011-04-27,6161,279000,3794350,13.8,13.8,13.3,13.4,-0.3,98,2011,12.18,0.92,10.4,139.36,0.17982548050669084,0,0
2011-04-28,6161,171000,2286950,13.5,13.5,13.3,13.3,-0.1,58,2011,12.09,0.91,10.4,138.32000000000002,0.17848349930887972,0,0
2011-04-29,6161,223000,2963300,13.35,13.4,13.1,13.15,-0.15,60,2011,11.95,0.9,10.4,136.76000000000002,0.17647052751216302,0,0
2011-05-03,6161,414000,5816700,14.05,14.05,14.05,14.05,0.9,94,2011,12.77,0.96,10.4,146.12,0.18638632353997273,0,0
2011-05-04,6161,1095000,16425000,15.0,15.0,15.0,15.0,0.95,261,2011,13.64,1.03,10.4,156.0,0.19898895751598514,0,0
2011-05-05,6161,5935000,92855350,15.65,16.05,15.2,15.7,0.7,1859,2011,14.27,1.07,10.4,163.28,0.2082751088667311,0,0
2011-05-06,6161,2666000,42252550,15.7,16.3,15.4,15.75,0.05,799,2011,16.58,1.04,10.4,163.8,0.20893840539178438,0,0
2011-05-09,6161,1133000,17665250,15.75,16.0,15.4,15.4,-0.35,375,2011,16.21,1.02,10.4,160.16,0.2042953297164114,0,0
2011-05-10,6161,1780000,28076000,15.4,16.2,15.25,15.6,0.2,643,2011,16.42,1.03,10.4,162.24,0.20694851581662455,0,0
2011-05-11,6161,1015000,15725250,15.6,15.8,15.3,15.3,-0.3,357,2011,16.11,1.01,10.4,159.12,0.20296873666630483,0,0
2011-05-12,6161,1345000,20757300,15.3,15.65,15.25,15.35,0.05,364,2011,16.16,1.02,10.4,159.64000000000001,0.20363203319135814,0,0
2011-05-13,6161,3661000,59093800,15.5,16.4,15.5,16.0,0.65,1096,2011,16.84,1.06,10.4,166.4,0.2122548880170508,0,0
2011-05-16,6161,1826000,28250800,15.9,15.9,15.1,15.1,-0.9,593,2011,15.89,1.0,10.4,157.04,0.20031555056609168,0,0
2011-05-17,6161,722000,10996850,15.1,15.4,15.0,15.2,0.1,289,2011,16.0,1.01,10.4,158.07999999999998,0.20164214361619823,0,0
2011-05-18,6161,681000,10357550,15.25,15.45,15.05,15.15,-0.05,250,2011,15.95,1.0,10.4,157.56,0.20097884709114497,0,0
2011-05-19,6161,582000,8849000,15.25,15.35,15.05,15.3,0.15,216,2011,16.11,1.01,10.4,159.12,0.20296873666630483,0,0
2011-05-20,6161,472000,7141550,15.3,15.3,14.9,14.9,-0.4,177,2011,15.68,0.99,10.4,154.96,0.19766236446587857,0,0
2011-05-23,6161,541000,8051500,14.9,15.05,14.75,14.8,-0.1,212,2011,15.58,0.98,10.4,153.92000000000002,0.19633577141577202,0,0
2011-05-24,6161,543000,7954050,14.8,14.85,14.5,14.7,-0.1,187,2011,15.47,0.97,10.4,152.88,0.19500917836566542,0,0
2011-05-25,6161,363000,5320100,14.7,14.85,14.55,14.7,0.0,129,2011,15.47,0.97,10.4,152.88,0.19500917836566542,0,0
2011-05-26,6161,925000,13980250,14.8,15.4,14.75,15.1,0.4,326,2011,15.89,1.0,10.4,157.04,0.20031555056609168,0,0
2011-05-27,6161,931000,13920450,15.15,15.3,14.6,14.75,-0.35,309,2011,15.53,0.98,10.4,153.4,0.1956724748907187,0,0
2011-05-30,6161,507000,7491850,14.8,14.9,14.65,14.7,-0.05,184,2011,15.47,0.97,10.4,152.88,0.19500917836566542,0,0
2011-05-31,6161,528000,7841500,14.8,15.0,14.75,14.95,0.25,203,2011,15.74,0.99,10.4,155.48,0.19832566099093185,0,0
2011-06-01,6161,570000,8554000,14.95,15.15,14.85,14.85,-0.1,220,2011,15.63,0.98,10.4,154.44,0.19699906794082528,0,0
2011-06-02,6161,468000,6881850,14.75,14.85,14.6,14.65,-0.2,175,2011,15.42,0.97,10.4,152.36,0.19295777573230494,0,0
2011-06-03,6161,772000,11554250,14.7,15.2,14.65,15.0,0.35,285,2011,15.79,0.99,10.4,156.0,0.19756768846311082,0,0
2011-06-07,6161,296000,4433400,15.0,15.05,14.85,15.0,0.0,141,2011,15.79,0.99,10.4,156.0,0.19756768846311082,0,0
2011-06-08,6161,1234000,18851650,15.0,15.45,15.0,15.2,0.2,419,2011,16.0,1.01,10.4,158.07999999999998,0.2002019243092856,0,0
2011-06-09,6161,375000,5681000,15.2,15.25,15.1,15.1,-0.1,153,2011,15.89,1.0,10.4,157.04,0.19888480638619824,0,0
2011-06-10,6161,448000,6720250,15.2,15.3,14.8,14.8,-0.3,172,2011,15.58,0.98,10.4,153.92000000000002,0.19493345261693604,0,0
2011-06-13,6161,794000,11461100,14.8,14.8,14.25,14.3,-0.5,259,2011,15.05,0.95,10.4,148.72,0.18834786300149897,0,0
2011-06-14,6161,200000,2874800,14.4,14.45,14.25,14.4,0.1,81,2011,15.16,0.95,10.4,149.76000000000002,0.18966498092458642,0,0
2011-06-15,6161,213000,3058050,14.4,14.45,14.3,14.35,-0.05,75,2011,15.11,0.95,10.4,149.24,0.18900642196304268,0,0
2011-06-16,6161,227000,3228100,14.35,14.35,14.1,14.1,-0.25,88,2011,14.84,0.93,10.4,146.64000000000001,0.1857136271553242,0,0
2011-06-17,6161,181000,2543400,14.25,14.25,13.95,14.0,-0.1,93,2011,14.74,0.93,10.4,145.6,0.18439650923223677,0,0
2011-06-20,6161,354000,4846550,14.0,14.15,13.35,13.35,-0.65,135,2011,14.05,0.88,10.4,138.84,0.17583524273216863,0,0
2011-06-21,6161,223000,2978200,13.5,13.55,13.2,13.4,0.05,107,2011,14.11,0.89,10.4,139.36,0.17649380169371237,0,0
2011-06-22,6161,234000,3160200,13.5,13.75,13.4,13.5,0.1,96,2011,14.21,0.89,10.4,140.4,0.17781091961679973,0,0
2011-06-23,6161,169000,2263550,13.55,13.55,13.25,13.45,-0.05,96,2011,14.16,0.89,10.4,139.88,0.17715236065525602,0,0
2011-06-24,6161,144000,1927850,13.4,13.5,13.3,13.4,-0.05,71,2011,14.11,0.89,10.4,139.36,0.17649380169371237,0,0
2011-06-27,6161,176000,2337250,13.3,13.4,13.2,13.35,-0.05,58,2011,14.05,0.88,10.4,138.84,0.17583524273216863,0,0
2011-06-28,6161,192000,2591800,13.4,13.65,13.4,13.4,0.05,73,2011,14.11,0.89,10.4,139.36,0.17649380169371237,0,0
2011-06-29,6161,188000,2561550,13.45,13.7,13.45,13.55,0.15,70,2011,14.26,0.9,10.4,140.92000000000002,0.17846947857834347,0,0
2011-06-30,6161,271000,3715500,13.6,14.0,13.55,13.7,0.15,110,2011,14.42,0.91,10.4,142.48,0.18044515546297454,0,0
2011-07-01,6161,291000,4028600,13.95,14.05,13.7,13.75,0.05,98,2011,14.47,0.91,10.4,143.0,0.18110371442451825,0,0
2011-07-04,6161,251000,3463500,13.95,13.95,13.7,13.75,0.0,81,2011,14.47,0.91,10.4,143.0,0.1803866253030464,0,0
2011-07-05,6161,112000,1534500,13.75,13.8,13.65,13.65,-0.1,49,2011,14.37,0.9,10.4,141.96,0.17907472257356968,0,0
2011-07-06,6161,313000,4278050,13.7,13.7,13.6,13.7,0.05,69,2011,14.42,0.91,10.4,142.48,0.17973067393830802,0,0
2011-07-07,6161,334000,4653300,13.8,14.1,13.75,13.9,0.2,125,2011,14.63,0.92,10.4,144.56,0.18235447939726143,0,0
2011-07-08,6161,549000,7710200,13.95,14.2,13.9,13.95,0.05,142,2011,14.68,0.92,10.4,145.07999999999998,0.18301043076199974,0,0
2011-07-11,6161,622000,8546500,13.85,13.9,13.65,13.7,-0.25,180,2011,14.42,0.91,10.4,142.48,0.17973067393830802,0,0
2011-07-12,6161,344000,4619100,13.85,13.85,13.3,13.3,-0.4,120,2011,14.0,0.88,10.4,138.32000000000002,0.17448306302040126,0,0
2011-07-13,6161,239000,3188000,13.35,13.55,13.15,13.3,0.0,76,2011,14.0,0.88,10.4,138.32000000000002,0.17448306302040126,0,0
2011-07-14,6161,414000,5441600,13.1,13.4,12.9,13.2,-0.1,144,2011,13.89,0.87,10.4,137.28,0.17317116029092453,0,0
2011-07-15,6161,247000,3279450,13.2,13.4,13.1,13.25,0.05,85,2011,13.95,0.88,10.4,137.8,0.17382711165566286,0,0
2011-07-18,6161,128000,1684500,13.3,13.3,13.05,13.15,-0.1,60,2011,13.84,0.87,10.4,136.76000000000002,0.17251520892618621,0,0
2011-07-19,6161,390000,5164450,13.2,13.45,13.15,13.45,0.3,101,2011,14.16,0.89,10.4,139.88,0.17645091711461627,0,0
2011-07-20,6161,415000,5644750,13.5,13.75,13.5,13.5,0.05,161,2011,14.21,0.89,10.4,140.4,0.1771068684793546,0,0
2011-07-21,6161,143000,1926350,13.6,13.6,13.4,13.45,-0.05,57,2011,14.16,0.89,10.4,139.88,0.17645091711461627,0,0
2011-07-22,6161,251000,3385200,13.45,13.55,13.45,13.5,0.05,88,2011,14.21,0.89,10.4,140.4,0.1771068684793546,0,0
2011-07-25,6161,265000,3596850,13.6,13.75,13.45,13.5,0.0,86,2011,14.21,0.89,10.4,140.4,0.1771068684793546,0,0
2011-07-26,6161,183000,2454750,13.5,13.5,13.35,13.4,-0.1,51,2011,14.11,0.89,10.4,139.36,0.17579496574987796,0,0
2011-07-27,6161,422000,5628400,13.5,13.5,13.25,13.3,-0.1,165,2011,14.0,0.88,10.4,138.32000000000002,0.17448306302040126,0,0
2011-07-28,6161,188000,2473850,13.0,13.35,13.0,13.2,0.0,74,2011,13.89,0.87,10.4,137.28,0.17317116029092453,0,0
2011-07-29,6161,185000,2411000,13.1,13.2,12.9,12.9,-0.3,75,2011,13.58,0.85,10.4,134.16,0.1692354521024944,0,0
2011-08-01,6161,208000,2711650,13.0,13.15,12.9,12.9,0.0,82,2011,13.58,0.85,10.4,134.16,0.1692354521024944,0,0
2011-08-02,6161,476000,6145650,12.9,13.35,12.65,13.25,0.35,168,2011,13.95,0.88,10.4,137.8,0.17410394586757083,0,0
2011-08-03,6161,610000,8016350,13.2,13.3,12.85,13.05,-0.2,191,2011,13.74,0.86,10.4,135.72,0.17147596177900373,0,0
2011-08-04,6161,401000,5256900,13.1,13.25,12.9,12.9,-0.15,121,2011,13.58,0.85,10.4,134.16,0.1695049737125784,0,0
2011-08-05,6161,530000,6431650,12.5,12.5,12.0,12.0,-0.9,191,2011,12.63,0.79,10.4,124.80000000000001,0.1576790453140264,0,0
2011-08-08,6161,425000,4818050,11.6,11.9,11.2,11.2,-0.8,109,2011,11.79,0.74,10.4,116.47999999999999,0.147167108959758,0,0
2011-08-09,6161,656000,6864000,10.45,10.9,10.45,10.9,-0.3,124,2011,11.47,0.72,10.4,113.36000000000001,0.14322513282690735,0,0
2011-08-10,6161,636000,7018600,10.9,11.3,10.85,11.05,0.15,200,2011,11.63,0.73,10.4,114.92000000000002,0.14519612089333267,0,0
2011-08-11,6161,506000,5344750,10.3,10.8,10.3,10.6,-0.45,122,2011,11.16,0.7,10.4,110.24,0.13928315669405666,0,0
2011-08-12,6161,316000,3434350,10.7,11.0,10.7,10.85,0.25,118,2011,11.42,0.72,10.4,112.84,0.14256813680476554,0,0
2011-08-15,6161,244000,2704900,10.95,11.15,10.95,11.1,0.25,70,2011,11.68,0.73,10.4,115.44,0.14585311691547442,0,0
2011-08-16,6161,251000,2792750,11.1,11.2,11.05,11.15,0.05,88,2011,11.74,0.74,10.4,115.96000000000001,0.1465101129376162,0,0
2011-08-17,6161,228000,2527050,11.15,11.15,10.9,10.95,-0.2,74,2011,11.53,0.72,10.4,113.88,0.1438821288490491,0,0
2011-08-18,6161,698000,8087600,11.0,11.7,11.0,11.7,0.75,227,2011,12.32,0.77,10.4,121.67999999999999,0.15373706918117575,0,0
2011-08-19,6161,677000,7542100,11.4,11.4,10.9,10.9,-0.8,249,2011,11.47,0.72,10.4,113.36000000000001,0.14322513282690735,0,0
2011-08-22,6161,457000,4964950,10.9,11.15,10.6,10.6,-0.3,164,2011,11.16,0.7,10.4,110.24,0.13928315669405666,0,0
2011-08-23,6161,331000,3647400,10.75,11.15,10.75,11.05,0.45,111,2011,11.63,0.73,10.4,114.92000000000002,0.14519612089333267,0,0
2011-08-24,6161,410000,4567850,11.05,11.3,11.05,11.1,0.05,121,2011,11.68,0.73,10.4,115.44,0.14585311691547442,0,0
2011-08-25,6161,331000,3706700,11.3,11.35,10.95,10.95,-0.15,116,2011,11.53,0.72,10.4,113.88,0.1438821288490491,0,0
2011-08-26,6161,248000,2736500,11.1,11.2,10.95,11.0,0.05,78,2011,11.58,0.73,10.4,114.4,0.1445391248711909,0,0
2011-08-29,6161,290000,3254400,11.1,11.35,11.0,11.25,0.25,91,2011,11.84,0.74,10.4,117.0,0.14782410498189977,0,0
2011-08-30,6161,891000,10459500,11.4,12.0,11.25,12.0,0.75,279,2011,12.63,0.79,10.4,124.80000000000001,0.1576790453140264,0,0
2011-08-31,6161,1446000,17570250,12.0,12.4,11.9,12.0,0.0,461,2011,12.63,0.79,10.4,124.80000000000001,0.1576790453140264,0,0
2011-09-01,6161,574000,6947200,12.15,12.25,11.9,11.9,-0.1,209,2011,12.53,0.79,10.4,123.76,0.15636505326974284,0,0
2011-09-02,6161,345000,4158000,11.95,12.15,11.95,12.0,0.1,117,2011,12.63,0.79,10.4,124.80000000000001,0.1589118207474662,0,0
2011-09-05,6161,297000,3512300,12.0,12.05,11.7,11.7,-0.3,111,2011,12.32,0.77,10.4,121.67999999999999,0.15493902522877953,0,0
2011-09-06,6161,436000,5054750,11.7,11.9,11.4,11.4,-0.3,157,2011,11.75,0.76,10.4,118.56,0.15096622971009288,0,0
2011-09-07,6161,206000,2392300,11.6,11.7,11.5,11.6,0.2,78,2011,11.96,0.77,10.4,120.64,0.15361476005588398,0,0
2011-09-08,6161,189000,2210950,11.85,11.85,11.6,11.6,0.0,70,2011,11.96,0.77,10.4,120.64,0.15361476005588398,0,0
2011-09-09,6161,277000,3246450,11.6,11.9,11.6,11.65,0.05,94,2011,12.01,0.78,10.4,121.16000000000001,0.15427689264233177,0,0
2011-09-13,6161,244000,2783000,11.6,11.6,11.25,11.4,-0.25,95,2011,11.75,0.76,10.4,118.56,0.15096622971009288,0,0
2011-09-14,6161,261000,2925150,11.45,11.55,10.8,11.05,-0.35,97,2011,11.39,0.74,10.4,114.92000000000002,0.1463313016049585,0,0
2011-09-15,6161,244000,2751200,11.2,11.35,11.2,11.25,0.2,89,2011,11.6,0.75,10.4,117.0,0.14897983195074957,0,0
2011-09-16,6161,436000,4971750,11.45,11.5,11.35,11.4,0.15,125,2011,11.75,0.76,10.4,118.56,0.15096622971009288,0,0
2011-09-19,6161,150000,1718100,11.5,11.6,11.35,11.35,-0.05,68,2011,11.7,0.76,10.4,118.04,0.15030409712364512,0,0
2011-09-20,6161,229000,2611500,11.45,11.5,11.35,11.35,0.0,83,2011,11.7,0.76,10.4,118.04,0.15030409712364512,0,0
2011-09-21,6161,209000,2414100,11.4,11.65,11.4,11.5,0.15,92,2011,11.86,0.77,10.4,119.60000000000001,0.15229049488298843,0,0
2011-09-22,6161,170000,1929450,11.3,11.45,11.3,11.3,-0.2,58,2011,11.65,0.75,10.4,117.52000000000001,0.14964196453719733,0,0
2011-09-23,6161,243000,2653650,11.0,11.0,10.8,10.95,-0.35,82,2011,11.29,0.73,10.4,113.88,0.1450070364320629,0,0
2011-09-26,6161,219000,2352000,11.0,11.0,10.35,10.4,-0.55,73,2011,10.72,0.69,10.4,108.16000000000001,0.13772357798113738,0,0
2011-09-27,6161,137000,1469350,10.55,11.0,10.55,10.6,0.2,47,2011,10.93,0.71,10.4,110.24,0.14037210832692848,0,0
2011-09-28,6161,209000,2227800,10.7,10.9,10.6,10.6,0.0,53,2011,10.93,0.71,10.4,110.24,0.14037210832692848,0,0
2011-09-29,6161,131000,1403800,10.6,10.85,10.6,10.7,0.1,50,2011,11.03,0.71,10.4,111.28,0.14169637349982403,0,0
2011-09-30,6161,100000,1076650,10.8,10.85,10.7,10.8,0.1,35,2011,11.13,0.72,10.4,112.32000000000001,0.14302063867271958,0,0
2011-10-03,6161,67000,709400,10.5,10.7,10.5,10.65,-0.15,26,2011,10.98,0.71,10.4,110.76,0.14490463192444236,0,0
2011-10-04,6161,55000,586600,10.6,10.8,10.6,10.7,0.05,29,2011,11.03,0.71,10.4,111.28,0.14558493536070735,0,0
2011-10-05,6161,88000,940150,10.75,10.8,10.6,10.7,0.0,39,2011,11.03,0.71,10.4,111.28,0.14558493536070735,0,0
2011-10-06,6161,74000,800950,10.85,10.95,10.75,10.85,0.15,30,2011,11.19,0.72,10.4,112.84,0.14762584566950232,0,0
2011-10-07,6161,86000,938150,11.0,11.0,10.85,10.85,0.0,33,2011,11.19,0.72,10.4,112.84,0.14762584566950232,0,0
2011-10-11,6161,224000,2452350,11.0,11.05,10.85,11.0,0.15,79,2011,11.34,0.73,10.4,114.4,0.14966675597829726,0,0
2011-10-12,6161,100000,1093550,10.9,11.1,10.85,10.85,-0.15,38,2011,11.19,0.72,10.4,112.84,0.14762584566950232,0,0
2011-10-13,6161,153000,1680400,11.05,11.1,10.85,11.1,0.25,57,2011,11.44,0.74,10.4,115.44,0.15102736285082724,0,0
2011-10-14,6161,74000,816500,11.2,11.2,10.95,10.95,-0.15,23,2011,11.29,0.73,10.4,113.88,0.1489864525420323,0,0
2011-10-17,6161,227000,2518200,11.05,11.25,10.95,10.95,0.0,83,2011,11.29,0.73,10.4,113.88,0.1489864525420323,0,0
2011-10-18,6161,103000,1118100,10.85,10.95,10.8,10.85,-0.1,36,2011,11.19,0.72,10.4,112.84,0.14762584566950232,0,0
2011-10-19,6161,192000,2094350,10.9,11.0,10.85,10.85,0.0,58,2011,11.19,0.72,10.4,112.84,0.14762584566950232,0,0
2011-10-20,6161,251000,2672700,10.85,10.85,10.5,10.5,-0.35,85,2011,10.82,0.7,10.4,109.2,0.1428637216156474,0,0
2011-10-21,6161,136000,1440500,10.55,10.65,10.55,10.55,0.05,47,2011,10.88,0.7,10.4,109.72000000000001,0.1435440250519124,0,0
2011-10-24,6161,583000,6468350,10.6,11.25,10.6,11.2,0.65,191,2011,11.55,0.75,10.4,116.47999999999999,0.15238796972335722,0,0
2011-10-25,6161,530000,5982100,11.1,11.5,11.1,11.25,0.05,160,2011,11.6,0.75,10.4,117.0,0.1530682731596222,0,0
2011-10-26,6161,249000,2779400,11.1,11.25,11.05,11.15,-0.1,81,2011,11.49,0.74,10.4,115.96000000000001,0.15170766628709223,0,0
2011-10-27,6161,418000,4792400,11.2,11.7,11.2,11.4,0.25,149,2011,11.75,0.76,10.4,118.56,0.15510918346841718,0,0
2011-10-28,6161,352000,4040500,11.65,11.65,11.2,11.3,-0.1,113,2011,11.65,0.75,10.4,117.52000000000001,0.1537485765958872,0,0
2011-10-31,6161,1362000,16331700,11.5,12.05,11.5,12.05,0.75,367,2011,12.42,0.8,10.4,125.32000000000001,0.16395312813986201,0,0
2011-11-01,6161,2309000,28808850,12.4,12.8,12.05,12.7,0.65,696,2011,13.09,0.85,10.4,132.07999999999998,0.17279707281130682,0,0
2011-11-02,6161,1267000,16335500,12.35,13.2,12.3,13.0,0.3,511,2011,13.4,0.87,10.4,135.20000000000002,0.17713048870328038,0,0
2011-11-03,6161,1083000,14214350,13.0,13.5,12.75,12.75,-0.25,367,2011,13.14,0.85,10.4,132.6,0.1737241331512942,0,0
2011-11-04,6161,863000,11298350,13.0,13.35,12.85,13.0,0.25,302,2011,13.4,0.87,10.4,135.20000000000002,0.17713048870328038,0,0
2011-11-07,6161,360000,4680100,12.9,13.15,12.9,13.0,0.0,107,2011,13.4,0.87,10.4,135.20000000000002,0.17713048870328038,0,0
2011-11-08,6161,1642000,21309150,13.0,13.15,12.7,12.9,-0.1,341,2011,9.21,0.82,10.4,134.16,0.1757679464824859,0,0
2011-11-09,6161,448000,5789300,12.95,13.1,12.7,12.7,-0.2,156,2011,9.07,0.8,10.4,132.07999999999998,0.17304286204089694,0,0
2011-11-10,6161,630000,7746000,12.7,12.7,12.05,12.1,-0.6,203,2011,8.64,0.77,10.4,125.84,0.16486760871613018,0,0
2011-11-11,6161,534000,6625350,12.4,12.5,12.25,12.4,0.3,194,2011,8.86,0.78,10.4,128.96,0.16895523537851356,0,0
2011-11-14,6161,368000,4653500,12.65,12.8,12.5,12.7,0.3,165,2011,9.07,0.8,10.4,132.07999999999998,0.17304286204089694,0,0
2011-11-15,6161,193000,2461050,12.7,12.9,12.6,12.65,-0.05,85,2011,9.04,0.8,10.4,131.56,0.17236159093049974,0,0
2011-11-16,6161,371000,4625150,12.65,12.7,12.3,12.3,-0.35,141,2011,8.79,0.78,10.4,127.92000000000002,0.16759269315771913,0,0
2011-11-17,6161,168000,2074700,12.25,12.45,12.2,12.4,0.1,59,2011,8.86,0.78,10.4,128.96,0.16895523537851356,0,0
2011-11-18,6161,174000,2136750,12.35,12.35,12.2,12.2,-0.2,72,2011,8.71,0.77,10.4,126.88,0.16623015093692464,0,0
2011-11-21,6161,304000,3594100,12.05,12.2,11.4,11.5,-0.7,132,2011,8.21,0.73,10.4,119.60000000000001,0.1566923553913634,0,0
2011-11-22,6161,309000,3502500,11.5,11.7,11.0,11.3,-0.2,107,2011,8.07,0.71,10.4,117.52000000000001,0.15396727094977447,0,0
2011-11-23,6161,313000,3472350,11.1,11.3,10.8,11.0,-0.3,111,2011,7.86,0.7,10.4,114.4,0.14987964428739106,0,0
2011-11-24,6161,318000,3498250,10.65,11.35,10.65,11.25,0.25,138,2011,8.04,0.71,10.4,117.0,0.15328599983937724,0,0
2011-11-25,6161,198000,2228550,11.25,11.45,11.1,11.25,0.0,78,2011,8.04,0.71,10.4,117.0,0.15328599983937724,0,0
2011-11-28,6161,279000,3210150,11.5,11.6,11.4,11.4,0.15,115,2011,8.14,0.72,10.4,118.56,0.15532981317056893,0,0
2011-11-29,6161,254000,2943250,11.5,11.75,11.5,11.7,0.3,88,2011,8.36,0.74,10.4,121.67999999999999,0.1594174398329523,0,0
2011-11-30,6161,189000,2159400,11.7,11.7,11.25,11.55,-0.15,75,2011,8.25,0.73,10.4,120.12,0.15737362650176062,0,0
2011-12-01,6161,398000,4678400,11.75,12.05,11.25,11.25,-0.3,141,2011,8.04,0.71,10.4,117.0,0.15328599983937724,0,0
2011-12-02,6161,273000,3168000,11.55,11.7,11.55,11.55,0.3,94,2011,8.25,0.73,10.4,120.12,0.15533600916808335,0,0
2011-12-05,6161,128000,1496700,11.95,11.95,11.55,11.65,0.1,59,2011,8.32,0.74,10.4,121.16000000000001,0.1566809096803611,0,0
2011-12-06,6161,251000,2841700,11.7,11.7,11.1,11.1,-0.55,109,2011,7.93,0.7,10.4,115.44,0.14928395686283333,0,0
2011-12-07,6161,136000,1525600,11.4,11.4,11.15,11.15,0.05,59,2011,7.96,0.71,10.4,115.96000000000001,0.14995640711897223,0,0
2011-12-08,6161,107000,1185800,11.15,11.15,11.0,11.15,0.0,44,2011,7.96,0.71,10.4,115.96000000000001,0.14995640711897223,0,0
2011-12-09,6161,511000,5938950,11.0,11.9,11.0,11.9,0.75,179,2011,8.5,0.75,10.4,123.76,0.16004316096105556,0,0
2011-12-12,6161,371000,4442250,11.95,12.1,11.75,11.75,-0.15,159,2011,8.39,0.74,10.4,122.2,0.1580258101926389,0,0
2011-12-13,6161,194000,2269950,11.65,11.85,11.6,11.65,-0.1,60,2011,8.32,0.74,10.4,121.16000000000001,0.1566809096803611,0,0
2011-12-14,6161,585000,6960750,11.6,12.15,11.6,12.0,0.35,190,2011,8.57,0.76,10.4,124.80000000000001,0.16138806147333334,0,0
2011-12-15,6161,291000,3402700,11.8,11.85,11.6,11.65,-0.35,100,2011,8.32,0.74,10.4,121.16000000000001,0.1566809096803611,0,0
2011-12-16,6161,220000,2576150,11.8,11.85,11.6,11.7,0.05,93,2011,8.36,0.74,10.4,121.67999999999999,0.15735335993650001,0,0
2011-12-19,6161,344000,3871350,11.3,11.55,10.9,11.2,-0.5,128,2011,8.0,0.71,10.4,116.47999999999999,0.1506288573751111,0,0
2011-12-20,6161,152000,1710850,11.25,11.45,11.1,11.15,-0.05,74,2011,7.96,0.71,10.4,115.96000000000001,0.14995640711897223,0,0
2011-12-21,6161,312000,3646450,11.55,11.8,11.55,11.8,0.65,137,2011,8.43,0.75,10.4,122.72000000000001,0.1586982604487778,0,0
2011-12-22,6161,203000,2373600,11.8,11.8,11.5,11.75,-0.05,89,2011,8.39,0.74,10.4,122.2,0.1580258101926389,0,0
2011-12-23,6161,840000,10242900,11.6,12.55,11.6,12.25,0.5,291,2011,8.75,0.77,10.4,127.4,0.1647503127540278,0,0
2011-12-26,6161,286000,3501800,12.25,12.4,12.15,12.15,-0.1,112,2011,8.68,0.77,10.4,126.36000000000001,0.16340541224175004,0,0
2011-12-27,6161,282000,3430500,12.35,12.35,12.05,12.25,0.1,97,2011,8.75,0.77,10.4,127.4,0.1647503127540278,0,0
2011-12-28,6161,277000,3373500,12.2,12.3,12.1,12.1,-0.15,87,2011,8.64,0.77,10.4,125.84,0.16273296198561113,0,0
2011-12-29,6161,139000,1683600,12.1,12.2,12.05,12.05,-0.05,51,2011,8.61,0.76,10.4,125.32000000000001,0.16206051172947222,0,0
2011-12-30,6161,203000,2449400,12.15,12.15,12.0,12.1,0.05,84,2011,8.64,0.77,10.4,125.84,0.16273296198561113,0,0
2012-01-02,6161,396000,4796800,12.1,12.35,11.75,12.3,0.2,155,2012,8.79,0.78,12.1,148.83,0.18426313811155481,0,0
2012-01-03,6161,392000,4839650,12.3,12.5,12.25,12.4,0.1,123,2012,8.86,0.78,12.1,150.04,0.18576121240514465,0,0
2012-01-04,6161,371000,4639750,12.5,12.7,12.35,12.4,0.0,146,2012,8.86,0.78,12.1,150.04,0.18576121240514465,0,0
2012-01-05,6161,361000,4479450,12.4,12.5,12.25,12.5,0.1,107,2012,8.93,0.79,12.1,151.25,0.18725928669873454,0,0
2012-01-06,6161,931000,12428850,13.35,13.35,13.35,13.35,0.85,239,2012,9.54,0.84,12.1,161.535,0.1999929181942485,0,0
2012-01-09,6161,1606000,21615750,13.5,13.7,13.25,13.4,0.05,571,2012,9.57,0.85,12.1,162.14,0.2007419553410434,0,0
2012-01-10,6161,669000,8981700,13.45,13.65,13.3,13.35,-0.05,259,2012,9.54,0.84,12.1,161.535,0.1999929181942485,0,0
2012-01-11,6161,1168000,15946350,13.4,13.9,13.35,13.5,0.15,428,2012,9.64,0.85,12.1,163.35,0.2022400296346333,0,0
2012-01-12,6161,803000,10781250,13.45,13.6,13.1,13.1,-0.4,261,2012,9.36,0.83,12.1,158.51,0.1962477324602738,0,0
2012-01-13,6161,985000,12820650,13.2,13.3,12.7,12.75,-0.35,289,2012,9.11,0.81,12.1,154.275,0.19100447243270924,0,0
2012-01-16,6161,545000,7064650,13.0,13.15,12.85,12.95,0.2,186,2012,9.25,0.82,12.1,156.695,0.194000621019889,0,0
2012-01-17,6161,765000,10224700,13.05,13.5,13.0,13.3,0.35,273,2012,9.5,0.84,12.1,160.93,0.19924388104745355,0,0
2012-01-18,6161,689000,9215250,13.6,13.6,13.2,13.25,-0.05,204,2012,9.46,0.84,12.1,160.325,0.1984948439006586,0,0
2012-01-30,6161,956000,13064200,13.55,13.75,13.5,13.6,0.35,279,2012,9.71,0.86,12.1,164.56,0.20373810392822317,0,0
2012-01-31,6161,1103000,15437800,13.65,14.2,13.6,13.9,0.3,384,2012,9.93,0.88,12.1,168.19,0.2082323268089928,0,0
2012-02-01,6161,1521000,21867900,14.2,14.8,13.95,14.3,0.4,448,2012,10.21,0.9,12.1,173.03,0.21422462398335232,0,0
2012-02-02,6161,1024000,14703700,14.65,14.65,14.05,14.2,-0.1,322,2012,10.14,0.9,12.1,171.82,0.21283471888958297,0,0
2012-02-03,6161,1092000,15653850,14.4,14.55,14.2,14.2,0.0,320,2012,10.14,0.9,12.1,171.82,0.21283471888958297,0,0
2012-02-06,6161,2106000,31642150,14.7,15.35,14.7,15.0,0.3,589,2012,10.71,0.95,12.1,181.5,0.22482540727772848,0,0
2012-02-07,6161,1138000,17134500,15.0,15.3,14.75,14.9,-0.1,366,2012,10.64,0.94,12.1,180.29,0.22332657122921032,0,0
2012-02-08,6161,1080000,16210350,15.15,15.15,14.9,14.95,0.05,284,2012,10.68,0.95,12.1,180.89499999999998,0.22407598925346936,0,0
2012-02-09,6161,772000,11653600,14.9,15.3,14.9,15.0,0.05,231,2012,10.71,0.95,12.1,181.5,0.22482540727772848,0,0
2012-02-10,6161,1321000,19492850,15.0,15.1,14.55,14.7,-0.3,378,2012,10.5,0.93,12.1,177.86999999999998,0.2203288991321739,0,0
2012-02-13,6161,756000,11207900,14.7,15.0,14.6,15.0,0.3,205,2012,10.71,0.95,12.1,181.5,0.22482540727772848,0,0
2012-02-14,6161,448000,6658100,15.0,15.2,14.8,14.8,-0.2,145,2012,10.57,0.94,12.1,179.08,0.22182773518069215,0,0
2012-02-15,6161,2341000,36042450,14.9,15.8,14.9,15.65,0.85,670,2012,11.18,0.99,12.1,189.365,0.23456784159309674,0,0
2012-02-16,6161,1274000,19500350,15.65,15.65,14.8,15.0,-0.65,405,2012,10.71,0.95,12.1,181.5,0.22482540727772848,0,0
2012-02-17,6161,1172000,17462650,15.1,15.4,14.6,14.7,-0.3,322,2012,10.5,0.93,12.1,177.86999999999998,0.2203288991321739,0,0
2012-02-20,6161,1087000,16408650,15.0,15.35,14.9,15.0,0.3,235,2012,10.71,0.95,12.1,181.5,0.22482540727772848,0,0
2012-02-21,6161,492000,7351200,15.0,15.2,14.8,14.9,-0.1,130,2012,10.64,0.94,12.1,180.29,0.22332657122921032,0,0
2012-02-22,6161,610000,9172750,14.9,15.2,14.9,14.9,0.0,214,2012,10.64,0.94,12.1,180.29,0.22332657122921032,0,0
2012-02-23,6161,387000,5803450,14.9,15.1,14.9,15.0,0.1,137,2012,10.71,0.95,12.1,181.5,0.22482540727772848,0,0
2012-02-24,6161,558000,8367700,15.1,15.15,14.9,14.9,-0.1,183,2012,10.64,0.94,12.1,180.29,0.22332657122921032,0,0
2012-02-29,6161,465000,6992200,15.1,15.15,14.95,15.0,0.1,125,2012,10.71,0.95,12.1,181.5,0.22482540727772848,0,0
2012-03-01,6161,455000,6828050,15.1,15.1,14.95,15.0,0.0,125,2012,10.71,0.95,12.1,181.5,0.22482540727772848,0,0
2012-03-02,6161,672000,10223750,15.05,15.45,15.05,15.1,0.1,247,2012,10.79,0.96,12.1,182.70999999999998,0.2244239210768712,0,0
2012-03-05,6161,1267000,19921650,15.55,16.1,15.45,15.45,-0.05,407,2012,12.56,1.04,12.1,186.945,0.22962580004222918,0,0
2012-03-06,6161,1060000,15901750,15.4,15.5,14.75,14.95,-0.5,319,2012,12.15,1.01,12.1,180.89499999999998,0.2221945443774321,0,0
2012-03-07,6161,735000,11007200,14.75,15.2,14.7,14.95,0.0,240,2012,10.68,0.95,12.1,180.89499999999998,0.2221945443774321,0,0
2012-03-08,6161,620000,9455900,15.25,15.4,15.1,15.15,0.2,232,2012,10.82,0.96,12.1,183.315,0.22516704664335094,0,0
2012-03-09,6161,682000,10462650,15.25,15.5,15.2,15.25,0.1,225,2012,10.89,0.96,12.1,184.525,0.22665329777631035,0,0
2012-03-12,6161,2170000,34171700,15.5,16.1,15.3,15.7,0.45,658,2012,11.21,0.99,12.1,189.97,0.23334142787462772,0,0
2012-03-13,6161,1910000,30556950,15.95,16.3,15.7,15.7,0.0,562,2012,11.21,0.99,12.1,189.97,0.23334142787462772,0,0
2012-03-14,6161,1053000,16638250,15.95,16.0,15.45,15.65,-0.05,298,2012,11.18,0.99,12.1,189.365,0.23259830230814801,0,0
2012-03-15,6161,550000,8687800,15.5,15.95,15.5,15.95,0.3,183,2012,11.39,1.01,12.1,192.99499999999998,0.2370570557070262,0,0
2012-03-16,6161,1527000,24719750,16.0,16.5,15.95,15.95,0.0,460,2012,11.39,1.01,12.1,192.99499999999998,0.2370570557070262,0,0
2012-03-19,6161,675000,10695450,16.0,16.05,15.7,15.8,-0.15,245,2012,11.29,1.0,12.1,191.18,0.23482767900758714,0,0
2012-03-20,6161,556000,8757550,15.95,15.95,15.6,15.75,-0.05,161,2012,11.25,1.0,12.1,190.575,0.23408455344110743,0,0
2012-03-21,6161,569000,8990200,15.7,15.9,15.6,15.75,0.0,186,2012,11.25,1.0,12.1,190.575,0.23408455344110743,0,0
2012-03-22,6161,988000,15778850,15.75,16.2,15.75,15.95,0.2,264,2012,11.39,1.01,12.1,192.99499999999998,0.2370570557070262,0,0
2012-03-23,6161,812000,12779450,15.4,16.0,15.4,16.0,0.05,173,2012,11.43,1.01,12.1,193.6,0.23780018127350594,0,0
2012-03-26,6161,1264000,20514350,16.1,16.35,16.05,16.3,0.3,375,2012,11.64,1.03,12.1,197.23,0.24225893467238419,0,0
2012-03-27,6161,940000,15437850,16.5,16.7,16.3,16.4,0.1,326,2012,11.71,1.04,12.1,198.43999999999997,0.24374518580534357,0,0
2012-03-28,6161,832000,13596700,16.4,16.45,16.15,16.2,-0.2,212,2012,11.57,1.02,12.1,196.01999999999998,0.24077268353942474,0,0
2012-03-29,6161,3842000,63095700,16.6,17.0,15.85,16.0,-0.2,1113,2012,11.43,1.01,12.1,193.6,0.23780018127350594,0,0
2012-03-30,6161,1764000,28113650,15.9,16.15,15.8,15.85,-0.15,549,2012,11.32,1.0,12.1,191.785,0.23557080457406684,0,0
2012-04-02,6161,749000,11821350,16.0,16.0,15.65,15.65,-0.2,267,2012,11.18,0.99,12.1,189.365,0.2463276862615323,0,0
2012-04-03,6161,2006000,29897950,15.75,15.8,14.6,14.75,-0.9,603,2012,10.54,0.93,12.1,178.475,0.23216187682796177,0,0
2012-04-05,6161,796000,11462600,14.25,14.6,14.1,14.5,-0.25,246,2012,10.36,0.92,12.1,175.45,0.22822692976308107,0,0
2012-04-06,6161,778000,11548850,14.65,15.0,14.65,14.9,0.4,279,2012,10.64,0.94,12.1,180.29,0.2345228450668902,0,0
2012-04-09,6161,429000,6283650,14.75,14.75,14.55,14.6,-0.3,187,2012,10.43,0.92,12.1,176.66,0.22980090858903335,0,0
2012-04-10,6161,1066000,15580350,14.6,14.85,14.45,14.55,-0.05,380,2012,7.46,0.9,12.1,176.055,0.2290139191760572,0,0
2012-04-11,6161,374000,5442950,14.55,14.65,14.45,14.55,0.0,152,2012,7.46,0.9,12.1,176.055,0.2290139191760572,0,0
2012-04-12,6161,398000,5842350,14.55,14.85,14.5,14.5,-0.05,169,2012,7.44,0.9,12.1,175.45,0.22822692976308107,0,0
2012-04-13,6161,495000,7305750,14.85,14.9,14.6,14.7,0.2,174,2012,7.54,0.91,12.1,177.86999999999998,0.2313748874149856,0,0
2012-04-16,6161,304000,4423850,14.6,14.7,14.45,14.5,-0.2,121,2012,7.44,0.9,12.1,175.45,0.22822692976308107,0,0
2012-04-17,6161,666000,9410900,14.5,14.55,13.8,13.8,-0.7,245,2012,7.08,0.85,12.1,166.98,0.2172090779814151,0,0
2012-04-18,6161,391000,5468050,14.0,14.3,13.85,13.85,0.05,150,2012,7.1,0.86,12.1,167.58499999999998,0.2179960673943912,0,0
2012-04-19,6161,304000,4255550,13.9,14.15,13.8,14.1,0.25,135,2012,7.23,0.87,12.1,170.60999999999999,0.2219310144592719,0,0
2012-04-20,6161,409000,5709400,14.1,14.15,13.8,13.8,-0.3,143,2012,7.08,0.85,12.1,166.98,0.2172090779814151,0,0
2012-04-23,6161,327000,4477450,13.95,14.0,13.5,13.55,-0.25,129,2012,6.95,0.84,12.1,163.955,0.2132741309165344,0,0
2012-04-24,6161,398000,5446150,13.55,13.8,13.5,13.8,0.25,112,2012,7.08,0.85,12.1,166.98,0.2172090779814151,0,0
2012-04-25,6161,303000,4228550,13.8,14.05,13.8,13.95,0.15,125,2012,7.15,0.86,12.1,168.795,0.21957004622034348,0,0
2012-04-26,6161,254000,3548300,14.0,14.1,13.8,13.95,0.0,100,2012,7.15,0.86,12.1,168.795,0.21957004622034348,0,0
2012-04-27,6161,227000,3148650,14.0,14.1,13.75,13.75,-0.2,110,2012,7.05,0.85,12.1,166.375,0.21642208856843895,0,0
2012-04-30,6161,191000,2637200,13.8,13.9,13.75,13.8,0.05,70,2012,7.08,0.85,12.1,166.98,0.2172090779814151,0,0
2012-05-02,6161,567000,7983100,13.8,14.2,13.75,14.2,0.4,239,2012,7.28,0.88,12.1,171.82,0.23243063436302008,0,0
2012-05-03,6161,283000,4017550,14.35,14.35,14.1,14.1,-0.1,117,2012,7.23,0.87,12.1,170.60999999999999,0.23079379890975935,0,0
2012-05-04,6161,778000,11187950,14.15,14.6,14.1,14.4,0.3,235,2012,7.38,0.89,12.1,174.24,0.23570430526954148,0,0
2012-05-07,6161,350000,5003150,14.25,14.4,14.2,14.35,-0.05,124,2012,9.08,0.86,12.1,173.635,0.23488588754291112,0,0
2012-05-08,6161,333000,4806150,14.4,14.55,14.35,14.4,0.05,97,2012,9.11,0.86,12.1,174.24,0.23570430526954148,0,0
2012-05-09,6161,1044000,14570300,14.2,14.2,13.75,13.9,-0.5,334,2012,8.8,0.83,12.1,168.19,0.22752012800323795,0,0
2012-05-10,6161,173000,2394400,13.9,13.95,13.75,13.75,-0.15,78,2012,8.7,0.82,12.1,166.375,0.2250648748233469,0,0
2012-05-11,6161,240000,3270800,13.75,13.75,13.55,13.55,-0.2,112,2012,8.58,0.81,12.1,163.955,0.22179120391682552,0,0
2012-05-14,6161,279000,3770650,13.55,13.55,13.45,13.55,0.0,84,2012,8.58,0.81,12.1,163.955,0.22179120391682552,0,0
2012-05-15,6161,222000,3003300,13.45,13.6,13.45,13.6,0.05,66,2012,8.61,0.81,12.1,164.56,0.22260962164345585,0,0
2012-05-16,6161,318000,4371800,13.7,13.9,13.6,13.6,0.0,121,2012,8.61,0.81,12.1,164.56,0.22260962164345585,0,0
2012-05-17,6161,122000,1672750,13.6,13.85,13.55,13.65,0.05,64,2012,8.64,0.81,12.1,165.165,0.2234280393700862,0,0
2012-05-18,6161,210000,2832350,13.5,13.6,13.35,13.35,-0.3,112,2012,8.45,0.8,12.1,161.535,0.21851753301030408,0,0
2012-05-21,6161,85000,1142350,13.75,13.75,13.3,13.35,0.0,46,2012,8.45,0.8,12.1,161.535,0.21851753301030408,0,0
2012-05-22,6161,193000,2621200,13.5,13.8,13.45,13.65,0.3,92,2012,8.64,0.81,12.1,165.165,0.2234280393700862,0,0
2012-05-23,6161,127000,1710800,13.65,13.65,13.35,13.35,-0.3,46,2012,8.45,0.8,12.1,161.535,0.21851753301030408,0,0
2012-05-24,6161,192000,2559750,13.35,13.5,13.2,13.2,-0.15,84,2012,8.35,0.79,12.1,159.72,0.216062279830413,0,0
2012-05-25,6161,234000,3064900,13.25,13.3,13.0,13.0,-0.2,86,2012,8.23,0.78,12.1,157.29999999999998,0.2127886089238916,0,0
2012-05-28,6161,184000,2407150,13.0,13.2,13.0,13.05,0.05,68,2012,8.26,0.78,12.1,157.905,0.21360702665052198,0,0
2012-05-29,6161,255000,3459000,13.15,13.75,13.15,13.75,0.7,101,2012,8.7,0.82,12.1,166.375,0.2250648748233469,0,0
2012-05-30,6161,176000,2378500,13.5,13.65,13.4,13.6,-0.15,61,2012,8.61,0.81,12.1,164.56,0.22260962164345585,0,0
2012-05-31,6161,141000,1926550,13.4,13.8,13.4,13.75,0.15,59,2012,8.7,0.82,12.1,166.375,0.2250648748233469,0,0
2012-06-01,6161,187000,2521150,13.6,13.75,13.35,13.5,-0.25,86,2012,8.54,0.81,12.1,163.35,0.22097278619019514,0,0
2012-06-04,6161,304000,3920000,13.25,13.25,12.6,12.8,-0.7,125,2012,8.1,0.76,12.1,154.88,0.2064998108729457,0,0
2012-06-05,6161,137000,1790350,13.0,13.2,13.0,13.0,0.2,64,2012,8.23,0.78,12.1,157.29999999999998,0.20972637041783543,0,0
2012-06-06,6161,124000,1621000,13.0,13.2,13.0,13.05,0.05,60,2012,8.26,0.78,12.1,157.905,0.2105330103040579,0,0
2012-06-07,6161,414000,5521350,13.3,13.5,13.15,13.15,0.1,121,2012,8.32,0.79,12.1,159.115,0.2121462900765028,0,0
2012-06-08,6161,149000,1948100,13.2,13.2,12.95,13.1,-0.05,55,2012,8.29,0.78,12.1,158.51,0.21133965019028034,0,0
2012-06-11,6161,238000,3166700,13.35,13.45,13.2,13.3,0.2,99,2012,8.42,0.79,12.1,160.93,0.21456620973517013,0,0
2012-06-12,6161,114000,1522100,13.2,13.4,13.2,13.4,0.1,55,2012,8.48,0.8,12.1,162.14,0.21617948950761498,0,0
2012-06-13,6161,177000,2384100,13.45,13.55,13.4,13.45,0.05,76,2012,8.51,0.8,12.1,162.74499999999998,0.21698612939383743,0,0
2012-06-14,6161,101000,1352150,13.35,13.5,13.35,13.35,-0.1,51,2012,8.45,0.8,12.1,161.535,0.21537284962139258,0,0
2012-06-15,6161,199000,2674050,13.45,13.5,13.35,13.5,0.15,79,2012,8.54,0.81,12.1,163.35,0.2177927692800599,0,0
2012-06-18,6161,286000,3929550,13.55,13.9,13.55,13.75,0.25,137,2012,8.7,0.82,12.1,166.375,0.22182596871117213,0,0
2012-06-19,6161,137000,1873100,13.75,13.75,13.6,13.7,-0.05,56,2012,8.67,0.82,12.1,165.76999999999998,0.22101932882494965,0,0
2012-06-20,6161,200000,2760450,13.8,13.85,13.75,13.8,0.1,76,2012,8.73,0.82,12.1,166.98,0.22263260859739456,0,0
2012-06-21,6161,165000,2285850,13.85,13.95,13.75,13.75,-0.05,80,2012,8.7,0.82,12.1,166.375,0.22182596871117213,0,0
2012-06-22,6161,155000,2134000,13.6,13.85,13.6,13.85,0.1,57,2012,8.77,0.83,12.1,167.58499999999998,0.223439248483617,0,0
2012-06-25,6161,155000,2142850,13.75,13.9,13.75,13.8,-0.05,62,2012,8.73,0.82,12.1,166.98,0.22263260859739456,0,0
2012-06-26,6161,180000,2505800,13.8,14.05,13.8,13.8,0.0,76,2012,8.73,0.82,12.1,166.98,0.22263260859739456,0,0
2012-06-27,6161,276000,3836000,13.85,14.0,13.8,13.85,0.05,70,2012,8.77,0.83,12.1,167.58499999999998,0.223439248483617,0,0
2012-06-28,6161,306000,4266050,13.95,14.1,13.85,13.9,0.05,109,2012,8.8,0.83,12.1,168.19,0.22424588836983944,0,0
2012-06-29,6161,189000,2621150,13.8,13.95,13.8,13.8,-0.1,75,2012,8.73,0.82,12.1,166.98,0.22263260859739456,0,0
2012-07-02,6161,278000,3866500,13.9,14.0,13.85,13.9,0.1,84,2012,8.8,0.83,12.1,168.19,0.21587829182627463,0,0
2012-07-03,6161,269000,3764900,13.9,14.1,13.9,14.0,0.1,98,2012,8.86,0.84,12.1,169.4,0.2174313730624349,0,0
2012-07-04,6161,376000,5287600,14.05,14.15,13.95,14.1,0.1,149,2012,8.92,0.84,12.1,170.60999999999999,0.21898445429859512,0,0
2012-07-05,6161,233000,3284250,14.1,14.2,14.0,14.0,-0.1,100,2012,8.86,0.84,12.1,169.4,0.2174313730624349,0,0
2012-07-06,6161,402000,5596350,14.05,14.1,13.75,13.8,-0.2,117,2012,8.73,0.82,12.1,166.98,0.2143252105901144,0,0
2012-07-09,6161,77000,1061850,13.75,13.85,13.75,13.85,0.05,43,2012,8.77,0.83,12.1,167.58499999999998,0.2151017512081945,0,0
2012-07-10,6161,1618000,23448100,14.1,14.7,14.1,14.25,0.4,549,2012,9.02,0.85,12.1,172.42499999999998,0.2213140761528355,0,0
2012-07-11,6161,477000,6830650,14.1,14.5,14.1,14.3,0.05,192,2012,9.05,0.85,12.1,173.03,0.22209061677091563,0,0
2012-07-12,6161,344000,4920900,14.45,14.45,14.2,14.2,-0.1,132,2012,8.99,0.85,12.1,171.82,0.22053753553475539,0,0
2012-07-13,6161,317000,4490050,14.2,14.3,14.05,14.05,-0.15,125,2012,8.89,0.84,12.1,170.005,0.218207913680515,0,0
2012-07-16,6161,297000,4172400,14.1,14.3,13.9,13.9,-0.15,118,2012,8.8,0.83,12.1,168.19,0.21587829182627463,0,0
2012-07-17,6161,194000,2710900,13.9,14.1,13.9,13.95,0.05,89,2012,8.83,0.83,12.1,168.795,0.21665483244435474,0,0
2012-07-18,6161,139000,1944450,14.1,14.2,13.9,13.9,-0.05,74,2012,8.8,0.83,12.1,168.19,0.21587829182627463,0,0
2012-07-19,6161,230000,3238450,14.0,14.15,14.0,14.05,0.15,74,2012,8.89,0.84,12.1,170.005,0.218207913680515,0,0
2012-07-20,6161,91000,1278450,13.9,14.1,13.9,14.1,0.05,35,2012,8.92,0.84,12.1,170.60999999999999,0.21898445429859512,0,0
2012-07-23,6161,315000,4366550,14.05,14.05,13.75,13.9,-0.2,99,2012,8.8,0.83,12.1,168.19,0.21587829182627463,0,0
2012-07-24,6161,165000,2274150,13.85,13.85,13.75,13.85,-0.05,51,2012,8.77,0.83,12.1,167.58499999999998,0.2151017512081945,0,0
2012-07-25,6161,192000,2663550,13.75,13.95,13.75,13.9,0.05,58,2012,8.8,0.83,12.1,168.19,0.21587829182627463,0,0
2012-07-26,6161,173000,2406600,13.95,14.0,13.8,13.8,-0.1,74,2012,8.73,0.82,12.1,166.98,0.2143252105901144,0,0
2012-07-27,6161,272000,3808850,13.95,14.1,13.9,13.9,0.1,117,2012,8.8,0.83,12.1,168.19,0.21587829182627463,0,0
2012-07-30,6161,301000,4242050,14.0,14.2,14.0,14.0,0.1,99,2012,8.86,0.84,12.1,169.4,0.2174313730624349,0,0
2012-07-31,6161,157000,2206300,14.0,14.1,14.0,14.05,0.05,60,2012,8.89,0.84,12.1,170.005,0.218207913680515,0,0
2012-08-01,6161,248000,3483500,14.15,14.15,14.0,14.1,0.05,78,2012,8.92,0.84,12.1,170.60999999999999,0.21898445429859512,0,0
2012-08-03,6161,192000,2704750,14.05,14.2,14.0,14.1,0.0,85,2012,8.92,0.84,12.1,170.60999999999999,0.21147236003823133,0,0
2012-08-06,6161,299000,4229350,14.2,14.25,14.0,14.0,-0.1,108,2012,8.86,0.84,12.1,169.4,0.20997255606632903,0,0
2012-08-07,6161,262000,3667250,14.05,14.1,13.9,13.95,-0.05,100,2012,8.83,0.83,12.1,168.795,0.20922265408037782,0,0
2012-08-08,6161,186000,2615750,14.05,14.2,14.0,14.0,0.05,90,2012,8.86,0.84,12.1,169.4,0.20997255606632903,0,0
2012-08-09,6161,356000,5048800,14.0,14.25,14.0,14.25,0.25,137,2012,9.02,0.85,12.1,172.42499999999998,0.21372206599608487,0,0
2012-08-10,6161,881000,12881950,14.55,14.75,14.5,14.65,0.4,339,2012,9.27,0.87,12.1,177.265,0.21972128188369427,0,0
2012-08-13,6161,691000,10203450,14.8,14.85,14.65,14.65,0.0,236,2012,9.27,0.87,12.1,177.265,0.21972128188369427,0,0
2012-08-14,6161,737000,10879000,14.75,14.85,14.65,14.7,0.05,238,2012,9.3,0.88,12.1,177.86999999999998,0.22047118386964543,0,0
2012-08-15,6161,406000,5968950,14.75,14.8,14.65,14.75,0.05,121,2012,9.34,0.88,12.1,178.475,0.22122108585559663,0,0
2012-08-16,6161,517000,7659650,14.75,14.9,14.7,14.85,0.1,190,2012,9.4,0.89,12.1,179.685,0.222720889827499,0,0
2012-08-17,6161,957000,14337000,14.85,15.2,14.8,15.05,0.2,325,2012,9.53,0.9,12.1,182.105,0.22572049777130368,0,0
2012-08-20,6161,698000,10552850,15.15,15.3,15.0,15.05,0.0,258,2012,9.53,0.9,12.1,182.105,0.22572049777130368,0,0
2012-08-21,6161,629000,9500700,15.05,15.2,15.05,15.05,0.0,225,2012,9.53,0.9,12.1,182.105,0.22572049777130368,0,0
2012-08-22,6161,507000,7653100,15.15,15.2,15.05,15.15,0.1,180,2012,9.59,0.9,12.1,183.315,0.22722030174320604,0,0
2012-08-23,6161,385000,5838800,15.15,15.25,15.1,15.15,0.0,156,2012,9.59,0.9,12.1,183.315,0.22722030174320604,0,0
2012-08-24,6161,780000,11766900,15.15,15.2,15.0,15.1,-0.05,260,2012,9.56,0.9,12.1,182.70999999999998,0.22647039975725483,0,0
2012-08-27,6161,1441000,21161950,15.0,15.0,14.5,14.65,-0.45,554,2012,9.27,0.87,12.1,177.265,0.21972128188369427,0,0
2012-08-28,6161,1316000,18918500,14.65,14.65,14.2,14.3,-0.35,467,2012,9.05,0.85,12.1,173.03,0.21447196798203608,0,0
2012-08-29,6161,1992000,28886000,14.3,14.75,14.3,14.55,0.25,625,2012,9.21,0.87,12.1,176.055,0.21822147791179194,0,0
2012-08-30,6161,1818000,22225750,12.5,12.5,12.05,12.05,0.0,651,2012,7.63,0.72,12.1,145.805,0.18072637861423319,0,0
2012-08-31,6161,442000,5340050,12.05,12.2,12.0,12.05,0.0,170,2012,7.63,0.72,12.1,145.805,0.18072637861423319,0,0
2012-09-03,6161,479000,5809750,12.0,12.2,12.0,12.15,0.1,197,2012,7.69,0.73,12.1,147.015,0.17743892680437579,0,0
2012-09-04,6161,426000,5201200,12.25,12.3,12.1,12.1,-0.05,179,2012,7.66,0.72,12.1,146.41,0.17670872545950184,0,0
2012-09-05,6161,339000,4099000,12.2,12.2,12.05,12.05,-0.05,142,2012,7.63,0.72,12.1,145.805,0.17597852411462786,0,0
2012-09-06,6161,482000,5813000,12.1,12.15,12.0,12.0,-0.05,162,2012,7.59,0.72,12.1,145.2,0.17524832276975388,0,0
2012-09-07,6161,305000,3685250,12.1,12.2,12.05,12.05,0.05,118,2012,7.82,0.73,12.1,145.805,0.17597852411462786,0,0
2012-09-10,6161,614000,7595100,12.2,12.45,12.2,12.4,0.35,256,2012,8.05,0.75,12.1,150.04,0.18108993352874567,0,0
2012-09-11,6161,357000,4427250,12.45,12.5,12.3,12.4,0.0,130,2012,8.05,0.75,12.1,150.04,0.18108993352874567,0,0
2012-09-12,6161,639000,7971750,12.45,12.55,12.4,12.4,0.0,188,2012,8.05,0.75,12.1,150.04,0.18108993352874567,0,0
2012-09-13,6161,354000,4392300,12.5,12.5,12.35,12.35,-0.05,103,2012,8.02,0.74,12.1,149.435,0.1803597321838717,0,0
2012-09-14,6161,328000,4076300,12.45,12.55,12.35,12.4,0.05,101,2012,8.05,0.75,12.1,150.04,0.18108993352874567,0,0
2012-09-17,6161,213000,2636550,12.5,12.5,12.3,12.35,-0.05,98,2012,8.02,0.74,12.1,149.435,0.1803597321838717,0,0
2012-09-18,6161,240000,2952300,12.35,12.35,12.25,12.3,-0.05,90,2012,7.99,0.74,12.1,148.83,0.17962953083899774,0,0
2012-09-19,6161,178000,2183600,12.35,12.35,12.2,12.3,0.0,75,2012,7.99,0.74,12.1,148.83,0.17962953083899774,0,0
2012-09-20,6161,245000,3003850,12.35,12.35,12.2,12.25,-0.05,102,2012,7.95,0.74,12.1,148.225,0.17889932949412374,0,0
2012-09-21,6161,1134000,14313200,12.35,12.75,12.35,12.7,0.45,390,2012,8.25,0.77,12.1,153.67,0.1854711415979895,0,0
2012-09-24,6161,288000,3622450,12.7,12.7,12.5,12.5,-0.2,111,2012,8.12,0.75,12.1,151.25,0.18255033621849362,0,0
2012-09-25,6161,121000,1510700,12.5,12.6,12.4,12.4,-0.1,60,2012,8.05,0.75,12.1,150.04,0.18108993352874567,0,0
2012-09-26,6161,228000,2814550,12.4,12.5,12.3,12.3,-0.1,83,2012,7.99,0.74,12.1,148.83,0.17962953083899774,0,0
2012-09-27,6161,91000,1118700,12.25,12.4,12.2,12.3,0.0,51,2012,7.99,0.74,12.1,148.83,0.17962953083899774,0,0
2012-09-28,6161,200000,2461400,12.4,12.4,12.25,12.3,0.0,68,2012,7.99,0.74,12.1,148.83,0.17962953083899774,0,0
2012-10-01,6161,195000,2431000,12.35,12.55,12.35,12.4,0.1,93,2012,8.05,0.75,12.1,150.04,0.18108993352874567,0,0
2012-10-02,6161,153000,1905800,12.4,12.5,12.4,12.4,0.0,45,2012,8.05,0.75,12.1,150.04,0.17776594040599447,0,0
2012-10-03,6161,316000,3969100,12.5,12.7,12.5,12.5,0.1,127,2012,8.12,0.75,12.1,151.25,0.1791995366995912,0,0
2012-10-04,6161,187000,2319700,12.5,12.55,12.3,12.35,-0.15,68,2012,8.02,0.74,12.1,149.435,0.1770491422591961,0,0
2012-10-05,6161,285000,3517750,12.35,12.4,12.3,12.35,0.0,81,2012,8.02,0.74,12.1,149.435,0.1770491422591961,0,0
2012-10-08,6161,123000,1513850,12.35,12.45,12.25,12.25,-0.1,56,2012,7.95,0.74,12.1,148.225,0.17561554596559936,0,0
2012-10-09,6161,122000,1483450,12.25,12.25,12.1,12.15,-0.1,60,2012,7.89,0.73,12.1,147.015,0.17418194967200262,0,0
2012-10-11,6161,264000,3209650,12.15,12.25,12.05,12.05,-0.1,85,2012,7.82,0.73,12.1,145.805,0.1727483533784059,0,0
2012-10-12,6161,215000,2597950,12.1,12.15,12.0,12.0,-0.05,78,2012,7.79,0.72,12.1,145.2,0.17203155523160754,0,0
2012-10-15,6161,183000,2202650,12.0,12.1,12.0,12.0,0.0,49,2012,7.79,0.72,12.1,145.2,0.17203155523160754,0,0
2012-10-16,6161,87000,1048850,12.05,12.1,12.0,12.05,0.05,47,2012,7.82,0.73,12.1,145.805,0.1727483533784059,0,0
2012-10-17,6161,78000,946350,12.15,12.15,12.05,12.1,0.05,32,2012,7.86,0.73,12.1,146.41,0.17346515152520428,0,0
2012-10-18,6161,208000,2538600,12.2,12.25,12.15,12.2,0.1,68,2012,7.92,0.73,12.1,147.61999999999998,0.174898747818801,0,0
2012-10-19,6161,190000,2296700,12.15,12.2,12.05,12.05,-0.15,63,2012,7.82,0.73,12.1,145.805,0.1727483533784059,0,0
2012-10-22,6161,234000,2759600,11.8,11.95,11.7,11.85,-0.2,105,2012,7.69,0.71,12.1,143.385,0.16988116079121246,0,0
2012-10-23,6161,323000,3779900,11.85,11.85,11.6,11.6,-0.25,139,2012,7.53,0.7,12.1,140.35999999999999,0.1662971700572206,0,0
2012-10-24,6161,269000,3079800,11.4,11.55,11.35,11.45,-0.15,127,2012,7.44,0.69,12.1,138.545,0.1641467756168255,0,0
2012-10-25,6161,223000,2555350,11.5,11.6,11.35,11.35,-0.1,88,2012,7.37,0.68,12.1,137.33499999999998,0.1627131793232288,0,0
2012-10-26,6161,1062000,11478050,11.35,11.35,10.6,10.6,-0.75,326,2012,6.88,0.64,12.1,128.26,0.15196120712125333,0,0
2012-10-29,6161,207000,2166950,10.6,10.7,10.25,10.25,-0.35,87,2012,6.66,0.62,12.1,124.02499999999999,0.1469436200936648,0,0
2012-10-30,6161,301000,3170800,10.25,10.7,10.25,10.6,0.35,101,2012,6.88,0.64,12.1,128.26,0.15196120712125333,0,0
2012-10-31,6161,245000,2583300,10.6,10.7,10.45,10.5,-0.1,96,2012,6.82,0.63,12.1,127.05,0.15052761082765662,0,0
2012-11-01,6161,203000,2133550,10.5,10.65,10.3,10.6,0.1,83,2012,6.88,0.64,12.1,128.26,0.15196120712125333,0,0
2012-11-02,6161,162000,1743550,10.7,10.85,10.65,10.7,0.1,79,2012,6.95,0.64,12.1,129.47,0.1502924125954491,0,0
2012-11-05,6161,142000,1479750,10.25,10.6,10.25,10.5,-0.2,50,2012,8.54,0.71,12.1,127.05,0.1474832086217024,0,0
2012-11-06,6161,92000,969300,10.6,10.6,10.45,10.5,0.0,34,2012,8.54,0.71,12.1,127.05,0.1474832086217024,0,0
2012-11-07,6161,100000,1062800,10.5,10.7,10.5,10.7,0.2,49,2012,8.7,0.72,12.1,129.47,0.1502924125954491,0,0
2012-11-08,6161,145000,1525400,10.6,10.6,10.45,10.5,-0.2,57,2012,8.54,0.71,12.1,127.05,0.1474832086217024,0,0
2012-11-09,6161,321000,3466250,10.5,10.95,10.5,10.85,0.35,132,2012,8.82,0.73,12.1,131.285,0.15239931557575911,0,0
2012-11-12,6161,214000,2320050,10.9,10.9,10.75,10.75,-0.1,76,2012,8.74,0.73,12.1,130.075,0.15099471358888578,0,0
2012-11-13,6161,173000,1843450,10.6,10.7,10.6,10.6,-0.15,70,2012,8.62,0.72,12.1,128.26,0.14888781060857573,0,0
2012-11-14,6161,84000,893750,10.6,10.7,10.6,10.6,0.0,38,2012,8.62,0.72,12.1,128.26,0.14888781060857573,0,0
2012-11-15,6161,152000,1608950,10.5,10.65,10.5,10.55,-0.05,57,2012,8.58,0.71,12.1,127.655,0.14818550961513904,0,0
2012-11-16,6161,151000,1589200,10.6,10.7,10.4,10.45,-0.1,62,2012,8.5,0.71,12.1,126.445,0.1467809076282657,0,0
2012-11-19,6161,173000,1807700,10.45,10.5,10.35,10.4,-0.05,60,2012,8.46,0.7,12.1,125.84,0.14607860663482902,0,0
2012-11-20,6161,140000,1461550,10.45,10.55,10.35,10.35,-0.05,45,2012,8.41,0.7,12.1,125.23499999999999,0.1453763056413923,0,0
2012-11-21,6161,147000,1515000,10.35,10.45,10.25,10.25,-0.1,59,2012,8.33,0.69,12.1,124.02499999999999,0.143971703654519,0,0
2012-11-22,6161,221000,2266000,10.4,10.4,10.2,10.2,-0.05,65,2012,8.29,0.69,12.1,123.41999999999999,0.1432694026610823,0,0
2012-11-23,6161,257000,2690600,10.3,10.6,10.3,10.6,0.4,110,2012,8.62,0.72,12.1,128.26,0.14888781060857573,0,0
2012-11-26,6161,219000,2335900,10.7,10.7,10.6,10.65,0.05,93,2012,8.66,0.72,12.1,128.865,0.1495901116020124,0,0
2012-11-27,6161,141000,1502100,10.7,10.75,10.6,10.6,-0.05,66,2012,8.62,0.72,12.1,128.26,0.14888781060857573,0,0
2012-11-28,6161,148000,1578450,10.6,10.75,10.6,10.65,0.05,64,2012,8.66,0.72,12.1,128.865,0.1495901116020124,0,0
2012-11-29,6161,290000,3135800,10.75,10.85,10.75,10.85,0.2,127,2012,8.82,0.73,12.1,131.285,0.15239931557575911,0,0
2012-11-30,6161,200000,2183650,10.85,11.0,10.85,10.85,0.0,93,2012,8.82,0.73,12.1,131.285,0.15239931557575911,0,0
2012-12-03,6161,301000,3341600,11.0,11.35,10.9,11.1,0.25,139,2012,9.02,0.75,12.1,134.31,0.1601998687484658,0,0
2012-12-04,6161,110000,1217950,11.0,11.2,11.0,11.2,0.1,52,2012,9.11,0.76,12.1,135.51999999999998,0.16164311080926277,0,0
2012-12-05,6161,438000,4881200,11.2,11.2,11.0,11.2,0.0,131,2012,9.11,0.76,12.1,135.51999999999998,0.16164311080926277,0,0
2012-12-06,6161,417000,4651050,11.25,11.3,11.05,11.05,-0.15,119,2012,8.98,0.75,12.1,133.705,0.15947824771806735,0,0
2012-12-07,6161,403000,4434350,11.1,11.15,10.9,10.95,-0.1,126,2012,8.9,0.74,12.1,132.49499999999998,0.1580350056572703,0,0
2012-12-10,6161,794000,8354550,10.8,10.8,10.3,10.4,-0.55,297,2012,8.46,0.7,12.1,125.84,0.15009717432288688,0,0
2012-12-11,6161,455000,4711200,10.5,10.6,10.2,10.3,-0.1,135,2012,8.37,0.7,12.1,124.63000000000001,0.1486539322620899,0,0
2012-12-12,6161,289000,3001900,10.35,10.45,10.3,10.3,0.0,102,2012,8.37,0.7,12.1,124.63000000000001,0.1486539322620899,0,0
2012-12-13,6161,256000,2691550,10.35,10.6,10.35,10.45,0.15,101,2012,8.5,0.71,12.1,126.445,0.15081879535328538,0,0
2012-12-14,6161,151000,1576000,10.5,10.55,10.4,10.4,-0.05,67,2012,8.46,0.7,12.1,125.84,0.15009717432288688,0,0
2012-12-17,6161,174000,1815100,10.4,10.55,10.35,10.4,0.0,57,2012,8.46,0.7,12.1,125.84,0.15009717432288688,0,0
2012-12-18,6161,261000,2734400,10.5,10.55,10.4,10.45,0.05,76,2012,8.5,0.71,12.1,126.445,0.15081879535328538,0,0
2012-12-19,6161,252000,2646800,10.45,10.55,10.45,10.5,0.05,61,2012,8.54,0.71,12.1,127.05,0.15154041638368387,0,0
2012-12-20,6161,201000,2115400,10.5,10.55,10.45,10.45,-0.05,75,2012,8.5,0.71,12.1,126.445,0.15081879535328538,0,0
2012-12-21,6161,188000,1955150,10.5,10.5,10.35,10.35,-0.1,60,2012,8.41,0.7,12.1,125.23499999999999,0.14937555329248836,0,0
2012-12-24,6161,251000,2649850,10.5,10.6,10.5,10.6,0.15,92,2012,8.62,0.72,12.1,128.26,0.15298365844448086,0,0
2012-12-25,6161,227000,2399950,10.6,10.6,10.5,10.6,0.0,65,2012,8.62,0.72,12.1,128.26,0.15298365844448086,0,0
2012-12-26,6161,151000,1593450,10.6,10.6,10.5,10.5,-0.1,54,2012,8.54,0.71,12.1,127.05,0.15154041638368387,0,0
2012-12-27,6161,150000,1578550,10.55,10.55,10.5,10.5,0.0,57,2012,8.54,0.71,12.1,127.05,0.15154041638368387,0,0
2012-12-28,6161,382000,4020300,10.6,10.6,10.5,10.5,0.0,93,2012,8.54,0.71,12.1,127.05,0.15154041638368387,0,0
2013-01-02,6161,280000,2973500,10.6,10.7,10.6,10.65,0.15,88,2013,8.66,0.72,12.1,128.865,0.16125270193533275,0,0
2013-01-03,6161,523000,5648950,10.7,10.9,10.7,10.75,0.1,178,2013,8.74,0.73,12.1,130.075,0.1627668118126598,0,0
2013-01-04,6161,277000,2967000,10.75,10.8,10.65,10.7,-0.05,89,2013,8.7,0.72,12.1,129.47,0.16200975687399627,0,0
2013-01-07,6161,215000,2296250,10.7,10.75,10.6,10.75,0.05,65,2013,8.74,0.73,12.1,130.075,0.1627668118126598,0,0
2013-01-08,6161,329000,3535650,10.75,10.8,10.7,10.75,0.0,87,2013,8.74,0.73,12.1,130.075,0.1627668118126598,0,0
2013-01-09,6161,258000,2774050,10.6,10.8,10.6,10.8,0.05,108,2013,8.78,0.73,12.1,130.68,0.16352386675132335,0,0
2013-01-10,6161,753000,8270250,10.9,11.1,10.8,11.0,0.2,257,2013,8.94,0.74,12.1,133.1,0.16655208650597747,0,0
2013-01-11,6161,253000,2760850,11.1,11.1,10.85,10.85,-0.15,83,2013,8.82,0.73,12.1,131.285,0.16428092168998687,0,0
2013-01-14,6161,333000,3614000,10.9,10.95,10.75,10.9,0.05,93,2013,8.86,0.74,12.1,131.89,0.16503797662865038,0,0
2013-01-15,6161,295000,3170600,10.85,10.9,10.65,10.8,-0.1,97,2013,8.78,0.73,12.1,130.68,0.16352386675132335,0,0
2013-01-16,6161,214000,2301900,10.8,10.85,10.7,10.75,-0.05,75,2013,8.74,0.73,12.1,130.075,0.1627668118126598,0,0
2013-01-17,6161,410000,4326800,10.75,10.75,10.4,10.45,-0.3,157,2013,8.5,0.71,12.1,126.445,0.1582244821806786,0,0
2013-01-18,6161,232000,2443050,10.55,10.6,10.45,10.55,0.1,76,2013,8.58,0.71,12.1,127.655,0.15973859205800567,0,0
2013-01-21,6161,263000,2790250,10.6,10.65,10.5,10.6,0.05,78,2013,8.62,0.72,12.1,128.26,0.1604956469966692,0,0
2013-01-22,6161,289000,3107550,10.65,10.8,10.65,10.8,0.2,108,2013,8.78,0.73,12.1,130.68,0.16352386675132335,0,0
2013-01-23,6161,350000,3775900,10.85,10.95,10.65,10.7,-0.1,119,2013,8.7,0.72,12.1,129.47,0.16200975687399627,0,0
2013-01-24,6161,282000,3001700,10.7,10.7,10.55,10.65,-0.05,86,2013,8.66,0.72,12.1,128.865,0.16125270193533275,0,0
2013-01-25,6161,118000,1265150,10.7,10.75,10.65,10.75,0.1,49,2013,8.74,0.73,12.1,130.075,0.1627668118126598,0,0
2013-01-28,6161,247000,2678850,10.8,10.95,10.7,10.8,0.05,90,2013,8.78,0.73,12.1,130.68,0.16352386675132335,0,0
2013-01-29,6161,2527000,28922100,10.85,11.55,10.85,11.55,0.75,713,2013,9.39,0.78,12.1,139.755,0.17487969083127636,0,0
2013-01-30,6161,3416000,39991700,11.7,11.95,11.5,11.55,0.0,1010,2013,9.39,0.78,12.1,139.755,0.17487969083127636,0,0
2013-01-31,6161,751000,8546050,11.45,11.55,11.25,11.4,-0.15,279,2013,9.27,0.77,12.1,137.94,0.17260852601528576,0,0
2013-02-01,6161,431000,4927350,11.4,11.65,11.3,11.35,-0.05,171,2013,9.23,0.77,12.1,137.33499999999998,0.1718514710766222,0,0
2013-02-04,6161,519000,5846150,11.45,11.45,11.15,11.2,-0.15,172,2013,9.11,0.76,12.1,135.51999999999998,0.16927391209472842,0,0
2013-02-05,6161,325000,3614100,11.1,11.2,11.05,11.15,-0.05,102,2013,9.07,0.75,12.1,134.915,0.16851822498716268,0,0
2013-02-06,6161,551000,6084150,11.25,11.3,10.9,10.95,-0.2,183,2013,8.9,0.74,12.1,132.49499999999998,0.16549547655689964,0,0
2013-02-18,6161,249000,2745750,11.0,11.1,10.95,11.05,0.1,76,2013,8.98,0.75,12.1,133.705,0.1670068507720312,0,0
2013-02-19,6161,289000,3195700,11.05,11.1,11.0,11.0,-0.05,94,2013,8.94,0.74,12.1,133.1,0.16625116366446543,0,0
2013-02-20,6161,355000,3941950,11.1,11.2,11.05,11.1,0.1,118,2013,9.02,0.75,12.1,134.31,0.16776253787959694,0,0
2013-02-21,6161,220000,2430800,11.1,11.15,10.95,11.05,-0.05,72,2013,8.98,0.75,12.1,133.705,0.1670068507720312,0,0
2013-02-22,6161,454000,4956600,11.0,11.0,10.9,10.9,-0.15,135,2013,8.86,0.74,12.1,131.89,0.1647397894493339,0,0
2013-02-25,6161,347000,3860750,10.95,11.35,10.95,11.1,0.15,138,2013,9.02,0.75,12.1,134.31,0.16776253787959694,0,0
2013-02-26,6161,337000,3707000,10.95,11.1,10.95,11.0,-0.1,82,2013,8.94,0.74,12.1,133.1,0.16625116366446543,0,0
2013-02-27,6161,268000,2936250,11.0,11.0,10.9,10.95,-0.05,71,2013,8.9,0.74,12.1,132.49499999999998,0.16549547655689964,0,0
2013-03-01,6161,408000,4519400,10.95,11.15,10.95,11.1,0.15,97,2013,9.02,0.75,12.1,134.31,0.16776253787959694,0,0
2013-03-04,6161,327000,3584400,11.0,11.05,10.9,10.95,-0.15,106,2013,8.9,0.74,12.1,132.49499999999998,0.17002605924136768,0,0
2013-03-05,6161,352000,3847800,10.9,11.0,10.9,10.95,0.0,90,2013,8.9,0.74,12.1,132.49499999999998,0.17002605924136768,0,0
2013-03-06,6161,577000,6350150,11.0,11.05,10.95,11.05,0.1,163,2013,8.98,0.75,12.1,133.705,0.17157880864083228,0,0
2013-03-07,6161,301000,3327600,11.1,11.2,11.0,11.0,-0.05,104,2013,8.94,0.74,12.1,133.1,0.17080243394109998,0,0
2013-03-08,6161,481000,5298650,11.0,11.1,10.95,11.0,0.0,146,2013,8.94,0.74,12.1,133.1,0.17080243394109998,0,0
2013-03-11,6161,430000,4731000,11.0,11.05,10.95,11.0,0.0,110,2013,8.94,0.74,12.1,133.1,0.17080243394109998,0,0
2013-03-12,6161,452000,4961100,11.0,11.1,10.9,11.0,0.0,109,2013,8.94,0.74,12.1,133.1,0.17080243394109998,0,0
2013-03-13,6161,738000,8197800,11.0,11.25,11.0,11.1,0.1,214,2013,9.02,0.75,12.1,134.31,0.17235518334056452,0,0
2013-03-14,6161,355000,3927500,11.1,11.15,11.0,11.0,-0.1,113,2013,8.94,0.74,12.1,133.1,0.17080243394109998,0,0
2013-03-15,6161,586000,6412800,11.0,11.05,10.9,10.9,-0.1,146,2013,8.86,0.74,12.1,131.89,0.16924968454163541,0,0
2013-03-18,6161,768000,8174200,10.9,10.9,10.5,10.5,-0.4,237,2013,8.54,0.71,12.1,127.05,0.16303868694377727,0,0
2013-03-19,6161,400000,4227650,10.5,10.65,10.5,10.55,0.05,110,2013,8.58,0.71,12.1,127.655,0.16381506164350954,0,0
2013-03-20,6161,228000,2419700,10.55,10.7,10.55,10.65,0.1,65,2013,8.66,0.72,12.1,128.865,0.16536781104297407,0,0
2013-03-21,6161,2200000,22119850,10.25,10.3,9.91,10.05,-0.6,646,2013,8.17,0.68,12.1,121.605,0.1560513146461868,0,0
2013-03-22,6161,2147000,20095030,9.35,9.6,9.35,9.35,-0.7,504,2013,7.6,0.63,12.1,113.13499999999999,0.14518206884993498,0,0
2013-03-25,6161,2249000,19602450,8.7,8.95,8.7,8.7,-0.65,513,2013,7.07,0.59,12.1,105.26999999999998,0.1350891977534154,0,0
2013-03-26,6161,3037000,24759800,8.1,8.33,8.1,8.19,-0.51,803,2013,6.66,0.55,12.1,99.09899999999999,0.12717017581614623,0,0
2013-03-27,6161,2165000,18004880,8.2,8.54,8.11,8.3,0.11,631,2013,6.75,0.56,12.1,100.43,0.12887820015555726,0,0
2013-03-28,6161,1347000,11169540,8.25,8.4,8.2,8.27,-0.03,386,2013,6.72,0.56,12.1,100.067,0.12841237533571787,0,0
2013-03-29,6161,779000,6484940,8.36,8.39,8.25,8.3,0.03,214,2013,6.75,0.56,12.1,100.43,0.12887820015555726,0,0
2013-04-01,6161,625000,5184420,8.35,8.36,8.22,8.22,-0.08,198,2013,6.68,0.56,12.1,99.462,0.12763600063598562,0,0
2013-04-02,6161,1331000,10634760,8.22,8.22,7.9,7.91,-0.31,390,2013,6.43,0.53,12.1,95.711,0.12179886815152582,0,0
2013-04-03,6161,3730000,30326380,7.91,8.46,7.67,8.46,0.55,931,2013,6.88,0.57,12.1,102.36600000000001,0.1302678160002413,0,0
2013-04-08,6161,3827000,33026960,8.5,8.93,8.42,8.5,0.04,1114,2013,0.0,0.77,12.1,102.85,0.13088373948014786,0,0
2013-04-09,6161,1402000,12069060,8.68,8.71,8.41,8.44,-0.06,415,2013,0.0,0.77,12.1,102.124,0.129959854260288,0,0
2013-04-10,6161,594000,5006790,8.45,8.54,8.32,8.47,0.03,217,2013,0.0,0.77,12.1,102.48700000000001,0.13042179687021793,0,0
2013-04-11,6161,515000,4355820,8.49,8.55,8.35,8.37,-0.1,196,2013,0.0,0.76,12.1,101.27699999999999,0.12888198817045146,0,0
2013-04-12,6161,355000,2958710,8.41,8.42,8.27,8.29,-0.08,119,2013,0.0,0.76,12.1,100.30899999999998,0.1276501412106383,0,0
2013-04-15,6161,432000,3495940,8.0,8.23,8.0,8.15,-0.14,145,2013,0.0,0.74,12.1,98.615,0.1254944090309653,0,0
2013-04-16,6161,117000,941270,8.05,8.1,7.96,8.09,-0.06,52,2013,0.0,0.74,12.1,97.889,0.12457052381110544,0,0
2013-04-17,6161,257000,2107840,8.09,8.29,8.09,8.14,0.05,125,2013,0.0,0.74,12.1,98.494,0.12534042816098864,0,0
2013-04-18,6161,258000,2101610,8.12,8.22,8.09,8.11,-0.03,100,2013,0.0,0.74,12.1,98.13099999999999,0.12487848555105871,0,0
2013-04-19,6161,644000,5307190,8.19,8.34,8.16,8.17,0.06,186,2013,0.0,0.74,12.1,98.857,0.12580237077091858,0,0
2013-04-22,6161,1994000,16995060,8.2,8.71,8.19,8.54,0.37,495,2013,0.0,0.78,12.1,103.33399999999999,0.13149966296005441,0,0
2013-04-23,6161,1376000,11888700,8.52,8.75,8.36,8.59,0.05,299,2013,0.0,0.78,12.1,103.939,0.13226956730993764,0,0
2013-04-24,6161,8477000,76950900,8.59,9.19,8.42,9.19,0.6,1019,2013,0.0,0.84,12.1,111.19899999999998,0.1415084195085363,0,0
2013-04-25,6161,19925000,187676420,9.25,9.83,8.91,9.05,-0.14,2397,2013,0.0,0.82,12.1,109.50500000000001,0.1393526873288633,0,0
2013-04-26,6161,1768000,15580980,8.91,9.0,8.7,8.7,-0.35,537,2013,0.0,0.79,12.1,105.26999999999998,0.13396335687968072,0,0
2013-04-29,6161,818000,7238970,8.7,8.9,8.7,8.83,0.13,238,2013,0.0,0.8,12.1,106.843,0.13596510818937713,0,0
2013-04-30,6161,824000,7381340,8.9,9.14,8.82,8.96,0.13,317,2013,0.0,0.82,12.1,108.41600000000001,0.1379668594990735,0,0
2013-05-02,6161,414000,3703760,9.02,9.09,8.84,8.86,-0.1,158,2013,0.0,0.81,12.1,107.20599999999999,0.13234040788191154,0,0
2013-05-03,6161,635000,5565190,8.87,8.98,8.66,8.68,-0.18,210,2013,0.0,0.79,12.1,105.02799999999999,0.1296517765705409,0,0
2013-05-06,6161,414000,3587230,8.7,8.8,8.61,8.61,-0.07,123,2013,0.0,0.78,12.1,104.18099999999998,0.12860619772723006,0,0
2013-05-07,6161,189000,1626960,8.65,8.72,8.57,8.58,-0.03,80,2013,0.0,0.78,12.1,103.818,0.1281580925086683,0,0
2013-05-08,6161,317000,2718950,8.64,8.69,8.5,8.5,-0.08,118,2013,0.0,0.77,12.1,102.85,0.12696314525917024,0,0
2013-05-09,6161,206000,1776130,8.55,8.7,8.55,8.61,0.11,89,2013,0.0,0.78,12.1,104.18099999999998,0.12860619772723006,0,0
2013-05-10,6161,436000,3823010,8.71,8.86,8.71,8.72,0.11,184,2013,0.0,0.79,12.1,105.512,0.13024925019528993,0,0
2013-05-13,6161,372000,3256170,8.72,8.85,8.7,8.7,-0.02,91,2013,0.0,0.79,12.1,105.26999999999998,0.12995051338291538,0,0
2013-05-14,6161,273000,2402590,8.79,8.84,8.74,8.83,0.13,113,2013,0.0,0.8,12.1,106.843,0.13189230266334978,0,0
2013-05-15,6161,936000,8486330,8.88,9.2,8.75,9.11,0.28,313,2013,0.0,0.83,12.1,110.231,0.13607461803659304,0,0
2013-05-16,6161,979000,8995140,9.28,9.4,9.0,9.01,-0.1,442,2013,0.0,0.82,12.1,109.021,0.13458093397472046,0,0
2013-05-17,6161,396000,3608730,9.04,9.19,9.03,9.06,0.05,166,2013,0.0,0.83,12.1,109.626,0.13532777600565674,0,0
2013-05-20,6161,383000,3461040,9.06,9.08,8.99,8.99,-0.07,132,2013,0.0,0.82,12.1,108.779,0.13428219716234593,0,0
2013-05-21,6161,786000,7219400,9.0,9.28,9.0,9.16,0.17,266,2013,0.0,0.83,12.1,110.836,0.13682146006752932,0,0
2013-05-22,6161,1212000,11389240,9.19,9.47,9.19,9.39,0.23,423,2013,0.0,0.86,12.1,113.619,0.1402569334098363,0,0
2013-05-23,6161,864000,8084690,9.37,9.56,9.21,9.21,-0.18,335,2013,0.0,0.84,12.1,111.441,0.13756830209846563,0,0
2013-05-24,6161,588000,5381340,9.25,9.28,9.0,9.17,-0.04,194,2013,0.0,0.84,12.1,110.957,0.13697082847371658,0,0
2013-05-27,6161,537000,4980050,9.17,9.42,9.1,9.3,0.13,159,2013,0.0,0.85,12.1,112.53,0.13891261775415095,0,0
2013-05-28,6161,904000,8597940,9.39,9.61,9.35,9.47,0.17,317,2013,0.0,0.86,12.1,114.587,0.14145188065933437,0,0
2013-05-29,6161,642000,6035230,9.56,9.56,9.33,9.42,-0.05,191,2013,0.0,0.86,12.1,113.982,0.14070503862839806,0,0
2013-05-30,6161,265000,2499800,9.52,9.52,9.34,9.41,-0.01,94,2013,0.0,0.86,12.1,113.861,0.1405556702222108,0,0
2013-05-31,6161,437000,4108850,9.5,9.5,9.31,9.32,-0.09,147,2013,0.0,0.85,12.1,112.772,0.13921135456652547,0,0
2013-06-03,6161,305000,2834130,9.3,9.37,9.21,9.35,0.03,113,2013,0.0,0.83,12.1,113.13499999999999,0.13906091995432937,0,0
2013-06-04,6161,214000,1999190,9.36,9.44,9.28,9.35,0.0,88,2013,0.0,0.83,12.1,113.13499999999999,0.13906091995432937,0,0
2013-06-05,6161,338000,3162630,9.35,9.45,9.28,9.28,-0.07,87,2013,0.0,0.83,12.1,112.28799999999998,0.1380198221578798,0,0
2013-06-06,6161,385000,3535020,9.28,9.28,9.1,9.16,-0.12,123,2013,0.0,0.82,12.1,110.836,0.13623508307825208,0,0
2013-06-07,6161,508000,4600740,9.1,9.3,8.96,9.11,-0.05,196,2013,0.0,0.81,12.1,110.231,0.13549144179507386,0,0
2013-06-10,6161,420000,3791040,9.12,9.12,8.95,8.96,-0.15,148,2013,0.0,0.8,12.1,108.41600000000001,0.13326051794553914,0,0
2013-06-11,6161,326000,2969010,9.19,9.25,9.0,9.01,0.05,149,2013,0.0,0.8,12.1,109.021,0.1340041592287174,0,0
2013-06-13,6161,164000,1477600,8.97,9.1,8.91,8.91,-0.1,74,2013,0.0,0.79,12.1,107.81099999999999,0.13251687666236092,0,0
2013-06-14,6161,459000,4121360,8.91,9.09,8.91,8.91,0.0,110,2013,0.0,0.79,12.1,107.81099999999999,0.13251687666236092,0,0
2013-06-17,6161,243000,2162180,8.93,8.94,8.86,8.86,-0.05,95,2013,0.0,0.79,12.1,107.20599999999999,0.13177323537918267,0,0
2013-06-18,6161,122000,1094550,8.99,9.08,8.88,8.95,0.09,50,2013,0.0,0.8,12.1,108.29499999999999,0.13311178968890347,0,0
2013-06-19,6161,274000,2463270,9.0,9.08,8.92,8.92,-0.03,99,2013,0.0,0.8,12.1,107.932,0.13266560491899657,0,0
2013-06-20,6161,244000,2134420,8.9,8.9,8.63,8.8,-0.12,109,2013,0.0,0.78,12.1,106.48,0.1308808658393688,0,0
2013-06-21,6161,178000,1546500,8.65,8.77,8.6,8.7,-0.1,63,2013,0.0,0.78,12.1,105.26999999999998,0.1293935832730123,0,0
2013-06-24,6161,42000,366110,8.7,8.76,8.7,8.76,0.06,22,2013,0.0,0.78,12.1,105.996,0.13028595281282623,0,0
2013-06-25,6161,75000,649990,8.76,8.76,8.62,8.62,-0.14,43,2013,0.0,0.77,12.1,104.30199999999999,0.12820375721992716,0,0
2013-06-26,6161,156000,1345370,8.76,8.76,8.56,8.61,-0.01,53,2013,0.0,0.77,12.1,104.18099999999998,0.12805502896329152,0,0
2013-06-27,6161,247000,2138570,8.66,8.73,8.6,8.71,0.1,107,2013,0.0,0.78,12.1,105.391,0.12954231152964799,0,0
2013-06-28,6161,122000,1056460,8.71,8.71,8.64,8.68,-0.03,45,2013,0.0,0.77,12.1,105.02799999999999,0.12909612675974105,0,0
2013-07-01,6161,111000,965340,8.7,8.75,8.66,8.69,0.01,47,2013,0.0,0.77,12.1,105.14899999999999,0.1292448550163767,0,0
2013-07-02,6161,210000,1846510,8.72,8.85,8.69,8.69,0.0,100,2013,0.0,0.77,12.1,105.14899999999999,0.13361448341404705,0,0
2013-07-03,6161,87000,755680,8.78,8.78,8.65,8.67,-0.02,45,2013,0.0,0.77,12.1,104.907,0.13330697021861773,0,0
2013-07-04,6161,143000,1236970,8.75,8.75,8.6,8.67,0.0,54,2013,0.0,0.77,12.1,104.907,0.13330697021861773,0,0
2013-07-05,6161,194000,1686320,8.67,8.72,8.67,8.67,0.0,89,2013,0.0,0.77,12.1,104.907,0.13330697021861773,0,0
2013-07-08,6161,142000,1221210,8.68,8.68,8.54,8.55,-0.12,44,2013,0.0,0.76,12.1,103.45500000000001,0.13146189104604172,0,0
2013-07-09,6161,600000,4951380,8.5,8.5,8.1,8.2,-0.35,278,2013,0.0,0.73,12.1,99.21999999999998,0.1260804101260283,0,0
2013-07-10,6161,378000,3087790,8.2,8.28,8.1,8.15,-0.05,102,2013,0.0,0.73,12.1,98.615,0.12531162713745497,0,0
2013-07-11,6161,348000,2830360,8.18,8.22,8.04,8.17,0.02,115,2013,0.0,0.73,12.1,98.857,0.1256191403328843,0,0
2013-07-12,6161,186000,1517580,8.17,8.22,8.1,8.14,-0.03,56,2013,0.0,0.73,12.1,98.494,0.1251578705397403,0,0
2013-07-15,6161,114000,926860,8.14,8.18,8.1,8.14,0.0,43,2013,0.0,0.73,12.1,98.494,0.1251578705397403,0,0
2013-07-16,6161,104000,848080,8.14,8.21,8.14,8.17,0.03,47,2013,0.0,0.73,12.1,98.857,0.1256191403328843,0,0
2013-07-17,6161,123000,1000970,8.14,8.19,8.1,8.17,0.0,66,2013,0.0,0.73,12.1,98.857,0.1256191403328843,0,0
2013-07-18,6161,71000,580270,8.19,8.19,8.11,8.17,0.0,33,2013,0.0,0.73,12.1,98.857,0.1256191403328843,0,0
2013-07-19,6161,67000,544100,8.16,8.17,8.08,8.14,-0.03,40,2013,0.0,0.73,12.1,98.494,0.1251578705397403,0,0
2013-07-22,6161,96000,779760,8.14,8.17,8.09,8.12,-0.02,49,2013,0.0,0.72,12.1,98.25199999999998,0.12485035734431094,0,0
2013-07-23,6161,84000,683430,8.13,8.15,8.12,8.13,0.01,46,2013,0.0,0.72,12.1,98.373,0.12500411394202562,0,0
2013-07-24,6161,181000,1475850,8.14,8.2,8.1,8.13,0.0,74,2013,0.0,0.72,12.1,98.373,0.12500411394202562,0,0
2013-07-25,6161,91000,742570,8.14,8.18,8.14,8.17,0.04,42,2013,0.0,0.73,12.1,98.857,0.1256191403328843,0,0
2013-07-26,6161,204000,1674400,8.17,8.27,8.17,8.18,0.01,92,2013,0.0,0.73,12.1,98.978,0.12577289693059898,0,0
2013-07-29,6161,187000,1539180,8.22,8.26,8.18,8.25,0.07,75,2013,0.0,0.74,12.1,99.825,0.12684919311460166,0,0
2013-07-30,6161,569000,4765650,8.25,8.54,8.2,8.48,0.23,206,2013,0.0,0.76,12.1,102.608,0.13038559486203904,0,0
2013-07-31,6161,185000,1555730,8.5,8.5,8.34,8.38,-0.1,84,2013,0.0,0.75,12.1,101.39800000000001,0.12884802888489236,0,0
2013-08-01,6161,49000,411860,8.49,8.49,8.36,8.37,-0.01,22,2013,0.0,0.75,12.1,101.27699999999999,0.12869427228717767,0,0
2013-08-02,6161,167000,1396630,8.38,8.42,8.3,8.34,-0.03,72,2013,0.0,0.74,12.1,100.914,0.131580319879667,0,0
2013-08-05,6161,2135000,18918760,8.39,8.92,8.39,8.92,0.58,517,2013,0.0,0.8,12.1,107.932,0.14073098960750954,0,0
2013-08-06,6161,1121000,10037770,8.92,9.12,8.7,8.99,0.07,381,2013,0.0,0.8,12.1,108.779,0.14183538078155952,0,0
2013-08-07,6161,423000,3752360,8.92,8.97,8.78,8.92,-0.07,129,2013,0.0,0.8,12.1,107.932,0.14073098960750954,0,0
2013-08-08,6161,2135000,19730710,8.92,9.49,8.84,9.05,0.13,493,2013,0.0,0.81,12.1,109.50500000000001,0.14278200178788805,0,0
2013-08-09,6161,638000,5765490,9.0,9.15,8.95,9.05,0.0,222,2013,0.0,0.81,12.1,109.50500000000001,0.14278200178788805,0,0
2013-08-12,6161,440000,3928040,9.07,9.07,8.85,8.88,-0.17,142,2013,0.0,0.79,12.1,107.44800000000001,0.14009990893662386,0,0
2013-08-13,6161,184000,1629970,8.88,8.9,8.81,8.87,-0.01,76,2013,0.0,0.79,12.1,107.32699999999998,0.1399421387689024,0,0
2013-08-14,6161,418000,3733870,8.85,9.03,8.82,8.82,-0.05,126,2013,0.0,0.79,12.1,106.722,0.13915328793029533,0,0
2013-08-15,6161,2464000,22523040,8.82,9.41,8.82,8.95,0.13,649,2013,0.0,0.8,12.1,108.29499999999999,0.14120430011067378,0,0
2013-08-16,6161,186000,1673330,8.95,9.05,8.95,8.96,0.01,86,2013,0.0,0.8,12.1,108.41600000000001,0.14136207027839523,0,0
2013-08-19,6161,282000,2527180,8.95,9.04,8.92,8.93,-0.03,93,2013,0.0,0.8,12.1,108.053,0.14088875977523097,0,0
2013-08-20,6161,493000,4453630,8.93,9.15,8.91,8.96,0.03,196,2013,0.0,0.8,12.1,108.41600000000001,0.14136207027839523,0,0
2013-08-22,6161,403000,3616000,8.89,9.04,8.88,8.89,-0.07,164,2013,0.0,0.79,12.1,107.569,0.14025767910434528,0,0
2013-08-23,6161,273000,2437100,8.91,9.01,8.88,8.9,0.01,102,2013,0.0,0.79,12.1,107.69,0.1404154492720667,0,0
2013-08-26,6161,204000,1821130,8.91,8.97,8.91,8.91,0.01,63,2013,0.0,0.79,12.1,107.81099999999999,0.14057321943978812,0,0
2013-08-27,6161,911000,8269180,8.91,9.21,8.91,8.93,0.02,295,2013,0.0,0.8,12.1,108.053,0.14088875977523097,0,0
2013-08-28,6161,262000,2346910,8.91,9.03,8.88,8.92,-0.01,87,2013,0.0,0.8,12.1,107.932,0.14073098960750954,0,0
2013-08-29,6161,213000,1907070,8.92,9.02,8.88,8.94,0.02,90,2013,0.0,0.8,12.1,108.17399999999999,0.1410465299429524,0,0
2013-08-30,6161,718000,6495570,8.94,9.17,8.88,9.02,0.08,245,2013,0.0,0.8,12.1,109.142,0.1423086912847238,0,0
2013-09-02,6161,399000,3613810,9.04,9.15,8.97,9.06,0.04,132,2013,0.0,0.81,12.1,109.626,0.14951728690486013,0,0
2013-09-03,6161,426000,3877090,9.06,9.14,9.05,9.12,0.06,141,2013,0.0,0.81,12.1,110.35199999999999,0.15050746761283934,0,0
2013-09-04,6161,104000,946910,9.18,9.18,9.05,9.07,-0.05,51,2013,0.0,0.81,12.1,109.747,0.14968231702285667,0,0
2013-09-05,6161,209000,1896720,9.07,9.11,9.04,9.04,-0.03,93,2013,0.0,0.81,12.1,109.38399999999999,0.14918722666886702,0,0
2013-09-06,6161,258000,2329740,9.06,9.06,9.0,9.02,-0.02,73,2013,0.0,0.78,12.1,109.142,0.148857166432874,0,0
2013-09-09,6161,385000,3361400,8.96,8.96,8.59,8.61,-0.41,142,2013,0.0,0.75,12.1,104.18099999999998,0.14209093159501607,0,0
2013-09-10,6161,285000,2438680,8.61,8.7,8.47,8.47,-0.14,127,2013,0.0,0.73,12.1,102.48700000000001,0.13978050994306462,0,0
2013-09-11,6161,172000,1455800,8.5,8.5,8.4,8.44,-0.03,46,2013,0.0,0.73,12.1,102.124,0.139285419589075,0,0
2013-09-12,6161,80000,672330,8.5,8.5,8.33,8.47,0.03,36,2013,0.0,0.73,12.1,102.48700000000001,0.13978050994306462,0,0
2013-09-13,6161,91000,771000,8.42,8.55,8.42,8.49,0.02,42,2013,0.0,0.74,12.1,102.729,0.14011057017905768,0,0
2013-09-16,6161,136000,1145330,8.5,8.5,8.39,8.4,-0.09,51,2013,0.0,0.73,12.1,101.64,0.13862529911708887,0,0
2013-09-17,6161,340000,2897660,8.44,8.63,8.43,8.43,0.03,123,2013,0.0,0.73,12.1,102.003,0.13912038947107846,0,0
2013-09-18,6161,127000,1074290,8.45,8.55,8.43,8.5,0.07,48,2013,0.0,0.74,12.1,102.85,0.14027560029705421,0,0
2013-09-23,6161,121000,1023150,8.53,8.55,8.4,8.44,-0.06,46,2013,0.0,0.73,12.1,102.124,0.139285419589075,0,0
2013-09-24,6161,100000,844230,8.5,8.52,8.42,8.42,-0.02,43,2013,0.0,0.73,12.1,101.88199999999999,0.13895535935308193,0,0
2013-09-25,6161,233000,1985170,8.45,8.57,8.45,8.52,0.1,79,2013,0.0,0.74,12.1,103.092,0.1406056605330473,0,0
2013-09-26,6161,162000,1372120,8.47,8.55,8.44,8.49,-0.03,56,2013,0.0,0.74,12.1,102.729,0.14011057017905768,0,0
2013-09-27,6161,157000,1335660,8.55,8.56,8.47,8.5,0.01,54,2013,0.0,0.74,12.1,102.85,0.14027560029705421,0,0
2013-09-30,6161,78000,660700,8.5,8.53,8.42,8.5,0.0,42,2013,0.0,0.74,12.1,102.85,0.14027560029705421,0,0
2013-10-01,6161,115000,981810,8.5,8.55,8.5,8.55,0.05,52,2013,0.0,0.74,12.1,103.45500000000001,0.1411007508870369,0,0
2013-10-02,6161,107000,909520,8.58,8.58,8.45,8.46,-0.09,43,2013,0.0,0.73,12.1,102.36600000000001,0.14644258087774564,0,0
2013-10-03,6161,360000,3049660,8.5,8.53,8.42,8.46,0.0,104,2013,0.0,0.73,12.1,102.36600000000001,0.14644258087774564,0,0
2013-10-04,6161,351000,2958210,8.43,8.48,8.4,8.43,-0.03,109,2013,0.0,0.73,12.1,102.003,0.14592328094555504,0,0
2013-10-07,6161,226000,1896560,8.45,8.45,8.32,8.38,-0.05,73,2013,0.0,0.73,12.1,101.39800000000001,0.14505778105857076,0,0
2013-10-08,6161,325000,2698540,8.39,8.39,8.27,8.29,-0.09,99,2013,0.0,0.72,12.1,100.30899999999998,0.14349988126199895,0,0
2013-10-09,6161,225000,1872600,8.29,8.4,8.29,8.29,0.0,53,2013,0.0,0.72,12.1,100.30899999999998,0.14349988126199895,0,0
2013-10-11,6161,286000,2367010,8.3,8.34,8.19,8.19,-0.1,101,2013,0.0,0.71,12.1,99.09899999999999,0.14176888148803032,0,0
2013-10-14,6161,157000,1280060,8.25,8.28,8.07,8.08,-0.11,67,2013,0.0,0.7,12.1,97.768,0.13986478173666486,0,0
2013-10-15,6161,141000,1145500,8.15,8.15,8.1,8.12,0.04,42,2013,0.0,0.7,12.1,98.25199999999998,0.14055718164625228,0,0
2013-10-16,6161,326000,2617940,8.1,8.1,8.0,8.1,-0.02,111,2013,0.0,0.7,12.1,98.00999999999999,0.14021098169145857,0,0
2013-10-17,6161,77000,626400,8.12,8.16,8.11,8.15,0.05,34,2013,0.0,0.71,12.1,98.615,0.1410764815784429,0,0
2013-10-18,6161,121000,984580,8.16,8.18,8.1,8.14,-0.01,42,2013,0.0,0.71,12.1,98.494,0.14090338160104604,0,0
2013-10-21,6161,118000,959920,8.15,8.15,8.12,8.12,-0.02,44,2013,0.0,0.7,12.1,98.25199999999998,0.14055718164625228,0,0
2013-10-22,6161,294000,2396040,8.15,8.27,8.08,8.17,0.05,90,2013,0.0,0.71,12.1,98.857,0.14142268153323662,0,0
2013-10-23,6161,102000,828790,8.16,8.19,8.09,8.11,-0.06,36,2013,0.0,0.7,12.1,98.13099999999999,0.14038408166885544,0,0
2013-10-24,6161,305000,2461530,8.09,8.19,8.0,8.11,0.0,134,2013,0.0,0.7,12.1,98.13099999999999,0.14038408166885544,0,0
2013-10-25,6161,141000,1136470,8.11,8.14,8.02,8.02,-0.09,56,2013,0.0,0.7,12.1,97.04199999999999,0.13882618187228368,0,0
2013-10-28,6161,96000,773640,8.02,8.09,8.02,8.05,0.03,50,2013,0.0,0.7,12.1,97.405,0.13934548180447429,0,0
2013-10-29,6161,90000,724300,8.08,8.1,8.01,8.04,-0.01,46,2013,0.0,0.7,12.1,97.28399999999999,0.1391723818270774,0,0
2013-10-30,6161,85000,685550,8.13,8.13,8.02,8.1,0.06,41,2013,0.0,0.7,12.1,98.00999999999999,0.14021098169145857,0,0
2013-10-31,6161,204000,1637540,8.11,8.11,8.0,8.05,-0.05,80,2013,0.0,0.7,12.1,97.405,0.13934548180447429,0,0
2013-11-01,6161,147000,1173030,8.03,8.04,7.93,7.93,-0.12,59,2013,0.0,0.69,12.1,95.95299999999999,0.1372682820757119,0,0
2013-11-04,6161,207000,1616940,7.9,7.93,7.7,7.74,-0.19,91,2013,0.0,0.67,12.1,93.654,0.1429574955832371,0,0
2013-11-05,6161,147000,1137510,7.74,7.86,7.66,7.66,-0.08,66,2013,0.0,0.66,12.1,92.68599999999999,0.14147989872966357,0,0
2013-11-06,6161,157000,1199860,7.66,7.73,7.56,7.6,-0.06,75,2013,0.0,0.66,12.1,91.96,0.14037170108948344,0,0
2013-11-07,6161,147000,1114420,7.6,7.64,7.5,7.6,0.0,60,2013,0.0,0.66,12.1,91.96,0.14037170108948344,0,0
2013-11-08,6161,134000,1008060,7.6,7.6,7.5,7.51,-0.09,49,2013,0.0,0.65,12.1,90.871,0.13870940462921325,0,0
2013-11-11,6161,157000,1162550,7.51,7.51,7.32,7.32,-0.19,70,2013,0.0,0.63,12.1,88.572,0.13520011210197616,0,0
2013-11-12,6161,597000,4225980,7.32,7.32,6.95,7.03,-0.29,185,2013,0.0,0.61,12.1,85.063,0.12984382350777218,0,0
2013-11-13,6161,109000,765910,7.0,7.09,7.0,7.03,0.0,44,2013,0.0,0.61,12.1,85.063,0.12984382350777218,0,0
2013-11-14,6161,108000,764910,7.05,7.18,7.05,7.11,0.08,44,2013,0.0,0.62,12.1,86.031,0.1313214203613457,0,0
2013-11-15,6161,441000,3344720,7.48,7.6,7.48,7.6,0.49,121,2013,0.0,0.66,12.1,91.96,0.14037170108948344,0,0
2013-11-18,6161,929000,7328680,7.96,7.96,7.77,7.88,0.28,297,2013,0.0,0.68,12.1,95.348,0.14554329007699074,0,0
2013-11-19,6161,1064000,8374100,7.86,7.95,7.66,7.75,-0.13,202,2013,0.0,0.67,12.1,93.77499999999999,0.14314219518993376,0,0
2013-11-20,6161,222000,1728360,7.75,7.83,7.75,7.76,0.01,81,2013,0.0,0.67,12.1,93.896,0.14332689479663047,0,0
2013-11-21,6161,228000,1758220,7.76,7.79,7.67,7.74,-0.02,62,2013,0.0,0.66,12.1,93.654,0.1429574955832371,0,0
2013-11-22,6161,163000,1267660,7.71,7.84,7.71,7.79,0.05,65,2013,0.0,0.66,12.1,94.259,0.14388099361672055,0,0
2013-11-25,6161,179000,1397870,7.85,7.85,7.79,7.8,0.01,51,2013,0.0,0.67,12.1,94.38,0.14406569322341722,0,0
2013-11-26,6161,151000,1181910,7.8,7.87,7.8,7.81,0.01,49,2013,0.0,0.67,12.1,94.50099999999999,0.1442503928301139,0,0
2013-11-27,6161,146000,1138770,7.85,7.87,7.76,7.78,-0.03,52,2013,0.0,0.66,12.1,94.138,0.14369629401002385,0,0
2013-11-28,6161,155000,1212420,7.85,7.85,7.78,7.8,0.02,54,2013,0.0,0.67,12.1,94.38,0.14406569322341722,0,0
2013-11-29,6161,126000,981540,7.82,7.83,7.76,7.78,-0.02,51,2013,0.0,0.66,12.1,94.138,0.14369629401002385,0,0
2013-12-02,6161,79000,618880,7.82,7.87,7.8,7.82,0.04,33,2013,0.0,0.67,12.1,94.622,0.1485303000430732,0,0
2013-12-03,6161,73000,570040,7.84,7.84,7.8,7.8,-0.02,31,2013,0.0,0.67,12.1,94.38,0.14815042715293744,0,0
2013-12-04,6161,127000,990130,7.8,7.83,7.76,7.76,-0.04,51,2013,0.0,0.66,12.1,93.896,0.14739068137266598,0,0
2013-12-05,6161,87000,676770,7.78,7.82,7.77,7.77,0.01,29,2013,0.0,0.66,12.1,94.017,0.14758061781773385,0,0
2013-12-06,6161,261000,2063480,7.8,7.96,7.8,7.9,0.13,119,2013,0.0,0.67,12.1,95.59,0.15004979160361614,0,0
2013-12-09,6161,431000,3447970,7.92,8.08,7.9,7.96,0.06,152,2013,0.0,0.68,12.1,96.316,0.15118941027402336,0,0
2013-12-10,6161,327000,2545930,7.88,7.9,7.71,7.74,-0.22,126,2013,0.0,0.66,12.1,93.654,0.14701080848253023,0,0
2013-12-11,6161,128000,989330,7.74,7.77,7.7,7.72,-0.02,47,2013,0.0,0.66,12.1,93.41199999999999,0.14663093559239448,0,0
2013-12-12,6161,268000,2025500,7.7,7.7,7.5,7.55,-0.17,92,2013,0.0,0.64,12.1,91.35499999999999,0.14340201602624073,0,0
2013-12-13,6161,186000,1418250,7.51,7.67,7.51,7.67,0.12,57,2013,0.0,0.65,12.1,92.807,0.14568125336705517,0,0
2013-12-16,6161,123000,951540,7.64,7.77,7.64,7.75,0.08,56,2013,0.0,0.66,12.1,93.77499999999999,0.1472007449275981,0,0
2013-12-17,6161,221000,1720870,7.8,7.85,7.75,7.78,0.03,77,2013,0.0,0.66,12.1,94.138,0.14777055426280172,0,0
2013-12-18,6161,146000,1141160,7.79,7.84,7.78,7.82,0.04,55,2013,0.0,0.67,12.1,94.622,0.1485303000430732,0,0
2013-12-19,6161,730000,5846080,7.88,8.08,7.88,8.06,0.24,232,2013,0.0,0.69,12.1,97.526,0.15308877472470203,0,0
2013-12-20,6161,1475000,12039960,8.08,8.23,8.06,8.08,0.02,322,2013,0.0,0.69,12.1,97.768,0.15346864761483778,0,0
2013-12-23,6161,535000,4373670,8.19,8.26,8.12,8.12,0.04,163,2013,0.0,0.69,12.1,98.25199999999998,0.15422839339510921,0,0
2013-12-24,6161,252000,2027270,8.2,8.2,8.0,8.04,-0.08,84,2013,0.0,0.69,12.1,97.28399999999999,0.15270890183456629,0,0
2013-12-25,6161,278000,2229510,8.02,8.06,7.99,8.0,-0.04,98,2013,0.0,0.68,12.1,96.8,0.15194915605429482,0,0
2013-12-26,6161,254000,2053430,8.06,8.13,8.02,8.06,0.06,99,2013,0.0,0.69,12.1,97.526,0.15308877472470203,0,0
2013-12-27,6161,1078000,8948250,8.06,8.49,8.03,8.33,0.27,337,2013,0.0,0.71,12.1,100.79299999999999,0.15821705874153447,0,0
2013-12-30,6161,542000,4593520,8.33,8.53,8.33,8.45,0.12,177,2013,0.0,0.72,12.1,102.24499999999999,0.1604962960823489,0,0
2013-12-31,6161,175000,1468150,8.37,8.5,8.36,8.38,-0.07,77,2013,0.0,0.72,12.1,101.39800000000001,0.15916674096687386,0,0
2014-01-02,6161,228000,1898560,8.43,8.43,8.26,8.27,-0.11,102,2014,0.0,0.71,12.1,100.067,0.16180883347161418,0,0
2014-01-03,6161,296000,2423010,8.22,8.24,8.11,8.24,-0.03,108,2014,0.0,0.7,12.1,99.704,0.16122186067788402,0,0
2014-01-06,6161,413000,3412330,8.25,8.31,8.23,8.23,-0.01,136,2014,0.0,0.7,12.1,99.583,0.16102620307997398,0,0
2014-01-07,6161,614000,5212670,8.3,8.6,8.3,8.47,0.24,241,2014,0.0,0.72,12.1,102.48700000000001,0.16572198542981528,0,0
2014-01-08,6161,802000,6936340,8.59,8.76,8.53,8.59,0.12,275,2014,0.0,0.73,12.1,103.939,0.1680698766047359,0,0
2014-01-09,6161,643000,5551200,8.73,8.79,8.47,8.49,-0.1,219,2014,0.0,0.72,12.1,102.729,0.16611330062563537,0,0
2014-01-10,6161,393000,3364130,8.5,8.65,8.45,8.52,0.03,148,2014,0.0,0.73,12.1,103.092,0.16670027341936555,0,0
2014-01-13,6161,566000,4943260,8.6,8.9,8.6,8.65,0.13,206,2014,0.0,0.74,12.1,104.665,0.16924382219219625,0,0
2014-01-14,6161,198000,1688610,8.65,8.65,8.46,8.51,-0.14,92,2014,0.0,0.73,12.1,102.97099999999999,0.16650461582145548,0,0
2014-01-15,6161,225000,1918360,8.56,8.57,8.46,8.5,-0.01,72,2014,0.0,0.73,12.1,102.85,0.16630895822354544,0,0
2014-01-16,6161,309000,2633150,8.51,8.55,8.5,8.53,0.03,119,2014,0.0,0.73,12.1,103.213,0.16689593101727557,0,0
2014-01-17,6161,148000,1253850,8.53,8.53,8.45,8.45,-0.08,50,2014,0.0,0.72,12.1,102.24499999999999,0.16533067023399514,0,0
2014-01-20,6161,264000,2237140,8.48,8.54,8.42,8.44,-0.01,74,2014,0.0,0.72,12.1,102.124,0.16513501263608513,0,0
2014-01-21,6161,302000,2548680,8.52,8.52,8.4,8.43,-0.01,79,2014,0.0,0.72,12.1,102.003,0.16493935503817506,0,0
2014-01-22,6161,379000,3233830,8.43,8.64,8.43,8.52,0.09,133,2014,0.0,0.73,12.1,103.092,0.16670027341936555,0,0
2014-01-23,6161,251000,2152310,8.63,8.63,8.53,8.53,0.01,81,2014,0.0,0.73,12.1,103.213,0.16689593101727557,0,0
2014-01-24,6161,281000,2395520,8.58,8.58,8.49,8.5,-0.03,87,2014,0.0,0.73,12.1,102.85,0.16630895822354544,0,0
2014-01-27,6161,319000,2643250,8.48,8.48,8.2,8.25,-0.25,114,2014,0.0,0.7,12.1,99.825,0.1614175182757941,0,0
2014-02-05,6161,260000,2105760,8.0,8.19,8.0,8.19,-0.06,96,2014,0.0,0.7,12.1,99.09899999999999,0.16751826871925665,0,0
2014-02-06,6161,519000,4391030,8.11,8.76,8.11,8.74,0.55,172,2014,0.0,0.75,12.1,105.754,0.17876796930479893,0,0
2014-02-07,6161,2808000,25415120,8.8,9.23,8.77,9.19,0.45,725,2014,0.0,0.78,12.1,111.19899999999998,0.18797226978387893,0,0
2014-02-10,6161,3013000,28883070,9.79,9.82,9.4,9.4,0.21,704,2014,0.0,0.8,12.1,113.74,0.19226761000744966,0,0
2014-02-11,6161,1019000,9376100,9.36,9.36,9.09,9.18,-0.22,313,2014,0.0,0.78,12.1,111.07799999999999,0.18776772977323275,0,0
2014-02-12,6161,4385000,42416340,9.25,9.82,9.25,9.56,0.38,1117,2014,0.0,0.82,12.1,115.676,0.19554025017778923,0,0
2014-02-13,6161,1356000,12776180,9.49,9.58,9.32,9.33,-0.23,388,2014,0.0,0.8,12.1,112.893,0.19083582993292608,0,0
2014-02-14,6161,986000,9155590,9.3,9.48,9.15,9.16,-0.17,328,2014,0.0,0.78,12.1,110.836,0.1873586497519403,0,0
2014-02-17,6161,487000,4504930,9.18,9.34,9.17,9.24,0.08,175,2014,0.0,0.79,12.1,111.804,0.1889949698371101,0,0
2014-02-18,6161,985000,9280060,9.24,9.57,9.24,9.5,0.26,320,2014,0.0,0.81,12.1,114.95,0.1943130101139119,0,0
2014-02-19,6161,464000,4362350,9.57,9.57,9.3,9.38,-0.12,159,2014,0.0,0.8,12.1,113.498,0.1918585299861572,0,0
2014-02-20,6161,1714000,16411380,9.4,9.73,9.4,9.68,0.3,537,2014,0.0,0.83,12.1,117.128,0.1979947303055439,0,0
2014-02-21,6161,2494000,24884450,9.92,10.2,9.8,9.82,0.14,684,2014,0.0,0.84,12.1,118.822,0.20085829045459103,0,0
2014-02-24,6161,2053000,20367670,9.82,10.15,9.68,10.0,0.18,592,2014,0.0,0.85,12.1,121.0,0.20454001064622304,0,0
2014-02-25,6161,1456000,14552440,10.2,10.25,9.8,9.8,-0.2,412,2014,0.0,0.84,12.1,118.58,0.20044921043329858,0,0
2014-02-26,6161,1183000,11842530,9.9,10.15,9.9,9.99,0.19,343,2014,0.0,0.85,12.1,120.879,0.2043354706355768,0,0
2014-02-27,6161,2953000,30009760,10.25,10.3,9.94,10.15,0.16,843,2014,0.0,0.87,12.1,122.815,0.20760811080591637,0,0
2014-03-03,6161,1149000,11687350,10.2,10.3,10.05,10.1,-0.05,383,2014,0.0,0.86,12.1,122.21,0.21197740873445445,0,0
2014-03-04,6161,1375000,13595270,10.0,10.1,9.79,9.85,-0.25,384,2014,0.0,0.84,12.1,119.18499999999999,0.2067304431717204,0,0
2014-03-05,6161,618000,6104170,10.0,10.0,9.82,9.82,-0.03,220,2014,0.0,0.84,12.1,118.822,0.20610080730419236,0,0
2014-03-06,6161,542000,5337340,9.95,9.95,9.8,9.8,-0.02,208,2014,0.0,0.84,12.1,118.58,0.20568105005917364,0,0
2014-03-07,6161,1285000,12326660,9.9,9.9,9.3,9.33,-0.47,344,2014,0.0,0.8,12.1,112.893,0.19581675480123367,0,0
2014-03-10,6161,450000,4206780,9.33,9.47,9.32,9.32,-0.01,149,2014,0.0,0.8,12.1,112.772,0.1956068761787243,0,0
2014-03-11,6161,1214000,11127950,9.32,9.37,9.08,9.12,-0.2,484,2014,0.0,0.78,12.1,110.35199999999999,0.1914093037285371,0,0
2014-03-12,6161,741000,6853650,9.12,9.33,9.1,9.24,0.12,261,2014,0.0,0.79,12.1,111.804,0.19392784719864942,0,0
2014-03-13,6161,320000,2968510,9.25,9.33,9.22,9.23,-0.01,112,2014,0.0,0.79,12.1,111.683,0.19371796857614007,0,0
2014-03-14,6161,239000,2197110,9.25,9.26,9.15,9.15,-0.08,107,2014,0.0,0.78,12.1,110.715,0.19203893959606516,0,0
2014-03-17,6161,342000,3186170,9.17,9.45,9.17,9.32,0.17,135,2014,0.0,0.8,12.1,112.772,0.1956068761787243,0,0
2014-03-18,6161,360000,3382220,9.37,9.45,9.33,9.35,0.03,117,2014,0.0,0.8,12.1,113.13499999999999,0.1962365120462524,0,0
2014-03-19,6161,277000,2589500,9.41,9.41,9.3,9.3,-0.05,122,2014,0.0,0.79,12.1,112.53,0.19518711893370558,0,0
2014-03-20,6161,1603000,14191470,9.26,9.34,8.65,8.65,-0.65,484,2014,0.0,0.74,12.1,104.665,0.18154500847059715,0,0
2014-03-21,6161,928000,7877030,8.43,8.61,8.43,8.54,-0.11,318,2014,0.0,0.73,12.1,103.33399999999999,0.17923634362299415,0,0
2014-03-24,6161,317000,2676140,8.5,8.55,8.36,8.43,-0.11,113,2014,0.0,0.72,12.1,102.003,0.1769276787753912,0,0
2014-03-25,6161,304000,2595800,8.5,8.59,8.43,8.54,0.11,108,2014,0.0,0.73,12.1,103.33399999999999,0.17923634362299415,0,0
2014-03-26,6161,368000,3146550,8.5,8.65,8.5,8.56,0.02,154,2014,0.0,0.73,12.1,103.57600000000001,0.1796561008680129,0,0
2014-03-27,6161,1132000,9814800,8.61,8.8,8.52,8.74,0.18,284,2014,0.0,0.75,12.1,105.754,0.18343391607318138,0,0
2014-03-28,6161,242000,2087570,8.76,8.76,8.57,8.58,-0.16,111,2014,0.0,0.73,12.1,103.818,0.18007585811303162,0,0
2014-03-31,6161,960000,8402610,8.58,8.9,8.57,8.7,0.12,252,2014,0.0,0.74,12.1,105.26999999999998,0.18259440158314388,0,0
2014-04-01,6161,1262000,10928920,8.71,8.82,8.57,8.57,-0.13,336,2014,0.0,0.73,12.1,103.697,0.17986597949052224,0,0
2014-04-02,6161,1550000,13382180,8.58,8.74,8.47,8.6,0.03,310,2014,0.0,0.73,12.1,104.05999999999999,0.18803840132302704,0,0
2014-04-03,6161,280000,2407960,8.6,8.63,8.57,8.57,-0.03,81,2014,0.0,0.73,12.1,103.697,0.1873824534114351,0,0
2014-04-07,6161,338000,2900020,8.54,8.63,8.51,8.57,0.0,230,2014,0.0,0.73,12.1,103.697,0.1873824534114351,0,0
2014-04-08,6161,204000,1753300,8.57,8.64,8.57,8.58,0.01,84,2014,0.0,0.73,12.1,103.818,0.1876011027152991,0,0
2014-04-09,6161,454000,3906140,8.58,8.68,8.51,8.52,-0.06,169,2014,20.29,0.74,12.1,103.092,0.18628920689211517,0,0
2014-04-10,6161,588000,5058450,8.61,8.69,8.55,8.58,0.06,157,2014,20.43,0.74,12.1,103.818,0.1876011027152991,0,0
2014-04-11,6161,317000,2723290,8.55,8.64,8.55,8.61,0.03,109,2014,20.5,0.74,12.1,104.18099999999998,0.18825705062689102,0,0
2014-04-14,6161,165000,1406030,8.6,8.6,8.49,8.5,-0.11,75,2014,20.24,0.73,12.1,102.85,0.18585190828438722,0,0
2014-04-15,6161,214000,1825630,8.5,8.67,8.5,8.51,0.01,70,2014,20.26,0.73,12.1,102.97099999999999,0.18607055758825117,0,0
2014-04-16,6161,152000,1300620,8.53,8.59,8.52,8.57,0.06,70,2014,20.4,0.74,12.1,103.697,0.1873824534114351,0,0
2014-04-17,6161,259000,2232230,8.66,8.66,8.58,8.65,0.08,96,2014,20.6,0.75,12.1,104.665,0.189131647842347,0,0
2014-04-18,6161,192000,1655590,8.68,8.68,8.6,8.6,-0.05,79,2014,20.48,0.74,12.1,104.05999999999999,0.18803840132302704,0,0
2014-04-21,6161,253000,2173290,8.6,8.65,8.56,8.62,0.02,85,2014,20.52,0.74,12.1,104.30199999999999,0.188475699930755,0,0
2014-04-22,6161,430000,3769080,8.65,8.85,8.62,8.74,0.12,201,2014,20.81,0.75,12.1,105.754,0.19109949157712286,0,0
2014-04-23,6161,475000,4101320,8.65,8.78,8.45,8.61,-0.13,151,2014,20.5,0.74,12.1,104.18099999999998,0.18825705062689102,0,0
2014-04-24,6161,466000,3994080,8.58,8.64,8.54,8.55,-0.06,100,2014,20.36,0.74,12.1,103.45500000000001,0.18694515480370716,0,0
2014-04-25,6161,307000,2531810,8.53,8.55,8.03,8.2,-0.35,115,2014,19.52,0.71,12.1,99.21999999999998,0.17929242916846763,0,0
2014-04-28,6161,263000,2079530,7.7,8.19,7.7,8.0,-0.2,118,2014,19.05,0.69,12.1,96.8,0.17491944309118795,0,0
2014-04-29,6161,103000,840230,8.02,8.2,8.02,8.15,0.15,59,2014,19.4,0.7,12.1,98.615,0.17819918264914775,0,0
2014-04-30,6161,164000,1323380,8.15,8.21,8.0,8.04,-0.11,87,2014,19.14,0.69,12.1,97.28399999999999,0.1757940403066439,0,0
2014-05-02,6161,145000,1167420,8.01,8.14,8.01,8.04,0.0,47,2014,19.14,0.69,12.1,97.28399999999999,0.18153122608030708,0,0
2014-05-05,6161,150000,1207390,8.23,8.23,8.02,8.03,-0.01,71,2014,19.12,0.69,12.1,97.16299999999998,0.18130544097324203,0,0
2014-05-06,6161,191000,1538230,8.1,8.12,8.03,8.07,0.04,73,2014,19.21,0.7,12.1,97.647,0.18220858140150228,0,0
2014-05-07,6161,113000,906930,8.03,8.07,8.0,8.03,-0.04,54,2014,19.12,0.69,12.1,97.16299999999998,0.18130544097324203,0,0
2014-05-08,6161,169000,1356960,8.04,8.09,7.98,8.0,-0.03,91,2014,19.05,0.69,12.1,96.8,0.18062808565204685,0,0
2014-05-09,6161,110000,883170,8.09,8.12,8.0,8.02,0.02,49,2014,19.1,0.69,12.1,97.04199999999999,0.18107965586617697,0,0
2014-05-12,6161,534000,4380960,8.0,8.37,8.0,8.15,0.13,180,2014,19.4,0.7,12.1,98.615,0.18401486225802274,0,0
2014-05-13,6161,237000,1913470,8.21,8.21,8.01,8.02,-0.13,80,2014,19.1,0.69,12.1,97.04199999999999,0.18107965586617697,0,0
2014-05-14,6161,253000,2043110,8.03,8.2,8.0,8.1,0.08,82,2014,19.29,0.7,12.1,98.00999999999999,0.18288593672269743,0,0
2014-05-15,6161,135000,1091300,8.19,8.19,8.03,8.08,-0.02,54,2014,19.24,0.7,12.1,97.768,0.18243436650856734,0,0
2014-05-16,6161,219000,1777880,8.2,8.2,8.09,8.14,0.06,66,2014,19.38,0.7,12.1,98.494,0.18378907715095769,0,0
2014-05-19,6161,130000,1069580,8.14,8.29,8.14,8.21,0.07,64,2014,19.55,0.71,12.1,99.34100000000001,0.18536957290041312,0,0
2014-05-20,6161,145000,1191250,8.23,8.28,8.2,8.2,-0.01,60,2014,19.52,0.71,12.1,99.21999999999998,0.185143787793348,0,0
2014-05-21,6161,84000,686200,8.29,8.29,8.1,8.1,-0.1,39,2014,19.29,0.7,12.1,98.00999999999999,0.18288593672269743,0,0
2014-05-22,6161,177000,1434550,8.06,8.16,8.06,8.11,0.01,73,2014,19.31,0.7,12.1,98.13099999999999,0.18311172182976249,0,0
2014-05-23,6161,266000,2184640,8.12,8.27,8.12,8.23,0.12,105,2014,19.6,0.71,12.1,99.583,0.1858211431145432,0,0
2014-05-26,6161,289000,2412150,8.29,8.43,8.25,8.4,0.17,112,2014,38.18,0.72,12.1,101.64,0.1896594899346492,0,0
2014-05-27,6161,142000,1186480,8.42,8.42,8.3,8.37,-0.03,75,2014,38.05,0.72,12.1,101.27699999999999,0.188982134613454,0,0
2014-05-28,6161,225000,1892440,8.38,8.45,8.38,8.39,0.02,76,2014,38.14,0.72,12.1,101.519,0.18943370482758415,0,0
2014-05-29,6161,210000,1779900,8.4,8.54,8.4,8.52,0.13,97,2014,38.73,0.73,12.1,103.092,0.19236891121942992,0,0
2014-05-30,6161,778000,6747190,8.54,8.8,8.54,8.8,0.28,232,2014,40.0,0.75,12.1,106.48,0.19869089421725156,0,0
2014-06-03,6161,325000,2819400,8.77,8.78,8.63,8.63,-0.17,117,2014,39.23,0.74,12.1,104.423,0.20562302360343504,0,0
2014-06-04,6161,413000,3573160,8.65,8.71,8.6,8.65,0.02,132,2014,39.32,0.74,12.1,104.665,0.20609955436497257,0,0
2014-06-05,6161,327000,2835580,8.7,8.76,8.64,8.7,0.05,122,2014,39.55,0.74,12.1,105.26999999999998,0.20729088126881628,0,0
2014-06-06,6161,535000,4654420,8.72,8.78,8.65,8.7,0.0,138,2014,39.55,0.74,12.1,105.26999999999998,0.20729088126881628,0,0
2014-06-09,6161,388000,3380590,8.72,8.76,8.68,8.68,-0.02,137,2014,39.45,0.74,12.1,105.02799999999999,0.20681435050727878,0,0
2014-06-10,6161,680000,5773630,8.67,8.67,8.39,8.45,-0.23,243,2014,38.41,0.72,12.1,102.24499999999999,0.20133424674959743,0,0
2014-06-11,6161,179000,1522020,8.65,8.65,8.46,8.48,0.03,61,2014,38.55,0.73,12.1,102.608,0.20204904289190373,0,0
2014-06-12,6161,135000,1142740,8.47,8.51,8.43,8.48,0.0,60,2014,38.55,0.73,12.1,102.608,0.20204904289190373,0,0
2014-06-13,6161,229000,1950140,8.44,8.55,8.44,8.48,0.0,87,2014,38.55,0.73,12.1,102.608,0.20204904289190373,0,0
2014-06-16,6161,520000,4440370,8.55,8.6,8.5,8.59,0.11,123,2014,39.05,0.74,12.1,103.939,0.20466996208036,0,0
2014-06-17,6161,472000,4034080,8.56,8.68,8.5,8.6,0.01,134,2014,39.09,0.74,12.1,104.05999999999999,0.20490822746112874,0,0
2014-06-18,6161,223000,1914520,8.6,8.68,8.51,8.51,-0.09,84,2014,38.68,0.73,12.1,102.97099999999999,0.20276383903420997,0,0
2014-06-19,6161,149000,1284140,8.53,8.66,8.53,8.64,0.13,67,2014,39.27,0.74,12.1,104.544,0.2058612889842038,0,0
2014-06-20,6161,619000,5434820,8.67,8.94,8.65,8.76,0.12,236,2014,39.82,0.75,12.1,105.996,0.20872047355342885,0,0
2014-06-23,6161,363000,3155030,8.76,8.89,8.59,8.6,-0.16,129,2014,39.09,0.74,12.1,104.05999999999999,0.20490822746112874,0,0
2014-06-24,6161,147000,1258420,8.6,8.65,8.44,8.64,0.04,58,2014,39.27,0.74,12.1,104.544,0.2058612889842038,0,0
2014-06-25,6161,93000,802370,8.64,8.69,8.58,8.6,-0.04,46,2014,39.09,0.74,12.1,104.05999999999999,0.20490822746112874,0,0
2014-06-26,6161,442000,3844860,8.6,8.75,8.6,8.68,0.08,125,2014,39.45,0.74,12.1,105.02799999999999,0.20681435050727878,0,0
2014-06-27,6161,229000,1965100,8.68,8.69,8.51,8.52,-0.16,93,2014,38.73,0.73,12.1,103.092,0.20300210441497873,0,0
2014-06-30,6161,137000,1170060,8.53,8.63,8.51,8.53,0.01,52,2014,38.77,0.73,12.1,103.213,0.20324036979574747,0,0
2014-07-01,6161,188000,1620980,8.53,8.69,8.53,8.63,0.1,89,2014,39.23,0.74,12.1,104.423,0.20562302360343504,0,0
2014-07-02,6161,218000,1880310,8.65,8.73,8.55,8.55,-0.08,85,2014,38.86,0.73,12.1,103.45500000000001,0.21129750823959184,0,0
2014-07-03,6161,112000,962420,8.6,8.63,8.56,8.56,0.01,38,2014,38.91,0.73,12.1,103.57600000000001,0.21154463982817617,0,0
2014-07-04,6161,291000,2497570,8.65,8.69,8.56,8.6,0.04,96,2014,39.09,0.74,12.1,104.05999999999999,0.2125331661825134,0,0
2014-07-07,6161,157000,1345080,8.58,8.67,8.51,8.59,-0.01,55,2014,39.05,0.74,12.1,103.939,0.21228603459392908,0,0
2014-07-08,6161,109000,933550,8.59,8.6,8.54,8.54,-0.05,55,2014,38.82,0.73,12.1,103.33399999999999,0.21105037665100748,0,0
2014-07-09,6161,202000,1709580,8.52,8.53,8.43,8.43,-0.11,78,2014,38.32,0.72,12.1,102.003,0.20833192917658,0,0
2014-07-10,6161,123000,1043690,8.44,8.57,8.44,8.46,0.03,58,2014,38.45,0.72,12.1,102.36600000000001,0.209073323942333,0,0
2014-07-11,6161,821000,6732490,8.43,8.5,7.9,7.9,-0.56,265,2014,35.91,0.68,12.1,95.59,0.19523395498161117,0,0
2014-07-14,6161,329000,2663520,8.02,8.14,8.02,8.1,0.2,135,2014,36.82,0.69,12.1,98.00999999999999,0.2001765867532975,0,0
2014-07-15,6161,165000,1342150,8.16,8.19,8.12,8.12,0.02,61,2014,36.91,0.7,12.1,98.25199999999998,0.2006708499304661,0,0
2014-07-16,6161,165000,1333150,8.08,8.17,8.06,8.08,-0.04,67,2014,36.73,0.69,12.1,97.768,0.1996823235761289,0,0
2014-07-17,6161,235000,1909450,8.11,8.22,8.08,8.17,0.09,81,2014,37.14,0.7,12.1,98.857,0.20190650787338774,0,0
2014-07-18,6161,80000,649820,8.13,8.15,8.1,8.12,-0.05,50,2014,36.91,0.7,12.1,98.25199999999998,0.2006708499304661,0,0
2014-07-21,6161,91000,737910,8.14,8.15,8.07,8.09,-0.03,44,2014,36.77,0.69,12.1,97.889,0.1999294551647132,0,0
2014-07-22,6161,173000,1400350,8.12,8.12,8.07,8.08,-0.01,81,2014,36.73,0.69,12.1,97.768,0.1996823235761289,0,0
2014-07-24,6161,203000,1650510,8.09,8.18,8.08,8.11,0.03,52,2014,36.86,0.69,12.1,98.13099999999999,0.20042371834188183,0,0
2014-07-25,6161,157000,1266670,8.1,8.1,8.04,8.05,-0.06,68,2014,36.59,0.69,12.1,97.405,0.19894092881037592,0,0
2014-07-28,6161,162000,1302740,8.03,8.07,8.02,8.05,0.0,64,2014,36.59,0.69,12.1,97.405,0.19894092881037592,0,0
2014-07-29,6161,194000,1559830,8.05,8.12,8.0,8.01,-0.04,76,2014,36.41,0.69,12.1,96.92099999999999,0.19795240245603862,0,0
2014-07-30,6161,196000,1570950,8.05,8.06,8.0,8.01,0.0,85,2014,36.41,0.69,12.1,96.92099999999999,0.19795240245603862,0,0
2014-07-31,6161,208000,1664620,8.05,8.05,7.99,8.01,0.0,61,2014,36.41,0.69,12.1,96.92099999999999,0.19795240245603862,0,0
2014-08-01,6161,116000,928670,8.0,8.08,8.0,8.0,-0.01,33,2014,36.36,0.68,12.1,96.8,0.19770527086745435,0,0
2014-08-04,6161,159000,1283400,8.01,8.13,8.01,8.06,0.06,52,2014,36.64,0.69,12.1,97.526,0.20811913447228442,0,0
2014-08-05,6161,162000,1309230,8.11,8.14,8.07,8.08,0.02,40,2014,36.73,0.69,12.1,97.768,0.20863555912358042,0,0
2014-08-06,6161,387000,3027620,8.04,8.04,7.61,7.89,-0.19,142,2014,35.86,0.68,12.1,95.469,0.2037295249362685,0,0
2014-08-07,6161,68000,537970,7.94,7.98,7.88,7.88,-0.01,34,2014,35.82,0.67,12.1,95.348,0.20347131261062051,0,0
2014-08-08,6161,74000,578230,7.9,7.9,7.75,7.78,-0.1,49,2014,35.36,0.67,12.1,94.138,0.20088918935414055,0,0
2014-08-11,6161,68000,535350,7.82,7.98,7.82,7.85,0.07,44,2014,35.68,0.67,12.1,94.985,0.20269667563367652,0,0
2014-08-12,6161,97000,760560,7.88,7.93,7.8,7.82,-0.03,46,2014,35.55,0.67,12.1,94.622,0.20192203865673253,0,0
2014-08-13,6161,163000,1289430,7.89,7.96,7.85,7.95,0.13,75,2014,36.14,0.68,12.1,96.195,0.20527879889015646,0,0
2014-08-14,6161,143000,1145730,8.03,8.05,7.98,8.0,0.05,61,2014,36.36,0.68,12.1,96.8,0.20656986051839646,0,0
2014-08-15,6161,116000,930440,8.1,8.1,7.98,7.98,-0.02,50,2014,36.27,0.68,12.1,96.558,0.20605343586710048,0,0
2014-08-18,6161,100000,788920,8.0,8.0,7.82,7.83,-0.15,47,2014,35.59,0.67,12.1,94.743,0.20218025098238052,0,0
2014-08-19,6161,77000,609060,7.98,7.98,7.87,7.88,0.05,46,2014,35.82,0.67,12.1,95.348,0.20347131261062051,0,0
2014-08-20,6161,115000,910420,7.88,7.99,7.88,7.96,0.08,58,2014,36.18,0.68,12.1,96.316,0.20553701121580448,0,0
2014-08-21,6161,121000,963410,7.99,8.11,7.91,7.97,0.01,64,2014,36.23,0.68,12.1,96.437,0.20579522354145247,0,0
2014-08-22,6161,223000,1805900,7.91,8.2,7.91,8.16,0.19,107,2014,37.09,0.7,12.1,98.736,0.21070125772876439,0,0
2014-08-25,6161,185000,1501140,8.16,8.18,8.08,8.13,-0.03,64,2014,73.91,0.71,12.1,98.373,0.2099266207518204,0,0
2014-08-26,6161,264000,2137620,8.15,8.15,8.07,8.1,-0.03,67,2014,73.64,0.71,12.1,98.00999999999999,0.20915198377487637,0,0
2014-08-27,6161,68000,550530,8.1,8.13,8.08,8.11,0.01,29,2014,73.73,0.71,12.1,98.13099999999999,0.2094101961005244,0,0
2014-08-28,6161,170000,1379620,8.11,8.15,8.1,8.15,0.04,39,2014,74.09,0.71,12.1,98.615,0.2104430454031164,0,0
2014-08-29,6161,284000,2311830,8.15,8.16,8.12,8.14,-0.01,104,2014,74.0,0.71,12.1,98.494,0.21018483307746838,0,0
2014-09-01,6161,226000,1803360,8.0,8.0,7.95,8.0,0.0,83,2014,72.73,0.7,12.1,96.8,0.20656986051839646,0,0
2014-09-02,6161,122000,981860,8.01,8.13,8.01,8.03,0.03,50,2014,73.0,0.7,12.1,97.16299999999998,0.2149076639997204,0,0
2014-09-03,6161,214000,1727260,8.04,8.14,8.04,8.07,0.04,60,2014,73.36,0.7,12.1,97.647,0.21597818785526074,0,0
2014-09-04,6161,160000,1291290,8.07,8.1,8.02,8.07,0.0,19,2014,73.36,0.7,12.1,97.647,0.21597818785526074,0,0
2014-09-05,6161,134000,1072130,8.01,8.06,7.96,8.0,-0.07,47,2014,72.73,0.7,12.1,96.8,0.21410477110806517,0,0
2014-09-09,6161,66000,526240,8.0,8.08,7.92,7.92,-0.08,37,2014,72.0,0.69,12.1,95.832,0.2119637233969845,0,0
2014-09-10,6161,124000,980070,7.98,7.98,7.86,7.91,-0.01,53,2014,71.91,0.69,12.1,95.711,0.21169609243309945,0,0
2014-09-11,6161,104000,821650,7.91,7.93,7.87,7.88,-0.03,34,2014,71.64,0.69,12.1,95.348,0.2108931995414442,0,0
2014-09-12,6161,131000,1024220,7.87,7.87,7.78,7.78,-0.1,49,2014,70.73,0.68,12.1,94.138,0.20821688990259338,0,0
2014-09-15,6161,115000,893150,7.78,7.85,7.68,7.78,0.0,47,2014,70.73,0.68,12.1,94.138,0.20821688990259338,0,0
2014-09-16,6161,108000,834070,7.75,7.82,7.68,7.68,-0.1,47,2014,69.82,0.67,12.1,92.928,0.20554058026374258,0,0
2014-09-17,6161,66000,511850,7.68,7.8,7.68,7.7,0.02,28,2014,70.0,0.67,12.1,93.17,0.20607584219151273,0,0
2014-09-18,6161,55000,423780,7.72,7.75,7.7,7.75,0.05,17,2014,70.45,0.68,12.1,93.77499999999999,0.20741399701093813,0,0
2014-09-19,6161,181000,1409770,7.76,7.82,7.75,7.75,0.0,45,2014,70.45,0.68,12.1,93.77499999999999,0.20741399701093813,0,0
2014-09-22,6161,50000,387150,7.75,7.75,7.73,7.75,0.0,9,2014,70.45,0.68,12.1,93.77499999999999,0.20741399701093813,0,0
2014-09-23,6161,105000,813020,7.75,7.75,7.71,7.72,-0.03,29,2014,70.18,0.67,12.1,93.41199999999999,0.20661110411928288,0,0
2014-09-24,6161,257000,1985380,7.7,7.79,7.7,7.72,0.0,66,2014,70.18,0.67,12.1,93.41199999999999,0.20661110411928288,0,0
2014-09-25,6161,65000,500890,7.73,7.74,7.68,7.69,-0.03,29,2014,69.91,0.67,12.1,93.049,0.20580821122762769,0,0
2014-09-26,6161,32000,244380,7.66,7.66,7.6,7.63,-0.06,19,2014,69.36,0.67,12.1,92.323,0.20420242544431713,0,0
2014-09-29,6161,26000,198370,7.61,7.68,7.6,7.63,0.0,17,2014,69.36,0.67,12.1,92.323,0.20420242544431713,0,0
2014-09-30,6161,103000,782860,7.62,7.73,7.56,7.61,-0.02,41,2014,69.18,0.66,12.1,92.081,0.203667163516547,0,0
2014-10-01,6161,80000,609530,7.6,7.68,7.55,7.63,0.02,29,2014,69.36,0.67,12.1,92.323,0.20420242544431713,0,0
2014-10-02,6161,74000,565690,7.63,7.68,7.63,7.67,0.04,18,2014,69.73,0.67,12.1,92.807,0.2134376461811112,0,0
2014-10-03,6161,81000,622760,7.69,7.7,7.67,7.7,0.03,31,2014,70.0,0.67,12.1,93.17,0.2142724740018978,0,0
2014-10-06,6161,106000,819060,7.75,7.78,7.7,7.73,0.03,33,2014,70.27,0.67,12.1,93.533,0.21510730182268442,0,0
2014-10-07,6161,19000,146860,7.76,7.76,7.7,7.7,-0.03,8,2014,70.0,0.67,12.1,93.17,0.2142724740018978,0,0
2014-10-08,6161,55000,427290,7.74,7.88,7.72,7.72,0.02,23,2014,70.18,0.67,12.1,93.41199999999999,0.21482902588242217,0,0
2014-10-09,6161,126000,961960,7.69,7.77,7.55,7.55,-0.17,44,2014,68.64,0.66,12.1,91.35499999999999,0.2100983348979647,0,0
2014-10-13,6161,302000,2185170,7.45,7.45,7.14,7.2,-0.35,118,2014,65.45,0.63,12.1,87.12,0.20035867698878754,0,0
2014-10-14,6161,296000,2162370,7.19,7.44,7.18,7.42,0.22,136,2014,67.45,0.65,12.1,89.782,0.20648074767455607,0,0
2014-10-15,6161,157000,1136060,7.47,7.47,7.14,7.14,-0.28,62,2014,64.91,0.62,12.1,86.39399999999999,0.1986890213472143,0,0
2014-10-16,6161,135000,940050,7.05,7.07,6.89,7.07,-0.07,51,2014,64.27,0.62,12.1,85.547,0.19674108976537888,0,0
2014-10-17,6161,173000,1222880,7.12,7.12,6.97,6.98,-0.09,50,2014,63.45,0.61,12.1,84.458,0.19423660630301903,0,0
2014-10-20,6161,158000,1109110,7.0,7.08,6.96,7.03,0.05,45,2014,63.91,0.61,12.1,85.063,0.19562798600433007,0,0
2014-10-21,6161,95000,672480,7.08,7.13,7.01,7.01,-0.02,30,2014,63.73,0.61,12.1,84.821,0.19507143412380565,0,0
2014-10-22,6161,54000,381080,7.1,7.1,7.02,7.06,0.05,17,2014,64.18,0.62,12.1,85.42599999999999,0.19646281382511666,0,0
2014-10-23,6161,97000,680490,7.06,7.07,6.96,6.97,-0.09,26,2014,63.36,0.61,12.1,84.33699999999999,0.1939583303627568,0,0
2014-10-24,6161,155000,1087720,6.97,7.14,6.92,7.04,0.07,59,2014,64.0,0.61,12.1,85.184,0.19590626194459226,0,0
2014-10-27,6161,182000,1248250,6.96,6.96,6.75,6.76,-0.28,111,2014,61.45,0.59,12.1,81.79599999999999,0.1881145356172505,0,0
2014-10-28,6161,89000,602430,6.79,6.87,6.73,6.78,0.02,41,2014,61.64,0.59,12.1,82.038,0.18867108749777495,0,0
2014-10-29,6161,142000,977610,6.73,6.95,6.73,6.95,0.17,52,2014,63.18,0.61,12.1,84.095,0.19340177848223242,0,0
2014-10-30,6161,60000,415270,6.94,6.95,6.87,6.91,-0.04,21,2014,62.82,0.6,12.1,83.611,0.1922886747211836,0,0
2014-10-31,6161,71000,492300,6.95,6.97,6.9,6.95,0.04,35,2014,63.18,0.61,12.1,84.095,0.19340177848223242,0,0
2014-11-03,6161,64000,448110,6.98,7.03,6.98,7.0,0.05,31,2014,63.64,0.61,12.1,84.7,0.20008721629309967,0,0
2014-11-04,6161,55000,384820,7.0,7.03,6.97,7.03,0.03,28,2014,63.91,0.61,12.1,85.063,0.2009447329343558,0,0
2014-11-05,6161,53000,373860,7.04,7.1,7.04,7.04,0.01,31,2014,64.0,0.61,12.1,85.184,0.20123057181477452,0,0
2014-11-06,6161,64000,448460,7.04,7.1,6.93,7.02,-0.02,22,2014,63.82,0.61,12.1,84.942,0.20065889405393705,0,0
2014-11-07,6161,92000,640680,6.9,7.0,6.9,7.0,-0.02,36,2014,63.64,0.61,12.1,84.7,0.20008721629309967,0,0
2014-11-10,6161,69000,481220,6.98,7.03,6.92,6.93,-0.07,22,2014,63.0,0.6,12.1,83.853,0.19808634413016865,0,0
2014-11-11,6161,80000,552460,6.94,6.95,6.88,6.94,0.01,28,2014,63.09,0.61,12.1,83.974,0.19837218301058737,0,0
2014-11-12,6161,876000,6402530,6.95,7.42,6.88,7.42,0.48,295,2014,67.45,0.65,12.1,89.782,0.21209244927068563,0,0
2014-11-13,6161,1308000,9892500,7.55,7.68,7.46,7.64,0.22,437,2014,69.45,0.67,12.1,92.44399999999999,0.21838090463989732,0,0
2014-11-14,6161,1518000,11761770,7.66,7.88,7.59,7.65,0.01,385,2014,69.55,0.67,12.1,92.565,0.21866674352031606,0,0
2014-11-17,6161,774000,5983410,7.69,7.84,7.65,7.67,0.02,300,2014,69.73,0.67,12.1,92.807,0.21923842128115348,0,0
2014-11-18,6161,552000,4230640,7.68,7.74,7.61,7.67,0.0,171,2014,69.73,0.67,12.1,92.807,0.21923842128115348,0,0
2014-11-19,6161,1271000,9848010,7.68,7.82,7.61,7.7,0.03,282,2014,70.0,0.67,12.1,93.17,0.22009593792240964,0,0
2014-11-20,6161,384000,2982740,7.7,7.83,7.7,7.76,0.06,118,2014,70.55,0.68,12.1,93.896,0.2218109712049219,0,0
2014-11-21,6161,253000,1961420,7.78,7.82,7.7,7.72,-0.04,102,2014,70.18,0.67,12.1,93.41199999999999,0.22066761568324703,0,0
2014-11-24,6161,168000,1298880,7.71,7.8,7.7,7.71,-0.01,55,2014,21.42,0.64,12.1,93.291,0.22038177680282833,0,0
2014-11-25,6161,170000,1310890,7.7,7.77,7.67,7.69,-0.02,52,2014,21.36,0.64,12.1,93.049,0.21981009904199095,0,0
2014-11-26,6161,191000,1458610,7.69,7.73,7.6,7.61,-0.08,60,2014,21.14,0.63,12.1,92.081,0.2175233879986412,0,0
2014-11-27,6161,401000,3072630,7.61,7.75,7.6,7.62,0.01,117,2014,21.17,0.63,12.1,92.202,0.2178092268790599,0,0
2014-11-28,6161,207000,1580250,7.62,7.71,7.6,7.65,0.03,55,2014,21.25,0.63,12.1,92.565,0.21866674352031606,0,0
2014-12-01,6161,176000,1335430,7.58,7.67,7.43,7.59,-0.06,83,2014,21.08,0.63,12.1,91.839,0.21695171023780377,0,0
2014-12-02,6161,410000,3313240,7.86,8.12,7.86,8.12,0.53,143,2014,22.56,0.67,12.1,98.25199999999998,0.22954390729278268,0,0
2014-12-03,6161,1612000,13562000,8.65,8.65,8.24,8.33,0.21,494,2014,23.14,0.69,12.1,100.79299999999999,0.23548038765380294,0,0
2014-12-04,6161,390000,3244350,8.33,8.39,8.26,8.3,-0.03,132,2014,23.06,0.69,12.1,100.43,0.23463231903080012,0,0
2014-12-05,6161,341000,2865880,8.38,8.48,8.37,8.4,0.1,129,2014,23.33,0.7,12.1,101.64,0.23745921444080972,0,0
2014-12-08,6161,607000,5122690,8.5,8.5,8.38,8.38,-0.02,166,2014,23.28,0.69,12.1,101.39800000000001,0.2368938353588078,0,0
2014-12-09,6161,330000,2742840,8.33,8.36,8.29,8.31,-0.07,111,2014,23.08,0.69,12.1,100.551,0.23491500857180103,0,0
2014-12-10,6161,292000,2423970,8.3,8.36,8.22,8.32,0.01,121,2014,23.11,0.69,12.1,100.672,0.235197698112802,0,0
2014-12-11,6161,128000,1064220,8.25,8.33,8.25,8.32,0.0,49,2014,23.11,0.69,12.1,100.672,0.235197698112802,0,0
2014-12-12,6161,144000,1201540,8.38,8.4,8.32,8.32,0.0,44,2014,23.11,0.69,12.1,100.672,0.235197698112802,0,0
2014-12-15,6161,137000,1133500,8.28,8.32,8.22,8.32,0.0,55,2014,23.11,0.69,12.1,100.672,0.235197698112802,0,0
2014-12-16,6161,153000,1270080,8.29,8.39,8.25,8.27,-0.05,50,2014,22.97,0.69,12.1,100.067,0.23378425040779716,0,0
2014-12-17,6161,200000,1666220,8.35,8.4,8.26,8.33,0.06,85,2014,23.14,0.69,12.1,100.79299999999999,0.23548038765380294,0,0
2014-12-18,6161,490000,4141940,8.38,8.58,8.38,8.41,0.08,143,2014,23.36,0.7,12.1,101.761,0.2377419039818107,0,0
2014-12-19,6161,378000,3182920,8.56,8.56,8.33,8.36,-0.05,105,2014,23.22,0.69,12.1,101.15599999999999,0.23632845627680582,0,0
2014-12-22,6161,193000,1629950,8.46,8.5,8.36,8.48,0.12,68,2014,23.56,0.7,12.1,102.608,0.23972073076881742,0,0
2014-12-23,6161,242000,2034800,8.45,8.48,8.37,8.45,-0.03,70,2014,23.47,0.7,12.1,102.24499999999999,0.2388726621458145,0,0
2014-12-24,6161,350000,2981270,8.45,8.63,8.41,8.5,0.05,134,2014,23.61,0.7,12.1,102.85,0.24028610985081936,0,0
2014-12-25,6161,185000,1583970,8.5,8.62,8.5,8.52,0.02,65,2014,23.67,0.71,12.1,103.092,0.2408514889328213,0,0
2014-12-26,6161,299000,2581640,8.54,8.75,8.54,8.61,0.09,115,2014,23.92,0.71,12.1,104.18099999999998,0.24339569480182993,0,0
2014-12-29,6161,484000,4237660,8.57,8.88,8.57,8.77,0.09,161,2014,24.36,0.73,12.1,106.11699999999999,0.24791872745784535,0,0
2014-12-30,6161,370000,3260920,8.84,8.9,8.76,8.76,-0.01,135,2014,24.33,0.73,12.1,105.996,0.2476360379168444,0,0
2014-12-31,6161,381000,3360120,8.76,8.9,8.73,8.82,0.06,103,2014,24.5,0.73,12.1,106.722,0.2493321751628502,0,0
2015-01-05,6161,526000,4606650,8.81,8.81,8.7,8.76,-0.06,140,2015,24.33,0.73,12.1,105.996,0.2466722426006007,0,0
2015-01-06,6161,389000,3365960,8.65,8.75,8.61,8.63,-0.13,115,2015,23.97,0.72,12.1,104.423,0.2430115814661169,0,0
2015-01-07,6161,391000,3416850,8.7,8.8,8.68,8.76,0.13,136,2015,24.33,0.73,12.1,105.996,0.2466722426006007,0,0
2015-01-08,6161,478000,4207120,8.8,8.89,8.72,8.72,-0.04,159,2015,24.22,0.72,12.1,105.512,0.24554588532845184,0,0
2015-01-09,6161,696000,6175300,8.83,9.04,8.76,9.03,0.31,202,2015,25.08,0.75,12.1,109.26299999999999,0.2542751541876055,0,0
2015-01-12,6161,1601000,14953690,9.08,9.6,9.03,9.37,0.34,485,2015,26.03,0.78,12.1,113.37699999999998,0.2638491910008708,0,0
2015-01-13,6161,832000,7799630,9.37,9.48,9.3,9.32,-0.05,231,2015,25.89,0.77,12.1,112.772,0.2624412444106848,0,0
2015-01-14,6161,577000,5406240,9.4,9.45,9.25,9.37,0.05,185,2015,26.03,0.78,12.1,113.37699999999998,0.2638491910008708,0,0
2015-01-15,6161,263000,2451830,9.37,9.43,9.27,9.27,-0.1,96,2015,25.75,0.77,12.1,112.16699999999999,0.2610332978204986,0,0
2015-01-16,6161,459000,4198660,9.3,9.33,9.06,9.06,-0.21,148,2015,25.17,0.75,12.1,109.626,0.25511992214171714,0,0
2015-01-19,6161,348000,3155780,9.16,9.3,8.88,8.88,-0.18,131,2015,24.67,0.74,12.1,107.44800000000001,0.25005131441704725,0,0
2015-01-20,6161,369000,3311800,8.96,9.05,8.92,8.99,0.11,129,2015,24.97,0.75,12.1,108.779,0.25314879691545666,0,0
2015-01-21,6161,241000,2182990,9.06,9.11,9.0,9.0,0.01,77,2015,25.0,0.75,12.1,108.89999999999999,0.25343038623349384,0,0
2015-01-22,6161,538000,4929050,9.05,9.3,9.02,9.12,0.12,182,2015,25.33,0.76,12.1,110.35199999999999,0.25680945804994043,0,0
2015-01-23,6161,377000,3474990,9.2,9.29,9.14,9.16,0.04,140,2015,25.44,0.76,12.1,110.836,0.2579358153220893,0,0
2015-01-26,6161,495000,4585900,9.16,9.32,9.16,9.29,0.13,127,2015,25.81,0.77,12.1,112.40899999999999,0.26159647645657313,0,0
2015-01-27,6161,428000,3976010,9.36,9.38,9.21,9.35,0.06,142,2015,25.97,0.78,12.1,113.13499999999999,0.26328601236479643,0,0
2015-01-28,6161,424000,3958770,9.35,9.4,9.24,9.3,-0.05,126,2015,25.83,0.77,12.1,112.53,0.2618780657746103,0,0
2015-01-29,6161,280000,2613160,9.27,9.4,9.26,9.36,0.06,81,2015,26.0,0.78,12.1,113.25599999999999,0.26356760168283355,0,0
2015-01-30,6161,482000,4475460,9.36,9.36,9.2,9.2,-0.16,130,2015,25.56,0.76,12.1,111.32,0.2590621725942382,0,0
2015-02-02,6161,183000,1688860,9.2,9.27,9.16,9.25,0.05,62,2015,25.69,0.77,12.1,111.925,0.2605189243693254,0,0
2015-02-03,6161,164000,1512630,9.29,9.29,9.19,9.2,-0.05,59,2015,25.56,0.76,12.1,111.32,0.25911071396732904,0,0
2015-02-04,6161,175000,1605310,9.29,9.29,9.15,9.15,-0.05,66,2015,25.42,0.76,12.1,110.715,0.2577025035653327,0,0
2015-02-05,6161,317000,2870850,9.13,9.15,9.01,9.02,-0.13,105,2015,25.06,0.75,12.1,109.142,0.2540411565201422,0,0
2015-02-06,6161,179000,1622400,9.02,9.12,9.02,9.12,0.1,59,2015,25.33,0.76,12.1,110.35199999999999,0.2568575773241349,0,0
2015-02-09,6161,245000,2259730,9.29,9.29,9.14,9.18,0.06,97,2015,25.5,0.76,12.1,111.07799999999999,0.2585474298065305,0,0
2015-02-10,6161,514000,4679720,9.2,9.2,9.08,9.13,-0.05,54,2015,25.36,0.76,12.1,110.47300000000001,0.2571392194045342,0,0
2015-02-11,6161,281000,2548250,9.13,9.14,9.02,9.02,-0.11,75,2015,25.06,0.75,12.1,109.142,0.2540411565201422,0,0
2015-02-12,6161,172000,1551010,9.04,9.09,9.0,9.0,-0.02,67,2015,25.0,0.75,12.1,108.89999999999999,0.25347787235934366,0,0
2015-02-13,6161,99000,896670,9.03,9.1,9.03,9.05,0.05,39,2015,25.14,0.75,12.1,109.50500000000001,0.25488608276134,0,0
2015-02-24,6161,189000,1714140,9.19,9.19,9.04,9.04,-0.01,51,2015,25.11,0.75,12.1,109.38399999999999,0.2546044406809407,0,0
2015-02-25,6161,250000,2275810,9.05,9.14,9.05,9.1,0.06,86,2015,25.28,0.75,12.1,110.11,0.25629429316333635,0,0
2015-02-26,6161,1062000,9982480,9.1,9.57,9.1,9.48,0.38,296,2015,26.33,0.79,12.1,114.708,0.26699669221850864,0,0
2015-03-02,6161,1194000,11621910,9.58,9.9,9.55,9.61,0.13,441,2015,26.69,0.8,12.1,116.28099999999999,0.2734965580373145,0,0
2015-03-03,6161,393000,3746340,9.69,9.69,9.49,9.5,-0.11,161,2015,26.39,0.79,12.1,114.95,0.27036600430327656,0,0
2015-03-04,6161,342000,3249730,9.45,9.6,9.43,9.45,-0.05,104,2015,26.25,0.78,12.1,114.34499999999998,0.26894302533325926,0,0
2015-03-05,6161,320000,3026290,9.45,9.52,9.42,9.42,-0.03,83,2015,26.17,0.78,12.1,113.982,0.26808923795124895,0,0
2015-03-06,6161,600000,5621650,9.45,9.52,9.21,9.35,-0.07,178,2015,25.97,0.78,12.1,113.13499999999999,0.2660970673932248,0,0
2015-03-09,6161,336000,3101560,9.3,9.32,9.17,9.32,-0.03,123,2015,25.89,0.77,12.1,112.772,0.2652432800112145,0,0
2015-03-10,6161,349000,3227320,9.3,9.34,9.2,9.34,0.02,102,2015,25.94,0.77,12.1,113.014,0.2658124715992214,0,0
2015-03-11,6161,249000,2304600,9.21,9.35,9.21,9.22,-0.12,100,2015,25.61,0.76,12.1,111.562,0.26239732207118,0,0
2015-03-12,6161,122000,1127450,9.22,9.3,9.22,9.28,0.06,35,2015,25.78,0.77,12.1,112.28799999999998,0.2641048968352006,0,0
2015-03-13,6161,145000,1340970,9.28,9.32,9.2,9.22,-0.06,57,2015,25.61,0.76,12.1,111.562,0.26239732207118,0,0
2015-03-16,6161,207000,1907330,9.18,9.27,9.14,9.2,-0.02,89,2015,25.56,0.76,12.1,111.32,0.2618281304831731,0,0
2015-03-17,6161,193000,1774930,9.22,9.29,9.15,9.16,-0.04,74,2015,25.44,0.76,12.1,110.836,0.2606897473071593,0,0
2015-03-18,6161,220000,2016700,9.27,9.27,9.11,9.11,-0.05,73,2015,25.31,0.76,12.1,110.231,0.2592667683371421,0,0
2015-03-19,6161,249000,2283160,9.11,9.21,9.11,9.13,0.02,73,2015,25.36,0.76,12.1,110.47300000000001,0.259835959925149,0,0
2015-03-20,6161,197000,1799750,9.13,9.2,9.07,9.12,-0.01,66,2015,25.33,0.76,12.1,110.35199999999999,0.2595513641311455,0,0
2015-03-23,6161,237000,2170950,9.13,9.2,9.12,9.15,0.03,95,2015,25.42,0.76,12.1,110.715,0.26040515151315585,0,0
2015-03-24,6161,112000,1025080,9.2,9.2,9.13,9.17,0.02,41,2015,25.47,0.76,12.1,110.957,0.26097434310116274,0,0
2015-03-25,6161,199000,1827040,9.2,9.2,9.15,9.2,0.03,64,2015,25.56,0.76,12.1,111.32,0.2618281304831731,0,0
2015-03-26,6161,121000,1111250,9.2,9.25,9.13,9.16,-0.04,58,2015,25.44,0.76,12.1,110.836,0.2606897473071593,0,0
2015-03-27,6161,425000,3938380,9.2,9.37,9.2,9.23,0.07,158,2015,25.64,0.77,12.1,111.683,0.26268191786518347,0,0
2015-03-30,6161,258000,2357890,9.3,9.33,9.04,9.08,-0.15,110,2015,25.22,0.75,12.1,109.868,0.2584129809551317,0,0
2015-03-31,6161,329000,2982870,9.14,9.15,9.02,9.03,-0.05,98,2015,25.08,0.75,12.1,109.26299999999999,0.25699000198511446,0,0
2015-04-01,6161,578000,5096840,9.01,9.01,8.7,8.82,-0.21,173,2015,24.5,0.73,12.1,106.722,0.25101349031104203,0,0
2015-04-02,6161,278000,2476760,8.82,8.97,8.82,8.94,0.12,76,2015,24.83,0.74,12.1,108.17399999999999,0.2684288966409538,0,0
2015-04-07,6161,254000,2279270,8.96,9.01,8.95,8.98,0.04,61,2015,11.97,0.72,12.1,108.658,0.2696299207869984,0,0
2015-04-08,6161,101000,908490,8.98,9.02,8.98,9.0,0.02,32,2015,12.0,0.72,12.1,108.89999999999999,0.27023043286002063,0,0
2015-04-09,6161,196000,1785810,9.09,9.18,9.02,9.1,0.1,69,2015,12.13,0.73,12.1,110.11,0.273232993225132,0,0
2015-04-10,6161,169000,1521470,9.1,9.18,8.93,9.05,-0.05,66,2015,12.07,0.72,12.1,109.50500000000001,0.2717317130425763,0,0
2015-04-13,6161,138000,1244090,9.0,9.06,8.96,9.06,0.01,59,2015,12.08,0.73,12.1,109.626,0.27203196907908744,0,0
2015-04-14,6161,129000,1162030,9.02,9.05,8.95,9.05,-0.01,45,2015,12.07,0.72,12.1,109.50500000000001,0.2717317130425763,0,0
2015-04-15,6161,87000,783340,9.05,9.05,8.96,8.96,-0.09,39,2015,11.95,0.72,12.1,108.41600000000001,0.2690294087139761,0,0
2015-04-16,6161,135000,1209920,8.97,9.02,8.94,8.94,-0.02,39,2015,11.92,0.72,12.1,108.17399999999999,0.2684288966409538,0,0
2015-04-17,6161,141000,1256710,8.95,9.0,8.73,9.0,0.06,72,2015,12.0,0.72,12.1,108.89999999999999,0.27023043286002063,0,0
2015-04-20,6161,125000,1104980,9.0,9.0,8.83,8.84,-0.16,51,2015,11.79,0.71,12.1,106.964,0.2654263362758425,0,0
2015-04-21,6161,45000,397820,8.87,8.93,8.8,8.8,-0.04,33,2015,11.73,0.7,12.1,106.48,0.26422531212979794,0,0
2015-04-22,6161,185000,1624910,8.81,8.85,8.7,8.72,-0.08,76,2015,11.63,0.7,12.1,105.512,0.2618232638377089,0,0
2015-04-23,6161,195000,1711340,8.73,8.84,8.73,8.75,0.03,62,2015,11.67,0.7,12.1,105.875,0.2627240319472423,0,0
2015-04-24,6161,74000,647270,8.75,8.83,8.74,8.74,-0.01,32,2015,11.65,0.7,12.1,105.754,0.2624237759107311,0,0
2015-04-27,6161,621000,5343720,8.74,8.74,8.5,8.66,-0.08,192,2015,11.55,0.69,12.1,104.786,0.26002172761864206,0,0
2015-04-28,6161,135000,1161570,8.67,8.7,8.56,8.57,-0.09,44,2015,11.43,0.69,12.1,103.697,0.25731942329004187,0,0
2015-04-29,6161,374000,3134670,8.57,8.61,8.3,8.32,-0.25,135,2015,11.09,0.67,12.1,100.672,0.24981302237726352,0,0
2015-04-30,6161,133000,1112540,8.33,8.47,8.33,8.4,0.08,72,2015,11.2,0.67,12.1,101.64,0.2522150706693526,0,0
2015-05-04,6161,136000,1141660,8.41,8.49,8.36,8.36,-0.04,53,2015,11.15,0.67,12.1,101.15599999999999,0.2673575173355802,0,0
2015-05-05,6161,233000,1920760,8.37,8.4,8.0,8.22,-0.14,102,2015,10.96,0.66,12.1,99.462,0.26288023833713753,0,0
2015-05-06,6161,41000,336920,8.28,8.28,8.18,8.19,-0.03,31,2015,10.92,0.66,12.1,99.09899999999999,0.2619208214088998,0,0
2015-05-07,6161,79000,648850,8.28,8.28,8.18,8.18,-0.01,31,2015,10.91,0.65,12.1,98.978,0.2616010157661539,0,0
2015-05-08,6161,75000,616120,8.26,8.26,8.19,8.2,0.02,36,2015,10.93,0.66,12.1,99.21999999999998,0.2622406270516457,0,0
2015-05-11,6161,146000,1186420,8.3,8.3,8.01,8.03,-0.17,65,2015,10.71,0.64,12.1,97.16299999999998,0.2568039311249652,0,0
2015-05-12,6161,106000,843690,8.03,8.04,7.89,7.92,-0.11,70,2015,10.56,0.63,12.1,95.832,0.2532860690547602,0,0
2015-05-13,6161,127000,1011550,7.9,8.03,7.88,8.0,0.08,52,2015,10.67,0.64,12.1,96.8,0.2558445141967275,0,0
2015-05-14,6161,216000,1848960,8.56,8.56,8.56,8.56,0.56,69,2015,11.41,0.69,12.1,103.57600000000001,0.2737536301904985,0,0
2015-05-15,6161,1069000,9587110,9.12,9.12,8.78,8.82,0.26,410,2015,11.76,0.71,12.1,106.722,0.2820685769018921,0,0
2015-05-18,6161,436000,3816960,8.75,8.84,8.7,8.7,-0.12,151,2015,11.6,0.7,12.1,105.26999999999998,0.2782309091889411,0,0
2015-05-19,6161,324000,2825420,8.72,8.78,8.69,8.74,0.04,94,2015,11.65,0.7,12.1,105.754,0.2795101317599248,0,0
2015-05-20,6161,138000,1213370,8.77,8.83,8.75,8.76,0.02,58,2015,11.68,0.7,12.1,105.996,0.2801497430454166,0,0
2015-05-21,6161,234000,2047230,8.72,8.8,8.69,8.72,-0.04,86,2015,11.63,0.7,12.1,105.512,0.278870520474433,0,0
2015-05-22,6161,237000,2074270,8.73,8.8,8.68,8.7,-0.02,96,2015,11.6,0.7,12.1,105.26999999999998,0.2782309091889411,0,0
2015-05-25,6161,40000,347430,8.75,8.75,8.63,8.66,-0.04,23,2015,11.55,0.69,12.1,104.786,0.27695168661795755,0,0
2015-05-26,6161,169000,1478650,8.78,8.79,8.7,8.75,0.09,67,2015,9.72,0.7,12.1,105.875,0.2798299374026707,0,0
2015-05-27,6161,74000,641520,8.75,8.75,8.6,8.63,-0.12,42,2015,9.59,0.69,12.1,104.423,0.2759922696897198,0,0
2015-05-28,6161,72000,625330,8.65,8.72,8.65,8.66,0.03,41,2015,9.62,0.69,12.1,104.786,0.27695168661795755,0,0
2015-05-29,6161,103000,894840,8.67,8.71,8.66,8.7,0.04,52,2015,9.67,0.7,12.1,105.26999999999998,0.2782309091889411,0,0
2015-06-01,6161,99000,858930,8.7,8.73,8.63,8.66,-0.04,46,2015,9.62,0.69,12.1,104.786,0.27695168661795755,0,0
2015-06-02,6161,153000,1330370,8.64,8.73,8.64,8.69,0.03,74,2015,9.66,0.7,12.1,105.14899999999999,0.2901444858778451,0,0
2015-06-03,6161,108000,934160,8.7,8.74,8.57,8.57,-0.12,60,2015,9.52,0.69,12.1,103.697,0.2861378876839048,0,0
2015-06-04,6161,172000,1462140,8.57,8.69,8.38,8.38,-0.19,79,2015,9.31,0.67,12.1,101.39800000000001,0.27979410721016595,0,0
2015-06-05,6161,138000,1152040,8.46,8.46,8.28,8.28,-0.1,58,2015,9.2,0.66,12.1,100.18799999999999,0.2764552753818823,0,0
2015-06-08,6161,118000,962560,8.25,8.3,8.1,8.11,-0.17,49,2015,9.01,0.65,12.1,98.13099999999999,0.2707792612738002,0,0
2015-06-09,6161,268000,2117200,8.02,8.13,7.51,7.51,-0.6,114,2015,8.34,0.6,12.1,90.871,0.2507462703040986,0,0
2015-06-10,6161,325000,2515140,7.64,7.88,7.63,7.87,0.36,81,2015,8.74,0.63,12.1,95.227,0.2627660648859196,0,0
2015-06-11,6161,112000,868140,7.87,7.87,7.68,7.74,-0.13,46,2015,8.6,0.62,12.1,93.654,0.2584255835091509,0,0
2015-06-12,6161,161000,1240230,7.7,7.81,7.66,7.7,-0.04,55,2015,8.56,0.62,12.1,93.17,0.2570900507778374,0,0
2015-06-15,6161,90000,695880,7.7,7.83,7.7,7.71,0.01,40,2015,8.57,0.62,12.1,93.291,0.2574239339606658,0,0
2015-06-16,6161,142000,1092120,7.71,7.76,7.66,7.68,-0.03,42,2015,8.53,0.61,12.1,92.928,0.25642228441218073,0,0
2015-06-17,6161,138000,1068490,7.74,7.78,7.7,7.7,0.02,36,2015,8.56,0.62,12.1,93.17,0.2570900507778374,0,0
2015-06-18,6161,214000,1683790,7.78,7.93,7.78,7.91,0.21,77,2015,8.79,0.63,12.1,95.711,0.264101597617233,0,0
2015-06-22,6161,96000,763810,7.91,8.05,7.91,8.0,0.09,49,2015,8.89,0.64,12.1,96.8,0.26710654626268826,0,0
2015-06-23,6161,80000,643870,8.02,8.14,8.0,8.0,0.0,35,2015,8.89,0.64,12.1,96.8,0.26710654626268826,0,0
2015-06-24,6161,34000,270410,8.0,8.0,7.88,7.88,-0.12,19,2015,8.76,0.63,12.1,95.348,0.2630999480687479,0,0
2015-06-25,6161,83000,655710,7.9,7.97,7.88,7.88,0.0,34,2015,8.76,0.63,12.1,95.348,0.2630999480687479,0,0
2015-06-26,6161,64000,506240,7.9,7.97,7.88,7.88,0.0,28,2015,8.76,0.63,12.1,95.348,0.2630999480687479,0,0
2015-06-29,6161,48000,375820,7.88,7.88,7.8,7.8,-0.08,19,2015,8.67,0.62,12.1,94.38,0.26042888260612107,0,0
2015-06-30,6161,63000,494060,7.7,7.98,7.7,7.81,0.01,27,2015,8.68,0.62,12.1,94.50099999999999,0.26076276578894936,0,0
2015-07-01,6161,63000,498220,7.82,7.94,7.82,7.94,0.13,31,2015,8.82,0.64,12.1,96.074,0.2651032471657181,0,0
2015-07-02,6161,58000,459930,7.91,7.99,7.91,7.91,-0.03,32,2015,8.79,0.63,12.1,95.711,0.27184909990513356,0,0
2015-07-03,6161,49000,385500,7.9,7.9,7.84,7.85,-0.06,27,2015,8.72,0.63,12.1,94.985,0.2697870334077495,0,0
2015-07-06,6161,45000,352170,7.83,7.85,7.81,7.81,-0.04,17,2015,8.68,0.62,12.1,94.50099999999999,0.2684123224094934,0,0
2015-07-07,6161,106000,834040,7.94,7.95,7.8,7.8,-0.01,42,2015,8.67,0.62,12.1,94.38,0.26806864465992947,0,0
2015-07-08,6161,308000,2294790,7.82,7.82,7.31,7.32,-0.48,138,2015,8.13,0.59,12.1,88.572,0.2515721126808569,0,0
2015-07-09,6161,182000,1321950,7.25,7.32,7.18,7.32,0.0,63,2015,8.13,0.59,12.1,88.572,0.2515721126808569,0,0
2015-07-13,6161,124000,913310,7.34,7.47,7.34,7.38,0.06,43,2015,8.2,0.59,12.1,89.298,0.25363417917824094,0,0
2015-07-14,6161,80000,598410,7.48,7.51,7.44,7.44,0.06,36,2015,8.27,0.6,12.1,90.024,0.255696245675625,0,0
2015-07-15,6161,74000,545890,7.44,7.48,7.31,7.38,-0.06,42,2015,8.2,0.59,12.1,89.298,0.25363417917824094,0,0
2015-07-16,6161,85000,625050,7.35,7.37,7.3,7.33,-0.05,34,2015,8.14,0.59,12.1,88.693,0.2519157904304209,0,0
2015-07-17,6161,57000,416040,7.3,7.35,7.27,7.28,-0.05,27,2015,8.09,0.58,12.1,88.088,0.2501974016826008,0,0
2015-07-20,6161,64000,465940,7.45,7.45,7.25,7.25,-0.03,21,2015,8.06,0.58,12.1,87.725,0.24916636843390877,0,0
2015-07-21,6161,68000,493520,7.26,7.28,7.24,7.24,-0.01,26,2015,8.04,0.58,12.1,87.604,0.24882269068434476,0,0
2015-07-22,6161,59000,424680,7.18,7.26,7.14,7.26,0.02,25,2015,8.07,0.58,12.1,87.84599999999999,0.24951004618347275,0,0
2015-07-23,6161,141000,1012850,7.16,7.25,7.14,7.22,-0.04,45,2015,8.02,0.58,12.1,87.362,0.24813533518521674,0,0
2015-07-24,6161,70000,508730,7.57,7.66,7.2,7.28,0.06,35,2015,8.09,0.58,12.1,88.088,0.2501974016826008,0,0
2015-07-27,6161,204000,1427910,7.11,7.23,6.7,7.23,-0.05,75,2015,8.03,0.58,12.1,87.483,0.24847901293478075,0,0
2015-07-28,6161,136000,960750,6.98,7.2,6.84,7.2,-0.03,56,2015,8.0,0.58,12.1,87.12,0.24744797968608873,0,0
2015-07-29,6161,194000,1371890,7.09,7.12,7.02,7.04,-0.16,48,2015,7.82,0.56,12.1,85.184,0.24194913569306453,0,0
2015-07-30,6161,83000,584830,7.02,7.09,7.02,7.04,0.0,34,2015,7.82,0.56,12.1,85.184,0.24194913569306453,0,0
2015-07-31,6161,87000,610660,7.07,7.07,6.98,7.05,0.01,33,2015,7.83,0.56,12.1,85.30499999999999,0.2422928134426285,0,0
2015-08-03,6161,78000,540850,7.0,7.04,6.85,6.85,-0.2,29,2015,7.61,0.55,12.1,82.88499999999999,0.24885854140101185,0,0
2015-08-04,6161,115000,795770,6.97,6.98,6.8,6.8,-0.05,58,2015,7.56,0.54,12.1,82.28,0.24704205569735488,0,0
2015-08-05,6161,77000,526950,6.8,6.94,6.8,6.85,0.05,40,2015,7.61,0.55,12.1,82.88499999999999,0.24885854140101185,0,0
2015-08-06,6161,228000,1563570,6.87,7.17,6.8,6.82,-0.03,61,2015,7.58,0.55,12.1,82.522,0.24776864997881767,0,0
2015-08-07,6161,212000,1444570,6.83,6.85,6.77,6.82,0.0,83,2015,7.58,0.55,12.1,82.522,0.24776864997881767,0,0
2015-08-10,6161,208000,1314930,6.41,6.41,6.2,6.32,0.0,81,2015,7.02,0.51,12.1,76.472,0.22960379294224748,0,0
2015-08-11,6161,197000,1258900,6.38,6.46,6.37,6.37,0.05,54,2015,7.08,0.51,12.1,77.077,0.23142027864590448,0,0
2015-08-12,6161,72000,454100,6.44,6.44,6.28,6.3,-0.07,37,2015,7.0,0.5,12.1,76.22999999999999,0.22887719866078463,0,0
2015-08-13,6161,50000,319150,6.39,6.42,6.32,6.41,0.11,30,2015,7.12,0.51,12.1,77.56099999999999,0.23287346720883007,0,0
2015-08-14,6161,93000,590750,6.43,6.43,6.3,6.39,-0.02,45,2015,7.1,0.51,12.1,77.31899999999999,0.23214687292736727,0,0
2015-08-17,6161,160000,1023450,6.42,6.42,6.33,6.33,-0.06,33,2015,7.03,0.51,12.1,76.593,0.22996709008297886,0,0
2015-08-18,6161,114000,725300,6.38,6.4,6.32,6.32,-0.01,37,2015,7.02,0.51,12.1,76.472,0.22960379294224748,0,0
2015-08-19,6161,167000,1049020,6.4,6.4,6.18,6.3,-0.02,47,2015,7.0,0.5,12.1,76.22999999999999,0.22887719866078463,0,0
2015-08-20,6161,93000,575580,6.28,6.28,6.15,6.19,-0.11,37,2015,7.03,0.51,12.1,74.899,0.2248809301127392,0,0
2015-08-21,6161,159000,963120,6.17,6.17,5.96,6.05,-0.14,58,2015,6.88,0.5,12.1,73.205,0.21979477014249954,0,0
2015-08-24,6161,400000,2192990,5.63,5.74,5.45,5.74,-0.31,96,2015,6.52,0.47,12.1,69.454,0.208532558779826,0,0
2015-08-25,6161,162000,914190,5.35,5.71,5.35,5.7,-0.04,35,2015,6.48,0.47,12.1,68.97,0.2070793702169004,0,0
2015-08-26,6161,179000,1015070,5.69,5.76,5.57,5.71,0.01,27,2015,6.49,0.47,12.1,69.091,0.20744266735763178,0,0
2015-08-27,6161,197000,1153450,5.74,5.97,5.74,5.97,0.26,77,2015,6.78,0.49,12.1,72.237,0.2168883930166483,0,0
2015-08-28,6161,204000,1250440,6.06,6.21,6.05,6.17,0.2,65,2015,7.01,0.51,12.1,74.657,0.2241543358312764,0,0
2015-08-31,6161,28000,170960,6.15,6.15,6.01,6.15,-0.02,15,2015,6.99,0.51,12.1,74.415,0.22342774154981362,0,0
2015-09-01,6161,39000,238040,6.09,6.15,6.06,6.15,0.0,15,2015,6.99,0.51,12.1,74.415,0.22342774154981362,0,0
2015-09-02,6161,143000,865930,6.05,6.14,6.04,6.05,-0.1,41,2015,6.88,0.5,12.1,73.205,0.22694594405234528,0,0
2015-09-03,6161,318000,1997990,6.14,6.4,6.12,6.39,0.34,88,2015,7.26,0.53,12.1,77.31899999999999,0.23969993099082415,0,0
2015-09-04,6161,128000,823130,6.39,6.53,6.35,6.35,-0.04,48,2015,7.22,0.52,12.1,76.835,0.2381994619392384,0,0
2015-09-07,6161,184000,1172610,6.35,6.42,6.35,6.38,0.03,28,2015,7.25,0.53,12.1,77.198,0.23932481372792772,0,0
2015-09-08,6161,27000,171780,6.27,6.43,6.27,6.39,0.01,17,2015,7.26,0.53,12.1,77.31899999999999,0.23969993099082415,0,0
2015-09-09,6161,103000,664160,6.4,6.54,6.4,6.45,0.06,45,2015,7.33,0.53,12.1,78.045,0.24195063456820282,0,0
2015-09-10,6161,88000,562260,6.44,6.44,6.35,6.36,-0.09,31,2015,7.23,0.52,12.1,76.956,0.23857457920213487,0,0
2015-09-11,6161,122000,783790,6.42,6.45,6.4,6.41,0.05,34,2015,7.28,0.53,12.1,77.56099999999999,0.24045016551661705,0,0
2015-09-14,6161,93000,596750,6.45,6.54,6.31,6.43,0.02,28,2015,7.31,0.53,12.1,77.803,0.24120040004240995,0,0
2015-09-15,6161,28000,178250,6.41,6.41,6.35,6.4,-0.03,19,2015,7.27,0.53,12.1,77.44,0.24007504825372064,0,0
2015-09-16,6161,93000,596070,6.4,6.44,6.36,6.4,0.0,24,2015,7.27,0.53,12.1,77.44,0.24007504825372064,0,0
2015-09-17,6161,104000,669540,6.45,6.48,6.41,6.46,0.06,36,2015,7.34,0.53,12.1,78.166,0.24232575183109928,0,0
2015-09-18,6161,191000,1249140,6.46,6.7,6.42,6.58,0.12,58,2015,7.48,0.54,12.1,79.618,0.24682715898585653,0,0
2015-09-21,6161,43000,277600,6.46,6.51,6.41,6.45,-0.13,21,2015,7.33,0.53,12.1,78.045,0.24195063456820282,0,0
2015-09-22,6161,67000,432380,6.45,6.48,6.43,6.48,0.03,26,2015,7.36,0.53,12.1,78.408,0.24307598635689215,0,0
2015-09-23,6161,38000,240740,6.37,6.37,6.3,6.3,-0.18,18,2015,7.16,0.52,12.1,76.22999999999999,0.2363238756247562,0,0
2015-09-24,6161,21000,133220,6.3,6.4,6.3,6.4,0.1,9,2015,7.27,0.53,12.1,77.44,0.24007504825372064,0,0
2015-09-25,6161,10000,63330,6.27,6.37,6.27,6.36,-0.04,7,2015,7.23,0.52,12.1,76.956,0.23857457920213487,0,0
2015-09-30,6161,131000,832910,6.36,6.37,6.31,6.36,0.0,8,2015,7.23,0.52,12.1,76.956,0.23857457920213487,0,0
2015-10-01,6161,68000,434610,6.36,6.44,6.36,6.43,0.07,28,2015,7.31,0.53,12.1,77.803,0.24120040004240995,0,0
2015-10-02,6161,57000,364470,6.4,6.45,6.36,6.36,-0.07,21,2015,7.23,0.52,12.1,76.956,0.2402760570697786,0,0
2015-10-05,6161,58000,371820,6.45,6.46,6.38,6.45,0.09,23,2015,7.33,0.53,12.1,78.045,0.2436761899528415,0,0
2015-10-06,6161,74000,479940,6.51,6.53,6.44,6.44,-0.01,25,2015,7.32,0.53,12.1,77.924,0.243298397410279,0,0
2015-10-07,6161,65000,422390,6.44,6.55,6.44,6.51,0.07,34,2015,7.4,0.54,12.1,78.771,0.24594294520821677,0,0
2015-10-08,6161,69000,449590,6.57,6.57,6.42,6.54,0.03,25,2015,7.43,0.54,12.1,79.134,0.24707632283590442,0,0
2015-10-12,6161,99000,654180,6.59,6.67,6.57,6.64,0.1,44,2015,7.55,0.55,12.1,80.344,0.25085424826152986,0,0
2015-10-13,6161,159000,1076660,6.57,6.9,6.57,6.81,0.17,66,2015,7.74,0.56,12.1,82.401,0.2572767214850931,0,0
2015-10-14,6161,236000,1642510,6.8,7.04,6.8,6.91,0.1,96,2015,7.85,0.57,12.1,83.611,0.26105464691071856,0,0
2015-10-15,6161,93000,648390,6.98,7.07,6.91,6.92,0.01,48,2015,7.86,0.57,12.1,83.732,0.2614324394532811,0,0
2015-10-16,6161,97000,672750,6.99,7.02,6.86,6.9,-0.02,40,2015,7.84,0.57,12.1,83.49,0.260676854368156,0,0
2015-10-19,6161,17000,117360,6.96,6.96,6.87,6.95,0.05,7,2015,7.9,0.57,12.1,84.095,0.26256581708096877,0,0
2015-10-20,6161,30000,208710,6.95,6.98,6.92,6.92,-0.03,16,2015,7.86,0.57,12.1,83.732,0.2614324394532811,0,0
2015-10-21,6161,46000,318460,6.92,6.96,6.9,6.92,0.0,19,2015,7.86,0.57,12.1,83.732,0.2614324394532811,0,0
2015-10-22,6161,26000,180440,6.96,6.97,6.91,6.97,0.05,12,2015,7.92,0.58,12.1,84.33699999999999,0.2633214021660938,0,0
2015-10-23,6161,154000,1072060,7.0,7.04,6.91,6.95,-0.02,51,2015,7.9,0.57,12.1,84.095,0.26256581708096877,0,0
2015-10-26,6161,85000,593280,7.0,7.03,6.95,6.95,0.0,33,2015,7.9,0.57,12.1,84.095,0.26256581708096877,0,0
2015-10-27,6161,50000,348420,6.99,7.01,6.9,6.96,0.01,17,2015,7.91,0.57,12.1,84.216,0.26294360962353125,0,0
2015-10-28,6161,66000,458730,6.9,6.99,6.9,6.97,0.01,29,2015,7.92,0.58,12.1,84.33699999999999,0.2633214021660938,0,0
2015-10-29,6161,91000,631690,6.99,7.02,6.88,6.88,-0.09,36,2015,7.82,0.57,12.1,83.24799999999999,0.2599212692830309,0,0
2015-10-30,6161,63000,429480,6.84,6.92,6.78,6.81,-0.07,31,2015,7.74,0.56,12.1,82.401,0.2572767214850931,0,0
2015-11-02,6161,11000,75180,6.84,6.84,6.82,6.82,0.01,5,2015,7.75,0.56,12.1,82.522,0.26341485525461916,0,0
2015-11-03,6161,49000,336610,6.98,6.98,6.83,6.86,0.04,22,2015,7.8,0.57,12.1,83.006,0.26495981041740285,0,0
2015-11-04,6161,63000,437540,6.86,7.0,6.86,6.99,0.13,36,2015,7.94,0.58,12.1,84.579,0.2699809146964498,0,0
2015-11-05,6161,59000,408830,7.0,7.0,6.91,6.97,-0.02,30,2015,7.92,0.58,12.1,84.33699999999999,0.26920843711505793,0,0
2015-11-06,6161,91000,623800,6.97,6.97,6.76,6.76,-0.21,44,2015,7.68,0.56,12.1,81.79599999999999,0.26109742251044354,0,0
2015-11-09,6161,58000,392920,6.9,6.9,6.75,6.76,0.0,24,2015,7.68,0.56,12.1,81.79599999999999,0.26109742251044354,0,0
2015-11-10,6161,41000,274800,6.76,6.76,6.66,6.76,0.0,19,2015,7.68,0.56,12.1,81.79599999999999,0.26109742251044354,0,0
2015-11-11,6161,44000,294950,6.68,6.77,6.65,6.65,-0.11,20,2015,7.56,0.55,12.1,80.465,0.25684879581278847,0,0
2015-11-12,6161,597000,4338290,7.05,7.31,7.01,7.31,0.66,165,2015,8.31,0.6,12.1,88.451,0.2823405559987193,0,0
2015-11-13,6161,624000,4492870,7.16,7.3,7.11,7.15,-0.16,202,2015,8.13,0.59,12.1,86.515,0.27616073534758456,0,0
2015-11-16,6161,391000,2814960,7.03,7.4,7.03,7.25,0.1,150,2015,8.24,0.6,12.1,87.725,0.2800231232545438,0,0
2015-11-17,6161,219000,1597630,7.3,7.36,7.21,7.22,-0.03,73,2015,8.2,0.6,12.1,87.362,0.27886440688245606,0,0
2015-11-18,6161,137000,998600,7.28,7.35,7.26,7.3,0.08,54,2015,8.3,0.6,12.1,88.33,0.28195431720802344,0,0
2015-11-19,6161,174000,1274540,7.35,7.38,7.28,7.34,0.04,57,2015,8.34,0.61,12.1,88.814,0.2834992723708071,0,0
2015-11-20,6161,253000,1871430,7.35,7.49,7.33,7.35,0.01,86,2015,8.35,0.61,12.1,88.93499999999999,0.283885511161503,0,0
2015-11-23,6161,239000,1797690,7.49,7.64,7.46,7.46,0.11,93,2015,9.82,0.58,12.1,90.26599999999999,0.28813413785915815,0,0
2015-11-24,6161,102000,752980,7.46,7.53,7.35,7.36,-0.1,26,2015,9.68,0.57,12.1,89.056,0.28427174995219895,0,0
2015-11-25,6161,358000,2580230,7.23,7.45,7.15,7.21,-0.15,120,2015,9.49,0.56,12.1,87.241,0.2784781680917601,0,0
2015-11-26,6161,247000,1782620,7.27,7.29,7.18,7.21,0.0,74,2015,9.49,0.56,12.1,87.241,0.2784781680917601,0,0
2015-11-27,6161,109000,787310,7.19,7.28,7.19,7.2,-0.01,48,2015,9.47,0.56,12.1,87.12,0.2780919293010642,0,0
2015-11-30,6161,85000,605030,7.16,7.17,7.09,7.09,-0.11,36,2015,9.33,0.55,12.1,85.789,0.27384330260340906,0,0
2015-12-01,6161,117000,832650,7.09,7.18,7.09,7.15,0.06,37,2015,9.41,0.56,12.1,86.515,0.27616073534758456,0,0
2015-12-02,6161,62000,444980,7.17,7.21,7.15,7.19,0.04,22,2015,9.46,0.56,12.1,86.999,0.2945920073899424,0,0
2015-12-03,6161,118000,850610,7.19,7.24,7.17,7.24,0.05,32,2015,9.53,0.56,12.1,87.604,0.2966406305289545,0,0
2015-12-04,6161,269000,1940700,7.2,7.24,7.18,7.19,-0.05,49,2015,9.46,0.56,12.1,86.999,0.2945920073899424,0,0
2015-12-07,6161,62000,452390,7.27,7.39,7.23,7.23,0.04,29,2015,9.51,0.56,12.1,87.483,0.2962309059011521,0,0
2015-12-08,6161,179000,1303450,7.34,7.35,7.18,7.18,-0.05,46,2015,9.45,0.56,12.1,86.878,0.29418228276214,0,0
2015-12-09,6161,80000,570250,7.18,7.2,7.08,7.1,-0.08,36,2015,9.34,0.55,12.1,85.91,0.29090448573972055,0,0
2015-12-10,6161,202000,1405910,7.1,7.1,6.89,6.89,-0.21,72,2015,9.07,0.54,12.1,83.369,0.2823002685558697,0,0
2015-12-11,6161,167000,1145300,6.91,6.93,6.81,6.81,-0.08,56,2015,8.96,0.53,12.1,82.401,0.2790224715334503,0,0
2015-12-14,6161,116000,785990,6.71,6.94,6.71,6.8,-0.01,46,2015,8.95,0.53,12.1,82.28,0.27861274690564786,0,0
2015-12-15,6161,74000,508000,6.83,6.91,6.83,6.85,0.05,31,2015,9.01,0.53,12.1,82.88499999999999,0.28066137004465996,0,0
2015-12-16,6161,54000,373880,6.9,6.99,6.89,6.97,0.12,25,2015,9.17,0.54,12.1,84.33699999999999,0.285578065578289,0,0
2015-12-17,6161,67000,467390,6.98,7.1,6.94,6.97,0.0,25,2015,9.17,0.54,12.1,84.33699999999999,0.285578065578289,0,0
2015-12-18,6161,94000,656390,6.98,7.01,6.95,6.97,0.0,20,2015,9.17,0.54,12.1,84.33699999999999,0.285578065578289,0,0
2015-12-21,6161,55000,385560,6.94,7.1,6.93,7.06,0.09,25,2015,9.29,0.55,12.1,85.42599999999999,0.2892655872285108,0,0
2015-12-22,6161,49000,346350,7.07,7.09,7.06,7.07,0.01,20,2015,9.3,0.55,12.1,85.547,0.2896753118563133,0,0
2015-12-23,6161,18000,127780,7.12,7.13,7.05,7.06,-0.01,13,2015,9.29,0.55,12.1,85.42599999999999,0.2892655872285108,0,0
2015-12-24,6161,32000,225700,7.17,7.17,7.03,7.05,-0.01,15,2015,9.28,0.55,12.1,85.30499999999999,0.2888558626007084,0,0
2015-12-25,6161,39000,277420,7.13,7.14,7.06,7.1,0.05,14,2015,9.34,0.55,12.1,85.91,0.29090448573972055,0,0
2015-12-28,6161,54000,379400,7.11,7.11,7.0,7.06,-0.04,21,2015,9.29,0.55,12.1,85.42599999999999,0.2892655872285108,0,0
2015-12-29,6161,302000,2118280,7.0,7.11,7.0,7.1,0.04,34,2015,9.34,0.55,12.1,85.91,0.29090448573972055,0,0
2015-12-30,6161,125000,885930,7.09,7.14,7.02,7.1,0.0,26,2015,9.34,0.55,12.1,85.91,0.29090448573972055,0,0
2015-12-31,6161,26000,183700,7.1,7.1,7.03,7.1,0.0,15,2015,9.34,0.55,12.1,85.91,0.29090448573972055,0,0
2016-01-04,6161,36000,252640,7.1,7.1,6.98,7.04,-0.06,17,2016,9.26,0.55,12.1,85.184,0.31439776720894475,0,0
2016-01-05,6161,8000,55940,7.04,7.04,6.95,6.95,-0.09,4,2016,9.14,0.54,12.1,84.095,0.3103784775713304,0,0
2016-01-06,6161,562000,3899960,6.95,7.08,6.9,6.95,0.0,92,2016,9.14,0.54,12.1,84.095,0.3103784775713304,0,0
2016-01-07,6161,110000,743580,6.85,6.85,6.63,6.7,-0.25,32,2016,8.82,0.52,12.1,81.07,0.29921378413351274,0,0
2016-01-08,6161,66000,450500,6.7,6.9,6.7,6.88,0.18,23,2016,9.05,0.53,12.1,83.24799999999999,0.3072523634087414,0,0
2016-01-11,6161,58000,389840,6.71,6.8,6.7,6.77,-0.11,27,2016,8.91,0.53,12.1,81.91699999999999,0.30233989829610164,0,0
2016-01-12,6161,34000,228910,6.83,6.83,6.7,6.7,-0.07,16,2016,8.82,0.52,12.1,81.07,0.29921378413351274,0,0
2016-01-13,6161,58000,395690,6.79,6.9,6.75,6.83,0.13,26,2016,8.99,0.53,12.1,82.643,0.30501942472117793,0,0
2016-01-14,6161,42000,275930,6.5,6.77,6.5,6.72,-0.11,18,2016,8.84,0.52,12.1,81.312,0.30010695960853817,0,0
2016-01-15,6161,82000,548270,6.7,6.79,6.64,6.66,-0.06,27,2016,8.76,0.52,12.1,80.586,0.29742743318346193,0,0
2016-01-18,6161,67000,442680,6.59,6.75,6.51,6.62,-0.04,31,2016,8.71,0.51,12.1,80.102,0.2956410822334111,0,0
2016-01-19,6161,131000,872570,6.61,6.8,6.61,6.78,0.16,31,2016,8.92,0.53,12.1,82.038,0.3027864860336144,0,0
2016-01-20,6161,22000,147750,6.67,6.86,6.67,6.71,-0.07,13,2016,8.83,0.52,12.1,81.191,0.29966037187102545,0,0
2016-01-21,6161,29000,197800,6.83,7.05,6.76,6.76,0.05,10,2016,8.89,0.53,12.1,81.79599999999999,0.3018933105585889,0,0
2016-01-22,6161,69000,465650,6.73,6.88,6.71,6.77,0.01,19,2016,8.91,0.53,12.1,81.91699999999999,0.30233989829610164,0,0
2016-01-25,6161,9000,61970,6.85,6.95,6.84,6.84,0.07,6,2016,9.0,0.53,12.1,82.764,0.30546601245869065,0,0
2016-01-26,6161,23000,157130,6.84,6.9,6.8,6.81,-0.03,8,2016,8.96,0.53,12.1,82.401,0.3041262492461525,0,0
2016-01-27,6161,23000,155410,6.81,6.81,6.73,6.74,-0.07,10,2016,8.87,0.52,12.1,81.554,0.3010001350835636,0,0
2016-01-28,6161,32000,217830,6.83,6.83,6.76,6.76,0.02,11,2016,8.89,0.53,12.1,81.79599999999999,0.3018933105585889,0,0
2016-01-29,6161,80000,544910,6.79,6.85,6.75,6.85,0.09,27,2016,9.01,0.53,12.1,82.88499999999999,0.3059126001962033,0,0
2016-02-01,6161,27000,184940,6.88,6.88,6.79,6.87,-0.01,11,2016,9.04,0.53,12.1,83.127,0.30680577567122874,0,0
2016-02-02,6161,36000,246640,6.87,6.87,6.83,6.84,-0.03,8,2016,9.0,0.53,12.1,82.764,0.3365413548509872,0,0
2016-02-03,6161,55000,372860,6.8,6.87,6.77,6.77,-0.07,22,2016,8.91,0.53,12.1,81.91699999999999,0.33309721817853555,0,0
2016-02-15,6161,195000,1323000,6.77,6.9,6.74,6.78,0.01,84,2016,8.92,0.53,12.1,82.038,0.33358923770317156,0,0
2016-02-16,6161,116000,787240,6.79,6.83,6.74,6.83,0.05,34,2016,8.99,0.53,12.1,82.643,0.3360493353263513,0,0
2016-02-17,6161,26000,177350,6.82,6.85,6.81,6.85,0.02,18,2016,9.01,0.53,12.1,82.88499999999999,0.3370333743756231,0,0
2016-02-18,6161,25000,171530,6.85,7.02,6.8,6.9,0.05,13,2016,9.08,0.54,12.1,83.49,0.33949347199880286,0,0
2016-02-19,6161,121000,824940,6.83,6.93,6.79,6.8,-0.1,31,2016,8.95,0.53,12.1,82.28,0.3345732767524434,0,0
2016-02-22,6161,54000,370320,6.9,6.9,6.81,6.87,0.07,25,2016,9.04,0.53,12.1,83.127,0.33801741342489505,0,0
2016-02-23,6161,256000,1750230,6.87,6.89,6.8,6.86,-0.01,56,2016,9.03,0.53,12.1,83.006,0.3375253939002591,0,0
2016-02-24,6161,58000,397170,6.85,6.86,6.83,6.86,0.0,17,2016,9.03,0.53,12.1,83.006,0.3375253939002591,0,0
2016-02-25,6161,33000,226600,6.86,6.88,6.86,6.87,0.01,9,2016,9.04,0.53,12.1,83.127,0.33801741342489505,0,0
2016-02-26,6161,90000,612170,6.81,6.86,6.78,6.85,-0.02,32,2016,9.01,0.53,12.1,82.88499999999999,0.3370333743756231,0,0
2016-03-01,6161,118000,804790,6.8,6.87,6.8,6.83,-0.02,29,2016,8.99,0.53,12.1,82.643,0.3360493353263513,0,0
2016-03-02,6161,126000,873250,6.85,6.98,6.85,6.9,0.07,38,2016,9.08,0.54,12.1,83.49,0.36137600764564115,0,0
2016-03-03,6161,98000,679070,6.91,6.96,6.91,6.95,0.05,36,2016,9.14,0.54,12.1,84.095,0.363994674367711,0,0
2016-03-04,6161,217000,1546080,6.98,7.28,6.95,7.17,0.22,91,2016,9.43,0.56,12.1,86.75699999999999,0.37551680794481834,0,0
2016-03-07,6161,284000,2047020,7.17,7.27,7.15,7.24,0.07,61,2016,9.53,0.56,12.1,87.604,0.37918294135571623,0,0
2016-03-08,6161,174000,1242810,7.23,7.23,7.05,7.1,-0.14,52,2016,9.34,0.55,12.1,85.91,0.3718506745339206,0,0
2016-03-09,6161,100000,703900,7.09,7.18,7.0,7.09,-0.01,46,2016,9.33,0.55,12.1,85.789,0.37132694118950665,0,0
2016-03-10,6161,104000,732410,7.06,7.13,7.01,7.13,0.04,46,2016,9.38,0.55,12.1,86.273,0.3734218745671625,0,0
2016-03-11,6161,146000,1027210,7.1,7.1,6.96,7.05,-0.08,56,2016,9.28,0.55,12.1,85.30499999999999,0.36923200781185067,0,0
2016-03-14,6161,261000,1865770,7.06,7.27,7.06,7.25,0.2,92,2016,9.54,0.56,12.1,87.725,0.3797066747001302,0,0
2016-03-15,6161,155000,1098850,7.25,7.25,6.99,7.12,-0.13,40,2016,9.37,0.55,12.1,86.152,0.37289814122274856,0,0
2016-03-16,6161,32000,226160,7.06,7.1,7.06,7.06,-0.06,18,2016,9.29,0.55,12.1,85.42599999999999,0.36975574115626464,0,0
2016-03-17,6161,105000,744360,7.08,7.15,7.05,7.07,0.01,44,2016,9.3,0.55,12.1,85.547,0.37027947450067866,0,0
2016-03-18,6161,90000,636980,7.1,7.18,7.02,7.12,0.05,40,2016,9.37,0.55,12.1,86.152,0.37289814122274856,0,0
2016-03-21,6161,77000,545850,7.07,7.13,7.06,7.13,0.01,21,2016,9.38,0.55,12.1,86.273,0.3734218745671625,0,0
2016-03-22,6161,40000,283300,7.13,7.13,7.06,7.06,-0.07,21,2016,9.29,0.55,12.1,85.42599999999999,0.36975574115626464,0,0
2016-03-23,6161,214000,1540550,7.06,7.35,7.06,7.2,0.14,94,2016,9.47,0.56,12.1,87.12,0.37708800797806036,0,0
2016-03-24,6161,555000,3867440,7.1,7.1,6.88,6.95,-0.25,160,2016,9.14,0.54,12.1,84.095,0.363994674367711,0,0
2016-03-25,6161,116000,801230,6.91,6.95,6.88,6.9,-0.05,51,2016,9.08,0.54,12.1,83.49,0.36137600764564115,0,0
2016-03-28,6161,72000,495120,6.88,7.03,6.85,6.86,-0.04,23,2016,9.03,0.53,12.1,83.006,0.3592810742679853,0,0
2016-03-29,6161,136000,916700,6.76,6.95,6.67,6.68,-0.18,52,2016,8.79,0.52,12.1,80.82799999999999,0.3498538740685337,0,0
2016-03-30,6161,115000,768110,6.68,6.76,6.67,6.76,0.08,51,2016,8.89,0.53,12.1,81.79599999999999,0.3540437408238455,0,0
2016-03-31,6161,49000,333690,7.0,7.0,6.72,6.77,0.01,21,2016,8.91,0.53,12.1,81.91699999999999,0.35456747416825946,0,0
2016-04-01,6161,90000,601110,6.62,6.7,6.62,6.7,-0.07,32,2016,8.82,0.52,12.1,81.07,0.3509013407573616,0,0
2016-04-06,6161,100000,662010,6.71,6.71,6.59,6.6,-0.1,40,2016,8.68,0.51,12.1,79.86,0.37297104173623485,0,0
2016-04-07,6161,64000,423150,6.62,6.65,6.6,6.61,0.01,18,2016,8.7,0.51,12.1,79.981,0.3735361493752291,0,0
2016-04-08,6161,45000,296530,6.61,6.64,6.57,6.63,0.02,26,2016,19.5,0.53,12.1,80.223,0.37466636465321773,0,0
2016-04-11,6161,47000,310970,6.63,6.66,6.56,6.63,0.0,11,2016,19.5,0.53,12.1,80.223,0.37466636465321773,0,0
2016-04-12,6161,113000,747550,6.6,6.76,6.53,6.64,0.01,37,2016,19.53,0.54,12.1,80.344,0.37523147229221204,0,0
2016-04-13,6161,70000,464410,6.64,6.68,6.6,6.64,0.0,17,2016,19.53,0.54,12.1,80.344,0.37523147229221204,0,0
2016-04-14,6161,25000,165100,6.6,6.65,6.6,6.65,0.01,11,2016,19.56,0.54,12.1,80.465,0.3757965799312063,0,0
2016-04-15,6161,13000,86450,6.65,6.65,6.65,6.65,0.0,6,2016,19.56,0.54,12.1,80.465,0.3757965799312063,0,0
2016-04-18,6161,160000,1064060,6.7,6.7,6.6,6.65,0.0,30,2016,19.56,0.54,12.1,80.465,0.3757965799312063,0,0
2016-04-19,6161,34000,226000,6.65,6.65,6.62,6.64,-0.01,9,2016,19.53,0.54,12.1,80.344,0.37523147229221204,0,0
2016-04-20,6161,30000,198300,6.64,6.65,6.57,6.61,-0.03,14,2016,19.44,0.53,12.1,79.981,0.3735361493752291,0,0
2016-04-21,6161,25000,165120,6.61,6.66,6.57,6.62,0.01,12,2016,19.47,0.53,12.1,80.102,0.3741012570142234,0,0
2016-04-22,6161,32000,210360,6.55,6.63,6.55,6.61,-0.01,16,2016,19.44,0.53,12.1,79.981,0.3735361493752291,0,0
2016-04-25,6161,57000,374250,6.55,6.61,6.53,6.55,-0.06,19,2016,19.26,0.53,12.1,79.255,0.37014550354126335,0,0
2016-04-26,6161,28000,183410,6.54,6.57,6.54,6.57,0.02,11,2016,19.32,0.53,12.1,79.497,0.371275718819252,0,0
2016-04-27,6161,17000,112060,6.59,6.6,6.55,6.55,-0.02,7,2016,19.26,0.53,12.1,79.255,0.37014550354126335,0,0
2016-04-28,6161,27000,174970,6.37,6.52,6.37,6.45,-0.1,12,2016,18.97,0.52,12.1,78.045,0.3644944271513204,0,0
2016-04-29,6161,46000,293200,6.36,6.48,6.31,6.37,-0.08,19,2016,18.74,0.51,12.1,77.077,0.35997356603936603,0,0
2016-05-03,6161,47000,298620,6.37,6.42,6.3,6.42,0.05,14,2016,18.88,0.52,12.1,77.682,0.39986225491180144,0,0
2016-05-04,6161,21000,132710,6.23,6.36,6.23,6.36,-0.06,10,2016,18.71,0.51,12.1,76.956,0.396125224492065,0,0
2016-05-05,6161,24000,150450,6.38,6.38,6.2,6.35,-0.01,15,2016,18.68,0.51,12.1,76.835,0.3955023860887755,0,0
2016-05-06,6161,19000,119950,6.25,6.34,6.25,6.28,-0.07,7,2016,18.47,0.51,12.1,75.988,0.3911425172657497,0,0
2016-05-09,6161,21000,131820,6.28,6.29,6.22,6.24,-0.04,10,2016,18.35,0.5,12.1,75.504,0.38865116365259206,0,0
2016-05-10,6161,15000,93720,6.24,6.3,6.22,6.3,0.06,7,2016,18.53,0.51,12.1,76.22999999999999,0.39238819407232844,0,0
2016-05-11,6161,22000,137620,6.22,6.32,6.2,6.3,0.0,7,2016,18.53,0.51,12.1,76.22999999999999,0.39238819407232844,0,0
2016-05-12,6161,62000,386730,6.28,6.28,6.2,6.2,-0.1,9,2016,18.24,0.5,12.1,75.02,0.38615981003943445,0,0
2016-05-13,6161,387000,2554620,6.17,6.76,6.16,6.72,0.52,127,2016,19.76,0.54,12.1,81.312,0.41854740701048376,0,0
2016-05-16,6161,257000,1727900,6.7,6.81,6.4,6.75,0.03,91,2016,19.85,0.54,12.1,81.675,0.420415922220352,0,0
2016-05-17,6161,176000,1205670,6.84,6.99,6.72,6.87,0.12,68,2016,20.21,0.55,12.1,83.127,0.4278899830598249,0,0
2016-05-18,6161,118000,809730,6.87,6.94,6.8,6.85,-0.02,31,2016,20.15,0.55,12.1,82.88499999999999,0.426644306253246,0,0
2016-05-19,6161,51000,348060,6.88,6.9,6.8,6.82,-0.03,22,2016,20.06,0.55,12.1,82.522,0.42477579104337787,0,0
2016-05-20,6161,19000,129200,6.79,6.84,6.78,6.81,-0.01,9,2016,20.64,0.54,12.1,82.401,0.42415295264008845,0,0
2016-05-23,6161,154000,1071380,6.96,7.16,6.9,6.9,0.09,41,2016,20.91,0.55,12.1,83.49,0.42975849826969315,0,0
2016-05-24,6161,21000,145100,6.9,6.94,6.9,6.9,0.0,9,2016,20.91,0.55,12.1,83.49,0.42975849826969315,0,0
2016-05-25,6161,106000,742020,6.95,7.14,6.94,6.94,0.04,48,2016,21.03,0.55,12.1,83.974,0.4322498518828508,0,0
2016-05-26,6161,25000,173640,6.94,6.98,6.9,6.98,0.04,13,2016,21.15,0.55,12.1,84.458,0.4347412054960084,0,0
2016-05-27,6161,56000,383470,6.97,6.98,6.8,6.9,-0.08,27,2016,20.91,0.55,12.1,83.49,0.42975849826969315,0,0
2016-05-30,6161,69000,474890,6.83,6.98,6.83,6.91,0.01,25,2016,20.94,0.55,12.1,83.611,0.43038133667298256,0,0
2016-05-31,6161,57000,390790,6.82,6.93,6.82,6.83,-0.08,22,2016,20.7,0.54,12.1,82.643,0.4253986294466673,0,0
2016-06-01,6161,69000,474050,6.85,6.88,6.84,6.88,0.05,19,2016,20.85,0.55,12.1,83.24799999999999,0.42851282146311426,0,0
2016-06-02,6161,30000,206810,6.85,6.91,6.85,6.9,0.02,13,2016,20.91,0.55,12.1,83.49,0.4609088665749155,0,0
2016-06-03,6161,83000,574970,6.88,7.0,6.88,6.91,0.01,29,2016,20.94,0.55,12.1,83.611,0.4615768504395168,0,0
2016-06-06,6161,329000,2328540,7.0,7.19,7.0,7.08,0.09,135,2016,21.45,0.56,12.1,85.66799999999999,0.4729325761377393,0,0
2016-06-07,6161,195000,1366030,7.08,7.08,6.91,7.04,-0.04,58,2016,21.33,0.56,12.1,85.184,0.4702606406793341,0,0
2016-06-08,6161,143000,992540,6.98,6.98,6.9,6.96,-0.08,47,2016,21.09,0.55,12.1,84.216,0.4649167697625234,0,0
2016-06-13,6161,61000,417730,6.83,6.89,6.83,6.84,-0.12,15,2016,20.73,0.54,12.1,82.764,0.4569009633873075,0,0
2016-06-14,6161,25000,171370,6.84,6.92,6.84,6.89,0.05,10,2016,20.88,0.55,12.1,83.369,0.46024088271031416,0,0
2016-06-15,6161,41000,282570,6.85,6.98,6.85,6.93,0.04,16,2016,21.0,0.55,12.1,83.853,0.4629128181687195,0,0
2016-06-16,6161,22000,151840,6.93,6.93,6.85,6.85,-0.08,8,2016,20.76,0.54,12.1,82.88499999999999,0.4575689472519088,0,0
2016-06-17,6161,46000,315220,6.82,6.9,6.81,6.9,0.05,17,2016,20.91,0.55,12.1,83.49,0.4609088665749155,0,0
2016-06-20,6161,78000,537470,6.95,6.95,6.88,6.89,-0.01,13,2016,20.88,0.55,12.1,83.369,0.46024088271031416,0,0
2016-06-21,6161,58000,400510,6.94,6.95,6.88,6.88,-0.01,17,2016,20.85,0.55,12.1,83.24799999999999,0.4595728988457128,0,0
2016-06-22,6161,50000,343680,6.88,6.88,6.86,6.86,-0.02,14,2016,20.79,0.54,12.1,83.006,0.4582369311165102,0,0
2016-06-23,6161,93000,640970,6.87,6.92,6.86,6.92,0.06,22,2016,20.97,0.55,12.1,83.732,0.46224483430411817,0,0
2016-06-24,6161,44000,301370,6.86,6.92,6.8,6.8,-0.12,21,2016,20.61,0.54,12.1,82.28,0.45422902792890224,0,0
2016-06-27,6161,22000,149060,6.7,6.88,6.7,6.83,0.03,6,2016,20.7,0.54,12.1,82.643,0.4562329795227062,0,0
2016-06-28,6161,35000,243790,6.78,7.14,6.78,7.0,0.17,23,2016,21.21,0.55,12.1,84.7,0.46758870522092877,0,0
2016-06-29,6161,117000,822070,7.1,7.1,6.99,7.04,0.04,52,2016,21.33,0.56,12.1,85.184,0.4702606406793341,0,0
2016-06-30,6161,127000,897960,7.11,7.11,7.02,7.03,-0.01,38,2016,21.3,0.56,12.1,85.063,0.4695926568147327,0,0
2016-07-01,6161,167000,1178200,7.04,7.1,7.01,7.05,0.02,61,2016,21.36,0.56,12.1,85.30499999999999,0.4709286245439353,0,0
2016-07-04,6161,102000,715630,7.04,7.05,6.99,7.04,-0.01,20,2016,21.33,0.56,12.1,85.184,0.5049385987218861,0,0
2016-07-05,6161,209000,1470360,7.05,7.05,7.02,7.03,-0.01,21,2016,21.3,0.56,12.1,85.063,0.5042213563941561,0,0
2016-07-06,6161,24000,167040,6.96,7.02,6.94,6.94,-0.09,12,2016,21.03,0.55,12.1,83.974,0.4977661754445865,0,0
2016-07-07,6161,63000,440980,6.94,7.03,6.94,7.0,0.06,15,2016,21.21,0.55,12.1,84.7,0.5020696294109662,0,0
2016-07-11,6161,62000,431250,6.92,7.0,6.92,6.94,-0.06,17,2016,21.03,0.55,12.1,83.974,0.4977661754445865,0,0
2016-07-12,6161,94000,656160,6.94,7.03,6.9,7.03,0.09,40,2016,21.3,0.56,12.1,85.063,0.5042213563941561,0,0
2016-07-13,6161,108000,758630,7.04,7.05,6.99,7.0,-0.03,42,2016,21.21,0.55,12.1,84.7,0.5020696294109662,0,0
2016-07-14,6161,77000,545190,7.18,7.18,7.04,7.04,0.04,31,2016,21.33,0.56,12.1,85.184,0.5049385987218861,0,0
2016-07-15,6161,73000,511700,7.05,7.06,6.95,6.95,-0.09,30,2016,21.06,0.55,12.1,84.095,0.4984834177723165,0,0
2016-07-18,6161,185000,1300660,7.15,7.15,6.98,7.03,0.08,57,2016,21.3,0.56,12.1,85.063,0.5042213563941561,0,0
2016-07-19,6161,35000,246600,7.01,7.08,7.01,7.04,0.01,13,2016,21.33,0.56,12.1,85.184,0.5049385987218861,0,0
2016-07-20,6161,80000,560700,7.02,7.07,6.95,7.0,-0.04,25,2016,21.21,0.55,12.1,84.7,0.5020696294109662,0,0
2016-07-21,6161,109000,766150,7.03,7.09,7.01,7.05,0.05,37,2016,21.36,0.56,12.1,85.30499999999999,0.5056558410496159,0,0
2016-07-22,6161,2565000,19703600,7.09,7.75,7.09,7.75,0.7,532,2016,23.48,0.61,12.1,93.77499999999999,0.5558628039907125,0,0
2016-07-25,6161,2470000,19621090,8.0,8.17,7.75,7.8,0.05,639,2016,23.64,0.62,12.1,94.38,0.5594490156293623,0,0
2016-07-26,6161,573000,4403370,7.8,7.8,7.61,7.67,-0.13,186,2016,23.24,0.61,12.1,92.807,0.550124865368873,0,0
2016-07-27,6161,480000,3706550,7.77,7.84,7.62,7.66,-0.01,170,2016,23.21,0.61,12.1,92.68599999999999,0.549407623041143,0,0
2016-07-28,6161,386000,2908280,7.59,7.59,7.45,7.54,0.0,127,2016,22.85,0.6,12.1,91.234,0.5408007151083836,0,0
2016-07-29,6161,213000,1595480,7.54,7.56,7.43,7.43,-0.11,77,2016,22.52,0.59,12.1,89.90299999999999,0.5329110495033541,0,0
2016-08-01,6161,805000,5861530,7.37,7.43,7.23,7.24,-0.19,195,2016,21.94,0.57,12.1,87.604,0.5192834452764851,0,0
2016-08-02,6161,789000,5824610,7.27,7.49,7.27,7.45,0.21,171,2016,22.58,0.59,12.1,90.145,0.568183966931939,0,0
2016-08-03,6161,336000,2510850,7.49,7.57,7.42,7.46,0.01,119,2016,22.61,0.59,12.1,90.26599999999999,0.5689466299748005,0,0
2016-08-04,6161,324000,2433030,7.55,7.56,7.42,7.54,0.08,96,2016,22.85,0.6,12.1,91.234,0.5750479343176939,0,0
2016-08-05,6161,206000,1549850,7.64,7.64,7.45,7.53,-0.01,69,2016,22.82,0.6,12.1,91.113,0.5742852712748322,0,0
2016-08-08,6161,264000,1978490,7.55,7.55,7.45,7.52,-0.01,112,2016,22.79,0.6,12.1,90.99199999999999,0.5735226082319705,0,0
2016-08-09,6161,188000,1393700,7.52,7.52,7.35,7.42,-0.1,52,2016,22.48,0.59,12.1,89.782,0.565895977803354,0,0
2016-08-10,6161,270000,1975300,7.31,7.45,7.28,7.3,-0.12,82,2016,22.12,0.58,12.1,88.33,0.556744021289014,0,0
2016-08-11,6161,244000,1761400,7.35,7.35,7.19,7.21,-0.09,61,2016,21.85,0.57,12.1,87.241,0.549880053903259,0,0
2016-08-12,6161,298000,2146060,7.22,7.24,7.14,7.16,-0.05,58,2016,21.7,0.57,12.1,86.636,0.5460667386889507,0,0
2016-08-15,6161,101000,726540,7.16,7.25,7.16,7.23,0.07,32,2016,21.91,0.57,12.1,87.483,0.5514053799889823,0,0
2016-08-16,6161,88000,636130,7.23,7.28,7.18,7.2,-0.03,50,2016,21.82,0.57,12.1,87.12,0.5491173908603973,0,0
2016-08-17,6161,50000,360810,7.21,7.26,7.2,7.26,0.06,19,2016,22.0,0.58,12.1,87.84599999999999,0.5536933691175673,0,0
2016-08-18,6161,91000,662970,7.31,7.31,7.25,7.3,0.04,44,2016,22.12,0.58,12.1,88.33,0.556744021289014,0,0
2016-08-19,6161,97000,699030,7.3,7.3,7.18,7.22,-0.08,28,2016,21.88,0.57,12.1,87.362,0.5506427169461207,0,0
2016-08-22,6161,39000,280100,7.24,7.24,7.15,7.18,-0.04,12,2016,21.76,0.57,12.1,86.878,0.547592064774674,0,0
2016-08-23,6161,256000,1846790,7.21,7.26,7.19,7.2,0.02,55,2016,21.82,0.58,12.1,87.12,0.5491173908603973,0,0
2016-08-24,6161,133000,956980,7.18,7.22,7.17,7.22,0.02,30,2016,21.88,0.58,12.1,87.362,0.5506427169461207,0,0
2016-08-25,6161,140000,1007920,7.22,7.22,7.15,7.21,-0.01,44,2016,21.85,0.58,12.1,87.241,0.549880053903259,0,0
2016-08-26,6161,287000,2093900,7.22,7.42,7.22,7.32,0.11,101,2016,22.18,0.59,12.1,88.572,0.5582693473747373,0,0
2016-08-29,6161,162000,1174360,7.3,7.3,7.21,7.22,-0.1,46,2016,21.88,0.58,12.1,87.362,0.5506427169461207,0,0
2016-08-30,6161,2929000,23111840,7.65,7.94,7.65,7.94,0.72,645,2016,24.06,0.64,12.1,96.074,0.6055544560321604,0,0
2016-08-31,6161,1491000,11680600,7.7,8.04,7.69,7.82,-0.12,623,2016,23.7,0.63,12.1,94.622,0.5964024995178204,0,0
2016-09-01,6161,812000,6296640,7.82,7.83,7.71,7.75,-0.07,212,2016,23.48,0.62,12.1,93.77499999999999,0.5910638582177887,0,0
2016-09-02,6161,598000,4624780,7.69,7.85,7.66,7.78,0.03,206,2016,23.58,0.63,12.1,94.138,0.6378423207275379,0,0
2016-09-05,6161,263000,2051570,7.79,7.85,7.77,7.79,0.01,84,2016,23.61,0.63,12.1,94.259,0.6386621694688329,0,0
2016-09-06,6161,698000,5508200,7.76,7.99,7.76,7.98,0.19,203,2016,24.18,0.64,12.1,96.558,0.6542392955534386,0,0
2016-09-07,6161,484000,3859900,8.0,8.0,7.94,7.98,0.0,118,2016,24.18,0.64,12.1,96.558,0.6542392955534386,0,0
2016-09-08,6161,505000,4028870,7.98,8.0,7.91,7.99,0.01,91,2016,24.21,0.64,12.1,96.679,0.6550591442947336,0,0
2016-09-09,6161,447000,3554890,7.96,7.99,7.92,7.99,0.0,109,2016,24.21,0.64,12.1,96.679,0.6550591442947336,0,0
2016-09-12,6161,370000,2969430,8.0,8.18,7.9,7.9,-0.1,110,2016,23.94,0.64,12.1,95.59,0.6476805056230782,0,0
2016-09-13,6161,326000,2592660,8.03,8.03,7.9,8.0,0.1,84,2016,24.24,0.64,12.1,96.8,0.6558789930360286,0,0
2016-09-14,6161,250000,1974550,7.98,7.98,7.83,7.98,-0.02,75,2016,24.18,0.64,12.1,96.558,0.6542392955534386,0,0
2016-09-19,6161,367000,2962520,7.97,8.14,7.97,8.09,0.11,81,2016,24.52,0.65,12.1,97.889,0.6632576317076839,0,0
2016-09-20,6161,242000,1953010,8.09,8.12,8.0,8.09,0.0,73,2016,24.52,0.65,12.1,97.889,0.6632576317076839,0,0
2016-09-21,6161,325000,2636490,8.05,8.15,8.05,8.15,0.06,82,2016,24.7,0.66,12.1,98.615,0.6681767241554541,0,0
2016-09-22,6161,495000,4036420,8.25,8.25,8.13,8.16,0.01,75,2016,24.73,0.66,12.1,98.736,0.6689965728967492,0,0
2016-09-23,6161,411000,3342630,8.23,8.23,8.01,8.15,-0.01,89,2016,24.7,0.66,12.1,98.615,0.6681767241554541,0,0
2016-09-26,6161,126000,1019230,8.08,8.14,8.07,8.1,-0.05,34,2016,24.55,0.65,12.1,98.00999999999999,0.6640774804489789,0,0
2016-09-29,6161,390000,3183290,8.1,8.18,8.1,8.17,0.07,84,2016,24.76,0.66,12.1,98.857,0.6698164216380442,0,0
2016-09-30,6161,265000,2162540,8.1,8.2,8.1,8.17,0.0,61,2016,24.76,0.66,12.1,98.857,0.6698164216380442,0,0
2016-10-03,6161,1506000,12862340,8.17,8.68,8.17,8.6,0.43,473,2016,26.06,0.69,12.1,104.05999999999999,0.766541487971501,0,0
2016-10-04,6161,856000,7424100,8.57,8.81,8.45,8.8,0.2,306,2016,26.67,0.71,12.1,106.48,0.7843680342033965,0,0
2016-10-05,6161,1054000,9418200,8.78,9.07,8.77,8.95,0.15,404,2016,27.12,0.72,12.1,108.29499999999999,0.7977379438773178,0,0
2016-10-06,6161,972000,8656930,8.95,9.05,8.72,8.94,-0.01,270,2016,27.09,0.72,12.1,108.17399999999999,0.7968466165657232,0,0
2016-10-07,6161,325000,2883250,8.94,8.95,8.83,8.83,-0.11,90,2016,26.76,0.71,12.1,106.843,0.7870420161381808,0,0
2016-10-11,6161,683000,6064470,8.83,9.02,8.77,8.9,0.07,150,2016,26.97,0.72,12.1,107.69,0.7932813073193442,0,0
2016-10-12,6161,493000,4373740,8.9,8.91,8.85,8.89,-0.01,73,2016,26.94,0.72,12.1,107.569,0.7923899800077494,0,0
2016-10-13,6161,1206000,10984770,9.0,9.29,8.87,8.87,-0.02,442,2016,26.88,0.71,12.1,107.32699999999998,0.7906073253845598,0,0
2016-10-14,6161,787000,6851810,8.87,8.87,8.6,8.69,-0.18,250,2016,26.33,0.7,12.1,105.14899999999999,0.7745634337758539,0,0
2016-10-17,6161,209000,1795210,8.69,8.69,8.39,8.63,-0.06,70,2016,26.15,0.7,12.1,104.423,0.7692154699062854,0,0
2016-10-18,6161,198000,1711980,8.63,8.68,8.62,8.65,0.02,64,2016,26.21,0.7,12.1,104.665,0.770998124529475,0,0
2016-10-19,6161,208000,1816110,8.73,8.76,8.67,8.73,0.08,67,2016,26.45,0.7,12.1,105.633,0.7781287430222331,0,0
2016-10-20,6161,264000,2327000,8.69,8.94,8.69,8.87,0.14,102,2016,26.88,0.71,12.1,107.32699999999998,0.7906073253845598,0,0
2016-10-21,6161,425000,3802690,8.87,9.02,8.87,8.97,0.1,158,2016,27.18,0.72,12.1,108.537,0.7995205985005075,0,0
2016-10-24,6161,303000,2719900,8.97,9.0,8.91,8.98,0.01,82,2016,27.21,0.72,12.1,108.658,0.8004119258121023,0,0
2016-10-25,6161,298000,2698740,8.98,9.13,8.98,9.1,0.12,142,2016,27.58,0.73,12.1,110.11,0.8111078535512395,0,0
2016-10-26,6161,308000,2785830,9.11,9.11,9.01,9.02,-0.08,114,2016,27.33,0.73,12.1,109.142,0.8039772350584814,0,0
2016-10-27,6161,541000,4889210,9.0,9.15,8.98,9.15,0.13,159,2016,27.73,0.74,12.1,110.715,0.8155644901092134,0,0
2016-10-28,6161,2746000,25994470,9.14,9.77,9.14,9.36,0.21,875,2016,28.36,0.75,12.1,113.25599999999999,0.8342823636527034,0,0
2016-10-31,6161,1143000,10876090,9.4,9.7,9.22,9.54,0.18,462,2016,28.91,0.77,12.1,115.43399999999998,0.8503262552614091,0,0
2016-11-01,6161,1002000,9434570,9.54,9.65,9.24,9.25,-0.29,332,2016,28.03,0.75,12.1,111.925,0.8244777632251611,0,0
2016-11-02,6161,767000,6972380,9.24,9.24,9.0,9.06,-0.19,227,2016,27.45,0.73,12.1,109.626,0.8610570896260945,0,0
2016-11-03,6161,643000,5634940,9.02,9.06,8.59,8.72,-0.34,190,2016,26.42,0.7,12.1,105.512,0.8287436889116495,0,0
2016-11-04,6161,323000,2850370,8.72,8.92,8.71,8.74,0.02,128,2016,26.48,0.7,12.1,105.754,0.8306444771889697,0,0
2016-11-07,6161,282000,2436910,8.74,8.74,8.59,8.64,-0.1,86,2016,26.18,0.7,12.1,104.544,0.8211405358023683,0,0
2016-11-08,6161,99000,858390,8.65,8.71,8.65,8.69,0.05,49,2016,26.33,0.7,12.1,105.14899999999999,0.8258925064956689,0,0
2016-11-09,6161,506000,4299610,8.75,8.78,8.22,8.32,-0.37,151,2016,25.21,0.67,12.1,100.672,0.7907279233652436,0,0
2016-11-10,6161,234000,2030990,8.41,8.78,8.41,8.78,0.46,122,2016,26.61,0.71,12.1,106.23799999999999,0.8344460537436102,0,0
2016-11-11,6161,215000,1889650,8.78,8.86,8.7,8.82,0.04,78,2016,26.73,0.71,12.1,106.722,0.838247630298251,0,0
2016-11-14,6161,354000,3181030,8.77,9.1,8.77,8.99,0.17,141,2016,27.24,0.72,12.1,108.779,0.8544043306554735,0,0
2016-11-15,6161,205000,1836710,9.1,9.1,8.9,8.91,-0.08,87,2016,27.0,0.72,12.1,107.81099999999999,0.8468011775461923,0,0
2016-11-16,6161,645000,5912660,8.97,9.27,8.96,9.09,0.18,207,2016,27.55,0.73,12.1,109.98899999999999,0.863908272042075,0,0
2016-11-17,6161,918000,8546580,9.17,9.42,9.11,9.28,0.19,319,2016,28.12,0.75,12.1,112.28799999999998,0.8819657606766176,0,0
2016-11-18,6161,197000,1832550,9.2,9.36,9.2,9.33,0.05,80,2016,28.27,0.75,12.1,112.893,0.8867177313699185,0,0
2016-11-21,6161,1152000,10937720,9.35,9.58,9.35,9.53,0.2,336,2016,28.88,0.77,12.1,115.31299999999999,0.9057256141431215,0,0
2016-11-22,6161,1058000,10282530,9.53,9.87,9.53,9.62,0.09,358,2016,29.15,0.78,12.1,116.40199999999999,0.9142791613910627,0,0
2016-11-23,6161,478000,4638670,9.7,9.78,9.65,9.67,0.05,217,2016,29.3,0.78,12.1,117.00699999999999,0.9190311320843636,0,0
2016-11-24,6161,440000,4216830,9.66,9.66,9.53,9.55,-0.12,182,2016,28.94,0.77,12.1,115.555,0.9076264024204418,0,0
2016-11-25,6161,319000,3052570,9.54,9.63,9.51,9.56,0.01,120,2016,28.97,0.77,12.1,115.676,0.908576796559102,0,0
2016-11-28,6161,276000,2647470,9.6,9.67,9.56,9.56,0.0,107,2016,28.97,0.77,12.1,115.676,0.908576796559102,0,0
2016-11-29,6161,421000,4059780,9.6,9.75,9.52,9.68,0.12,163,2016,29.33,0.78,12.1,117.128,0.9199815262230238,0,0
2016-11-30,6161,539000,5286340,9.7,9.88,9.69,9.83,0.15,250,2016,29.79,0.79,12.1,118.943,0.9342374383029259,0,0
2016-12-01,6161,4417000,46917100,10.0,10.8,10.0,10.25,0.42,1297,2016,46.59,0.81,12.1,124.02499999999999,0.9741539921266522,0,0
2016-12-02,6161,1524000,16049500,10.2,10.8,10.1,10.8,0.55,657,2016,49.09,0.86,12.1,130.68,1.0542952365508378,0,0
2016-12-05,6161,2496000,28105500,11.2,11.55,10.9,11.25,0.45,989,2016,51.14,0.89,12.1,136.125,1.098224204740456,0,0
2016-12-06,6161,2416000,27131050,11.55,11.75,10.95,11.05,-0.2,865,2016,50.23,0.87,12.1,133.705,1.0787002188784036,0,0
2016-12-07,6161,1332000,14873350,11.1,11.45,10.95,11.45,0.4,447,2016,52.05,0.91,12.1,138.545,1.1177481906025084,0,0
2016-12-08,6161,1044000,11926550,11.6,11.7,11.25,11.25,-0.2,414,2016,51.14,0.89,12.1,136.125,1.098224204740456,0,0
2016-12-09,6161,931000,10344750,11.1,11.3,10.9,11.25,0.0,341,2016,51.14,0.89,12.1,136.125,1.098224204740456,0,0
2016-12-12,6161,589000,6566100,11.3,11.3,11.05,11.15,-0.1,189,2016,50.68,0.88,12.1,134.915,1.0884622118094298,0,0
2016-12-13,6161,322000,3610250,11.25,11.3,11.1,11.25,0.1,157,2016,51.14,0.89,12.1,136.125,1.098224204740456,0,0
2016-12-14,6161,5018000,60774900,11.4,12.35,11.4,11.85,0.6,1553,2016,53.86,0.94,12.1,143.385,1.1567961623266136,0,0
2016-12-15,6161,1050000,12424900,11.9,12.0,11.65,11.8,-0.05,378,2016,53.64,0.93,12.1,142.78,1.1519151658611007,0,0
2016-12-16,6161,2622000,30894950,11.95,12.4,11.2,11.4,-0.4,945,2016,51.82,0.9,12.1,137.94,1.1128671941369954,0,0
2016-12-19,6161,917000,10266000,11.3,11.6,11.0,11.1,-0.3,363,2016,50.45,0.88,12.1,134.31,1.0835812153439166,0,0
2016-12-20,6161,391000,4369100,11.0,11.3,11.0,11.25,0.15,188,2016,51.14,0.89,12.1,136.125,1.098224204740456,0,0
2016-12-21,6161,710000,8179200,11.1,11.7,11.1,11.55,0.3,293,2016,52.5,0.91,12.1,139.755,1.1275101835335348,0,0
2016-12-22,6161,263000,3015650,11.55,11.55,11.35,11.45,-0.1,122,2016,52.05,0.91,12.1,138.545,1.1177481906025084,0,0
2016-12-23,6161,440000,5144700,11.65,11.8,11.5,11.6,0.15,213,2016,52.73,0.92,12.1,140.35999999999999,1.1323911799990478,0,0
2016-12-26,6161,339000,3969050,11.6,11.9,11.6,11.6,0.0,146,2016,52.73,0.92,12.1,140.35999999999999,1.1323911799990478,0,0
2016-12-27,6161,393000,4634250,11.8,11.9,11.7,11.9,0.3,180,2016,54.09,0.94,12.1,143.99,1.1616771587921269,0,0
2016-12-28,6161,1126000,13568200,11.9,12.25,11.8,11.9,0.0,458,2016,54.09,0.94,12.1,143.99,1.1616771587921269,0,0
2016-12-29,6161,650000,7671950,11.9,11.95,11.65,11.75,-0.15,232,2016,53.41,0.93,12.1,142.17499999999998,1.1470341693955872,0,0
2016-12-30,6161,209000,2455750,11.8,11.85,11.65,11.8,0.05,113,2016,53.64,0.93,12.1,142.78,1.1519151658611007,0,0
2017-01-03,6161,318000,3799550,11.95,12.1,11.85,11.85,0.05,169,2017,53.86,0.94,12.1,143.385,1.1879335085318123,0,0
2017-01-04,6161,395000,4657200,11.9,11.9,11.7,11.8,-0.05,136,2017,53.64,0.93,12.1,142.78,1.1829211308586824,0,0
2017-01-05,6161,530000,6225600,11.9,11.9,11.65,11.8,0.0,177,2017,53.64,0.93,12.1,142.78,1.1829211308586824,0,0
2017-01-06,6161,908000,10493600,11.8,11.8,11.4,11.55,-0.25,300,2017,52.5,0.91,12.1,139.755,1.1578592424930323,0,0
2017-01-09,6161,337000,3872200,11.55,11.6,11.45,11.6,0.05,143,2017,52.73,0.92,12.1,140.35999999999999,1.1628716201661622,0,0
2017-01-10,6161,141000,1635100,11.55,11.7,11.45,11.65,0.05,57,2017,52.95,0.92,12.1,140.965,1.1678839978392923,0,0
2017-01-11,6161,371000,4218950,11.65,11.75,11.25,11.25,-0.4,154,2017,51.14,0.89,12.1,136.125,1.1277849764542522,0,0
2017-01-12,6161,273000,3124100,11.25,11.65,11.2,11.4,0.15,126,2017,51.82,0.9,12.1,137.94,1.1428221094736424,0,0
2017-01-13,6161,125000,1413900,11.3,11.4,11.25,11.3,-0.1,56,2017,51.36,0.89,12.1,136.73000000000002,1.1327973541273826,0,0
2017-01-16,6161,209000,2381850,11.3,11.5,11.3,11.5,0.2,86,2017,52.27,0.91,12.1,139.15,1.1528468648199024,0,0
2017-01-17,6161,399000,4634900,11.5,11.85,11.45,11.65,0.15,138,2017,52.95,0.92,12.1,140.965,1.1678839978392923,0,0
2017-01-18,6161,623000,7342750,11.75,11.85,11.65,11.8,0.15,187,2017,53.64,0.93,12.1,142.78,1.1829211308586824,0,0
2017-01-19,6161,299000,3533050,11.9,11.95,11.7,11.7,-0.1,110,2017,53.18,0.93,12.1,141.57,1.1728963755124224,0,0
2017-01-20,6161,499000,5900000,11.85,11.95,11.75,11.85,0.15,160,2017,53.86,0.94,12.1,143.385,1.1879335085318123,0,0
2017-01-23,6161,183000,2165250,11.85,11.95,11.75,11.85,0.0,63,2017,53.86,0.94,12.1,143.385,1.1879335085318123,0,0
2017-01-24,6161,427000,5031650,11.85,11.95,11.65,11.7,-0.15,123,2017,53.18,0.93,12.1,141.57,1.1728963755124224,0,0
2017-02-02,6161,205000,2406200,11.7,11.8,11.7,11.8,0.1,71,2017,53.64,0.93,12.1,142.78,1.167525806915861,0,0
2017-02-03,6161,798000,9631400,11.9,12.2,11.85,12.15,0.35,285,2017,55.23,0.96,12.1,147.015,1.202155809663365,0,0
2017-02-06,6161,2579000,32632000,12.55,13.0,12.3,12.5,0.35,763,2017,56.82,0.99,12.1,151.25,1.2367858124108697,0,0
2017-02-07,6161,623000,7659200,12.5,12.55,12.0,12.3,-0.2,238,2017,55.91,0.97,12.1,148.83,1.2169972394122959,0,0
2017-02-08,6161,904000,11110350,12.3,12.6,11.85,12.4,0.1,348,2017,56.36,0.98,12.1,150.04,1.2268915259115827,0,0
2017-02-09,6161,1200000,15376800,12.5,13.05,12.5,12.8,0.4,488,2017,58.18,1.01,12.1,154.88,1.2664686719087306,0,0
2017-02-10,6161,456000,5807800,12.9,12.9,12.6,12.7,-0.1,199,2017,57.73,1.01,12.1,153.67,1.2565743854094433,0,0
2017-02-13,6161,720000,9128950,12.95,12.95,12.55,12.6,-0.1,229,2017,57.27,1.0,12.1,152.45999999999998,1.2466800989101565,0,0
2017-02-14,6161,1646000,21373350,12.65,13.2,12.65,13.0,0.4,532,2017,59.09,1.03,12.1,157.29999999999998,1.2862572449073042,0,0
2017-02-15,6161,1682000,22538050,13.2,13.6,13.1,13.45,0.45,658,2017,61.14,1.06,12.1,162.74499999999998,1.3307815341540956,0,0
2017-02-16,6161,1702000,23336750,13.5,14.0,13.35,14.0,0.55,670,2017,63.64,1.11,12.1,169.4,1.385200109900174,0,0
2017-02-17,6161,2599000,37683650,14.15,14.95,14.1,14.4,0.4,1026,2017,65.45,1.14,12.1,174.24,1.4247772558973217,0,0
2017-02-20,6161,901000,12900850,14.4,14.5,14.2,14.3,-0.1,392,2017,65.0,1.13,12.1,173.03,1.414882969398035,0,0
2017-02-21,6161,742000,10455200,14.3,14.4,13.95,14.15,-0.15,295,2017,64.32,1.12,12.1,171.215,1.4000415396491044,0,0
2017-02-22,6161,1299000,18850850,14.1,14.65,14.1,14.6,0.45,448,2017,66.36,1.16,12.1,176.66,1.4445658288958958,0,0
2017-02-23,6161,2036000,30290400,14.7,15.1,14.55,15.1,0.5,789,2017,68.64,1.2,12.1,182.70999999999998,1.4940372613923303,0,0
2017-02-24,6161,1208000,18434550,15.2,15.5,15.0,15.1,0.0,494,2017,68.64,1.2,12.1,182.70999999999998,1.4940372613923303,0,0
2017-03-01,6161,536000,8095250,15.0,15.25,15.0,15.1,0.0,197,2017,68.64,1.2,12.1,182.70999999999998,1.4940372613923303,0,0
2017-03-02,6161,767000,11413800,15.25,15.25,14.65,14.9,-0.2,387,2017,67.73,1.18,12.1,180.29,1.4230979316180488,0,0
2017-03-03,6161,383000,5649600,14.75,14.85,14.7,14.75,-0.15,169,2017,67.05,1.17,12.1,178.475,1.4087714423735718,0,0
2017-03-06,6161,1145000,16446400,14.75,14.75,14.15,14.2,-0.55,330,2017,64.55,1.12,12.1,171.82,1.3562409818104895,0,0
2017-03-07,6161,660000,9493950,14.2,14.55,14.2,14.4,0.2,251,2017,65.45,1.14,12.1,174.24,1.3753429674697921,0,0
2017-03-08,6161,430000,6173250,14.4,14.55,14.25,14.3,-0.1,142,2017,65.0,1.13,12.1,173.03,1.3657919746401408,0,0
2017-03-09,6161,640000,9304350,14.3,14.85,14.25,14.7,0.4,231,2017,66.82,1.16,12.1,177.86999999999998,1.4039959459587459,0,0
2017-03-10,6161,498000,7176250,14.7,14.7,14.25,14.4,-0.3,201,2017,65.45,1.14,12.1,174.24,1.3753429674697921,0,0
2017-03-13,6161,507000,7474650,14.55,14.85,14.55,14.85,0.45,222,2017,67.5,1.18,12.1,179.685,1.418322435203223,0,0
2017-03-14,6161,486000,7157650,14.9,14.9,14.65,14.8,-0.05,175,2017,67.27,1.17,12.1,179.08,1.4135469387883977,0,0
2017-03-15,6161,444000,6545550,14.8,14.85,14.55,14.8,0.0,202,2017,67.27,1.17,12.1,179.08,1.4135469387883977,0,0
2017-03-16,6161,411000,6032900,14.8,14.8,14.65,14.65,-0.15,160,2017,66.59,1.16,12.1,177.265,1.3992204495439202,0,0
2017-03-17,6161,1071000,15283500,14.65,14.65,13.9,14.25,-0.4,420,2017,64.77,1.13,12.1,172.42499999999998,1.361016478225315,0,0
2017-03-20,6161,660000,9305650,14.25,14.35,13.95,14.15,-0.1,285,2017,64.32,1.12,12.1,171.215,1.3514654853956638,0,0
2017-03-21,6161,1023000,14187600,14.15,14.25,13.6,13.75,-0.4,327,2017,62.5,1.09,12.1,166.375,1.3132615140770583,0,0
2017-03-22,6161,654000,9042500,13.6,14.0,13.6,13.95,0.2,264,2017,63.41,1.1,12.1,168.795,1.332363499736361,0,0
2017-03-23,6161,1394000,18829000,14.0,14.1,13.1,13.45,-0.5,543,2017,61.14,1.06,12.1,162.74499999999998,1.284608535588104,0,0
2017-03-24,6161,794000,10609700,13.45,13.6,13.25,13.4,-0.05,258,2017,60.91,1.06,12.1,162.14,1.2798330391732784,0,0
2017-03-27,6161,361000,4787950,13.4,13.4,13.15,13.15,-0.25,132,2017,59.77,1.04,12.1,159.115,1.2559555570991503,0,0
2017-03-28,6161,1751000,24255950,13.75,14.4,13.5,13.75,0.6,637,2017,62.5,1.09,12.1,166.375,1.3132615140770583,0,0
2017-03-29,6161,399000,5459650,13.9,13.9,13.4,13.75,0.0,217,2017,62.5,1.09,12.1,166.375,1.3132615140770583,0,0
2017-03-30,6161,399000,5496600,13.8,13.9,13.7,13.7,-0.05,200,2017,62.27,1.08,12.1,165.76999999999998,1.3084860176622326,0,0
2017-03-31,6161,1097000,15506650,13.85,14.25,13.85,14.2,0.5,460,2017,64.55,1.12,12.1,171.82,1.3562409818104895,0,0
2017-04-05,6161,942000,13793800,14.35,14.95,14.35,14.6,0.4,410,2017,66.36,1.16,12.1,176.66,1.379498832587595,0,0
2017-04-06,6161,373000,5380450,14.65,14.7,14.3,14.4,-0.2,162,2017,65.45,1.14,12.1,174.24,1.360601588305573,0,0
2017-04-07,6161,776000,11017250,14.4,14.4,14.05,14.35,-0.05,291,2017,16.12,1.1,12.1,173.635,1.3558772772350676,0,0
2017-04-10,6161,1525000,21005000,14.35,14.35,13.55,13.65,-0.7,537,2017,15.34,1.04,12.1,165.165,1.2897369222479913,0,0
2017-04-11,6161,653000,8824300,13.7,13.8,13.35,13.35,-0.3,270,2017,15.0,1.02,12.1,161.535,1.2613910558249584,0,0
2017-04-12,6161,307000,4094650,13.35,13.45,13.2,13.35,0.0,174,2017,15.0,1.02,12.1,161.535,1.2613910558249584,0,0
2017-04-13,6161,773000,10150250,13.4,13.45,12.9,13.0,-0.35,292,2017,14.61,0.99,12.1,157.29999999999998,1.22832087833142,0,0
2017-04-14,6161,749000,9581900,12.9,12.95,12.7,12.9,-0.1,277,2017,14.49,0.99,12.1,156.09,1.2188722561904093,0,0
2017-04-17,6161,238000,3050100,13.0,13.0,12.7,12.75,-0.15,103,2017,14.33,0.98,12.1,154.275,1.204699322978893,0,0
2017-04-18,6161,275000,3541750,12.8,13.1,12.7,13.1,0.35,102,2017,14.72,1.0,12.1,158.51,1.2377695004724312,0,0
2017-04-19,6161,187000,2401100,12.95,12.95,12.8,12.85,-0.25,86,2017,14.44,0.98,12.1,155.48499999999999,1.2141479451199035,0,0
2017-04-20,6161,274000,3523900,12.85,13.1,12.75,12.8,-0.05,129,2017,14.38,0.98,12.1,154.88,1.2094236340493982,0,0
2017-04-21,6161,169000,2165900,12.9,12.9,12.75,12.75,-0.05,71,2017,14.33,0.98,12.1,154.275,1.204699322978893,0,0
2017-04-24,6161,178000,2280850,12.8,12.9,12.75,12.8,0.05,76,2017,14.38,0.98,12.1,154.88,1.2094236340493982,0,0
2017-04-25,6161,1910000,25958750,13.1,14.05,12.9,14.05,1.25,815,2017,15.79,1.07,12.1,170.005,1.3275314108120349,0,0
2017-04-26,6161,869000,11909600,14.0,14.0,13.55,13.6,-0.45,448,2017,15.28,1.04,12.1,164.56,1.2850126111774858,0,0
2017-04-27,6161,336000,4517000,13.6,13.6,13.35,13.35,-0.25,172,2017,15.0,1.02,12.1,161.535,1.2613910558249584,0,0
2017-04-28,6161,234000,3152550,13.45,13.55,13.35,13.5,0.15,124,2017,15.17,1.03,12.1,163.35,1.2755639890364747,0,0
2017-05-02,6161,172000,2333700,13.55,13.65,13.5,13.55,0.05,78,2017,15.22,1.04,12.1,163.955,1.2838774343594122,0,0
2017-05-03,6161,168000,2251900,13.55,13.55,13.25,13.25,-0.3,94,2017,14.89,1.01,12.1,160.325,1.2554521037093882,0,0
2017-05-04,6161,153000,2049550,13.4,13.5,13.25,13.35,0.1,90,2017,15.0,1.02,12.1,161.535,1.2649272139260628,0,0
2017-05-05,6161,153000,2026950,13.45,13.45,13.1,13.1,-0.25,74,2017,14.72,1.0,12.1,158.51,1.2412394383843763,0,0
2017-05-08,6161,431000,5687650,13.3,13.55,13.1,13.2,0.1,146,2017,14.83,1.01,12.1,159.72,1.250714548601051,0,0
2017-05-09,6161,249000,3277950,13.4,13.4,13.1,13.1,-0.1,105,2017,14.72,1.0,12.1,158.51,1.2412394383843763,0,0
2017-05-10,6161,382000,4934050,13.0,13.0,12.8,12.9,-0.2,191,2017,14.49,0.99,12.1,156.09,1.222289217951027,0,0
2017-05-11,6161,239000,3091100,12.95,13.1,12.85,12.85,-0.05,115,2017,14.44,0.98,12.1,155.48499999999999,1.2175516628426895,0,0
2017-05-12,6161,384000,4993050,12.9,13.1,12.9,12.9,0.05,117,2017,14.49,0.99,12.1,156.09,1.222289217951027,0,0
2017-05-15,6161,241000,3148250,13.0,13.2,12.95,13.0,0.1,88,2017,14.61,0.99,12.1,157.29999999999998,1.2317643281677015,0,0
2017-05-16,6161,133000,1731950,13.15,13.15,13.0,13.0,0.0,62,2017,14.61,0.99,12.1,157.29999999999998,1.2317643281677015,0,0
2017-05-17,6161,133000,1723750,13.0,13.1,12.9,12.95,-0.05,67,2017,14.55,0.99,12.1,156.695,1.2270267730593643,0,0
2017-05-18,6161,109000,1404750,12.9,12.95,12.75,12.9,-0.05,64,2017,14.49,0.98,12.1,156.09,1.222289217951027,0,0
2017-05-19,6161,391000,5116450,12.95,13.25,12.9,13.0,0.1,125,2017,14.61,0.99,12.1,157.29999999999998,1.2317643281677015,0,0
2017-05-22,6161,532000,7113000,13.15,13.5,13.15,13.45,0.45,236,2017,15.11,1.02,12.1,162.74499999999998,1.2744023241427374,0,0
2017-05-23,6161,546000,7344200,13.6,13.6,13.35,13.35,-0.1,175,2017,15.0,1.02,12.1,161.535,1.2649272139260628,0,0
2017-05-24,6161,341000,4586300,13.5,13.5,13.4,13.4,0.05,99,2017,15.06,1.02,12.1,162.14,1.2696647690343998,0,0
2017-05-25,6161,255000,3389500,13.45,13.45,13.2,13.2,-0.2,88,2017,14.83,1.0,12.1,159.72,1.250714548601051,0,0
2017-05-26,6161,226000,2968600,13.25,13.25,13.1,13.1,-0.1,99,2017,14.72,1.0,12.1,158.51,1.2412394383843763,0,0
2017-05-31,6161,104000,1363500,13.1,13.15,13.05,13.15,0.05,46,2017,14.78,1.0,12.1,159.115,1.2459769934927136,0,0
2017-06-01,6161,237000,3114500,13.15,13.2,13.1,13.15,0.0,96,2017,14.78,1.0,12.1,159.115,1.2459769934927136,0,0
2017-06-02,6161,217000,2898500,13.15,13.5,13.15,13.45,0.3,122,2017,15.11,1.02,12.1,162.74499999999998,1.2395576909015573,0,0
2017-06-05,6161,6086000,90826850,14.15,15.1,14.15,15.1,1.35,1448,2017,16.97,1.15,12.1,182.70999999999998,1.391622389041897,0,0
2017-06-06,6161,6151000,90007650,15.0,15.0,14.2,14.6,-0.5,2415,2017,16.4,1.11,12.1,176.66,1.3455421774842184,0,0
2017-06-07,6161,1660000,23899450,14.55,14.75,14.1,14.25,-0.35,691,2017,16.01,1.08,12.1,172.42499999999998,1.313286029393843,0,0
2017-06-08,6161,1599000,23223450,14.4,14.7,14.25,14.55,0.3,576,2017,16.35,1.11,12.1,176.055,1.3409341563284507,0,0
2017-06-09,6161,1431000,21029150,14.9,14.95,14.55,14.55,0.0,577,2017,16.35,1.11,12.1,176.055,1.3409341563284507,0,0
2017-06-12,6161,1417000,20877400,14.55,14.9,14.45,14.85,0.3,518,2017,16.69,1.13,12.1,179.685,1.3685822832630579,0,0
2017-06-13,6161,3483000,52757600,14.85,15.35,14.7,15.25,0.4,1196,2017,17.13,1.16,12.1,184.525,1.4054464525092007,0,0
2017-06-14,6161,7723000,118694600,15.25,15.95,14.7,14.7,-0.55,3058,2017,16.52,1.12,12.1,177.86999999999998,1.354758219795754,0,0
2017-06-15,6161,1734000,25370450,14.55,14.85,14.4,14.85,0.15,698,2017,16.69,1.13,12.1,179.685,1.3685822832630579,0,0
2017-06-16,6161,905000,13519350,14.85,15.05,14.8,14.85,0.0,389,2017,16.69,1.13,12.1,179.685,1.3685822832630579,0,0
2017-06-19,6161,1626000,24475000,15.1,15.15,14.9,15.1,0.25,544,2017,16.97,1.15,12.1,182.70999999999998,1.391622389041897,0,0
2017-06-20,6161,990000,14759300,15.1,15.1,14.75,14.75,-0.35,386,2017,16.57,1.12,12.1,178.475,1.3593662409515221,0,0
2017-06-21,6161,540000,8001850,14.65,15.0,14.65,14.85,0.1,216,2017,16.69,1.13,12.1,179.685,1.3685822832630579,0,0
2017-06-22,6161,562000,8324800,14.9,14.95,14.7,14.75,-0.1,232,2017,16.57,1.12,12.1,178.475,1.3593662409515221,0,0
2017-06-23,6161,2375000,35833950,14.9,15.3,14.7,15.2,0.45,809,2017,17.08,1.16,12.1,183.92,1.4008384313534328,0,0
2017-06-26,6161,1186000,18042000,15.3,15.35,15.1,15.2,0.0,429,2017,17.08,1.16,12.1,183.92,1.4008384313534328,0,0
2017-06-27,6161,1109000,16873500,15.2,15.35,15.1,15.1,-0.1,381,2017,16.97,1.15,12.1,182.70999999999998,1.391622389041897,0,0
2017-06-28,6161,1345000,20463700,15.1,15.35,15.05,15.3,0.2,412,2017,17.19,1.16,12.1,185.13,1.4100544736649687,0,0
2017-06-29,6161,6335000,99792250,15.5,16.05,15.5,15.7,0.4,2028,2017,17.64,1.19,12.1,189.97,1.4469186429111116,0,0
2017-06-30,6161,1805000,28237250,15.5,15.9,15.4,15.9,0.2,700,2017,17.87,1.21,12.1,192.39,1.465350727534183,0,0
2017-07-03,6161,6364000,104256050,16.15,16.75,16.05,16.5,0.6,2324,2017,18.54,1.26,12.1,199.65,1.486495340602133,0,0
2017-07-04,6161,2897000,47854450,16.7,16.9,16.1,16.2,-0.3,1093,2017,18.2,1.23,12.1,196.01999999999998,1.459468152591185,0,0
2017-07-05,6161,1893000,30896700,16.15,16.6,16.05,16.55,0.35,759,2017,18.6,1.26,12.1,200.255,1.490999871937291,0,0
2017-07-06,6161,3345000,55498000,16.6,16.8,16.4,16.5,-0.05,1044,2017,18.54,1.26,12.1,199.65,1.486495340602133,0,0
2017-07-07,6161,2015000,31474100,15.6,15.8,15.45,15.45,0.0,748,2017,17.36,1.18,12.1,186.945,1.3919001825638155,0,0
2017-07-10,6161,1801000,27162750,15.45,15.55,14.8,14.8,-0.65,726,2017,16.63,1.13,12.1,179.08,1.333341275206762,0,0
2017-07-11,6161,878000,13017350,14.85,15.0,14.7,14.75,-0.05,333,2017,16.57,1.12,12.1,178.475,1.3288367438716038,0,0
2017-07-12,6161,820000,12383450,14.8,15.2,14.8,15.1,0.35,369,2017,16.97,1.15,12.1,182.70999999999998,1.3603684632177093,0,0
2017-07-13,6161,987000,14906700,15.3,15.35,14.9,14.95,-0.15,363,2017,16.8,1.14,12.1,180.89499999999998,1.3468548692122355,0,0
2017-07-14,6161,1204000,18398500,15.0,15.45,14.95,15.3,0.35,423,2017,17.19,1.16,12.1,185.13,1.3783865885583415,0,0
2017-07-17,6161,680000,10354350,15.5,15.5,15.05,15.1,-0.2,292,2017,16.97,1.15,12.1,182.70999999999998,1.3603684632177093,0,0
2017-07-18,6161,2705000,42366650,15.4,15.9,15.4,15.7,0.6,1030,2017,17.64,1.19,12.1,189.97,1.4144228392396054,0,0
2017-07-19,6161,2325000,37262500,15.85,16.3,15.65,15.85,0.15,917,2017,17.81,1.21,12.1,191.785,1.4279364332450792,0,0
2017-07-20,6161,1680000,26912150,16.25,16.25,15.9,15.9,0.05,617,2017,17.87,1.21,12.1,192.39,1.4324409645802372,0,0
2017-07-21,6161,714000,11322550,15.95,15.95,15.7,15.85,-0.05,267,2017,17.81,1.21,12.1,191.785,1.4279364332450792,0,0
2017-07-24,6161,532000,8401400,15.9,15.95,15.65,15.65,-0.2,266,2017,17.58,1.19,12.1,189.365,1.4099183079044473,0,0
2017-07-25,6161,1305000,20179200,15.65,15.8,15.35,15.35,-0.3,414,2017,17.25,1.17,12.1,185.73499999999999,1.3828911198934992,0,0
2017-07-26,6161,771000,11784050,15.45,15.45,15.2,15.2,-0.15,279,2017,17.08,1.16,12.1,183.92,1.3693775258880254,0,0
2017-07-27,6161,788000,12278500,15.35,15.7,15.35,15.6,0.4,318,2017,17.53,1.19,12.1,188.76,1.4054137765692893,0,0
2017-07-28,6161,465000,7180100,15.6,15.65,15.3,15.3,-0.3,214,2017,17.19,1.16,12.1,185.13,1.3783865885583415,0,0
2017-07-31,6161,367000,5619450,15.3,15.45,15.2,15.3,0.0,161,2017,17.19,1.16,12.1,185.13,1.3783865885583415,0,0
2017-08-01,6161,586000,9076350,15.3,15.7,15.3,15.4,0.1,209,2017,17.3,1.17,12.1,186.34,1.3873956512286574,0,0
2017-08-02,6161,421000,6510200,15.45,15.55,15.4,15.4,0.0,168,2017,17.3,1.17,12.1,186.34,1.3677073103419928,0,0
2017-08-03,6161,541000,8287250,15.45,15.45,15.25,15.25,-0.15,204,2017,17.13,1.16,12.1,184.525,1.35438548589061,0,0
2017-08-04,6161,486000,7394100,15.25,15.35,15.15,15.15,-0.1,197,2017,17.02,1.15,12.1,183.315,1.3455042695896877,0,0
2017-08-07,6161,452000,6916900,15.2,15.4,15.2,15.3,0.15,173,2017,17.19,1.16,12.1,185.13,1.3588260940410708,0,0
2017-08-08,6161,665000,10117750,15.45,15.55,15.1,15.15,-0.15,276,2017,17.02,1.15,12.1,183.315,1.3455042695896877,0,0
2017-08-09,6161,707000,10771900,15.3,15.45,15.1,15.2,0.05,304,2017,13.22,1.2,12.1,183.92,1.3499448777401486,0,0
2017-08-10,6161,1538000,22789500,15.2,15.3,14.5,14.55,-0.65,506,2017,12.65,1.15,12.1,176.055,1.2922169717841556,0,0
2017-08-11,6161,552000,8066300,14.5,14.8,14.35,14.65,0.1,202,2017,12.74,1.16,12.1,177.265,1.3010981880850774,0,0
2017-08-14,6161,815000,11767900,14.65,14.7,14.2,14.25,-0.4,281,2017,12.39,1.13,12.1,172.42499999999998,1.2655733228813892,0,0
2017-08-15,6161,234000,3375800,14.5,14.6,14.35,14.4,0.15,117,2017,12.52,1.14,12.1,174.24,1.2788951473327725,0,0
2017-08-16,6161,282000,4071550,14.3,14.55,14.25,14.4,0.0,123,2017,12.52,1.14,12.1,174.24,1.2788951473327725,0,0
2017-08-17,6161,219000,3214150,14.55,14.85,14.5,14.65,0.25,130,2017,12.74,1.16,12.1,177.265,1.3010981880850774,0,0
2017-08-18,6161,244000,3569950,14.65,14.85,14.45,14.8,0.15,95,2017,12.87,1.17,12.1,179.08,1.314420012536461,0,0
2017-08-21,6161,281000,4190250,14.8,15.0,14.65,14.95,0.15,150,2017,13.0,1.18,12.1,180.89499999999998,1.3277418369878435,0,0
2017-08-22,6161,385000,5775600,15.0,15.1,14.95,15.0,0.05,142,2017,13.04,1.18,12.1,181.5,1.3321824451383049,0,0
2017-08-23,6161,436000,6553100,15.1,15.15,14.9,14.9,-0.1,161,2017,12.96,1.18,12.1,180.29,1.3233012288373827,0,0
2017-08-24,6161,222000,3325950,15.0,15.1,14.9,14.95,0.05,112,2017,13.0,1.18,12.1,180.89499999999998,1.3277418369878435,0,0
2017-08-25,6161,491000,7429400,15.15,15.25,15.0,15.1,0.15,181,2017,13.13,1.19,12.1,182.70999999999998,1.3410636614392266,0,0
2017-08-28,6161,274000,4136100,15.2,15.2,15.0,15.0,-0.1,100,2017,13.04,1.18,12.1,181.5,1.3321824451383049,0,0
2017-08-29,6161,186000,2800200,15.15,15.15,14.95,15.0,0.0,75,2017,13.04,1.18,12.1,181.5,1.3321824451383049,0,0
2017-08-30,6161,741000,11236400,15.05,15.25,15.05,15.25,0.25,212,2017,13.26,1.2,12.1,184.525,1.35438548589061,0,0
2017-08-31,6161,413000,6271950,15.3,15.35,15.1,15.15,-0.1,169,2017,13.17,1.2,12.1,183.315,1.3455042695896877,0,0
2017-09-01,6161,266000,4034150,15.1,15.25,15.1,15.1,-0.05,120,2017,13.13,1.19,12.1,182.70999999999998,1.3410636614392266,0,0
2017-09-04,6161,401000,6012200,15.1,15.1,14.9,15.0,-0.1,148,2017,13.04,1.18,12.1,181.5,1.319123142870848,0,0
2017-09-05,6161,406000,6108800,15.15,15.15,14.95,15.0,0.0,134,2017,13.04,1.18,12.1,181.5,1.319123142870848,0,0
2017-09-06,6161,425000,6298350,15.0,15.0,14.7,14.8,-0.2,177,2017,12.87,1.17,12.1,179.08,1.301534834299237,0,0
2017-09-07,6161,319000,4708700,14.75,14.85,14.7,14.75,-0.05,136,2017,12.83,1.17,12.1,178.475,1.2971377571563338,0,0
2017-09-08,6161,425000,6297850,14.75,15.0,14.65,14.75,0.0,152,2017,12.83,1.17,12.1,178.475,1.2971377571563338,0,0
2017-09-11,6161,320000,4770650,14.9,15.0,14.85,14.95,0.2,138,2017,13.0,1.18,12.1,180.89499999999998,1.314726065727945,0,0
2017-09-12,6161,350000,5220350,15.05,15.05,14.85,14.9,-0.05,133,2017,12.96,1.18,12.1,180.29,1.3103289885850424,0,0
2017-09-13,6161,583000,8775100,14.9,15.15,14.85,15.0,0.1,224,2017,13.04,1.18,12.1,181.5,1.319123142870848,0,0
2017-09-14,6161,312000,4688850,15.1,15.1,14.95,15.05,0.05,100,2017,13.09,1.19,12.1,182.105,1.3235202200137508,0,0
2017-09-15,6161,340000,5094950,15.1,15.1,14.9,14.9,-0.15,120,2017,12.96,1.18,12.1,180.29,1.3103289885850424,0,0
2017-09-18,6161,607000,9094050,14.95,15.1,14.9,15.1,0.2,175,2017,13.13,1.19,12.1,182.70999999999998,1.3279172971566535,0,0
2017-09-19,6161,4269000,67406600,15.25,16.3,15.25,15.55,0.45,1747,2017,13.52,1.23,12.1,188.155,1.367490991442779,0,0
2017-09-20,6161,973000,14931600,15.45,15.6,15.15,15.55,0.0,444,2017,13.52,1.23,12.1,188.155,1.367490991442779,0,0
2017-09-21,6161,572000,8862350,15.6,15.65,15.4,15.5,-0.05,248,2017,13.48,1.22,12.1,187.54999999999998,1.3630939142998761,0,0
2017-09-22,6161,633000,9524950,15.35,15.4,14.8,14.95,-0.55,329,2017,13.0,1.18,12.1,180.89499999999998,1.314726065727945,0,0
2017-09-25,6161,1369000,19842850,14.85,14.9,14.25,14.25,-0.7,424,2017,12.39,1.13,12.1,172.42499999999998,1.2531669857273056,0,0
2017-09-26,6161,939000,13357800,14.15,14.4,14.1,14.15,-0.1,277,2017,12.3,1.12,12.1,171.215,1.2443728314415,0,0
2017-09-27,6161,432000,6126100,14.05,14.3,14.05,14.2,0.05,161,2017,12.35,1.12,12.1,171.82,1.2487699085844028,0,0
2017-09-28,6161,269000,3822150,14.2,14.3,14.1,14.2,0.0,72,2017,12.35,1.12,12.1,171.82,1.2487699085844028,0,0
2017-09-29,6161,281000,3968400,14.2,14.2,14.05,14.15,-0.05,100,2017,12.3,1.12,12.1,171.215,1.2443728314415,0,0
2017-10-02,6161,358000,5161950,14.35,14.6,14.3,14.55,0.25,157,2017,12.65,1.15,12.1,176.055,1.2987257284239133,0,0
2017-10-03,6161,286000,4150650,14.55,14.6,14.4,14.55,0.0,116,2017,12.65,1.15,12.1,176.055,1.2987257284239133,0,0
2017-10-05,6161,167000,2434450,14.55,14.65,14.5,14.65,0.1,70,2017,12.74,1.16,12.1,177.265,1.3076516784474452,0,0
2017-10-06,6161,115000,1668200,14.6,14.6,14.45,14.55,-0.1,65,2017,12.65,1.15,12.1,176.055,1.2987257284239133,0,0
2017-10-11,6161,1071000,15028650,14.35,14.35,13.8,13.9,-0.65,374,2017,12.09,1.1,12.1,168.19,1.240707053270955,0,0
2017-10-12,6161,319000,4429700,14.0,14.0,13.8,13.9,0.0,132,2017,12.09,1.1,12.1,168.19,1.240707053270955,0,0
2017-10-13,6161,400000,5623400,13.9,14.25,13.8,14.2,0.3,137,2017,12.35,1.12,12.1,171.82,1.2674849033415512,0,0
2017-10-16,6161,539000,7675100,14.2,14.4,13.9,14.4,0.2,228,2017,12.52,1.14,12.1,174.24,1.2853368033886152,0,0
2017-10-17,6161,315000,4537000,14.4,14.5,14.25,14.45,0.05,144,2017,12.57,1.14,12.1,174.845,1.2897997784003812,0,0
2017-10-18,6161,144000,2071100,14.45,14.5,14.3,14.35,-0.1,66,2017,12.48,1.13,12.1,173.635,1.2808738283768493,0,0
2017-10-19,6161,79000,1136300,14.3,14.5,14.3,14.4,0.05,42,2017,12.52,1.14,12.1,174.24,1.2853368033886152,0,0
2017-10-20,6161,190000,2704800,14.35,14.35,14.15,14.15,-0.25,79,2017,12.3,1.12,12.1,171.215,1.263021928329785,0,0
2017-10-23,6161,195000,2759600,14.05,14.2,14.05,14.2,0.05,84,2017,12.35,1.12,12.1,171.82,1.2674849033415512,0,0
2017-10-24,6161,281000,3954650,14.2,14.2,14.0,14.05,-0.15,121,2017,12.22,1.11,12.1,170.005,1.254095978306253,0,0
2017-10-25,6161,266000,3752900,14.0,14.3,14.0,14.05,0.0,101,2017,12.22,1.11,12.1,170.005,1.254095978306253,0,0
2017-10-26,6161,164000,2324350,14.05,14.25,14.05,14.25,0.2,63,2017,12.39,1.13,12.1,172.42499999999998,1.271947878353317,0,0
2017-10-27,6161,342000,4805650,14.25,14.25,13.85,14.0,-0.25,140,2017,12.17,1.11,12.1,169.4,1.249633003294487,0,0
2017-10-30,6161,166000,2320150,14.1,14.1,13.9,13.9,-0.1,74,2017,12.09,1.1,12.1,168.19,1.240707053270955,0,0
2017-10-31,6161,163000,2285200,14.1,14.1,13.9,14.1,0.2,78,2017,12.26,1.11,12.1,170.60999999999999,1.2585589533180188,0,0
2017-11-01,6161,222000,3125650,14.2,14.25,14.0,14.0,-0.1,120,2017,12.17,1.11,12.1,169.4,1.249633003294487,0,0
2017-11-02,6161,182000,2560400,14.1,14.15,14.0,14.1,0.1,76,2017,12.26,1.11,12.1,170.60999999999999,1.2488087238742713,0,0
2017-11-03,6161,179000,2539700,14.2,14.25,14.1,14.25,0.15,94,2017,12.39,1.13,12.1,172.42499999999998,1.2620939230644233,0,0
2017-11-06,6161,215000,3042500,14.25,14.25,14.1,14.2,-0.05,67,2017,12.35,1.12,12.1,171.82,1.2576655233343728,0,0
2017-11-07,6161,1214000,17858300,14.35,14.95,14.35,14.8,0.6,523,2017,12.87,1.17,12.1,179.08,1.3108063200949802,0,0
2017-11-08,6161,510000,7524950,14.75,14.85,14.55,14.7,-0.1,200,2017,12.78,1.16,12.1,177.86999999999998,1.3019495206348786,0,0
2017-11-09,6161,1125000,16843100,14.8,15.2,14.65,14.7,0.0,431,2017,12.78,1.16,12.1,177.86999999999998,1.3019495206348786,0,0
2017-11-10,6161,307000,4503600,14.7,14.75,14.55,14.7,0.0,119,2017,12.78,1.16,12.1,177.86999999999998,1.3019495206348786,0,0
2017-11-13,6161,447000,6598000,14.9,14.9,14.7,14.7,0.0,182,2017,12.78,1.16,12.1,177.86999999999998,1.3019495206348786,0,0
2017-11-14,6161,838000,12285050,14.9,14.9,14.45,14.5,-0.2,247,2017,10.98,1.1,12.1,175.45,1.2842359217146764,0,0
2017-11-15,6161,199000,2884550,14.5,14.65,14.35,14.35,-0.15,112,2017,10.87,1.09,12.1,173.635,1.2709507225245245,0,0
2017-11-16,6161,260000,3767300,14.4,14.65,14.4,14.45,0.1,91,2017,10.95,1.1,12.1,174.845,1.2798075219846257,0,0
2017-11-17,6161,393000,5697950,14.65,14.7,14.4,14.5,0.05,136,2017,10.98,1.1,12.1,175.45,1.2842359217146764,0,0
2017-11-20,6161,358000,5245450,14.6,14.8,14.55,14.6,0.1,161,2017,11.06,1.11,12.1,176.66,1.2930927211747776,0,0
2017-11-21,6161,260000,3801000,14.6,14.75,14.55,14.55,-0.05,94,2017,11.02,1.11,12.1,176.055,1.288664321444727,0,0
2017-11-22,6161,767000,11401450,14.6,15.05,14.6,14.75,0.2,281,2017,11.17,1.12,12.1,178.475,1.3063779203649295,0,0
2017-11-23,6161,367000,5448850,14.75,14.95,14.75,14.85,0.1,140,2017,11.25,1.13,12.1,179.685,1.3152347198250307,0,0
2017-11-24,6161,535000,8025400,14.95,15.05,14.95,15.05,0.2,239,2017,11.4,1.15,12.1,182.105,1.3329483187452331,0,0
2017-11-27,6161,3285000,51178300,15.2,16.0,15.15,15.25,0.2,1232,2017,11.55,1.16,12.1,184.525,1.3506619176654355,0,0
2017-11-28,6161,508000,7772550,15.3,15.5,15.15,15.4,0.15,217,2017,11.67,1.17,12.1,186.34,1.3639471168555872,0,0
2017-11-29,6161,458000,7039150,15.7,15.7,15.25,15.25,-0.15,211,2017,11.55,1.16,12.1,184.525,1.3506619176654355,0,0
2017-11-30,6161,389000,5948750,15.25,15.45,15.2,15.3,0.05,146,2017,11.59,1.17,12.1,185.13,1.355090317395486,0,0
2017-12-01,6161,601000,9037600,15.4,15.4,14.85,14.9,-0.4,243,2017,11.29,1.13,12.1,180.29,1.3196631195550812,0,0
2017-12-04,6161,204000,3041750,14.9,15.0,14.85,14.85,-0.05,93,2017,11.25,1.13,12.1,179.685,1.3270434445449677,0,0
2017-12-05,6161,229000,3377250,15.0,15.0,14.6,14.7,-0.15,117,2017,11.14,1.12,12.1,177.86999999999998,1.3136389653071396,0,0
2017-12-06,6161,387000,5622550,14.7,14.7,14.45,14.65,-0.05,129,2017,11.1,1.12,12.1,177.265,1.309170805561197,0,0
2017-12-07,6161,218000,3168450,14.7,14.7,14.45,14.45,-0.2,96,2017,10.95,1.1,12.1,174.845,1.2912981665774266,0,0
2017-12-08,6161,1759000,24179350,14.0,14.1,13.4,13.95,-0.5,613,2017,10.57,1.06,12.1,168.795,1.2466165691179998,0,0
2017-12-11,6161,264000,3671350,13.85,14.0,13.75,14.0,0.05,93,2017,10.61,1.07,12.1,169.4,1.2510847288639426,0,0
2017-12-12,6161,233000,3242400,14.0,14.15,13.8,13.95,-0.05,99,2017,10.57,1.06,12.1,168.795,1.2466165691179998,0,0
2017-12-13,6161,132000,1833350,13.9,14.0,13.85,14.0,0.05,59,2017,10.61,1.07,12.1,169.4,1.2510847288639426,0,0
2017-12-14,6161,239000,3353100,14.0,14.1,13.9,14.05,0.05,94,2017,10.64,1.07,12.1,170.005,1.2555528886098852,0,0
2017-12-15,6161,134000,1864900,13.95,14.0,13.85,13.9,-0.15,50,2017,10.53,1.06,12.1,168.19,1.2421484093720574,0,0
2017-12-18,6161,154000,2140800,13.9,14.0,13.8,13.95,0.05,63,2017,10.57,1.06,12.1,168.795,1.2466165691179998,0,0
2017-12-19,6161,247000,3409750,13.85,13.9,13.75,13.8,-0.15,93,2017,10.45,1.05,12.1,166.98,1.2332120898801722,0,0
2017-12-20,6161,399000,5488450,13.95,14.0,13.65,13.75,-0.05,138,2017,10.42,1.05,12.1,166.375,1.2287439301342293,0,0
2017-12-21,6161,248000,3427050,13.75,13.9,13.75,13.75,0.0,87,2017,10.42,1.05,12.1,166.375,1.2287439301342293,0,0
2017-12-22,6161,93000,1286400,13.8,13.85,13.8,13.85,0.1,40,2017,10.49,1.05,12.1,167.58499999999998,1.2376802496261146,0,0
2017-12-25,6161,166000,2312050,13.85,14.0,13.85,13.95,0.1,75,2017,10.57,1.06,12.1,168.795,1.2466165691179998,0,0
2017-12-26,6161,279000,3868350,13.95,13.95,13.8,13.8,-0.15,88,2017,10.45,1.05,12.1,166.98,1.2332120898801722,0,0
2017-12-27,6161,170000,2359800,13.8,13.95,13.8,13.95,0.15,54,2017,10.57,1.06,12.1,168.795,1.2466165691179998,0,0
2017-12-28,6161,218000,3055300,13.95,14.05,13.95,14.05,0.1,80,2017,10.64,1.07,12.1,170.005,1.2555528886098852,0,0
2017-12-29,6161,89000,1245500,14.05,14.05,13.95,14.0,-0.05,56,2017,10.61,1.07,12.1,169.4,1.2510847288639426,0,0
2018-01-02,6161,251000,3541200,14.0,14.25,14.0,14.1,0.1,64,2018,10.68,1.07,8.32,117.312,0.8784605972471726,0,0
2018-01-03,6161,257000,3620550,14.2,14.2,14.05,14.05,-0.05,79,2018,10.64,1.07,8.32,116.89600000000002,0.8753454887462963,0,0
2018-01-04,6161,241000,3391800,14.1,14.2,14.0,14.1,0.05,99,2018,10.68,1.07,8.32,117.312,0.8784605972471726,0,0
2018-01-05,6161,237000,3332650,14.1,14.15,14.0,14.0,-0.1,84,2018,10.61,1.07,8.32,116.48,0.8722303802454197,0,0
2018-01-08,6161,1686000,24515250,14.15,15.15,14.0,14.65,0.65,616,2018,11.1,1.12,8.32,121.888,0.9127267907568141,0,0
2018-01-09,6161,657000,9365200,14.35,14.35,14.15,14.2,-0.45,249,2018,10.76,1.08,8.32,118.14399999999999,0.8846908142489256,0,0
2018-01-10,6161,304000,4296150,14.2,14.25,14.1,14.1,-0.1,100,2018,10.68,1.07,8.32,117.312,0.8784605972471726,0,0
2018-01-11,6161,440000,6154100,14.15,14.15,13.85,14.0,-0.1,131,2018,10.61,1.07,8.32,116.48,0.8722303802454197,0,0
2018-01-12,6161,489000,6849450,14.05,14.1,13.95,13.95,-0.05,123,2018,10.57,1.06,8.32,116.064,0.8691152717445432,0,0
2018-01-15,6161,175000,2467750,14.1,14.15,14.0,14.15,0.2,77,2018,10.72,1.08,8.32,117.72800000000001,0.8815757057480491,0,0
2018-01-16,6161,240000,3390700,14.2,14.2,14.1,14.2,0.05,59,2018,10.76,1.08,8.32,118.14399999999999,0.8846908142489256,0,0
2018-01-17,6161,208000,2960250,14.25,14.3,14.15,14.2,0.0,83,2018,10.76,1.08,8.32,118.14399999999999,0.8846908142489256,0,0
2018-01-18,6161,270000,3857800,14.3,14.35,14.25,14.25,0.05,92,2018,10.8,1.09,8.32,118.56,0.8878059227498021,0,0
2018-01-19,6161,489000,7015800,14.25,14.45,14.2,14.3,0.05,143,2018,10.83,1.09,8.32,118.97600000000001,0.8909210312506788,0,0
2018-01-22,6161,330000,4739150,14.45,14.5,14.2,14.3,0.0,102,2018,10.83,1.09,8.32,118.97600000000001,0.8909210312506788,0,0
2018-01-23,6161,165000,2367850,14.45,14.45,14.25,14.25,-0.05,54,2018,10.8,1.09,8.32,118.56,0.8878059227498021,0,0
2018-01-24,6161,3340000,49755700,14.35,15.25,14.3,14.7,0.45,1179,2018,11.14,1.12,8.32,122.304,0.9158418992576907,0,0
2018-01-25,6161,973000,14292850,14.7,15.0,14.45,14.6,-0.1,351,2018,11.06,1.11,8.32,121.472,0.9096116822559376,0,0
2018-01-26,6161,3241000,49031700,14.55,15.55,14.55,14.95,0.35,1193,2018,11.33,1.14,8.32,124.384,0.9314174417620731,0,0
2018-01-29,6161,1462000,21888250,14.9,15.2,14.75,14.85,-0.1,421,2018,11.25,1.13,8.32,123.552,0.9251872247603201,0,0
2018-01-30,6161,1388000,20232000,14.85,14.95,14.4,14.4,-0.45,295,2018,10.91,1.1,8.32,119.808,0.8971512482524316,0,0
2018-01-31,6161,277000,3995900,14.35,14.6,14.3,14.4,0.0,156,2018,10.91,1.1,8.32,119.808,0.8971512482524316,0,0
2018-02-01,6161,290000,4202750,14.4,14.65,14.4,14.5,0.1,117,2018,10.98,1.1,8.32,120.64,0.9033814652541846,0,0
2018-02-02,6161,291000,4237100,14.5,14.7,14.4,14.55,0.05,109,2018,11.02,1.11,8.32,121.05600000000001,0.912996947777353,0,0
2018-02-05,6161,281000,4001600,14.35,14.35,14.1,14.3,-0.25,132,2018,10.83,1.09,8.32,118.97600000000001,0.8973097149976735,0,0
2018-02-06,6161,1197000,16017300,13.8,13.9,12.9,13.05,-1.25,478,2018,9.89,0.99,8.32,108.57600000000001,0.8188735510992753,0,0
2018-02-07,6161,396000,5329800,13.3,13.7,13.3,13.45,0.4,152,2018,10.19,1.02,8.32,111.904,0.8439731235467627,0,0
2018-02-08,6161,333000,4475450,13.45,13.6,13.35,13.45,0.0,111,2018,10.19,1.02,8.32,111.904,0.8439731235467627,0,0
2018-02-09,6161,318000,4160350,13.2,13.25,12.9,13.15,-0.3,130,2018,9.96,1.0,8.32,109.408,0.8251484442111472,0,0
2018-02-12,6161,203000,2699600,13.2,13.45,13.2,13.3,0.15,91,2018,10.08,1.01,8.32,110.656,0.8345607838789549,0,0
2018-02-21,6161,323000,4421750,13.55,13.85,13.5,13.7,0.4,134,2018,10.38,1.04,8.32,113.984,0.8596603563264422,0,0
2018-02-22,6161,5013000,74220700,13.8,15.05,13.8,14.65,0.95,1643,2018,11.1,1.12,8.32,121.888,0.9192718408892248,0,0
2018-02-23,6161,8701000,138771400,14.9,16.1,14.9,16.1,1.45,2093,2018,12.2,1.23,8.32,133.95200000000003,1.0102577910113666,0,0
2018-02-26,6161,11974000,191996050,16.7,16.9,15.3,15.45,-0.65,4540,2018,11.7,1.18,8.32,128.544,0.9694709857841994,0,0
2018-02-27,6161,3824000,57927950,15.3,15.65,14.9,15.05,-0.4,1506,2018,11.4,1.15,8.32,125.21600000000001,0.9443714133367122,0,0
2018-03-01,6161,2263000,34383800,14.85,15.45,14.8,15.0,-0.05,996,2018,11.36,1.14,8.32,124.80000000000001,0.9412339667807762,0,0
2018-03-02,6161,1867000,28532750,15.05,15.55,14.95,15.35,0.35,788,2018,11.63,1.17,8.32,127.712,0.9721498020487065,0,0
2018-03-05,6161,12993000,214943250,15.55,16.85,15.55,16.85,1.5,3902,2018,12.77,1.28,8.32,140.192,1.0671481540404366,0,0
2018-03-06,6161,15494000,265116650,17.15,17.45,16.65,17.3,0.45,5873,2018,13.11,1.32,8.32,143.936,1.0956476596379559,0,0
2018-03-07,6161,17626000,317827150,17.3,18.8,17.1,17.25,-0.05,6935,2018,13.07,1.31,8.32,143.52,1.092481047904898,0,0
2018-03-08,6161,11584000,189606850,17.3,17.45,15.55,15.7,-1.55,4198,2018,11.89,1.2,8.32,130.624,0.9943160841801102,0,0
2018-03-09,6161,2790000,43618150,15.7,15.9,15.35,15.7,0.0,1391,2018,11.89,1.2,8.32,130.624,0.9943160841801102,0,0
2018-03-12,6161,3291000,50028500,15.7,15.7,14.95,15.15,-0.55,1400,2018,11.48,1.15,8.32,126.048,0.9594833551164758,0,0
2018-03-13,6161,1785000,27608400,15.4,15.7,15.3,15.3,0.15,799,2018,11.59,1.17,8.32,127.296,0.9689831903156487,0,0
2018-03-14,6161,1083000,16538000,15.2,15.5,15.1,15.2,-0.1,507,2018,11.52,1.16,8.32,126.464,0.9626499668495334,0,0
2018-03-15,6161,1553000,23995700,15.2,15.6,15.15,15.4,0.2,633,2018,11.67,1.17,8.32,128.12800000000001,0.9753164137817643,0,0
2018-03-16,6161,815000,12516450,15.5,15.55,15.25,15.3,-0.1,318,2018,11.59,1.17,8.32,127.296,0.9689831903156487,0,0
2018-03-19,6161,3501000,56053700,15.3,16.35,15.3,15.75,0.45,1747,2018,11.93,1.2,8.32,131.04,0.9974826959131678,0,0
2018-03-20,6161,3460000,56123000,15.8,16.45,15.8,16.3,0.55,1585,2018,12.35,1.24,8.32,135.616,1.0323154249768025,0,0
2018-03-21,6161,2531000,40964750,16.5,16.55,15.9,16.0,-0.3,1060,2018,12.12,1.22,8.32,133.12,1.0133157545784561,0,0
2018-03-22,6161,1990000,31662850,16.05,16.3,15.4,15.5,-0.5,815,2018,11.74,1.18,8.32,128.96,0.9816496372478795,0,0
2018-03-23,6161,2113000,31816150,14.95,15.2,14.85,15.05,-0.45,748,2018,11.4,1.15,8.32,125.21600000000001,0.9531501316503604,0,0
2018-03-26,6161,3639000,57809400,15.3,16.2,15.2,16.2,1.15,1411,2018,12.27,1.23,8.32,134.784,1.025982201510687,0,0
2018-03-27,6161,1610000,28658000,17.8,17.8,17.8,17.8,1.6,451,2018,13.48,1.36,8.32,148.096,1.1273137769685326,0,0
2018-03-28,6161,13139000,256867450,19.55,19.55,19.55,19.55,1.75,3496,2018,14.81,1.49,8.32,162.656,1.2381451876255511,0,0
2018-03-29,6161,24794000,495913200,20.0,20.5,19.45,20.1,0.55,8290,2018,15.23,1.53,8.32,167.23200000000003,1.272977916689186,0,0
2018-03-30,6161,19674000,416039800,19.95,21.9,19.9,21.5,1.4,8163,2018,16.29,1.64,8.32,178.88,1.3616430452148005,0,0
2018-04-02,6161,6096000,130425300,21.4,21.75,21.05,21.05,-0.5,2304,2018,11.63,1.54,8.32,175.13600000000002,1.3479558921887738,0,0
2018-04-03,6161,5562000,116051650,20.8,22.0,20.25,21.7,0.65,2479,2018,11.99,1.58,8.32,180.544,1.3895792332777381,0,0
2018-04-09,6161,6486000,141547400,22.0,22.6,21.1,21.1,-0.6,2828,2018,11.66,1.54,8.32,175.55200000000002,1.3511576876571556,0,0
2018-04-10,6161,4359000,89702400,21.25,21.35,20.05,20.2,-0.9,1846,2018,11.16,1.47,8.32,168.064,1.2935253692262816,0,0
2018-04-11,6161,4062000,82065900,20.4,20.75,19.65,20.5,0.3,1527,2018,11.33,1.5,8.32,170.56,1.3127361420365729,0,0
2018-04-12,6161,2606000,53620950,20.7,21.0,20.25,20.25,-0.25,1141,2018,11.19,1.48,8.32,168.48000000000002,1.2967271646946636,0,0
2018-04-13,6161,1733000,35050800,20.6,20.65,20.0,20.2,-0.05,726,2018,11.16,1.47,8.32,168.064,1.2935253692262816,0,0
2018-04-16,6161,1552000,30994400,20.1,20.2,19.75,20.2,0.0,703,2018,11.16,1.47,8.32,168.064,1.2935253692262816,0,0
2018-04-17,6161,1213000,24164150,20.3,20.3,19.8,19.8,-0.4,508,2018,10.94,1.44,8.32,164.73600000000002,1.2679110054792266,0,0
2018-04-18,6161,1631000,32749400,19.9,20.35,19.85,20.15,0.35,705,2018,11.13,1.47,8.32,167.648,1.2903235737578995,0,0
2018-04-19,6161,6403000,134041100,20.5,21.5,20.5,20.7,0.55,2837,2018,11.44,1.51,8.32,172.224,1.3255433239101004,0,0
2018-04-20,6161,1918000,38970000,20.4,20.65,20.15,20.15,-0.55,927,2018,11.13,1.47,8.32,167.648,1.2903235737578995,0,0
2018-04-23,6161,1392000,28097150,20.2,20.4,19.95,20.15,0.0,551,2018,11.13,1.47,8.32,167.648,1.2903235737578995,0,0
2018-04-24,6161,2262000,44363500,20.1,20.3,19.15,19.65,-0.5,961,2018,10.86,1.43,8.32,163.488,1.2583056190740807,0,0
2018-04-25,6161,1172000,22756900,19.35,19.8,19.2,19.65,0.0,537,2018,10.86,1.43,8.32,163.488,1.2583056190740807,0,0
2018-04-26,6161,1709000,32727050,19.8,19.85,18.5,18.5,-1.15,803,2018,10.22,1.35,8.32,153.92000000000002,1.1846643233012977,0,0
2018-04-27,6161,1142000,21498550,18.7,19.05,18.6,18.8,0.3,486,2018,10.39,1.37,8.32,156.41600000000003,1.203875096111589,0,0
2018-04-30,6161,710000,13324850,19.1,19.1,18.6,18.65,-0.15,343,2018,10.3,1.36,8.32,155.168,1.194269709706443,0,0
2018-05-02,6161,387000,7256750,18.7,18.9,18.6,18.8,0.15,200,2018,10.39,1.37,8.32,156.41600000000003,1.1872308320543825,0,0
2018-05-03,6161,373000,6969800,18.8,18.85,18.6,18.7,-0.1,193,2018,10.33,1.36,8.32,155.584,1.1809157744370717,0,0
2018-05-04,6161,945000,17499300,18.7,19.0,18.2,18.3,-0.4,507,2018,10.11,1.33,8.32,152.256,1.1556555439678295,0,0
2018-05-07,6161,410000,7517200,18.5,18.5,18.15,18.45,0.15,237,2018,10.19,1.35,8.32,153.504,1.1651281303937955,0,0
2018-05-08,6161,480000,9025500,18.5,19.1,18.35,18.9,0.45,283,2018,10.44,1.38,8.32,157.248,1.1935458896716928,0,0
2018-05-09,6161,1334000,25914500,19.2,19.65,19.15,19.4,0.5,629,2018,10.72,1.42,8.32,161.408,1.2251211777582454,0,0
2018-05-10,6161,623000,12109250,19.7,19.7,19.3,19.3,-0.1,268,2018,10.66,1.41,8.32,160.57600000000002,1.2188061201409353,0,0
2018-05-11,6161,875000,16948550,19.4,19.6,19.05,19.05,-0.25,354,2018,10.52,1.39,8.32,158.496,1.2030184760976588,0,0
2018-05-14,6161,5463000,112257950,19.05,20.95,19.05,20.7,1.65,2219,2018,11.44,1.51,8.32,172.224,1.3072169267832827,0,0
2018-05-15,6161,6676000,140242650,21.35,21.5,20.35,20.95,0.25,2265,2018,10.07,1.47,8.32,174.304,1.323004570826559,0,0
2018-05-16,6161,1952000,40240100,20.7,21.0,20.35,20.4,-0.55,787,2018,9.81,1.43,8.32,169.72799999999998,1.2882717539313508,0,0
2018-05-17,6161,1125000,22993300,20.7,20.7,20.25,20.55,0.15,485,2018,9.88,1.44,8.32,170.976,1.2977443403573168,0,0
2018-05-18,6161,1118000,22984750,20.65,20.95,20.25,20.25,-0.3,586,2018,9.74,1.42,8.32,168.48000000000002,1.2787991675053854,0,0
2018-05-21,6161,1146000,23121500,20.45,20.45,20.1,20.1,-0.15,476,2018,9.66,1.41,8.32,167.23200000000003,1.2693265810794196,0,0
2018-05-22,6161,4080000,85302300,20.55,21.35,20.35,20.9,0.8,1729,2018,10.05,1.46,8.32,173.888,1.3198470420179038,0,0
2018-05-23,6161,2176000,45825150,21.0,21.4,20.7,21.2,0.3,927,2018,10.19,1.48,8.32,176.384,1.3387922148698352,0,0
2018-05-24,6161,2437000,51803050,21.15,21.55,20.85,21.2,0.0,1116,2018,10.19,1.48,8.32,176.384,1.3387922148698352,0,0
2018-05-25,6161,2692000,57421050,21.7,21.75,20.9,21.0,-0.2,1218,2018,10.1,1.47,8.32,174.72,1.3261620996352144,0,0
2018-05-28,6161,1168000,24458400,21.15,21.15,20.8,20.8,-0.2,529,2018,10.0,1.46,8.32,173.056,1.3135319844005933,0,0
2018-05-29,6161,1963000,40103700,20.8,20.85,20.2,20.25,-0.55,771,2018,9.74,1.42,8.32,168.48000000000002,1.2787991675053854,0,0
2018-05-30,6161,1140000,23014250,20.0,20.65,19.9,20.5,0.25,504,2018,9.86,1.44,8.32,170.56,1.2945868115486616,0,0
2018-05-31,6161,754000,15414600,20.7,20.7,20.3,20.3,-0.2,364,2018,9.76,1.42,8.32,168.89600000000002,1.2819566963140407,0,0
2018-06-01,6161,676000,13869250,20.25,20.65,20.25,20.55,0.25,330,2018,9.88,1.44,8.32,170.976,1.2977443403573168,0,0
2018-06-04,6161,9798000,216523000,20.8,22.6,20.75,22.6,2.05,3996,2018,10.87,1.58,8.32,188.032,1.42323843664185,0,0
2018-06-05,6161,10284000,234488950,23.05,23.7,21.7,21.85,-0.75,4535,2018,10.5,1.53,8.32,181.79200000000003,1.3760070725940012,0,0
2018-06-06,6161,3162000,69617750,21.9,22.6,21.3,22.4,0.55,1425,2018,10.77,1.57,8.32,186.368,1.4106434062290902,0,0
2018-06-07,6161,3232000,73322200,22.95,23.4,22.25,22.3,-0.1,1428,2018,10.72,1.56,8.32,185.536,1.4043458910227105,0,0
2018-06-08,6161,2344000,51460200,22.35,22.55,21.65,21.65,-0.65,1017,2018,10.41,1.52,8.32,180.128,1.363412042181241,0,0
2018-06-11,6161,1634000,35238900,21.65,21.95,21.35,21.45,-0.2,693,2018,10.31,1.5,8.32,178.464,1.3508170117684815,0,0
2018-06-12,6161,1540000,33067950,21.5,21.9,21.25,21.5,0.05,686,2018,10.34,1.51,8.32,178.88,1.3539657693716716,0,0
2018-06-13,6161,1969000,41689900,21.6,21.65,20.85,20.9,-0.6,844,2018,10.05,1.46,8.32,173.888,1.3161806781333922,0,0
2018-06-14,6161,1352000,28856350,20.9,21.65,20.9,21.55,0.65,679,2018,10.36,1.51,8.32,179.29600000000002,1.3571145269748617,0,0
2018-06-15,6161,4286000,95046250,21.85,22.5,21.8,21.85,0.3,1727,2018,10.5,1.53,8.32,181.79200000000003,1.3760070725940012,0,0
2018-06-19,6161,999000,21422250,21.6,21.85,21.25,21.25,-0.6,524,2018,10.22,1.49,8.32,176.8,1.338221981355722,0,0
2018-06-20,6161,1655000,34608450,21.3,21.45,20.5,20.85,-0.4,714,2018,10.02,1.46,8.32,173.472,1.3130319205302023,0,0
2018-06-21,6161,800000,16728100,20.75,21.1,20.75,20.95,0.1,332,2018,10.07,1.47,8.32,174.304,1.3193294357365821,0,0
2018-06-22,6161,811000,16801800,21.0,21.0,20.6,20.7,-0.25,308,2018,9.95,1.45,8.32,172.224,1.3035856477206325,0,0
2018-06-25,6161,1308000,26844000,20.85,20.9,20.35,20.4,-0.3,369,2018,9.81,1.43,8.32,169.72799999999998,1.2846931021014927,0,0
2018-06-26,6161,1045000,20903950,20.2,20.35,19.8,19.95,-0.45,481,2018,9.59,1.4,8.32,165.984,1.2563542836727835,0,0
2018-06-27,6161,732000,14678450,20.15,20.2,19.95,19.95,0.0,256,2018,9.59,1.4,8.32,165.984,1.2563542836727835,0,0
2018-06-28,6161,511000,10199000,19.9,20.15,19.85,20.0,0.05,232,2018,9.62,1.4,8.32,166.4,1.2595030412759736,0,0
2018-06-29,6161,651000,13296000,20.1,20.6,20.1,20.4,0.4,294,2018,9.81,1.43,8.32,169.72799999999998,1.2846931021014927,0,0
2018-07-02,6161,415000,8441350,20.5,20.5,20.05,20.4,0.0,191,2018,9.81,1.43,8.32,169.72799999999998,1.274985633425104,0,0
2018-07-03,6161,852000,17087300,20.4,20.4,19.8,20.05,-0.35,378,2018,9.64,1.4,8.32,166.816,1.2531108799104578,0,0
2018-07-04,6161,811000,16416800,20.05,20.55,20.05,20.05,0.0,366,2018,9.64,1.4,8.32,166.816,1.2531108799104578,0,0
2018-07-05,6161,1016000,20180400,20.25,20.35,19.4,19.4,-0.65,474,2018,9.33,1.36,8.32,161.408,1.2124863376689714,0,0
2018-07-06,6161,1554000,29699150,19.55,19.75,18.8,19.05,-0.35,709,2018,9.16,1.33,8.32,158.496,1.1906115841543252,0,0
2018-07-09,6161,568000,10259400,18.1,18.25,17.85,17.9,0.0,264,2018,8.61,1.25,8.32,148.928,1.1187373940347727,0,0
2018-07-10,6161,313000,5676850,18.1,18.25,17.95,18.25,0.35,176,2018,8.77,1.28,8.32,151.84,1.140612147549419,0,0
2018-07-11,6161,241000,4429550,18.35,18.5,18.1,18.5,0.25,158,2018,8.89,1.3,8.32,153.92000000000002,1.1562369714884524,0,0
2018-07-12,6161,323000,5964650,18.5,18.6,18.35,18.6,0.1,162,2018,8.94,1.3,8.32,154.752,1.1624869010640655,0,0
2018-07-13,6161,429000,8083850,18.7,18.95,18.65,18.8,0.2,209,2018,9.04,1.32,8.32,156.41600000000003,1.1749867602152921,0,0
2018-07-16,6161,335000,6264450,18.8,18.95,18.5,18.6,-0.2,165,2018,8.94,1.3,8.32,154.752,1.1624869010640655,0,0
2018-07-17,6161,460000,8640200,18.7,18.9,18.7,18.85,0.25,180,2018,9.06,1.32,8.32,156.83200000000002,1.1781117250030988,0,0
2018-07-18,6161,453000,8552400,18.95,19.0,18.75,18.8,-0.05,174,2018,9.04,1.32,8.32,156.41600000000003,1.1749867602152921,0,0
2018-07-19,6161,283000,5298200,18.95,18.95,18.65,18.8,0.0,108,2018,9.04,1.32,8.32,156.41600000000003,1.1749867602152921,0,0
2018-07-20,6161,296000,5535300,18.8,18.8,18.55,18.75,-0.05,136,2018,9.01,1.31,8.32,156.0,1.1718617954274855,0,0
2018-07-23,6161,340000,6268650,18.8,18.8,18.25,18.5,-0.25,166,2018,8.89,1.3,8.32,153.92000000000002,1.1562369714884524,0,0
2018-07-24,6161,240000,4446050,18.4,18.7,18.35,18.7,0.2,123,2018,8.99,1.31,8.32,155.584,1.1687368306396788,0,0
2018-07-25,6161,1601000,30729250,18.7,19.45,18.7,19.45,0.75,704,2018,9.35,1.36,8.32,161.824,1.2156113024567783,0,0
2018-07-26,6161,4677000,94956350,20.2,20.6,20.15,20.35,0.9,1863,2018,9.78,1.43,8.32,169.312,1.2718606686372975,0,0
2018-07-27,6161,1600000,32063200,20.05,20.3,19.9,20.2,-0.15,663,2018,9.71,1.41,8.32,168.064,1.2624857742738775,0,0
2018-07-30,6161,365000,7268500,20.1,20.1,19.8,19.95,-0.25,210,2018,9.59,1.4,8.32,165.984,1.2468609503348445,0,0
2018-07-31,6161,657000,13135000,20.0,20.25,19.8,19.95,0.0,336,2018,9.59,1.4,8.32,165.984,1.2468609503348445,0,0
2018-08-01,6161,1386000,27106900,19.8,19.95,19.4,19.45,-0.5,578,2018,9.35,1.36,8.32,161.824,1.2156113024567783,0,0
2018-08-02,6161,984000,18658700,19.4,19.4,18.75,18.9,-0.55,443,2018,9.09,1.32,8.32,157.248,1.174308418759601,0,0
2018-08-03,6161,496000,9321850,19.0,19.0,18.7,18.75,-0.15,224,2018,9.01,1.31,8.32,156.0,1.1649885106742073,0,0
2018-08-06,6161,629000,11805000,18.8,19.0,18.65,18.8,0.05,218,2018,9.04,1.32,8.32,156.41600000000003,1.168095146702672,0,0
2018-08-07,6161,209000,3933700,18.95,19.0,18.7,18.7,-0.1,99,2018,8.99,1.31,8.32,155.584,1.1618818746457427,0,0
2018-08-08,6161,531000,9871800,18.7,18.85,18.4,18.4,-0.3,227,2018,8.85,1.29,8.32,153.088,1.1432420584749554,0,0
2018-08-09,6161,317000,5894350,18.5,18.85,18.5,18.5,0.1,138,2018,8.89,1.3,8.32,153.92000000000002,1.1494553305318846,0,0
2018-08-10,6161,234000,4301550,18.55,18.6,18.25,18.3,-0.2,147,2018,8.8,1.28,8.32,152.256,1.1370287864180262,0,0
2018-08-13,6161,947000,16871300,18.15,18.35,17.2,17.5,-0.8,403,2018,8.41,1.23,8.32,145.6,1.0873226099625934,0,0
2018-08-14,6161,471000,8147450,17.5,17.65,17.2,17.3,-0.2,222,2018,8.74,1.29,8.32,143.936,1.0748960658487352,0,0
2018-08-15,6161,261000,4529350,17.3,17.5,17.2,17.35,0.05,139,2018,8.76,1.29,8.32,144.352,1.0780027018771998,0,0
2018-08-16,6161,251000,4338350,17.25,17.55,17.05,17.25,-0.1,142,2018,8.71,1.29,8.32,143.52,1.0717894298202706,0,0
2018-08-17,6161,162000,2813550,17.5,17.5,17.25,17.3,0.05,95,2018,8.74,1.29,8.32,143.936,1.0748960658487352,0,0
2018-08-20,6161,618000,10429350,17.25,17.25,16.6,16.6,-0.7,284,2018,8.38,1.24,8.32,138.11200000000002,1.0314031614502317,0,0
2018-08-21,6161,835000,13543000,15.95,16.55,15.95,16.25,-0.35,365,2018,8.21,1.21,8.32,135.20000000000002,1.0096567092509798,0,0
2018-08-22,6161,275000,4491700,16.45,16.45,16.25,16.4,0.15,121,2018,8.28,1.22,8.32,136.44799999999998,1.018976617336373,0,0
2018-08-23,6161,239000,3889850,16.45,16.45,16.2,16.3,-0.1,117,2018,8.23,1.22,8.32,135.616,1.0127633452794442,0,0
2018-08-24,6161,226000,3657150,16.3,16.3,16.0,16.3,0.0,103,2018,8.23,1.22,8.32,135.616,1.0127633452794442,0,0
2018-08-27,6161,302000,5039400,16.3,16.95,16.3,16.95,0.65,176,2018,8.56,1.26,8.32,141.024,1.0531496136494833,0,0
2018-08-28,6161,203000,3450100,16.95,17.25,16.8,16.9,-0.05,124,2018,8.54,1.26,8.32,140.608,1.0500429776210187,0,0
2018-08-29,6161,205000,3491700,16.95,17.2,16.85,16.9,0.0,137,2018,8.54,1.26,8.32,140.608,1.0500429776210187,0,0
2018-08-30,6161,166000,2817600,17.1,17.1,16.9,17.0,0.1,87,2018,8.59,1.27,8.32,141.44,1.056256249677948,0,0
2018-08-31,6161,186000,3154650,17.05,17.05,16.9,16.9,-0.1,97,2018,8.54,1.26,8.32,140.608,1.0500429776210187,0,0
2018-09-03,6161,253000,4225900,17.0,17.0,16.45,16.7,-0.2,131,2018,8.43,1.25,8.32,138.944,1.0267293692010748,0,0
2018-09-04,6161,231000,3798750,16.65,16.8,16.3,16.45,-0.25,121,2018,8.31,1.23,8.32,136.864,1.0113591690633341,0,0
2018-09-05,6161,294000,4791750,16.55,16.55,16.15,16.2,-0.25,125,2018,8.18,1.21,8.32,134.784,0.9959889689255934,0,0
2018-09-06,6161,672000,11111800,16.25,16.7,16.2,16.5,0.3,240,2018,8.33,1.23,8.32,137.28,1.0144332090908823,0,0
2018-09-07,6161,524000,8473300,16.5,16.5,15.95,16.0,-0.5,237,2018,8.08,1.19,8.32,133.12,0.9836928088154009,0,0
2018-09-10,6161,451000,7183600,16.0,16.25,15.6,15.85,-0.15,224,2018,8.01,1.18,8.32,131.872,0.9744706887327568,0,0
2018-09-11,6161,240000,3841050,15.9,16.1,15.75,16.05,0.2,114,2018,8.11,1.2,8.32,133.536,0.9867668488429491,0,0
2018-09-12,6161,337000,5336600,16.05,16.05,15.3,15.85,-0.2,146,2018,8.01,1.18,8.32,131.872,0.9744706887327568,0,0
2018-09-13,6161,166000,2644450,15.95,16.05,15.8,15.95,0.1,90,2018,8.06,1.19,8.32,132.704,0.9806187687878528,0,0
2018-09-14,6161,346000,5619650,16.1,16.55,15.95,16.4,0.45,158,2018,8.28,1.22,8.32,136.44799999999998,1.0082851290357857,0,0
2018-09-17,6161,309000,5069700,16.4,16.55,16.25,16.3,-0.1,150,2018,8.23,1.22,8.32,135.616,1.0021370489806898,0,0
2018-09-18,6161,463000,7444350,16.3,16.3,15.95,16.0,-0.3,173,2018,8.08,1.19,8.32,133.12,0.9836928088154009,0,0
2018-09-19,6161,600000,9594200,16.1,16.1,15.9,16.0,0.0,201,2018,8.08,1.19,8.32,133.12,0.9836928088154009,0,0
2018-10-01,6161,428000,7795400,19.0,19.0,17.8,18.05,-0.5,209,2018,6.38,1.28,8.32,150.17600000000002,1.1097284499448743,0,0
2018-10-02,6161,237000,4237200,18.0,18.0,17.75,17.8,-0.25,116,2018,6.29,1.26,8.32,148.096,1.0739399723132101,0,0
2018-10-03,6161,146000,2596800,17.7,17.9,17.7,17.75,-0.05,97,2018,6.27,1.26,8.32,147.68,1.0709232869977237,0,0
2018-10-04,6161,236000,4186650,17.9,17.9,17.7,17.7,-0.05,104,2018,6.25,1.25,8.32,147.264,1.0679066016822372,0,0
2018-10-05,6161,418000,7168250,17.6,17.6,16.85,17.0,-0.7,225,2018,6.01,1.2,8.32,141.44,1.0256730072654254,0,0
2018-10-08,6161,171000,2924000,16.9,17.3,16.8,17.2,0.2,94,2018,6.08,1.22,8.32,143.10399999999998,1.0377397485273716,0,0
2018-10-09,6161,265000,4506200,17.2,17.25,16.85,17.0,-0.2,125,2018,6.01,1.2,8.32,141.44,1.0256730072654254,0,0
2018-10-11,6161,982000,15378400,16.7,16.7,15.3,15.45,-1.55,422,2018,5.46,1.09,8.32,128.544,0.9321557624853426,0,0
2018-10-12,6161,239000,3737350,15.4,15.9,15.0,15.8,0.35,131,2018,5.58,1.12,8.32,131.45600000000002,0.9532725596937486,0,0
2018-10-15,6161,102000,1617600,15.8,15.95,15.7,15.9,0.1,58,2018,5.62,1.13,8.32,132.288,0.9593059303247216,0,0
2018-10-16,6161,200000,3233350,16.1,16.35,16.05,16.05,0.15,106,2018,5.67,1.14,8.32,133.536,0.9683559862711811,0,0
2018-10-17,6161,232000,3777400,16.3,16.4,16.15,16.25,0.2,116,2018,5.74,1.15,8.32,135.20000000000002,0.9804227275331275,0,0
2018-10-18,6161,156000,2536950,16.6,16.6,16.1,16.15,-0.1,82,2018,5.71,1.14,8.32,134.368,0.9743893569021542,0,0
2018-10-19,6161,134000,2122650,16.0,16.0,15.5,15.9,-0.25,71,2018,5.62,1.13,8.32,132.288,0.9593059303247216,0,0
2018-10-22,6161,61000,974950,15.65,16.1,15.65,16.05,0.15,35,2018,5.67,1.14,8.32,133.536,0.9683559862711811,0,0
2018-10-23,6161,61000,964850,16.1,16.1,15.7,15.7,-0.35,43,2018,5.55,1.11,8.32,130.624,0.9472391890627754,0,0
2018-10-24,6161,185000,2916200,16.2,16.2,15.6,15.75,0.05,92,2018,5.57,1.12,8.32,131.04,0.9502558743782619,0,0
2018-10-25,6161,214000,3245350,15.15,15.4,15.0,15.05,-0.7,113,2018,5.32,1.07,8.32,125.21600000000001,0.9080222799614502,0,0
2018-10-26,6161,259000,3880700,15.3,15.35,14.75,14.95,-0.1,96,2018,5.28,1.06,8.32,124.384,0.9019889093304772,0,0
2018-10-29,6161,107000,1585950,14.95,15.0,14.7,14.85,-0.1,57,2018,5.25,1.05,8.32,123.552,0.8959555386995041,0,0
2018-10-30,6161,128000,1895450,14.6,14.95,14.6,14.9,0.05,46,2018,5.27,1.06,8.32,123.968,0.8989722240149906,0,0
2018-10-31,6161,132000,2012900,15.1,15.35,15.1,15.35,0.45,70,2018,5.42,1.09,8.32,127.712,0.9261223918543695,0,0
2018-11-01,6161,183000,2852250,15.5,15.7,15.45,15.7,0.35,113,2018,5.55,1.11,8.32,130.624,0.9472391890627754,0,0
2018-11-02,6161,247000,3936650,15.85,16.2,15.75,15.95,0.25,105,2018,5.64,1.13,8.32,132.704,0.948589025291609,0,0
2018-11-05,6161,34000,537900,15.95,15.95,15.75,15.8,-0.15,20,2018,5.58,1.12,8.32,131.45600000000002,0.9396681253672368,0,0
2018-11-06,6161,72000,1136950,15.8,15.9,15.75,15.85,0.05,44,2018,5.6,1.12,8.32,131.872,0.9426417586753609,0,0
2018-11-07,6161,77000,1230550,15.9,16.05,15.9,16.05,0.2,53,2018,5.67,1.14,8.32,133.536,0.9545362919078574,0,0
2018-11-08,6161,110000,1768750,16.1,16.25,16.0,16.1,0.05,51,2018,5.69,1.14,8.32,133.95200000000003,0.9575099252159818,0,0
2018-11-09,6161,120000,1912650,15.8,16.05,15.8,16.0,-0.1,49,2018,5.65,1.13,8.32,133.12,0.9515626585997332,0,0
2018-11-12,6161,162000,2597300,16.15,16.15,15.95,16.05,0.05,75,2018,5.67,1.14,8.32,133.536,0.9545362919078574,0,0
2018-11-13,6161,139000,2210850,15.6,16.05,15.6,16.05,0.0,61,2018,5.88,1.04,8.32,133.536,0.9545362919078574,0,0
2018-11-14,6161,83000,1329200,16.1,16.15,15.9,15.95,-0.1,44,2018,5.84,1.04,8.32,132.704,0.948589025291609,0,0
2018-11-15,6161,149000,2380900,15.95,16.05,15.85,15.95,0.0,59,2018,5.84,1.04,8.32,132.704,0.948589025291609,0,0
2018-11-16,6161,172000,2759500,16.0,16.15,16.0,16.0,0.05,75,2018,5.86,1.04,8.32,133.12,0.9515626585997332,0,0
2018-11-19,6161,190000,3059200,16.0,16.2,16.0,16.1,0.1,80,2018,5.9,1.05,8.32,133.95200000000003,0.9575099252159818,0,0
2018-11-20,6161,86000,1378550,16.0,16.05,16.0,16.05,-0.05,48,2018,5.88,1.04,8.32,133.536,0.9545362919078574,0,0
2018-11-21,6161,66000,1058000,16.05,16.1,15.95,16.0,-0.05,33,2018,5.86,1.04,8.32,133.12,0.9515626585997332,0,0
2018-11-22,6161,192000,3078350,16.05,16.3,15.9,15.95,-0.05,108,2018,5.84,1.04,8.32,132.704,0.948589025291609,0,0
2018-11-23,6161,195000,3104500,15.9,16.0,15.8,15.8,-0.15,74,2018,5.79,1.03,8.32,131.45600000000002,0.9396681253672368,0,0
2018-11-26,6161,50000,794700,16.05,16.05,15.85,15.85,0.05,33,2018,5.81,1.03,8.32,131.872,0.9426417586753609,0,0
2018-11-27,6161,63000,1003700,15.9,16.0,15.85,15.95,0.1,45,2018,5.84,1.04,8.32,132.704,0.948589025291609,0,0
2018-11-28,6161,54000,865350,15.95,16.1,15.95,16.0,0.05,40,2018,5.86,1.04,8.32,133.12,0.9515626585997332,0,0
2018-11-29,6161,171000,2743700,16.1,16.1,16.0,16.0,0.0,73,2018,5.86,1.04,8.32,133.12,0.9515626585997332,0,0
2018-11-30,6161,88000,1416800,16.1,16.2,16.0,16.1,0.1,55,2018,5.9,1.05,8.32,133.95200000000003,0.9575099252159818,0,0
2018-12-03,6161,395000,6476650,16.25,16.55,16.15,16.45,0.35,169,2018,6.03,1.07,8.32,136.864,0.9593557938181329,0,0
2018-12-04,6161,116000,1899600,16.45,16.45,16.35,16.35,-0.1,77,2018,5.99,1.06,8.32,136.032,0.9535238437037369,0,0
2018-12-05,6161,130000,2088850,16.0,16.25,16.0,16.15,-0.2,70,2018,5.92,1.05,8.32,134.368,0.9418599434749451,0,0
2018-12-06,6161,325000,5134250,16.0,16.1,15.6,15.65,-0.5,176,2018,5.73,1.02,8.32,130.208,0.9127001929029653,0,0
2018-12-07,6161,110000,1741350,15.65,16.0,15.5,15.9,0.25,78,2018,5.82,1.04,8.32,132.288,0.9272800681889551,0,0
2018-12-10,6161,136000,2134750,15.85,15.85,15.65,15.75,-0.15,58,2018,5.77,1.03,8.32,131.04,0.9185321430173613,0,0
2018-12-11,6161,71000,1126800,15.8,15.9,15.8,15.9,0.15,44,2018,5.82,1.04,8.32,132.288,0.9272800681889551,0,0
2018-12-12,6161,637000,10329000,15.9,16.45,15.9,16.1,0.2,238,2018,5.9,1.05,8.32,133.95200000000003,0.9389439684177472,0,0
2018-12-13,6161,100000,1622850,16.35,16.4,16.1,16.15,0.05,54,2018,5.92,1.05,8.32,134.368,0.9418599434749451,0,0
2018-12-14,6161,105000,1677800,15.9,16.05,15.9,16.0,-0.15,53,2018,5.86,1.04,8.32,133.12,0.9331120183033511,0,0
2018-12-17,6161,31000,494450,16.1,16.1,15.9,16.0,0.0,23,2018,5.86,1.04,8.32,133.12,0.9331120183033511,0,0
2018-12-18,6161,56000,887100,15.85,15.9,15.8,15.8,-0.2,38,2018,5.79,1.03,8.32,131.45600000000002,0.9214481180745594,0,0
2018-12-19,6161,71000,1122000,15.85,15.9,15.75,15.75,-0.05,49,2018,5.77,1.03,8.32,131.04,0.9185321430173613,0,0
2018-12-20,6161,165000,2556150,15.65,15.65,15.35,15.4,-0.35,94,2018,5.64,1.0,8.32,128.12800000000001,0.8981203176169756,0,0
2018-12-21,6161,131000,1996000,15.3,15.4,15.1,15.4,0.0,72,2018,5.64,1.0,8.32,128.12800000000001,0.8981203176169756,0,0
2018-12-24,6161,79000,1231850,15.5,15.7,15.5,15.7,0.25,54,2018,5.75,1.02,8.32,130.624,0.9156161679601633,0,0
2018-12-25,6161,94000,1446100,15.6,15.6,15.3,15.3,-0.4,57,2018,5.6,1.0,8.32,127.296,0.8922883675025796,0,0
2018-12-26,6161,77000,1172000,15.55,15.55,15.15,15.15,-0.15,43,2018,5.55,0.99,8.32,126.048,0.8835404423309856,0,0
2018-12-27,6161,75000,1143600,15.25,15.35,15.2,15.2,0.05,53,2018,5.57,0.99,8.32,126.464,0.8864564173881836,0,0
2018-12-28,6161,75000,1136250,15.2,15.25,15.1,15.2,0.0,47,2018,5.57,0.99,8.32,126.464,0.8864564173881836,0,0
2019-01-02,6161,41000,619450,15.3,15.3,15.05,15.05,-0.15,28,2019,5.51,0.98,7.9,118.89500000000001,0.8064554419717681,0,0
2019-01-03,6161,77000,1156600,15.1,15.1,15.0,15.05,0.0,52,2019,5.51,0.98,7.9,118.89500000000001,0.8064554419717681,0,0
2019-01-04,6161,46000,687500,14.8,15.05,14.8,15.05,0.0,33,2019,5.51,0.98,7.9,118.89500000000001,0.8064554419717681,0,0
2019-01-07,6161,67000,1012950,15.15,15.2,15.05,15.2,0.15,45,2019,5.57,0.99,7.9,120.08,0.8144932038518854,0,0
2019-01-08,6161,34000,514400,15.2,15.2,15.1,15.2,0.0,22,2019,5.57,0.99,7.9,120.08,0.8144932038518854,0,0
2019-01-09,6161,75000,1142300,15.2,15.3,15.2,15.25,0.05,57,2019,5.59,0.99,7.9,120.47500000000001,0.8171724578119245,0,0
2019-01-10,6161,769000,12656800,15.95,16.75,15.9,16.75,1.5,411,2019,6.14,1.09,7.9,132.32500000000002,0.8975500766130976,0,0
2019-01-11,6161,1290000,21788200,16.7,17.2,16.65,17.0,0.25,720,2019,6.23,1.11,7.9,134.3,0.9109463464132929,0,0
2019-01-14,6161,297000,4931000,16.7,16.75,16.45,16.7,-0.3,180,2019,6.12,1.09,7.9,131.93,0.8948708226530583,0,0
2019-01-15,6161,299000,5047000,16.75,17.2,16.7,16.85,0.15,185,2019,6.17,1.1,7.9,133.115,0.9029085845331756,0,0
2019-01-16,6161,307000,5201350,16.9,17.05,16.85,16.9,0.05,128,2019,6.19,1.1,7.9,133.51,0.9055878384932147,0,0
2019-01-17,6161,200000,3376750,16.9,17.0,16.8,16.9,0.0,95,2019,6.19,1.1,7.9,133.51,0.9055878384932147,0,0
2019-01-18,6161,171000,2897600,16.9,17.0,16.9,16.9,0.0,71,2019,6.19,1.1,7.9,133.51,0.9055878384932147,0,0
2019-01-21,6161,411000,6993100,17.1,17.1,16.95,16.95,0.05,127,2019,6.21,1.1,7.9,133.905,0.9082670924532538,0,0
2019-01-22,6161,167000,2794050,16.9,16.9,16.6,16.65,-0.3,94,2019,6.1,1.08,7.9,131.535,0.8921915686930192,0,0
2019-01-23,6161,124000,2060450,16.6,16.75,16.5,16.65,0.0,44,2019,6.1,1.08,7.9,131.535,0.8921915686930192,0,0
2019-01-24,6161,59000,983950,16.65,16.7,16.65,16.65,0.0,35,2019,6.1,1.08,7.9,131.535,0.8921915686930192,0,0
2019-01-25,6161,101000,1688300,16.75,16.75,16.65,16.65,0.0,40,2019,6.1,1.08,7.9,131.535,0.8921915686930192,0,0
2019-01-28,6161,103000,1725250,16.7,16.85,16.65,16.8,0.15,58,2019,6.15,1.09,7.9,132.72,0.9002293305731365,0,0
2019-01-29,6161,44000,738250,16.8,16.8,16.7,16.75,-0.05,30,2019,6.14,1.09,7.9,132.32500000000002,0.8975500766130976,0,0
2019-01-30,6161,78000,1311400,16.75,16.85,16.75,16.8,0.05,50,2019,6.15,1.09,7.9,132.72,0.9002293305731365,0,0
2019-02-11,6161,339000,5779950,16.8,17.2,16.8,17.2,0.4,174,2019,6.3,1.12,7.9,135.88,0.8877651355527462,0,0
2019-02-12,6161,233000,4014950,17.2,17.3,17.1,17.3,0.1,114,2019,6.34,1.13,7.9,136.67000000000002,0.8929265607594483,0,0
2019-02-13,6161,126000,2179600,17.35,17.45,17.15,17.3,0.0,81,2019,6.34,1.13,7.9,136.67000000000002,0.8929265607594483,0,0
2019-02-14,6161,385000,6768900,17.3,17.75,17.3,17.75,0.45,224,2019,6.5,1.16,7.9,140.225,0.9161529741896073,0,0
2019-02-15,6161,1127000,21091900,18.75,19.15,18.4,18.6,0.85,559,2019,6.81,1.21,7.9,146.94000000000003,0.9600250884465745,0,0
2019-02-18,6161,384000,7235650,18.6,19.2,18.6,18.75,0.15,210,2019,6.87,1.22,7.9,148.125,0.9677672262566274,0,0
2019-02-19,6161,152000,2852500,18.8,18.85,18.65,18.8,0.05,89,2019,6.89,1.22,7.9,148.52,0.9703479388599784,0,0
2019-02-20,6161,325000,6162250,18.85,19.1,18.85,18.95,0.15,160,2019,6.94,1.23,7.9,149.705,0.9780900766700316,0,0
2019-02-21,6161,535000,10334800,18.95,19.65,18.95,19.05,0.1,296,2019,6.98,1.24,7.9,150.495,0.9832515018767334,0,0
2019-02-22,6161,197000,3778550,19.05,19.35,19.05,19.1,0.05,98,2019,7.0,1.24,7.9,150.89000000000001,0.9858322144800846,0,0
2019-02-25,6161,149000,2830850,19.2,19.25,18.85,18.9,-0.2,82,2019,6.92,1.23,7.9,149.31,0.9755093640666804,0,0
2019-02-26,6161,89000,1685600,18.9,19.05,18.85,18.9,0.0,62,2019,6.92,1.23,7.9,149.31,0.9755093640666804,0,0
2019-02-27,6161,135000,2569450,18.9,19.15,18.85,19.1,0.2,65,2019,7.0,1.24,7.9,150.89000000000001,0.9858322144800846,0,0
2019-03-04,6161,169000,3223950,19.1,19.15,18.9,19.15,0.05,76,2019,7.01,1.25,7.9,151.285,0.9782348643073759,0,0
2019-03-05,6161,139000,2682550,19.2,19.45,19.2,19.35,0.2,82,2019,7.09,1.26,7.9,152.865,0.9884514164150248,0,0
2019-03-06,6161,461000,9089750,19.35,20.0,19.35,20.0,0.65,245,2019,7.33,1.3,7.9,158.0,1.0216552107648835,0,0
2019-03-07,6161,640000,12748650,20.4,20.4,19.45,20.0,0.0,277,2019,7.33,1.3,7.9,158.0,1.0216552107648835,0,0
2019-03-08,6161,181000,3555150,19.7,19.8,19.55,19.6,-0.4,87,2019,7.18,1.28,7.9,154.84000000000003,1.001222106549586,0,0
2019-03-11,6161,136000,2687050,19.95,19.95,19.65,19.8,0.2,66,2019,7.25,1.29,7.9,156.42000000000002,1.0114386586572348,0,0
2019-03-12,6161,214000,4221250,19.9,20.1,19.55,19.6,-0.2,108,2019,7.18,1.28,7.9,154.84000000000003,1.001222106549586,0,0
2019-03-13,6161,75000,1472950,19.6,19.75,19.55,19.6,0.0,43,2019,7.18,1.28,7.9,154.84000000000003,1.001222106549586,0,0
2019-03-14,6161,118000,2324350,19.8,19.9,19.55,19.6,0.0,69,2019,7.18,1.28,7.9,154.84000000000003,1.001222106549586,0,0
2019-03-15,6161,198000,3881150,19.6,19.7,19.5,19.6,0.0,84,2019,7.18,1.28,7.9,154.84000000000003,1.001222106549586,0,0
2019-03-18,6161,160000,3162900,19.7,19.85,19.6,19.8,0.2,69,2019,7.25,1.29,7.9,156.42000000000002,1.0114386586572348,0,0
2019-03-19,6161,406000,8122150,19.9,20.15,19.8,20.05,0.25,155,2019,7.34,1.31,7.9,158.395,1.0242093487917958,0,0
2019-03-20,6161,218000,4387250,20.15,20.25,20.0,20.1,0.05,96,2019,7.36,1.31,7.9,158.79000000000002,1.026763486818708,0,0
2019-03-21,6161,394000,8032250,20.1,20.5,20.1,20.45,0.35,177,2019,7.49,1.33,7.9,161.555,1.0446424530070935,0,0
2019-03-22,6161,268000,5503750,20.55,20.75,20.4,20.5,0.05,141,2019,7.51,1.33,7.9,161.95000000000002,1.0471965910340058,0,0
2019-03-25,6161,407000,8176350,20.3,20.45,19.9,20.0,-0.5,169,2019,7.33,1.3,7.9,158.0,1.0216552107648835,0,0
2019-03-26,6161,1207000,25207700,20.65,21.35,20.45,21.3,1.3,603,2019,7.8,1.39,7.9,168.27,1.088062799464601,0,0
2019-03-27,6161,683000,14542950,21.4,21.45,21.1,21.25,-0.05,351,2019,7.78,1.38,7.9,167.875,1.0855086614376888,0,0
2019-03-28,6161,1031000,21206750,21.0,21.0,20.3,20.45,-0.8,533,2019,10.94,1.28,7.9,161.555,1.0446424530070935,0,0
2019-03-29,6161,270000,5563150,20.5,20.7,20.5,20.55,0.1,137,2019,10.99,1.29,7.9,162.345,1.0497507290609178,0,0
2019-04-01,6161,399000,8190650,20.8,20.8,20.45,20.45,-0.1,177,2019,10.94,1.28,7.9,161.555,1.0446424530070935,0,0
2019-04-02,6161,233000,4807600,20.7,20.75,20.45,20.6,0.15,126,2019,11.02,1.29,7.9,162.74,1.02498987543797,0,0
2019-04-03,6161,485000,10110500,20.75,21.05,20.65,21.05,0.45,221,2019,11.26,1.32,7.9,166.29500000000002,1.0473804309693822,0,0
2019-04-08,6161,1133000,24766400,21.3,22.35,21.25,21.75,0.7,657,2019,11.63,1.37,7.9,171.82500000000002,1.0822101840182452,0,0
2019-04-09,6161,335000,7299750,21.8,21.95,21.6,21.85,0.1,187,2019,11.68,1.37,7.9,172.615,1.0871858630252254,0,0
2019-04-10,6161,897000,19992500,22.1,22.6,22.1,22.6,0.75,420,2019,12.09,1.42,7.9,178.54000000000002,1.1245034555775788,0,0
2019-04-11,6161,813000,18346000,22.9,23.05,22.05,22.25,-0.35,414,2019,11.9,1.4,7.9,175.775,1.1070885790531473,0,0
2019-04-12,6161,409000,9165100,22.45,22.5,22.25,22.5,0.25,218,2019,12.03,1.41,7.9,177.75,1.1195277765705982,0,0
2019-04-15,6161,331000,7438300,22.8,22.8,22.3,22.5,0.0,171,2019,12.03,1.41,7.9,177.75,1.1195277765705982,0,0
2019-04-16,6161,301000,6777700,22.8,22.8,22.3,22.55,0.05,152,2019,12.06,1.42,7.9,178.145,1.1220156160740884,0,0
2019-04-17,6161,283000,6363700,22.65,22.7,22.35,22.5,-0.05,133,2019,12.03,1.41,7.9,177.75,1.1195277765705982,0,0
2019-04-18,6161,505000,11239350,22.5,22.6,22.0,22.0,-0.5,213,2019,11.76,1.38,7.9,173.8,1.0946493815356961,0,0
2019-04-19,6161,215000,4791150,22.15,22.4,22.15,22.3,0.3,117,2019,11.93,1.4,7.9,176.17000000000002,1.1095764185566375,0,0
2019-04-22,6161,295000,6651650,22.5,22.7,22.35,22.65,0.35,164,2019,12.11,1.42,7.9,178.935,1.126991295081069,0,0
2019-04-23,6161,306000,6935200,22.7,22.8,22.5,22.6,-0.05,145,2019,12.09,1.42,7.9,178.54000000000002,1.1245034555775788,0,0
2019-04-24,6161,208000,4702800,22.75,22.75,22.5,22.6,0.0,107,2019,12.09,1.42,7.9,178.54000000000002,1.1245034555775788,0,0
2019-04-25,6161,157000,3547350,22.5,22.7,22.5,22.55,-0.05,71,2019,12.06,1.42,7.9,178.145,1.1220156160740884,0,0
2019-04-26,6161,269000,6004550,22.55,22.55,22.2,22.25,-0.3,120,2019,11.9,1.4,7.9,175.775,1.1070885790531473,0,0
2019-04-29,6161,429000,9379750,22.25,22.25,21.65,21.65,-0.6,186,2019,11.58,1.36,7.9,171.035,1.0772345050112646,0,0
2019-04-30,6161,299000,6401450,21.35,21.6,21.3,21.4,-0.25,161,2019,11.44,1.34,7.9,169.06,1.0647953074938135,0,0
2019-05-02,6161,144000,3119750,21.8,21.8,21.6,21.7,0.3,76,2019,11.6,1.36,7.9,171.43,1.050006859987652,0,0
2019-05-03,6161,151000,3283050,21.7,21.85,21.6,21.85,0.15,76,2019,11.68,1.37,7.9,172.615,1.0572649719230505,0,0
2019-05-06,6161,355000,7528300,21.55,21.55,20.8,21.25,-0.6,153,2019,11.36,1.33,7.9,167.875,1.0282325241814565,0,0
2019-05-07,6161,465000,9826900,21.0,21.3,20.9,21.15,-0.1,184,2019,11.31,1.33,7.9,167.085,1.0233937828911908,0,0
2019-05-08,6161,393000,8218950,20.9,21.1,20.8,20.95,-0.2,173,2019,12.32,1.28,7.9,165.505,1.0137163003106595,0,0
2019-05-09,6161,538000,11535550,21.45,21.85,21.2,21.35,0.4,264,2019,12.56,1.3,7.9,168.66500000000002,1.0330712654717222,0,0
2019-05-10,6161,351000,7427450,21.55,21.55,20.9,21.0,-0.35,152,2019,12.35,1.28,7.9,165.9,1.0161356709557923,0,0
2019-05-13,6161,204000,4264250,21.35,21.35,20.8,20.85,-0.15,114,2019,12.26,1.27,7.9,164.71500000000003,1.008877559020394,0,0
2019-05-14,6161,206000,4254150,20.75,20.95,20.3,20.9,0.05,107,2019,12.29,1.28,7.9,165.10999999999999,1.0112969296655265,0,0
2019-05-15,6161,134000,2821100,21.05,21.15,21.0,21.0,0.1,81,2019,12.35,1.28,7.9,165.9,1.0161356709557923,0,0
2019-05-16,6161,150000,3141150,21.0,21.1,20.85,20.85,-0.15,84,2019,12.26,1.27,7.9,164.71500000000003,1.008877559020394,0,0
2019-05-17,6161,201000,4192850,21.0,21.0,20.75,20.75,-0.1,76,2019,12.21,1.27,7.9,163.925,1.004038817730128,0,0
2019-05-20,6161,129000,2670150,20.9,20.9,20.5,20.5,-0.25,59,2019,12.06,1.25,7.9,161.95000000000002,0.991941964504464,0,0
2019-05-21,6161,135000,2770150,20.4,20.65,20.4,20.65,0.15,54,2019,12.15,1.26,7.9,163.135,0.9992000764398624,0,0
2019-05-22,6161,63000,1312200,20.75,20.9,20.75,20.75,0.1,32,2019,12.21,1.27,7.9,163.925,1.004038817730128,0,0
2019-05-23,6161,378000,7681450,20.75,20.75,20.1,20.3,-0.45,142,2019,11.94,1.24,7.9,160.37,0.9822644819239326,0,0
2019-05-24,6161,133000,2700250,20.3,20.4,20.25,20.3,0.0,54,2019,11.94,1.24,7.9,160.37,0.9822644819239326,0,0
2019-05-27,6161,35000,706550,20.15,20.25,20.15,20.2,-0.1,28,2019,11.88,1.23,7.9,159.58,0.977425740633667,0,0
2019-05-28,6161,115000,2336450,20.2,20.45,20.2,20.3,0.1,69,2019,11.94,1.24,7.9,160.37,0.9822644819239326,0,0
2019-05-29,6161,66000,1339750,20.25,20.4,20.25,20.35,0.05,35,2019,11.97,1.24,7.9,160.76500000000001,0.9846838525690655,0,0
2019-05-30,6161,73000,1493300,20.35,20.5,20.35,20.5,0.15,46,2019,12.06,1.25,7.9,161.95000000000002,0.991941964504464,0,0
2019-05-31,6161,218000,4578150,20.7,21.2,20.65,21.0,0.5,150,2019,12.35,1.28,7.9,165.9,1.0161356709557923,0,0
2019-06-03,6161,128000,2685450,21.0,21.15,20.75,20.85,-0.15,66,2019,12.26,1.27,7.9,164.71500000000003,0.9907299697695486,0,0
2019-06-04,6161,73000,1520050,20.85,20.9,20.7,20.85,0.0,58,2019,12.26,1.27,7.9,164.71500000000003,0.9907299697695486,0,0
2019-06-05,6161,124000,2588950,21.0,21.0,20.75,20.85,0.0,77,2019,12.26,1.27,7.9,164.71500000000003,0.9907299697695486,0,0
2019-06-06,6161,85000,1768700,20.85,20.85,20.75,20.85,0.0,57,2019,12.26,1.27,7.9,164.71500000000003,0.9907299697695486,0,0
2019-06-10,6161,128000,2675900,20.9,20.95,20.85,20.95,0.1,39,2019,12.32,1.28,7.9,165.505,0.995481672262448,0,0
2019-06-11,6161,74000,1552650,20.95,21.1,20.9,20.95,0.0,52,2019,12.32,1.28,7.9,165.505,0.995481672262448,0,0
2019-06-12,6161,80000,1670500,21.0,21.05,20.8,21.0,0.05,51,2019,12.35,1.28,7.9,165.9,0.9978575235088977,0,0
2019-06-13,6161,77000,1608050,21.0,21.0,20.85,20.95,-0.05,37,2019,12.32,1.28,7.9,165.505,0.995481672262448,0,0
2019-06-14,6161,197000,4111750,20.95,21.0,20.8,20.95,0.0,89,2019,12.32,1.28,7.9,165.505,0.995481672262448,0,0
2019-06-17,6161,259000,5390900,20.85,20.9,20.75,20.9,-0.05,64,2019,12.29,1.28,7.9,165.10999999999999,0.9931058210159981,0,0
2019-06-18,6161,91000,1889400,20.9,20.95,20.7,20.8,-0.1,51,2019,12.24,1.27,7.9,164.32000000000002,0.9883541185230988,0,0
2019-06-19,6161,205000,4265050,20.9,20.95,20.7,20.7,-0.1,90,2019,12.18,1.26,7.9,163.53,0.9836024160301992,0,0
2019-06-20,6161,328000,6884350,20.75,21.3,20.75,21.05,0.35,138,2019,12.38,1.29,7.9,166.29500000000002,1.0002333747553476,0,0
2019-06-21,6161,225000,4726450,21.15,21.25,20.85,20.9,-0.15,104,2019,12.29,1.28,7.9,165.10999999999999,0.9931058210159981,0,0
2019-06-24,6161,177000,3726950,21.25,21.35,20.9,20.95,0.05,81,2019,12.32,1.28,7.9,165.505,0.995481672262448,0,0
2019-06-25,6161,101000,2104050,20.95,20.95,20.75,20.8,-0.15,56,2019,12.24,1.27,7.9,164.32000000000002,0.9883541185230988,0,0
2019-06-26,6161,68000,1416800,20.8,20.9,20.8,20.85,0.05,43,2019,12.26,1.27,7.9,164.71500000000003,0.9907299697695486,0,0
2019-06-27,6161,129000,2703100,20.85,21.05,20.85,20.95,0.1,73,2019,12.32,1.28,7.9,165.505,0.995481672262448,0,0
2019-06-28,6161,129000,2685600,21.0,21.0,20.7,20.8,-0.15,73,2019,12.24,1.27,7.9,164.32000000000002,0.9883541185230988,0,0
2019-07-01,6161,183000,3830550,21.0,21.0,20.85,20.95,0.15,75,2019,12.32,1.28,7.9,165.505,0.995481672262448,0,0
2019-07-02,6161,173000,3615400,20.85,21.05,20.85,20.95,0.0,64,2019,12.32,1.28,7.9,165.505,0.99434591738707,0,0
2019-07-03,6161,597000,12494700,21.0,21.25,20.8,21.05,0.1,194,2019,12.38,1.29,7.9,166.29500000000002,0.9990921986156481,0,0
2019-07-04,6161,370000,7871500,21.35,21.35,21.15,21.35,0.3,196,2019,12.56,1.3,7.9,168.66500000000002,1.0133310423013817,0,0
2019-07-05,6161,328000,6981550,21.35,21.45,21.2,21.45,0.1,147,2019,12.62,1.31,7.9,169.455,1.0180773235299596,0,0
2019-07-08,6161,417000,9022350,21.5,21.8,21.5,21.7,0.25,194,2019,12.76,1.33,7.9,171.43,1.0299430266014042,0,0
2019-07-09,6161,640000,13655950,21.7,21.7,21.15,21.15,-0.55,277,2019,12.44,1.29,7.9,167.085,1.003838479844226,0,0
2019-07-10,6161,1253000,26936650,21.2,21.9,21.1,21.9,0.75,374,2019,12.88,1.34,7.9,173.01,1.03943558905856,0,0
2019-07-11,6161,971000,21281350,22.1,22.15,21.6,22.0,0.1,347,2019,12.94,1.34,7.9,173.8,1.044181870287138,0,0
2019-07-12,6161,2180000,48237550,22.3,22.35,21.9,21.95,-0.05,1113,2019,12.91,1.34,7.9,173.405,1.041808729672849,0,0
2019-07-15,6161,430000,9387250,21.95,21.95,21.65,21.8,-0.15,199,2019,12.82,1.33,7.9,172.22000000000003,1.0346893078299824,0,0
2019-07-16,6161,561000,12161600,21.75,21.8,21.6,21.65,-0.15,262,2019,12.74,1.32,7.9,171.035,1.0275698859871154,0,0
2019-07-17,6161,964000,20933450,21.7,21.85,21.65,21.65,0.0,409,2019,12.74,1.32,7.9,171.035,1.0275698859871154,0,0
2019-07-18,6161,664000,13356650,20.1,20.25,20.0,20.0,0.0,320,2019,11.76,1.22,7.9,158.0,0.94925624571558,0,0
2019-07-19,6161,734000,14476200,20.0,20.0,19.55,19.6,-0.4,373,2019,11.53,1.2,7.9,154.84000000000003,0.9302711208012685,0,0
2019-07-22,6161,2450000,48447950,19.5,20.1,19.3,19.7,0.1,516,2019,11.59,1.2,7.9,155.63,0.9350174020298463,0,0
2019-07-23,6161,256000,5032700,19.7,19.75,19.5,19.65,-0.05,107,2019,11.56,1.2,7.9,155.23499999999999,0.9326442614155572,0,0
2019-07-24,6161,318000,6261700,19.7,19.8,19.6,19.7,0.05,121,2019,11.59,1.2,7.9,155.63,0.9350174020298463,0,0
2019-07-25,6161,353000,6983600,19.7,19.9,19.55,19.65,-0.05,116,2019,11.56,1.2,7.9,155.23499999999999,0.9326442614155572,0,0
2019-07-26,6161,50000,985650,19.7,19.75,19.7,19.75,0.1,30,2019,11.62,1.21,7.9,156.025,0.9373905426441352,0,0
2019-07-29,6161,1797000,35872750,19.75,20.2,19.5,19.8,0.05,385,2019,11.65,1.21,7.9,156.42000000000002,0.9397636832584243,0,0
2019-07-30,6161,247000,4860700,19.8,19.85,19.6,19.6,-0.2,125,2019,11.53,1.2,7.9,154.84000000000003,0.9302711208012685,0,0
2019-07-31,6161,206000,4055750,19.65,19.85,19.6,19.65,0.05,101,2019,11.56,1.2,7.9,155.23499999999999,0.9326442614155572,0,0
2019-08-01,6161,96000,1888000,19.65,19.75,19.6,19.6,-0.05,42,2019,11.53,1.2,7.9,154.84000000000003,0.9302711208012685,0,0
2019-08-02,6161,276000,5372500,19.6,19.6,19.4,19.45,-0.15,107,2019,11.44,1.19,7.9,153.655,0.9202121479621842,0,0
2019-08-05,6161,76000,1470350,19.45,19.5,19.3,19.3,-0.15,40,2019,11.35,1.18,7.9,152.47,0.9131153961784141,0,0
2019-08-06,6161,229000,4371250,19.1,19.4,18.85,19.25,-0.05,86,2019,10.41,1.27,7.9,152.07500000000002,0.9107498122504909,0,0
2019-08-07,6161,83000,1604750,19.5,19.5,19.25,19.25,0.0,45,2019,10.41,1.27,7.9,152.07500000000002,0.9107498122504909,0,0
2019-08-08,6161,109000,2106450,19.3,19.4,19.25,19.35,0.1,46,2019,10.46,1.27,7.9,152.865,0.9154809801063375,0,0
2019-08-12,6161,106000,2049150,19.35,19.45,19.3,19.3,-0.05,52,2019,10.43,1.27,7.9,152.47,0.9131153961784141,0,0
2019-08-13,6161,120000,2287350,19.3,19.3,18.9,19.05,-0.25,62,2019,10.3,1.25,7.9,150.495,0.9012874765387974,0,0
2019-08-14,6161,268000,5207800,19.2,19.6,19.2,19.35,0.3,118,2019,10.46,1.27,7.9,152.865,0.9154809801063375,0,0
2019-08-15,6161,115000,2203700,19.3,19.4,19.1,19.1,-0.25,56,2019,10.32,1.26,7.9,150.89000000000001,0.9036530604667209,0,0
2019-08-16,6161,58000,1117300,19.25,19.35,19.2,19.25,0.15,31,2019,10.41,1.27,7.9,152.07500000000002,0.9107498122504909,0,0
2019-08-19,6161,96000,1850800,19.3,19.35,19.2,19.35,0.1,42,2019,10.46,1.27,7.9,152.865,0.9154809801063375,0,0
2019-08-20,6161,73000,1412900,19.5,19.65,19.25,19.35,0.0,44,2019,10.46,1.27,7.9,152.865,0.9154809801063375,0,0
2019-08-21,6161,53000,1027850,19.4,19.5,19.3,19.35,0.0,29,2019,10.46,1.27,7.9,152.865,0.9154809801063375,0,0
2019-08-22,6161,121000,2324150,19.4,19.4,19.05,19.15,-0.2,74,2019,10.35,1.26,7.9,151.285,0.9060186443946441,0,0
2019-08-23,6161,122000,2324550,19.15,19.15,18.95,19.05,-0.1,65,2019,10.3,1.25,7.9,150.495,0.9012874765387974,0,0
2019-08-26,6161,93000,1750800,18.95,18.95,18.75,18.8,-0.25,53,2019,10.16,1.24,7.9,148.52,0.8894595568991807,0,0
2019-08-27,6161,79000,1492300,18.9,18.9,18.85,18.9,0.1,35,2019,10.22,1.25,7.9,149.31,0.8941907247550274,0,0
2019-08-28,6161,89000,1693650,18.95,19.1,18.9,19.1,0.2,48,2019,10.32,1.26,7.9,150.89000000000001,0.9036530604667209,0,0
2019-08-29,6161,97000,1846450,19.15,19.15,18.95,18.95,-0.15,43,2019,10.24,1.25,7.9,149.705,0.8965563086829508,0,0
2019-08-30,6161,121000,2317250,19.05,19.2,19.05,19.1,0.15,55,2019,10.32,1.26,7.9,150.89000000000001,0.9036530604667209,0,0
2019-09-02,6161,106000,2043250,19.15,19.3,19.15,19.25,0.15,53,2019,10.41,1.27,7.9,152.07500000000002,0.9015319076788645,0,0
2019-09-03,6161,179000,3434400,19.3,19.3,19.1,19.2,-0.05,55,2019,10.38,1.26,7.9,151.68,0.8991902663602179,0,0
2019-09-04,6161,163000,3146300,19.3,19.4,19.2,19.35,0.15,83,2019,10.46,1.27,7.9,152.865,0.9062151903161572,0,0
2019-09-05,6161,170000,3272150,19.35,19.35,19.15,19.2,-0.15,74,2019,10.38,1.26,7.9,151.68,0.8991902663602179,0,0
2019-09-06,6161,140000,2686200,19.35,19.35,19.1,19.15,-0.05,60,2019,10.35,1.26,7.9,151.285,0.8968486250415716,0,0
2019-09-09,6161,99000,1895500,19.25,19.25,19.05,19.05,-0.1,46,2019,10.3,1.25,7.9,150.495,0.8921653424042787,0,0
2019-09-10,6161,501000,9727350,19.3,19.65,19.25,19.45,0.4,263,2019,10.51,1.28,7.9,153.655,0.91089847295345,0,0
2019-09-11,6161,228000,4470800,19.55,19.7,19.55,19.55,0.1,130,2019,10.57,1.29,7.9,154.44500000000002,0.9155817555907428,0,0
2019-09-12,6161,122000,2378200,19.55,19.55,19.45,19.45,-0.1,74,2019,10.51,1.28,7.9,153.655,0.91089847295345,0,0
2019-09-16,6161,88000,1706400,19.45,19.5,19.3,19.5,0.05,50,2019,10.54,1.28,7.9,154.05,0.9132401142720964,0,0
2019-09-17,6161,924000,18281800,19.5,20.1,19.5,19.8,0.3,273,2019,10.7,1.3,7.9,156.42000000000002,0.9272899621839749,0,0
2019-09-18,6161,549000,10830000,19.8,19.9,19.55,19.6,-0.2,185,2019,10.59,1.29,7.9,154.84000000000003,0.9179233969093893,0,0
2019-09-19,6161,221000,4329550,19.7,19.7,19.45,19.5,-0.1,74,2019,10.54,1.28,7.9,154.05,0.9132401142720964,0,0
2019-09-20,6161,93000,1818800,19.5,19.65,19.5,19.5,0.0,54,2019,10.54,1.28,7.9,154.05,0.9132401142720964,0,0
2019-09-23,6161,109000,2135100,19.5,19.7,19.5,19.55,0.05,61,2019,10.57,1.29,7.9,154.44500000000002,0.9155817555907428,0,0
2019-09-24,6161,113000,2207850,19.6,19.6,19.5,19.55,0.0,61,2019,10.57,1.29,7.9,154.44500000000002,0.9155817555907428,0,0
2019-09-25,6161,143000,2771600,19.55,19.55,19.3,19.4,-0.15,66,2019,10.49,1.28,7.9,153.26,0.9085568316348035,0,0
2019-09-26,6161,78000,1513400,19.4,19.45,19.35,19.4,0.0,45,2019,10.49,1.28,7.9,153.26,0.9085568316348035,0,0
2019-09-27,6161,144000,2779700,19.55,19.55,19.15,19.3,-0.1,73,2019,10.43,1.27,7.9,152.47,0.9038735489975107,0,0
2019-10-01,6161,101000,1945200,19.15,19.35,19.15,19.3,0.0,40,2019,10.43,1.27,7.9,152.47,0.9038735489975107,0,0
2019-10-02,6161,386000,7478850,19.2,19.5,19.2,19.35,0.05,77,2019,10.46,1.27,7.9,152.865,0.8855512037042937,0,0
2019-10-03,6161,51000,982300,19.2,19.3,19.2,19.3,-0.05,37,2019,10.43,1.27,7.9,152.47,0.8832629576998898,0,0
2019-10-04,6161,46000,886650,19.35,19.35,19.25,19.25,-0.05,30,2019,10.41,1.27,7.9,152.07500000000002,0.8809747116954861,0,0
2019-10-07,6161,110000,2118600,19.2,19.35,19.2,19.25,0.0,47,2019,10.41,1.27,7.9,152.07500000000002,0.8809747116954861,0,0
2019-10-08,6161,1648000,32834550,19.35,20.25,19.3,20.0,0.75,733,2019,10.81,1.32,7.9,158.0,0.9152984017615439,0,0
2019-10-09,6161,601000,12027150,19.95,20.1,19.9,19.95,-0.05,283,2019,10.78,1.31,7.9,157.605,0.9130101557571401,0,0
2019-10-14,6161,667000,13454200,20.0,20.25,20.0,20.15,0.2,261,2019,10.89,1.33,7.9,159.185,0.9221631397747555,0,0
2019-10-15,6161,319000,6458600,20.15,20.3,20.15,20.2,0.05,179,2019,10.92,1.33,7.9,159.58,0.9244513857791595,0,0
2019-10-16,6161,1194000,24828050,20.45,20.95,20.45,20.7,0.5,565,2019,11.19,1.36,7.9,163.53,0.9473338458231979,0,0
2019-10-17,6161,984000,20830700,20.75,21.45,20.7,21.45,0.75,511,2019,11.59,1.41,7.9,169.455,0.981657535889256,0,0
2019-10-18,6161,707000,15189800,21.6,21.75,21.25,21.4,-0.05,358,2019,11.57,1.41,7.9,169.06,0.979369289884852,0,0
2019-10-21,6161,534000,11479600,21.5,21.9,21.35,21.4,0.0,199,2019,11.57,1.41,7.9,169.06,0.979369289884852,0,0
2019-10-22,6161,267000,5744900,21.4,21.7,21.4,21.4,0.0,151,2019,11.57,1.41,7.9,169.06,0.979369289884852,0,0
2019-10-23,6161,380000,8136200,21.4,21.7,21.1,21.55,0.15,186,2019,11.65,1.42,7.9,170.245,0.9862340278980636,0,0
2019-10-24,6161,227000,4895600,21.45,21.65,21.45,21.5,-0.05,126,2019,11.62,1.42,7.9,169.85,0.9839457818936597,0,0
2019-10-25,6161,435000,9427950,21.45,21.9,21.45,21.5,0.0,219,2019,11.62,1.42,7.9,169.85,0.9839457818936597,0,0
2019-10-28,6161,894000,19756400,21.75,22.3,21.75,22.25,0.75,491,2019,12.03,1.47,7.9,175.775,1.0182694719597176,0,0
2019-10-29,6161,1298000,27958300,22.3,22.3,21.2,21.35,-0.9,548,2019,11.54,1.41,7.9,168.66500000000002,0.9770810438804483,0,0
2019-10-30,6161,250000,5362750,21.3,21.6,21.25,21.45,0.1,124,2019,11.59,1.41,7.9,169.455,0.981657535889256,0,0
2019-10-31,6161,285000,6095200,21.65,21.65,21.1,21.25,-0.2,137,2019,11.49,1.4,7.9,167.875,0.9725045518716404,0,0
2019-11-01,6161,218000,4639150,21.4,21.4,21.2,21.3,0.05,103,2019,11.51,1.4,7.9,168.27,0.9747927978760442,0,0
2019-11-04,6161,139000,2980750,21.4,21.55,21.4,21.45,0.15,77,2019,11.59,1.41,7.9,169.455,0.9992929378109615,0,0
2019-11-05,6161,2719000,61273500,21.55,23.2,21.55,22.4,0.95,1473,2019,12.11,1.48,7.9,176.96,1.0435506669914003,0,0
2019-11-06,6161,1471000,33598750,22.3,23.2,22.1,22.95,0.55,768,2019,11.83,1.47,7.9,181.305,1.069173562832707,0,0
2019-11-07,6161,585000,13349850,22.95,23.0,22.45,22.7,-0.25,361,2019,11.7,1.45,7.9,179.33,1.0575267919957496,0,0
2019-11-08,6161,4369000,90120950,20.8,21.0,20.45,20.7,-2.0,1411,2019,10.67,1.33,7.9,163.53,0.9643526253000886,0,0
2019-11-11,6161,398000,8181850,20.75,20.8,20.45,20.45,-0.25,206,2019,10.54,1.31,7.9,161.555,0.952705854463131,0,0
2019-11-12,6161,166000,3406350,20.45,20.6,20.45,20.5,0.05,104,2019,10.57,1.31,7.9,161.95000000000002,0.9550352086305227,0,0
2019-11-13,6161,186000,3772450,20.65,20.65,20.15,20.25,-0.25,135,2019,10.44,1.3,7.9,159.975,0.943388437793565,0,0
2019-11-14,6161,257000,5193350,20.25,20.3,20.1,20.3,0.05,123,2019,10.46,1.3,7.9,160.37,0.9457177919609565,0,0
2019-11-15,6161,186000,3802700,20.7,20.7,20.35,20.4,0.1,116,2019,10.52,1.31,7.9,161.16,0.9503765002957395,0,0
2019-11-18,6161,407000,8342050,20.7,20.7,20.35,20.4,0.0,253,2019,10.52,1.31,7.9,161.16,0.9503765002957395,0,0
2019-11-19,6161,216000,4404550,20.5,20.5,20.3,20.35,-0.05,130,2019,10.49,1.3,7.9,160.76500000000001,0.9480471461283482,0,0
2019-11-20,6161,244000,4947650,20.35,20.55,20.2,20.2,-0.15,103,2019,10.41,1.29,7.9,159.58,0.9410590836261736,0,0
2019-11-21,6161,155000,3145950,20.2,20.45,20.15,20.35,0.15,87,2019,10.49,1.3,7.9,160.76500000000001,0.9480471461283482,0,0
2019-11-22,6161,193000,3981500,20.4,20.9,20.3,20.5,0.15,125,2019,10.57,1.31,7.9,161.95000000000002,0.9550352086305227,0,0
2019-11-25,6161,257000,5306250,20.7,20.7,20.55,20.6,0.1,105,2019,10.62,1.32,7.9,162.74,0.9596939169653056,0,0
2019-11-26,6161,72000,1486100,20.7,20.75,20.6,20.6,0.0,49,2019,10.62,1.32,7.9,162.74,0.9596939169653056,0,0
2019-11-27,6161,210000,4302550,20.6,20.6,20.35,20.5,-0.1,95,2019,10.57,1.31,7.9,161.95000000000002,0.9550352086305227,0,0
2019-11-28,6161,132000,2706550,20.5,20.55,20.45,20.5,0.0,53,2019,10.57,1.31,7.9,161.95000000000002,0.9550352086305227,0,0
2019-11-29,6161,118000,2408050,20.5,20.6,20.3,20.3,-0.2,68,2019,10.46,1.3,7.9,160.37,0.9457177919609565,0,0
2019-12-02,6161,172000,3451850,20.4,20.4,19.9,20.0,-0.3,103,2019,10.31,1.28,7.9,158.0,0.9350224494155813,0,0
2019-12-03,6161,92000,1845100,20.1,20.15,20.0,20.1,0.1,52,2019,10.36,1.29,7.9,158.79000000000002,0.9396975616626594,0,0
2019-12-04,6161,91000,1820650,20.3,20.3,19.95,19.95,-0.15,60,2019,10.28,1.28,7.9,157.605,0.9326848932920424,0,0
2019-12-05,6161,79000,1584950,20.0,20.2,20.0,20.0,0.05,52,2019,10.31,1.28,7.9,158.0,0.9350224494155813,0,0
2019-12-06,6161,110000,2201800,20.0,20.15,19.9,19.95,-0.05,65,2019,10.28,1.28,7.9,157.605,0.9326848932920424,0,0
2019-12-09,6161,173000,3448700,19.95,20.05,19.85,19.95,0.0,104,2019,10.28,1.28,7.9,157.605,0.9326848932920424,0,0
2019-12-10,6161,163000,3255450,20.0,20.1,19.9,20.05,0.1,78,2019,10.34,1.28,7.9,158.395,0.9373600055391204,0,0
2019-12-11,6161,197000,3981050,20.05,20.55,19.95,20.55,0.5,110,2019,10.59,1.32,7.9,162.345,0.9607355667745099,0,0
2019-12-12,6161,776000,16111250,20.65,20.95,20.3,20.3,-0.25,269,2019,10.46,1.3,7.9,160.37,0.9490477861568151,0,0
2019-12-13,6161,249000,5005550,20.4,20.4,19.9,19.9,-0.4,130,2019,10.26,1.27,7.9,157.21,0.9303473371685035,0,0
2019-12-16,6161,120000,2399200,19.95,20.15,19.9,20.15,0.25,62,2019,10.39,1.29,7.9,159.185,0.9420351177861982,0,0
2019-12-17,6161,60000,1205250,20.15,20.15,20.0,20.0,-0.15,32,2019,10.31,1.28,7.9,158.0,0.9350224494155813,0,0
2019-12-18,6161,144000,2876900,20.0,20.05,19.9,19.95,-0.05,77,2019,10.28,1.28,7.9,157.605,0.9326848932920424,0,0
2019-12-19,6161,228000,4589700,20.0,20.25,20.0,20.0,0.05,102,2019,10.31,1.28,7.9,158.0,0.9350224494155813,0,0
2019-12-20,6161,104000,2089650,20.15,20.15,20.05,20.05,0.05,52,2019,10.34,1.28,7.9,158.395,0.9373600055391204,0,0
2019-12-23,6161,61000,1224450,20.05,20.15,20.0,20.05,0.0,40,2019,10.34,1.28,7.9,158.395,0.9373600055391204,0,0
2019-12-24,6161,101000,2029950,20.1,20.1,20.05,20.1,0.05,48,2019,10.36,1.29,7.9,158.79000000000002,0.9396975616626594,0,0
2019-12-25,6161,238000,4820250,20.1,20.4,20.1,20.3,0.2,126,2019,10.46,1.3,7.9,160.37,0.9490477861568151,0,0
2019-12-26,6161,1069000,22035000,20.5,20.75,20.45,20.55,0.25,334,2019,10.59,1.32,7.9,162.345,0.9607355667745099,0,0
2019-12-27,6161,143000,2919300,20.65,20.65,20.35,20.4,-0.15,80,2019,10.52,1.31,7.9,161.16,0.953722898403893,0,0
2019-12-30,6161,132000,2696200,20.4,20.7,20.3,20.7,0.3,56,2019,10.67,1.33,7.9,163.53,0.9677482351451268,0,0
2019-12-31,6161,110000,2247150,20.45,20.55,20.3,20.55,-0.15,68,2019,10.59,1.32,7.9,162.345,0.9607355667745099,0,0
2020-01-02,6161,344000,7112200,20.55,20.75,20.5,20.7,0.15,113,2020,10.67,1.33,7.9,163.53,0.9662152580828134,0,0
2020-01-03,6161,119000,2443750,20.75,20.8,20.4,20.5,-0.2,57,2020,10.57,1.31,7.9,161.95000000000002,0.9568798449612405,0,0
2020-01-06,6161,95000,1920250,20.45,20.45,20.1,20.2,-0.3,55,2020,10.41,1.29,7.9,159.58,0.9428767252788809,0,0
2020-01-07,6161,365000,7510250,20.5,20.8,20.35,20.6,0.4,149,2020,10.62,1.32,7.9,162.74,0.9615475515220269,0,0
2020-01-08,6161,221000,4512650,20.5,20.65,20.3,20.65,0.05,100,2020,10.64,1.32,7.9,163.135,0.9638814048024201,0,0
2020-01-09,6161,298000,6175950,20.7,20.85,20.6,20.6,-0.05,135,2020,10.62,1.32,7.9,162.74,0.9615475515220269,0,0
2020-01-10,6161,65000,1326100,20.45,20.5,20.35,20.35,-0.25,31,2020,10.49,1.3,7.9,160.76500000000001,0.9498782851200607,0,0
2020-01-13,6161,34000,696100,20.35,20.55,20.35,20.5,0.15,26,2020,10.57,1.31,7.9,161.95000000000002,0.9568798449612405,0,0
2020-01-14,6161,126000,2580900,20.4,20.55,20.4,20.5,0.0,56,2020,10.57,1.31,7.9,161.95000000000002,0.9568798449612405,0,0
2020-01-15,6161,104000,2135250,20.5,20.6,20.45,20.55,0.05,62,2020,10.59,1.32,7.9,162.345,0.9592136982416336,0,0
2020-01-16,6161,204000,4208550,20.55,20.75,20.55,20.6,0.05,104,2020,10.62,1.32,7.9,162.74,0.9615475515220269,0,0
2020-01-17,6161,215000,4445050,20.6,20.75,20.55,20.65,0.05,100,2020,10.64,1.32,7.9,163.135,0.9638814048024201,0,0
2020-01-20,6161,505000,10496250,20.65,20.9,20.65,20.9,0.25,198,2020,10.77,1.34,7.9,165.10999999999999,0.9755506712043863,0,0
2020-01-30,6161,907000,17458650,20.3,20.3,18.9,19.1,-1.8,408,2020,9.85,1.22,7.9,150.89000000000001,0.8915319531102289,0,0
2020-01-31,6161,1134000,22000650,19.1,19.65,18.9,19.15,0.05,339,2020,9.87,1.23,7.9,151.285,0.8938658063906221,0,0
2020-02-03,6161,395000,7231150,18.4,18.65,18.05,18.6,-0.55,169,2020,9.59,1.19,7.9,146.94000000000003,0.8818440587151868,0,0
2020-02-04,6161,155000,2902200,18.6,18.95,18.5,18.9,0.3,81,2020,9.74,1.21,7.9,149.31,0.8960673499847864,0,0
2020-02-05,6161,83000,1573250,19.15,19.15,18.8,18.9,0.0,55,2020,9.74,1.21,7.9,149.31,0.8960673499847864,0,0
2020-02-06,6161,123000,2351550,19.1,19.2,19.0,19.15,0.25,63,2020,9.87,1.23,7.9,151.285,0.907920092709453,0,0
2020-02-07,6161,388000,7482800,19.0,19.5,18.95,19.1,-0.05,162,2020,9.85,1.22,7.9,150.89000000000001,0.9055495441645198,0,0
2020-02-10,6161,211000,4015150,19.1,19.3,18.9,19.0,-0.1,70,2020,9.79,1.22,7.9,150.1,0.9008084470746531,0,0
2020-02-11,6161,78000,1486800,19.2,19.2,19.0,19.1,0.1,43,2020,9.85,1.22,7.9,150.89000000000001,0.9055495441645198,0,0
2020-02-12,6161,152000,2911700,19.05,19.3,19.05,19.2,0.1,72,2020,9.9,1.23,7.9,151.68,0.9102906412543863,0,0
2020-02-13,6161,83000,1595400,19.2,19.25,19.2,19.2,0.0,52,2020,9.9,1.23,7.9,151.68,0.9102906412543863,0,0
2020-02-14,6161,184000,3542000,19.15,19.35,19.15,19.35,0.15,70,2020,9.97,1.24,7.9,152.865,0.9174022868891861,0,0
2020-02-17,6161,605000,11713200,19.45,19.65,19.1,19.25,-0.1,168,2020,9.92,1.23,7.9,152.07500000000002,0.9126611897993198,0,0
2020-02-18,6161,81000,1552600,19.25,19.25,19.1,19.15,-0.1,42,2020,9.87,1.23,7.9,151.285,0.907920092709453,0,0
2020-02-19,6161,121000,2316750,19.15,19.25,19.05,19.15,0.0,52,2020,9.87,1.23,7.9,151.285,0.907920092709453,0,0
2020-02-20,6161,203000,3863650,19.2,19.25,19.0,19.0,-0.15,97,2020,9.79,1.22,7.9,150.1,0.9008084470746531,0,0
2020-02-21,6161,57000,1082700,18.95,19.0,18.95,19.0,0.0,38,2020,9.79,1.22,7.9,150.1,0.9008084470746531,0,0
2020-02-24,6161,120000,2250200,18.9,18.9,18.55,18.9,-0.1,59,2020,9.74,1.21,7.9,149.31,0.8960673499847864,0,0
2020-02-25,6161,93000,1744650,18.65,18.85,18.65,18.75,-0.15,46,2020,9.66,1.2,7.9,148.125,0.8889557043499866,0,0
2020-02-26,6161,89000,1668100,18.75,18.85,18.65,18.7,-0.05,40,2020,9.64,1.2,7.9,147.73,0.8865851558050533,0,0
2020-02-27,6161,185000,3431050,18.75,18.75,18.4,18.5,-0.2,101,2020,9.54,1.18,7.9,146.15,0.8771029616253201,0,0
2020-03-02,6161,170000,3092300,17.95,18.4,17.95,18.15,-0.35,73,2020,9.36,1.16,7.9,143.385,0.8659544643897855,0,0
2020-03-03,6161,195000,3583700,18.3,18.55,18.15,18.45,0.3,59,2020,9.51,1.18,7.9,145.755,0.880267761321848,0,0
2020-03-04,6161,27000,493950,18.25,18.35,18.25,18.3,-0.15,18,2020,9.43,1.17,7.9,144.57000000000002,0.8731111128558169,0,0
2020-03-05,6161,54000,1002850,18.45,18.65,18.45,18.65,0.35,30,2020,9.61,1.19,7.9,147.335,0.8898099592765565,0,0
2020-03-06,6161,237000,4319600,18.45,18.45,18.1,18.2,-0.45,103,2020,9.38,1.17,7.9,143.78,0.8683400138784626,0,0
2020-03-09,6161,172000,3094650,18.0,18.35,17.9,17.9,-0.3,80,2020,9.23,1.15,7.9,141.41,0.8540267169464,0,0
2020-03-10,6161,189000,3331200,17.8,17.9,17.5,17.9,0.0,74,2020,9.23,1.15,7.9,141.41,0.8540267169464,0,0
2020-03-11,6161,71000,1268200,18.0,18.0,17.7,17.75,-0.15,40,2020,9.15,1.14,7.9,140.225,0.8468700684803687,0,0
2020-03-12,6161,431000,7249100,17.7,17.7,16.6,16.7,-1.05,136,2020,8.61,1.07,7.9,131.93,0.7967735292181497,0,0
2020-03-13,6161,780000,11834400,15.45,15.45,15.05,15.35,-1.35,240,2020,7.91,0.98,7.9,121.265,0.7323636930238682,0,0
2020-03-16,6161,266000,4226200,16.65,16.65,15.4,15.5,0.15,112,2020,7.99,0.99,7.9,122.45,0.7395203414898994,0,0
2020-03-17,6161,206000,3064100,14.9,15.3,14.7,14.8,-0.7,104,2020,7.63,0.95,7.9,116.92000000000002,0.7061226486484202,0,0
2020-03-18,6161,195000,2862100,15.0,15.2,14.1,14.4,-0.4,106,2020,7.42,0.92,7.9,113.76,0.6870382527390033,0,0
2020-03-19,6161,591000,7868200,14.15,14.15,13.0,13.0,-1.4,187,2020,6.7,0.83,7.9,102.7,0.6202428670560447,0,0
2020-03-20,6161,338000,4665750,13.45,14.0,13.45,14.0,1.0,164,2020,7.22,0.9,7.9,110.60000000000001,0.6679538568295866,0,0
2020-03-23,6161,276000,3859350,13.95,14.4,13.6,14.05,0.05,152,2020,6.75,0.87,7.9,110.995,0.6703394063182637,0,0
2020-03-24,6161,658000,9308000,13.8,14.4,13.8,14.3,0.25,278,2020,6.88,0.89,7.9,112.97000000000001,0.6822671537616494,0,0
2020-03-25,6161,661000,9826950,14.55,15.0,14.55,14.8,0.5,221,2020,7.12,0.92,7.9,116.92000000000002,0.7061226486484202,0,0
2020-03-26,6161,215000,3190600,14.95,14.95,14.55,14.85,0.05,96,2020,7.14,0.92,7.9,117.315,0.7085081981370972,0,0
2020-03-27,6161,267000,3973450,15.05,15.2,14.7,14.7,-0.15,110,2020,7.07,0.91,7.9,116.13,0.7013515496710659,0,0
2020-03-30,6161,120000,1770450,14.7,15.0,14.4,15.0,0.3,68,2020,7.21,0.93,7.9,118.5,0.7156648466031285,0,0
2020-03-31,6161,97000,1462750,15.0,15.2,14.95,15.1,0.1,56,2020,7.26,0.94,7.9,119.29,0.7204359455804827,0,0
2020-04-01,6161,110000,1645100,14.85,15.05,14.85,15.05,-0.05,52,2020,7.24,0.93,7.9,118.89500000000001,0.7180503960918057,0,0
2020-04-06,6161,141000,2139900,15.1,15.45,15.0,15.35,0.3,75,2020,7.38,0.95,7.9,121.265,0.7400186125985934,0,0
2020-04-07,6161,180000,2811850,15.5,15.75,15.5,15.65,0.3,86,2020,7.52,0.97,7.9,123.635,0.7544815170793476,0,0
2020-04-08,6161,223000,3539850,15.85,16.1,15.65,15.95,0.3,95,2020,7.67,0.99,7.9,126.005,0.7689444215601019,0,0
2020-04-09,6161,194000,3079200,16.0,16.05,15.7,15.9,-0.05,103,2020,7.64,0.99,7.9,125.61000000000001,0.7665339374799763,0,0
2020-04-10,6161,122000,1937150,15.8,15.95,15.8,15.95,0.05,39,2020,7.67,0.99,7.9,126.005,0.7689444215601019,0,0
2020-04-13,6161,77000,1224450,15.95,16.0,15.85,15.9,-0.05,41,2020,7.64,0.99,7.9,125.61000000000001,0.7665339374799763,0,0
2020-04-14,6161,226000,3619400,15.95,16.15,15.9,16.15,0.25,87,2020,7.76,1.0,7.9,127.585,0.7785863578806047,0,0
2020-04-15,6161,105000,1704950,16.4,16.4,16.15,16.25,0.1,67,2020,7.81,1.01,7.9,128.375,0.7834073260408562,0,0
2020-04-16,6161,82000,1331500,16.25,16.3,16.2,16.25,0.0,50,2020,7.81,1.01,7.9,128.375,0.7834073260408562,0,0
2020-04-17,6161,271000,4415500,16.35,16.45,16.1,16.1,-0.15,111,2020,7.74,1.0,7.9,127.19000000000001,0.7761758738004791,0,0
2020-04-20,6161,96000,1533500,16.0,16.05,15.9,16.0,-0.1,44,2020,7.69,0.99,7.9,126.4,0.7713549056402276,0,0
2020-04-21,6161,164000,2580100,15.85,15.9,15.55,15.65,-0.35,78,2020,7.52,0.97,7.9,123.635,0.7544815170793476,0,0
2020-04-22,6161,109000,1697000,15.5,15.75,15.35,15.75,0.1,41,2020,7.57,0.98,7.9,124.42500000000001,0.7593024852395991,0,0
2020-04-23,6161,44000,697500,15.8,15.9,15.8,15.85,0.1,33,2020,7.62,0.98,7.9,125.215,0.7641234533998504,0,0
2020-04-24,6161,34000,539000,15.8,16.0,15.75,16.0,0.15,24,2020,7.69,0.99,7.9,126.4,0.7713549056402276,0,0
2020-04-27,6161,165000,2649900,16.0,16.15,16.0,16.1,0.1,57,2020,7.74,1.0,7.9,127.19000000000001,0.7761758738004791,0,0
2020-04-28,6161,55000,892150,16.15,16.35,16.1,16.3,0.2,37,2020,7.84,1.01,7.9,128.77,0.7858178101209818,0,0
2020-04-29,6161,81000,1326650,16.4,16.5,16.3,16.35,0.05,49,2020,7.86,1.01,7.9,129.16500000000002,0.7882282942011077,0,0
2020-04-30,6161,210000,3512350,16.6,16.9,16.55,16.6,0.25,83,2020,7.98,1.03,7.9,131.14000000000001,0.8002807146017363,0,0
2020-05-04,6161,62000,1018300,16.6,16.6,16.35,16.35,-0.25,41,2020,7.86,1.01,7.9,129.16500000000002,0.8235882983064682,0,0
2020-05-05,6161,40000,657700,16.4,16.55,16.4,16.4,0.05,23,2020,7.04,0.98,7.9,129.56,0.8261069169557234,0,0
2020-05-06,6161,526000,9468000,18.0,18.0,18.0,18.0,1.6,156,2020,7.73,1.07,7.9,142.20000000000002,0.9067027137318916,0,0
2020-05-07,6161,1171000,22154700,18.9,19.25,18.6,19.0,1.0,601,2020,8.15,1.13,7.9,150.1,0.9570750867169965,0,0
2020-05-08,6161,3600000,66113350,18.3,18.75,17.95,18.75,-0.25,1171,2020,8.05,1.12,7.9,148.125,0.9444819934707203,0,0
2020-05-11,6161,3069000,58648600,19.35,19.45,18.75,18.8,0.05,1263,2020,8.07,1.12,7.9,148.52,0.9470006121199755,0,0
2020-05-12,6161,523000,9615000,18.45,18.7,18.15,18.4,-0.4,273,2020,7.9,1.1,7.9,145.35999999999999,0.9268516629259334,0,0
2020-05-13,6161,216000,3942200,18.3,18.55,18.05,18.25,-0.15,130,2020,7.83,1.09,7.9,144.175,0.9192958069781677,0,0
2020-05-14,6161,391000,7058300,18.1,18.25,17.8,17.85,-0.4,200,2020,7.66,1.07,7.9,141.01500000000001,0.8991468577841258,0,0
2020-05-15,6161,323000,5850550,18.05,18.35,17.9,17.9,0.05,171,2020,7.68,1.07,7.9,141.41,0.9016654764333809,0,0
2020-05-18,6161,191000,3447150,18.3,18.3,17.85,17.9,0.0,102,2020,7.68,1.07,7.9,141.41,0.9016654764333809,0,0
2020-05-19,6161,270000,4834400,18.1,18.15,17.75,17.8,-0.1,132,2020,7.64,1.06,7.9,140.62,0.8966282391348704,0,0
2020-05-20,6161,238000,4243400,17.9,17.95,17.75,17.8,0.0,88,2020,7.64,1.06,7.9,140.62,0.8966282391348704,0,0
2020-05-21,6161,152000,2730250,17.95,18.05,17.9,17.95,0.15,76,2020,7.7,1.07,7.9,141.805,0.9041840950826362,0,0
2020-05-22,6161,87000,1559700,18.0,18.0,17.8,17.95,0.0,56,2020,7.7,1.07,7.9,141.805,0.9041840950826362,0,0
2020-05-25,6161,365000,6577400,17.8,18.15,17.8,18.05,0.1,127,2020,7.75,1.08,7.9,142.595,0.9092213323811467,0,0
2020-05-26,6161,2295000,43977450,18.2,19.85,18.05,19.85,1.8,968,2020,8.52,1.19,7.9,156.81500000000003,0.9998916037543361,0,0
2020-05-27,6161,4651000,92416800,19.8,20.1,19.5,20.0,0.15,2063,2020,8.58,1.19,7.9,158.0,1.0074474597021017,0,0
2020-05-28,6161,3467000,68717350,20.0,20.4,19.0,19.0,-1.0,1563,2020,8.15,1.13,7.9,150.1,0.9570750867169965,0,0
2020-05-29,6161,408000,7749550,18.85,19.25,18.8,18.8,-0.2,226,2020,8.07,1.12,7.9,148.52,0.9470006121199755,0,0
2020-06-01,6161,404000,7666100,18.75,19.25,18.75,19.0,0.2,172,2020,8.15,1.13,7.9,150.1,0.9570750867169965,0,0
2020-06-02,6161,344000,6584300,19.2,19.35,18.9,19.0,0.0,156,2020,8.15,1.13,7.9,150.1,0.9920628363744036,0,0
2020-06-03,6161,423000,8131900,19.2,19.4,19.05,19.15,0.15,209,2020,8.22,1.14,7.9,151.285,0.999894911398412,0,0
2020-06-04,6161,177000,3397150,19.25,19.25,19.1,19.15,0.0,101,2020,8.22,1.14,7.9,151.285,0.999894911398412,0,0
2020-06-05,6161,2334000,44042450,18.75,19.4,18.6,19.4,0.25,711,2020,8.33,1.16,7.9,153.26,1.0129483697717594,0,0
2020-06-08,6161,2697000,52832700,19.85,19.9,19.35,19.4,0.0,1057,2020,8.33,1.16,7.9,153.26,1.0129483697717594,0,0
2020-06-09,6161,484000,9267450,19.2,19.35,18.8,18.9,-0.5,274,2020,8.11,1.13,7.9,149.31,0.9868414530250647,0,0
2020-06-10,6161,288000,5472550,18.8,19.3,18.8,19.1,0.2,145,2020,8.2,1.14,7.9,150.89000000000001,0.9972842197237427,0,0
2020-06-11,6161,393000,7351650,19.0,19.0,18.3,18.35,-0.75,229,2020,7.88,1.1,7.9,144.96500000000003,0.9581238446037005,0,0
2020-06-12,6161,218000,3923250,17.85,18.35,17.6,18.3,-0.05,152,2020,7.85,1.09,7.9,144.57000000000002,0.9555131529290309,0,0
2020-06-15,6161,164000,2992350,18.3,18.45,18.0,18.0,-0.3,104,2020,7.73,1.07,7.9,142.20000000000002,0.9398490028810141,0,0
2020-06-16,6161,207000,3756100,18.2,18.25,18.0,18.25,0.25,86,2020,7.83,1.09,7.9,144.175,0.9529024612543613,0,0
2020-06-17,6161,134000,2440550,18.25,18.25,18.1,18.25,0.0,78,2020,7.83,1.09,7.9,144.175,0.9529024612543613,0,0
2020-06-18,6161,164000,2986050,18.25,18.35,18.15,18.2,-0.05,94,2020,7.81,1.09,7.9,143.78,0.9502917695796919,0,0
2020-06-19,6161,222000,4082350,18.35,18.5,18.3,18.3,0.1,141,2020,7.85,1.09,7.9,144.57000000000002,0.9555131529290309,0,0
2020-06-22,6161,288000,5342850,18.35,18.7,18.3,18.5,0.2,133,2020,7.94,1.1,7.9,146.15,0.9659559196277088,0,0
2020-06-23,6161,175000,3250350,18.75,18.9,18.35,18.35,-0.15,110,2020,7.88,1.1,7.9,144.96500000000003,0.9581238446037005,0,0
2020-06-24,6161,67000,1229600,18.5,18.5,18.3,18.4,0.05,50,2020,7.9,1.1,7.9,145.35999999999999,0.9607345362783697,0,0
2020-06-29,6161,108000,1967400,18.35,18.4,18.15,18.15,-0.25,65,2020,7.79,1.08,7.9,143.385,0.9476810779050224,0,0
2020-06-30,6161,66000,1205950,18.3,18.35,18.2,18.25,0.1,45,2020,7.83,1.09,7.9,144.175,0.9529024612543613,0,0
2020-07-01,6161,209000,3869800,18.45,18.8,18.4,18.4,0.15,112,2020,7.9,1.1,7.9,145.35999999999999,0.9607345362783697,0,0
2020-07-02,6161,253000,4698900,18.5,18.7,18.45,18.6,0.2,131,2020,7.98,1.11,7.9,146.94000000000003,0.975958373987196,0,0
2020-07-03,6161,238000,4443350,18.65,18.75,18.55,18.75,0.15,131,2020,8.05,1.12,7.9,148.125,0.9838290060354796,0,0
2020-07-06,6161,3763000,75481550,18.75,20.6,18.75,20.2,1.45,1547,2020,8.67,1.21,7.9,159.58,1.0599117825022235,0,0
2020-07-07,6161,1125000,22125950,20.2,20.2,19.35,19.6,-0.6,564,2020,8.41,1.17,7.9,154.84000000000003,1.0284292543090883,0,0
2020-07-08,6161,366000,7162850,19.4,19.7,19.35,19.65,0.05,186,2020,8.43,1.17,7.9,155.23499999999999,1.0310527983251825,0,0
2020-07-09,6161,461000,9014750,19.7,19.8,19.35,19.45,-0.2,216,2020,8.35,1.16,7.9,153.655,1.0205586222608043,0,0
2020-07-10,6161,424000,8184400,19.5,19.5,19.05,19.15,-0.3,193,2020,8.22,1.14,7.9,151.285,1.0048173581642366,0,0
2020-07-13,6161,453000,8689700,19.2,19.3,19.1,19.2,0.05,246,2020,8.24,1.15,7.9,151.68,1.0074409021803312,0,0
2020-07-14,6161,360000,6525000,18.4,18.4,18.0,18.05,0.0,201,2020,7.75,1.08,7.9,142.595,0.9470993898101551,0,0
2020-07-15,6161,284000,5131200,18.2,18.3,17.7,17.9,-0.15,134,2020,7.68,1.07,7.9,141.41,0.9392287577618712,0,0
2020-07-16,6161,213000,3859350,18.0,18.35,17.95,18.15,0.25,111,2020,7.79,1.08,7.9,143.385,0.9523464778423443,0,0
2020-07-17,6161,239000,4328400,18.15,18.25,17.85,17.85,-0.3,137,2020,7.66,1.07,7.9,141.01500000000001,0.9366052137457768,0,0
2020-07-20,6161,252000,4528600,18.0,18.15,17.9,17.95,0.1,91,2020,7.7,1.07,7.9,141.805,0.9418523017779659,0,0
2020-07-21,6161,175000,3164750,18.05,18.2,18.0,18.0,0.05,93,2020,7.73,1.07,7.9,142.20000000000002,0.9444758457940606,0,0
2020-07-22,6161,749000,13719150,18.15,18.4,18.15,18.25,0.25,194,2020,7.83,1.09,7.9,144.175,0.9575935658745335,0,0
2020-07-23,6161,168000,3093850,18.3,18.6,18.25,18.35,0.1,114,2020,7.88,1.1,7.9,144.96500000000003,0.9628406539067229,0,0
2020-07-24,6161,183000,3303550,18.25,18.3,17.85,17.85,-0.5,105,2020,7.66,1.07,7.9,141.01500000000001,0.9366052137457768,0,0
2020-07-27,6161,198000,3570150,18.25,18.3,17.85,17.85,0.0,109,2020,7.66,1.07,7.9,141.01500000000001,0.9366052137457768,0,0
2020-07-28,6161,248000,4359700,17.9,18.1,17.3,17.4,-0.45,144,2020,7.47,1.04,7.9,137.46,0.9129933176009251,0,0
2020-07-29,6161,125000,2200200,17.8,17.9,17.45,17.55,0.15,76,2020,7.53,1.05,7.9,138.645,0.9208639496492089,0,0
2020-07-30,6161,324000,5792900,17.6,18.2,17.55,18.2,0.65,149,2020,7.81,1.09,7.9,143.78,0.9549700218584389,0,0
2020-07-31,6161,756000,13947900,18.4,18.7,18.05,18.15,-0.05,271,2020,7.79,1.08,7.9,143.385,0.9523464778423443,0,0
2020-08-03,6161,71000,1286600,18.15,18.2,18.1,18.1,-0.05,39,2020,7.77,1.08,7.9,142.99,0.9543985833865631,0,0
2020-08-04,6161,152000,2763600,18.1,18.3,18.1,18.3,0.2,76,2020,7.85,1.09,7.9,144.57000000000002,0.9649444240869673,0,0
2020-08-05,6161,147000,2697800,18.5,18.5,18.25,18.3,0.0,82,2020,7.85,1.09,7.9,144.57000000000002,0.9649444240869673,0,0
2020-08-06,6161,631000,11649300,18.4,18.6,18.25,18.3,0.0,163,2020,7.85,1.09,7.9,144.57000000000002,0.9649444240869673,0,0
2020-08-07,6161,106000,1937550,18.4,18.45,18.15,18.15,-0.15,65,2020,7.79,1.08,7.9,143.385,0.9570350435616641,0,0
2020-08-10,6161,143000,2601550,18.15,18.35,18.1,18.25,0.1,62,2020,8.61,1.13,7.9,144.175,0.9623079639118661,0,0
2020-08-11,6161,234000,4285550,18.15,18.6,18.15,18.2,-0.05,114,2020,8.58,1.13,7.9,143.78,0.9596715037367651,0,0
2020-08-12,6161,183000,3339650,18.4,18.5,18.1,18.5,0.3,87,2020,8.73,1.15,7.9,146.15,0.9754902647873711,0,0
2020-08-13,6161,670000,12431150,18.65,18.8,18.15,18.15,-0.35,228,2020,8.56,1.13,7.9,143.385,0.9570350435616641,0,0
2020-08-14,6161,150000,2723550,18.1,18.25,18.1,18.25,0.1,83,2020,8.61,1.13,7.9,144.175,0.9623079639118661,0,0
2020-08-17,6161,268000,4906950,18.1,18.4,18.1,18.35,0.1,106,2020,8.66,1.14,7.9,144.96500000000003,0.9675808842620683,0,0
2020-08-18,6161,127000,2311200,18.4,18.4,18.15,18.15,-0.2,65,2020,8.56,1.13,7.9,143.385,0.9570350435616641,0,0
2020-08-19,6161,1511000,27922550,18.3,19.0,18.05,18.15,0.0,631,2020,8.56,1.13,7.9,143.385,0.9570350435616641,0,0
2020-08-20,6161,499000,8901800,18.25,18.3,17.5,17.6,-0.55,231,2020,8.3,1.09,7.9,139.04000000000002,0.9280339816355533,0,0
2020-08-21,6161,136000,2415250,17.75,17.85,17.65,17.8,0.2,63,2020,8.4,1.11,7.9,140.62,0.9385798223359572,0,0
2020-08-24,6161,335000,6034600,17.9,18.2,17.8,18.2,0.4,140,2020,8.58,1.13,7.9,143.78,0.9596715037367651,0,0
2020-08-25,6161,277000,5064450,18.25,18.45,18.15,18.15,-0.05,114,2020,8.56,1.13,7.9,143.385,0.9570350435616641,0,0
2020-08-26,6161,132000,2402850,18.15,18.25,18.1,18.2,0.05,63,2020,8.58,1.13,7.9,143.78,0.9596715037367651,0,0
2020-08-27,6161,207000,3786900,18.3,18.45,18.2,18.25,0.05,90,2020,8.61,1.13,7.9,144.175,0.9623079639118661,0,0
2020-08-28,6161,214000,3924550,18.25,18.4,18.25,18.35,0.1,104,2020,8.66,1.14,7.9,144.96500000000003,0.9675808842620683,0,0
2020-08-31,6161,389000,7192950,18.5,18.6,18.4,18.45,0.1,161,2020,8.7,1.15,7.9,145.755,0.9728538046122701,0,0
2020-09-01,6161,1597000,29625450,18.45,18.8,18.25,18.3,-0.15,359,2020,8.63,1.14,7.9,144.57000000000002,0.9649444240869673,0,0
2020-09-02,6161,179000,3263550,18.3,18.35,18.15,18.15,-0.15,97,2020,8.56,1.13,7.9,143.385,0.9878231515130639,0,0
2020-09-03,6161,163000,2985450,18.4,18.4,18.25,18.25,0.1,80,2020,8.61,1.13,7.9,144.175,0.9932657033120339,0,0
2020-09-04,6161,123000,2227250,18.05,18.15,18.0,18.15,-0.1,71,2020,8.56,1.13,7.9,143.385,0.9878231515130639,0,0
2020-09-07,6161,123000,2238900,18.1,18.3,18.1,18.3,0.15,76,2020,8.63,1.14,7.9,144.57000000000002,0.9959869792115191,0,0
2020-09-08,6161,516000,9227850,18.0,18.05,17.8,17.85,-0.45,235,2020,8.42,1.11,7.9,141.01500000000001,0.9714954961161538,0,0
2020-09-09,6161,93000,1657700,17.8,17.9,17.7,17.85,0.0,48,2020,8.42,1.11,7.9,141.01500000000001,0.9714954961161538,0,0
2020-09-10,6161,223000,3971800,17.8,17.9,17.7,17.8,-0.05,72,2020,8.4,1.11,7.9,140.62,0.9687742202166687,0,0
2020-09-11,6161,185000,3274600,17.75,17.85,17.65,17.65,-0.15,85,2020,8.33,1.1,7.9,139.435,0.9606103925182136,0,0
2020-09-14,6161,151000,2677200,17.7,17.8,17.65,17.7,0.05,62,2020,8.35,1.1,7.9,139.83,0.9633316684176988,0,0
2020-09-15,6161,154000,2733900,17.9,17.95,17.65,17.95,0.25,73,2020,8.47,1.12,7.9,141.805,0.9769380479151237,0,0
2020-09-16,6161,144000,2556450,17.95,17.95,17.7,17.7,-0.25,56,2020,8.35,1.1,7.9,139.83,0.9633316684176988,0,0
2020-09-17,6161,88000,1559550,17.7,17.75,17.7,17.75,0.05,38,2020,8.37,1.1,7.9,140.225,0.9660529443171837,0,0
2020-09-18,6161,131000,2330750,17.75,17.9,17.7,17.75,0.0,50,2020,8.37,1.1,7.9,140.225,0.9660529443171837,0,0
2020-09-21,6161,164000,2924900,17.8,17.95,17.75,17.75,0.0,69,2020,8.37,1.1,7.9,140.225,0.9660529443171837,0,0
2020-09-22,6161,248000,4396350,17.85,17.95,17.55,17.9,0.15,96,2020,8.44,1.11,7.9,141.41,0.9742167720156387,0,0
2020-09-23,6161,626000,11353550,18.1,18.4,17.8,17.8,-0.1,172,2020,8.4,1.11,7.9,140.62,0.9687742202166687,0,0
2020-09-24,6161,145000,2552350,17.65,17.7,17.55,17.55,-0.25,59,2020,8.28,1.09,7.9,138.645,0.9551678407192435,0,0
2020-09-25,6161,150000,2616400,17.7,17.7,17.25,17.4,-0.15,70,2020,8.21,1.08,7.9,137.46,0.9470040130207885,0,0
2020-09-28,6161,86000,1508900,17.5,17.7,17.5,17.7,0.3,33,2020,8.35,1.1,7.9,139.83,0.9633316684176988,0,0
2020-09-29,6161,43000,754500,17.9,17.9,17.5,17.65,-0.05,20,2020,8.33,1.1,7.9,139.435,0.9606103925182136,0,0
2020-09-30,6161,37000,649250,17.5,17.6,17.4,17.6,-0.05,22,2020,8.3,1.09,7.9,139.04000000000002,0.9578891166187288,0,0
2020-10-05,6161,53000,925200,17.35,17.65,17.35,17.45,-0.15,37,2020,8.23,1.08,7.9,137.855,0.9764699465705792,0,0
2020-10-06,6161,199000,3506100,17.5,17.8,17.4,17.75,0.3,74,2020,8.37,1.1,7.9,140.225,0.9932573955087554,0,0
2020-10-07,6161,26000,456700,17.75,17.75,17.55,17.55,-0.2,15,2020,8.28,1.09,7.9,138.645,0.9820657628833046,0,0
2020-10-08,6161,278000,4935450,17.8,17.9,17.65,17.7,0.15,67,2020,8.35,1.1,7.9,139.83,0.9904594873523928,0,0
2020-10-12,6161,210000,3671200,17.6,17.6,17.35,17.55,-0.15,83,2020,8.28,1.09,7.9,138.645,0.9820657628833046,0,0
2020-10-13,6161,84000,1460950,17.4,17.45,17.3,17.45,-0.1,39,2020,8.23,1.08,7.9,137.855,0.9764699465705792,0,0
2020-10-14,6161,40000,698450,17.5,17.5,17.45,17.45,0.0,26,2020,8.23,1.08,7.9,137.855,0.9764699465705792,0,0
2020-10-15,6161,222000,3826700,17.45,17.45,17.15,17.15,-0.3,90,2020,8.09,1.07,7.9,135.48499999999999,0.9596824976324029,0,0
2020-10-16,6161,156000,2679650,17.4,17.4,17.05,17.35,0.2,82,2020,8.18,1.08,7.9,137.06500000000003,0.970874130257854,0,0
2020-10-19,6161,73000,1257000,17.4,17.4,17.15,17.3,-0.05,37,2020,8.16,1.08,7.9,136.67000000000002,0.9680762221014912,0,0
2020-10-20,6161,419000,7301200,17.2,17.8,17.05,17.8,0.5,129,2020,8.4,1.11,7.9,140.62,0.996055303665118,0,0
2020-10-21,6161,92000,1608050,17.6,17.6,17.4,17.5,-0.3,50,2020,8.25,1.09,7.9,138.25,0.9792678547269419,0,0
2020-10-22,6161,167000,2933350,17.5,17.7,17.4,17.5,0.0,54,2020,8.25,1.09,7.9,138.25,0.9792678547269419,0,0
2020-10-23,6161,38000,660800,17.4,17.45,17.35,17.35,-0.15,23,2020,8.18,1.08,7.9,137.06500000000003,0.970874130257854,0,0
2020-10-26,6161,77000,1329800,17.35,17.45,17.25,17.25,-0.1,34,2020,8.14,1.07,7.9,136.275,0.9652783139451284,0,0
2020-10-27,6161,34000,586700,17.25,17.35,17.2,17.35,0.1,23,2020,8.18,1.08,7.9,137.06500000000003,0.970874130257854,0,0
2020-10-28,6161,25000,430800,17.35,17.35,17.2,17.2,-0.15,15,2020,8.11,1.07,7.9,135.88,0.9624804057887657,0,0
2020-10-29,6161,52000,889250,17.2,17.2,17.05,17.1,-0.1,28,2020,8.07,1.06,7.9,135.09,0.9568845894760404,0,0
2020-10-30,6161,41000,701350,17.1,17.3,17.05,17.1,0.0,30,2020,8.07,1.06,7.9,135.09,0.9568845894760404,0,0
2020-11-02,6161,36000,615800,17.15,17.15,17.1,17.1,0.0,15,2020,8.07,1.06,7.9,135.09,0.9671350208976766,0,0
2020-11-03,6161,27000,464250,17.2,17.25,17.15,17.2,0.1,17,2020,8.11,1.07,7.9,135.88,0.9727907812538034,0,0
2020-11-04,6161,65000,1121100,17.25,17.3,17.2,17.2,0.0,30,2020,8.11,1.07,7.9,135.88,0.9727907812538034,0,0
2020-11-05,6161,55000,951600,17.2,17.4,17.2,17.25,0.05,28,2020,8.14,1.07,7.9,136.275,0.9756186614318667,0,0
2020-11-06,6161,131000,2266350,17.2,17.55,17.15,17.25,0.0,82,2020,8.14,1.07,7.9,136.275,0.9756186614318667,0,0
2020-11-09,6161,143000,2436900,17.25,17.25,16.75,16.75,-0.5,75,2020,9.68,1.03,7.9,132.32500000000002,0.947339859651233,0,0
2020-11-10,6161,355000,6178550,17.5,17.6,17.3,17.35,0.6,169,2020,10.03,1.06,7.9,137.06500000000003,0.9812744217879936,0,0
2020-11-11,6161,140000,2423550,17.25,17.4,17.25,17.35,0.0,70,2020,10.03,1.06,7.9,137.06500000000003,0.9812744217879936,0,0
2020-11-12,6161,95000,1650100,17.25,17.45,17.25,17.4,0.05,43,2020,10.06,1.06,7.9,137.46,0.9841023019660569,0,0
2020-11-13,6161,139000,2412350,17.45,17.45,17.3,17.4,0.0,58,2020,10.06,1.06,7.9,137.46,0.9841023019660569,0,0
2020-11-16,6161,156000,2709250,17.4,17.45,17.3,17.45,0.05,64,2020,10.09,1.07,7.9,137.855,0.9869301821441202,0,0
2020-11-17,6161,166000,2889350,17.35,17.5,17.35,17.45,0.0,58,2020,10.09,1.07,7.9,137.855,0.9869301821441202,0,0
2020-11-18,6161,419000,7399400,17.45,17.9,17.45,17.85,0.4,183,2020,10.32,1.09,7.9,141.01500000000001,1.0095532235686275,0,0
2020-11-19,6161,828000,14751450,17.95,17.95,17.65,17.8,-0.05,301,2020,10.29,1.09,7.9,140.62,1.0067253433905639,0,0
2020-11-20,6161,156000,2756050,17.7,17.8,17.55,17.8,0.0,72,2020,10.29,1.09,7.9,140.62,1.0067253433905639,0,0
2020-11-23,6161,220000,3901200,17.8,17.8,17.7,17.8,0.0,82,2020,10.29,1.09,7.9,140.62,1.0067253433905639,0,0
2020-11-24,6161,195000,3452300,17.7,17.8,17.65,17.7,-0.1,76,2020,10.23,1.08,7.9,139.83,1.0010695830344374,0,0
2020-11-25,6161,249000,4404250,17.7,17.75,17.6,17.75,0.05,64,2020,10.26,1.09,7.9,140.225,1.0038974632125006,0,0
2020-11-26,6161,388000,6932250,17.7,18.0,17.7,18.0,0.25,163,2020,10.4,1.1,7.9,142.20000000000002,1.0180368641028177,0,0
2020-11-27,6161,635000,11458650,18.05,18.2,17.95,17.95,-0.05,193,2020,10.38,1.1,7.9,141.805,1.015208983924754,0,0
2020-11-30,6161,174000,3122750,17.95,18.05,17.8,18.0,0.05,74,2020,10.4,1.1,7.9,142.20000000000002,1.0180368641028177,0,0
2020-12-01,6161,404000,7313200,18.0,18.3,17.95,18.3,0.3,156,2020,10.58,1.12,7.9,144.57000000000002,1.035004145171198,0,0
2020-12-02,6161,645000,11876400,18.35,18.6,18.2,18.45,0.15,238,2020,10.66,1.13,7.9,145.755,1.0214514976102709,0,0
2020-12-03,6161,411000,7581450,18.5,18.6,18.35,18.5,0.05,147,2020,10.69,1.13,7.9,146.15,1.024219658850407,0,0
2020-12-04,6161,331000,6114700,18.6,18.6,18.4,18.45,-0.05,133,2020,10.66,1.13,7.9,145.755,1.0214514976102709,0,0
2020-12-07,6161,243000,4418850,18.45,18.45,17.85,18.05,-0.4,134,2020,10.43,1.1,7.9,142.595,0.999306207689181,0,0
2020-12-08,6161,206000,3783300,18.3,18.55,18.3,18.35,0.3,115,2020,10.61,1.12,7.9,144.96500000000003,1.0159151751299986,0,0
2020-12-09,6161,194000,3586900,18.55,18.6,18.4,18.45,0.1,97,2020,10.66,1.13,7.9,145.755,1.0214514976102709,0,0
2020-12-10,6161,344000,6360200,18.45,18.55,18.35,18.55,0.1,126,2020,10.72,1.14,7.9,146.54500000000002,1.0269878200905436,0,0
2020-12-11,6161,619000,11577900,18.8,18.95,18.3,18.5,-0.05,251,2020,10.69,1.13,7.9,146.15,1.024219658850407,0,0
2020-12-14,6161,142000,2616250,18.35,18.55,18.35,18.45,-0.05,76,2020,10.66,1.13,7.9,145.755,1.0214514976102709,0,0
2020-12-15,6161,1698000,32385000,18.45,19.7,18.3,18.85,0.4,728,2020,10.9,1.15,7.9,148.91500000000002,1.043596787531361,0,0
2020-12-16,6161,6486000,128722350,19.4,20.45,19.2,20.05,1.2,2993,2020,11.59,1.23,7.9,158.395,1.1100326572946304,0,0
2020-12-17,6161,1801000,35699450,19.9,20.25,19.6,19.9,-0.15,966,2020,11.5,1.22,7.9,157.21,1.1017281735742217,0,0
2020-12-18,6161,1124000,22219950,20.1,20.1,19.5,19.5,-0.4,569,2020,11.27,1.19,7.9,154.05,1.0795828836531318,0,0
2020-12-21,6161,788000,15596200,20.1,20.1,19.3,19.75,0.25,403,2020,11.42,1.21,7.9,156.025,1.093423689853813,0,0
2020-12-22,6161,714000,13652700,19.75,19.85,18.5,18.6,-1.15,389,2020,10.75,1.14,7.9,146.94000000000003,1.0297559813306798,0,0
2020-12-23,6161,270000,5049600,18.6,18.85,18.55,18.75,0.15,166,2020,10.84,1.15,7.9,148.125,1.0380604650510883,0,0
2020-12-24,6161,187000,3526450,19.0,19.0,18.8,18.85,0.1,91,2020,10.9,1.15,7.9,148.91500000000002,1.043596787531361,0,0
2020-12-25,6161,294000,5545000,18.95,19.1,18.75,18.9,0.05,132,2020,10.92,1.16,7.9,149.31,1.046364948771497,0,0
2020-12-28,6161,446000,8326300,18.9,18.95,18.55,18.7,-0.2,224,2020,10.81,1.14,7.9,147.73,1.035292303810952,0,0
2020-12-29,6161,283000,5323600,18.9,19.0,18.65,18.85,0.15,133,2020,10.9,1.15,7.9,148.91500000000002,1.043596787531361,0,0
2020-12-30,6161,1257000,24510400,19.05,19.75,19.05,19.65,0.8,497,2020,11.36,1.2,7.9,155.23499999999999,1.0878873673735405,0,0
2020-12-31,6161,416000,8067000,19.85,19.85,19.15,19.15,-0.5,237,2020,11.07,1.17,7.9,151.285,1.0602057549721782,0,0
2021-01-04,6161,401000,7678300,19.35,19.4,19.0,19.1,-0.05,190,2021,11.04,1.17,7.5,143.25,1.0223328887166565,0,0
2021-01-05,6161,777000,15319850,19.7,19.9,19.6,19.75,0.65,394,2021,11.42,1.21,7.5,148.125,1.057124322102302,0,0
2021-01-06,6161,841000,16568750,19.8,20.15,19.45,19.7,-0.05,337,2021,11.39,1.21,7.5,147.75,1.0544480579957136,0,0
2021-01-07,6161,748000,14784750,19.7,19.95,19.5,19.95,0.25,334,2021,11.53,1.22,7.5,149.625,1.0678293785286541,0,0
2021-01-08,6161,747000,14671050,19.75,19.85,19.45,19.5,-0.45,304,2021,11.27,1.19,7.5,146.25,1.0437430015693612,0,0
2021-01-11,6161,377000,7339350,19.65,19.7,19.3,19.7,0.2,161,2021,11.39,1.21,7.5,147.75,1.0544480579957136,0,0
2021-01-12,6161,232000,4524350,19.75,19.75,19.35,19.6,-0.1,113,2021,11.33,1.2,7.5,147.0,1.0490955297825375,0,0
2021-01-13,6161,483000,9476850,19.65,19.75,19.45,19.7,0.1,198,2021,11.39,1.21,7.5,147.75,1.0544480579957136,0,0
2021-01-14,6161,309000,6083700,19.55,19.8,19.5,19.75,0.05,107,2021,11.42,1.21,7.5,148.125,1.057124322102302,0,0
2021-01-15,6161,679000,13209700,19.85,19.85,19.15,19.4,-0.35,254,2021,11.21,1.19,7.5,145.5,1.038390473356185,0,0
2021-01-18,6161,288000,5455200,19.0,19.25,18.6,19.0,-0.4,163,2021,10.98,1.16,7.5,142.5,1.0169803605034802,0,0
2021-01-19,6161,3891000,75446050,19.1,19.7,18.75,18.75,-0.25,733,2021,10.84,1.15,7.5,140.625,1.0035990399705397,0,0
2021-01-20,6161,508000,9523350,18.7,19.05,18.35,19.05,0.3,249,2021,11.01,1.17,7.5,142.875,1.0196566246100682,0,0
2021-01-21,6161,640000,12367300,19.05,19.7,18.95,19.0,-0.05,265,2021,10.98,1.16,7.5,142.5,1.0169803605034802,0,0
2021-01-22,6161,165000,3099900,19.0,19.05,18.6,18.9,-0.1,98,2021,10.92,1.16,7.5,141.75,1.011627832290304,0,0
2021-01-25,6161,417000,7757050,18.95,19.0,18.35,18.7,-0.2,210,2021,10.81,1.14,7.5,140.25,1.0009227758639516,0,0
2021-01-26,6161,118000,2202200,18.65,18.95,18.5,18.55,-0.15,80,2021,10.72,1.14,7.5,139.125,0.9928939835441872,0,0
2021-01-27,6161,99000,1830450,18.55,18.6,18.4,18.6,0.05,61,2021,10.75,1.14,7.5,139.5,0.9955702476507754,0,0
2021-01-28,6161,103000,1889300,18.15,18.5,18.15,18.35,-0.25,61,2021,10.61,1.12,7.5,137.625,0.9821889271178348,0,0
2021-01-29,6161,211000,3827350,18.3,18.4,17.95,18.0,-0.35,104,2021,10.4,1.1,7.5,135.0,0.9634550783717181,0,0
2021-02-01,6161,142000,2522000,17.9,18.0,17.6,17.7,-0.3,70,2021,10.23,1.08,7.5,132.75,0.9473974937321895,0,0
2021-02-02,6161,80000,1422600,17.8,17.95,17.7,17.85,0.15,48,2021,10.32,1.09,7.5,133.875,0.9615854254176028,0,0
2021-02-03,6161,43000,770350,17.9,18.0,17.85,17.85,0.0,31,2021,10.32,1.09,7.5,133.875,0.9615854254176028,0,0
2021-02-04,6161,55000,979650,17.75,18.0,17.75,17.8,-0.05,30,2021,10.29,1.09,7.5,133.5,0.9588919088197944,0,0
2021-02-05,6161,59000,1059500,17.85,18.0,17.85,17.9,0.1,30,2021,10.35,1.1,7.5,134.25,0.9642789420154112,0,0
2021-02-17,6161,71000,1288900,18.15,18.2,18.05,18.1,0.2,47,2021,10.46,1.11,7.5,135.75,0.9750530084066449,0,0
2021-02-18,6161,175000,3186500,18.55,18.55,18.05,18.2,0.1,98,2021,10.52,1.11,7.5,136.5,0.9804400416022617,0,0
2021-02-19,6161,234000,4287850,18.15,18.7,18.1,18.7,0.5,135,2021,10.81,1.14,7.5,140.25,1.0073752075803457,0,0
2021-02-22,6161,366000,6858600,18.8,18.85,18.6,18.8,0.1,113,2021,10.87,1.15,7.5,141.0,1.0127622407759627,0,0
2021-02-23,6161,123000,2312150,18.8,18.9,18.65,18.85,0.05,56,2021,10.9,1.15,7.5,141.375,1.015455757373771,0,0
2021-02-24,6161,224000,4239850,19.0,19.15,18.6,18.75,-0.1,115,2021,10.84,1.15,7.5,140.625,1.0100687241781543,0,0
2021-02-25,6161,82000,1535450,18.8,18.9,18.65,18.7,-0.05,55,2021,10.81,1.14,7.5,140.25,1.0073752075803457,0,0
2021-02-26,6161,232000,4310950,18.55,19.0,18.5,18.7,0.0,84,2021,10.81,1.14,7.5,140.25,1.0073752075803457,0,0
2021-03-02,6161,131000,2442900,18.75,18.75,18.55,18.55,-0.15,59,2021,10.72,1.14,7.5,139.125,0.997278227901999,0,0
2021-03-03,6161,80000,1481900,18.55,18.6,18.45,18.6,0.05,43,2021,10.75,1.14,7.5,139.5,0.9999663093788238,0,0
2021-03-04,6161,79000,1465400,18.7,18.75,18.5,18.5,-0.1,48,2021,10.69,1.13,7.5,138.75,0.9945901464251742,0,0
2021-03-05,6161,139000,2575500,18.4,18.6,18.4,18.6,0.1,48,2021,10.75,1.14,7.5,139.5,0.9999663093788238,0,0
2021-03-08,6161,52000,963900,18.6,18.6,18.5,18.6,0.0,28,2021,10.75,1.14,7.5,139.5,0.9999663093788238,0,0
2021-03-09,6161,62000,1143950,18.4,18.65,18.3,18.65,0.05,42,2021,10.78,1.14,7.5,139.875,1.0026543908556487,0,0
2021-03-10,6161,84000,1565250,18.8,18.8,18.5,18.6,-0.05,48,2021,10.75,1.14,7.5,139.5,0.9999663093788238,0,0
2021-03-11,6161,134000,2497850,18.65,18.7,18.6,18.65,0.05,61,2021,10.78,1.14,7.5,139.875,1.0026543908556487,0,0
2021-03-12,6161,125000,2329500,18.65,18.75,18.55,18.7,0.05,64,2021,10.81,1.14,7.5,140.25,1.0053424723324733,0,0
2021-03-15,6161,480000,9041550,18.8,19.2,18.65,18.85,0.15,206,2021,10.9,1.15,7.5,141.375,1.0134067167629477,0,0
2021-03-16,6161,208000,3930150,18.95,19.0,18.8,18.9,0.05,91,2021,10.92,1.16,7.5,141.75,1.0160947982397726,0,0
2021-03-17,6161,266000,5030450,18.9,19.0,18.85,18.95,0.05,104,2021,10.95,1.16,7.5,142.125,1.0187828797165974,0,0
2021-03-18,6161,640000,12286750,19.0,19.35,19.0,19.3,0.35,271,2021,11.16,1.18,7.5,144.75,1.0375994500543708,0,0
2021-03-19,6161,304000,5868100,19.3,19.5,19.15,19.5,0.2,164,2021,11.27,1.19,7.5,146.25,1.04835177596167,0,0
2021-03-22,6161,830000,16450750,19.6,20.15,19.5,19.8,0.3,451,2021,11.45,1.21,7.5,148.5,1.0644802648226188,0,0
2021-03-23,6161,2823000,58722850,21.2,21.4,20.15,20.2,0.4,1127,2021,12.87,1.21,7.5,151.5,1.0859849166372173,0,0
2021-03-24,6161,1228000,25292800,20.3,20.8,20.3,20.65,0.45,588,2021,13.15,1.23,7.5,154.875,1.1101776499286404,0,0
2021-03-25,6161,1046000,21752900,20.75,20.95,20.65,20.8,0.15,485,2021,13.25,1.24,7.5,156.0,1.1182418943591148,0,0
2021-03-26,6161,683000,14282000,20.85,21.1,20.8,20.9,0.1,376,2021,13.31,1.25,7.5,156.75,1.1236180573127643,0,0
2021-03-29,6161,1072000,22793550,21.0,21.6,20.95,21.25,0.35,568,2021,13.54,1.27,7.5,159.375,1.142434627650538,0,0
2021-03-30,6161,1045000,22540150,22.0,22.0,21.2,21.5,0.25,479,2021,13.69,1.28,7.5,161.25,1.1558750350346618,0,0
2021-03-31,6161,675000,14392700,21.6,21.6,21.25,21.3,-0.2,309,2021,13.57,1.27,7.5,159.75,1.1451227091273628,0,0
2021-04-01,6161,651000,13941550,21.35,21.55,21.25,21.4,0.1,290,2021,13.63,1.28,7.5,160.5,1.1504988720810123,0,0
2021-04-06,6161,907000,19705000,21.6,21.9,21.4,21.65,0.25,404,2021,13.79,1.29,7.5,162.375,1.1644041907794247,0,0
2021-04-07,6161,1183000,25886400,21.9,22.2,21.6,22.15,0.5,575,2021,14.11,1.32,7.5,166.125,1.191295742529527,0,0
2021-04-08,6161,3668000,86505800,22.0,24.35,22.0,23.4,1.25,1685,2021,14.9,1.4,7.5,175.5,1.2585246219047823,0,0
2021-04-09,6161,1241000,28819000,23.5,23.95,22.7,23.2,-0.2,695,2021,14.78,1.39,7.5,174.0,1.2477680012047416,0,0
2021-04-12,6161,1681000,40189300,23.3,24.6,23.3,24.3,1.1,808,2021,15.48,1.45,7.5,182.25,1.3069294150549664,0,0
2021-04-13,6161,1233000,29481050,24.6,24.7,23.25,23.8,-0.5,595,2021,15.16,1.42,7.5,178.5,1.2800378633048641,0,0
2021-04-14,6161,1404000,32072200,23.55,23.75,22.2,22.85,-0.95,656,2021,14.55,1.36,7.5,171.375,1.22894391497967,0,0
2021-04-15,6161,871000,19511400,22.1,22.75,22.1,22.75,-0.1,376,2021,14.49,1.36,7.5,170.625,1.2235656046296495,0,0
2021-04-16,6161,532000,12235650,23.0,23.3,22.8,23.0,0.25,256,2021,14.65,1.37,7.5,172.5,1.2370113805047007,0,0
2021-04-19,6161,600000,13727250,23.05,23.15,22.7,22.95,-0.05,318,2021,14.62,1.37,7.5,172.125,1.2343222253296904,0,0
2021-04-20,6161,566000,12947950,23.2,23.2,22.8,23.0,0.05,237,2021,14.65,1.37,7.5,172.5,1.2370113805047007,0,0
2021-04-21,6161,1210000,28527800,23.15,24.3,22.85,23.85,0.85,555,2021,15.19,1.42,7.5,178.875,1.2827270184798745,0,0
2021-04-22,6161,981000,22966650,24.2,24.2,22.8,22.95,-0.9,477,2021,14.62,1.37,7.5,172.125,1.2343222253296904,0,0
2021-04-23,6161,350000,8073950,22.9,23.3,22.85,23.05,0.1,240,2021,14.68,1.38,7.5,172.875,1.2397005356797108,0,0
2021-04-26,6161,679000,15867650,23.2,23.55,23.2,23.4,0.35,289,2021,14.9,1.4,7.5,175.5,1.2585246219047823,0,0
2021-04-27,6161,508000,11937600,23.55,23.75,23.25,23.4,0.0,256,2021,14.9,1.4,7.5,175.5,1.2585246219047823,0,0
2021-04-28,6161,536000,12629950,23.4,23.8,23.35,23.65,0.25,234,2021,15.06,1.41,7.5,177.375,1.2719703977798336,0,0
2021-04-29,6161,447000,10548950,23.8,23.8,23.5,23.5,-0.15,212,2021,14.97,1.4,7.5,176.25,1.2639029322548028,0,0
2021-05-03,6161,805000,18453100,23.35,23.5,22.7,22.8,-0.7,308,2021,14.52,1.36,7.5,171.0,1.1973054326158603,0,0
2021-05-04,6161,761000,16708150,22.85,22.85,20.7,21.85,-0.95,379,2021,13.92,1.3,7.5,163.875,1.1474177062568662,0,0
2021-05-05,6161,447000,9796200,22.0,22.3,21.65,21.9,0.05,176,2021,13.95,1.31,7.5,164.25,1.1500433760652342,0,0
2021-05-06,6161,292000,6416250,21.9,22.25,21.75,22.05,0.15,127,2021,14.04,1.32,7.5,165.375,1.1579203854903386,0,0
2021-05-07,6161,246000,5485650,22.25,22.45,22.15,22.4,0.35,133,2021,14.27,1.34,7.5,168.0,1.1763000741489154,0,0
2021-05-10,6161,325000,7328950,22.6,22.75,22.4,22.55,0.15,164,2021,15.66,1.31,7.5,169.125,1.1841770835740197,0,0
2021-05-11,6161,563000,12515800,22.7,22.8,21.7,22.0,-0.55,267,2021,15.28,1.27,7.5,165.0,1.1552947156819704,0,0
2021-05-12,6161,1311000,27616850,21.9,22.0,20.2,20.75,-1.25,479,2021,14.41,1.2,7.5,155.625,1.0896529704727675,0,0
2021-05-13,6161,464000,9582550,20.1,21.4,19.8,20.8,0.05,244,2021,14.44,1.2,7.5,156.0,1.0922786402811357,0,0
2021-05-14,6161,208000,4340900,21.3,21.5,20.45,20.65,-0.15,109,2021,14.34,1.2,7.5,154.875,1.0844016308560314,0,0
2021-05-17,6161,511000,9997100,19.6,20.45,19.05,19.15,-1.5,237,2021,13.3,1.11,7.5,143.625,1.005631536604988,0,0
2021-05-18,6161,414000,8462900,19.3,20.75,19.3,20.7,1.55,186,2021,14.38,1.2,7.5,155.25,1.0870273006643996,0,0
2021-05-19,6161,164000,3419050,21.1,21.1,20.6,20.9,0.2,83,2021,14.51,1.21,7.5,156.75,1.097529979897872,0,0
2021-05-20,6161,187000,3915450,20.9,21.15,20.9,20.9,0.0,75,2021,14.51,1.21,7.5,156.75,1.097529979897872,0,0
2021-05-21,6161,185000,3916750,21.25,21.35,20.9,21.2,0.3,81,2021,14.72,1.23,7.5,159.0,1.1132839987480807,0,0
2021-05-24,6161,139000,2931900,20.9,21.25,20.9,21.25,0.05,72,2021,14.76,1.23,7.5,159.375,1.1159096685564487,0,0
2021-05-25,6161,290000,6183200,21.4,21.4,21.25,21.3,0.05,116,2021,14.79,1.23,7.5,159.75,1.118535338364817,0,0
2021-05-26,6161,137000,2906850,21.3,21.35,21.15,21.35,0.05,76,2021,14.83,1.24,7.5,160.125,1.1211610081731849,0,0
2021-05-27,6161,274000,5854950,21.35,21.55,21.2,21.45,0.1,115,2021,14.9,1.24,7.5,160.875,1.1264123477899213,0,0
2021-05-28,6161,411000,8851800,21.5,21.6,21.45,21.55,0.1,222,2021,14.97,1.25,7.5,161.625,1.1316636874066575,0,0
2021-05-31,6161,317000,6882500,21.7,22.05,21.6,21.75,0.2,166,2021,15.1,1.26,7.5,163.125,1.1421663666401298,0,0
2021-06-01,6161,1303000,29218300,21.75,22.8,21.75,22.55,0.8,663,2021,15.66,1.31,7.5,169.125,1.1841770835740197,0,0
2021-06-02,6161,1117000,25400950,22.85,22.95,22.55,22.85,0.3,536,2021,15.87,1.32,7.5,171.375,1.145902566688019,0,0
2021-06-03,6161,683000,15702000,23.0,23.15,22.8,22.95,0.1,337,2021,15.94,1.33,7.5,172.125,1.15091745757068,0,0
2021-06-04,6161,424000,9658850,22.95,23.0,22.65,22.8,-0.15,218,2021,15.83,1.32,7.5,171.0,1.1433951212466884,0,0
2021-06-07,6161,2270000,52959100,23.4,23.8,22.95,23.45,0.65,887,2021,16.28,1.36,7.5,175.875,1.1759919119839843,0,0
2021-06-08,6161,1418000,33584400,23.5,24.1,23.25,23.65,0.2,552,2021,16.42,1.37,7.5,177.375,1.1860216937493062,0,0
2021-06-09,6161,1658000,39545400,23.65,24.15,23.5,24.1,0.45,732,2021,16.74,1.4,7.5,180.75,1.2085887027212805,0,0
2021-06-10,6161,1608000,38580050,24.15,24.4,23.7,24.2,0.1,647,2021,16.81,1.4,7.5,181.5,1.2136035936039413,0,0
2021-06-11,6161,1589000,38110850,24.2,24.4,23.6,23.95,-0.25,557,2021,16.63,1.39,7.5,179.625,1.201066366397289,0,0
2021-06-15,6161,591000,14142100,24.15,24.15,23.75,23.95,0.0,341,2021,16.63,1.39,7.5,179.625,1.201066366397289,0,0
2021-06-16,6161,408000,9722950,24.15,24.15,23.65,23.65,-0.3,242,2021,16.42,1.37,7.5,177.375,1.1860216937493062,0,0
2021-06-17,6161,408000,9634150,23.55,23.75,23.45,23.7,0.05,198,2021,16.46,1.37,7.5,177.75,1.1885291391906367,0,0
2021-06-18,6161,351000,8238350,23.7,23.7,23.35,23.35,-0.35,184,2021,16.22,1.35,7.5,175.125,1.1709770211013235,0,0
2021-06-21,6161,527000,12110450,23.45,23.45,22.9,22.95,-0.4,269,2021,15.94,1.33,7.5,172.125,1.15091745757068,0,0
2021-06-22,6161,411000,9402900,23.1,23.25,22.75,22.75,-0.2,192,2021,15.8,1.32,7.5,170.625,1.140887675805358,0,0
2021-06-23,6161,542000,12488500,22.9,23.25,22.9,23.05,0.3,177,2021,16.01,1.33,7.5,172.875,1.1559323484533408,0,0
2021-06-24,6161,215000,4966800,23.25,23.3,23.0,23.1,0.05,100,2021,16.04,1.34,7.5,173.25,1.1584397938946713,0,0
2021-06-25,6161,355000,8227550,23.15,23.3,23.05,23.25,0.15,157,2021,16.15,1.35,7.5,174.375,1.1659621302186627,0,0
2021-06-28,6161,344000,7998850,23.25,23.5,23.15,23.3,0.05,132,2021,16.18,1.35,7.5,174.75,1.168469575659993,0,0
2021-06-29,6161,487000,11371800,23.45,23.45,23.25,23.35,0.05,196,2021,16.22,1.35,7.5,175.125,1.1709770211013235,0,0
2021-06-30,6161,342000,8022300,23.5,23.6,23.3,23.5,0.15,171,2021,16.32,1.36,7.5,176.25,1.1784993574253149,0,0
2021-07-01,6161,459000,10714700,23.55,23.65,23.05,23.4,-0.1,173,2021,16.25,1.35,7.5,175.5,1.173484466542654,0,0
2021-07-02,6161,244000,5685900,23.5,23.5,23.2,23.3,-0.1,118,2021,16.18,1.35,7.5,174.75,1.1146547600063785,0,0
2021-07-05,6161,951000,22072300,23.3,23.4,23.1,23.2,-0.1,286,2021,16.11,1.34,7.5,174.0,1.1098708339977674,0,0
2021-07-06,6161,340000,7925050,23.25,23.45,23.25,23.25,0.05,136,2021,16.15,1.35,7.5,174.375,1.112262797002073,0,0
2021-07-07,6161,5377000,136101750,24.9,25.55,24.3,25.55,2.3,2069,2021,17.74,1.48,7.5,191.625,1.2222930952001276,0,0
2021-07-08,6161,10160000,270885650,25.85,27.8,25.65,27.1,1.55,4748,2021,18.82,1.57,7.5,203.25,1.2964439483335992,0,0
2021-07-09,6161,2945000,79828750,26.25,27.9,26.25,27.4,0.3,1503,2021,19.03,1.59,7.5,205.5,1.3107957263594323,0,0
2021-07-12,6161,5322000,150566550,28.5,28.95,27.55,28.45,1.05,2123,2021,19.76,1.65,7.5,213.375,1.3610269494498486,0,0
2021-07-13,6161,3542000,96909200,28.45,28.45,26.2,26.6,-1.85,1683,2021,18.47,1.54,7.5,199.5,1.2725243182905437,0,0
2021-07-14,6161,3190000,88362700,27.25,28.45,26.6,27.8,1.2,1508,2021,19.31,1.61,7.5,208.5,1.3299314303938765,0,0
2021-07-15,6161,2661000,74291650,27.8,28.3,27.2,27.85,0.05,1100,2021,19.34,1.61,7.5,208.875,1.3323233933981822,0,0
2021-07-16,6161,4228000,121973000,27.5,29.65,27.4,28.9,1.05,2025,2021,20.07,1.67,7.5,216.75,1.3825546164885982,0,0
2021-07-19,6161,1939000,55942950,29.05,29.4,28.25,28.7,-0.2,1150,2021,19.93,1.66,7.5,215.25,1.3729867644713762,0,0
2021-07-20,6161,1563000,44879600,28.3,29.3,28.3,28.55,-0.15,843,2021,19.83,1.65,7.5,214.125,1.3658108754584595,0,0
2021-07-21,6161,9001000,278269800,29.4,31.4,29.4,31.4,2.85,3532,2021,21.81,1.82,7.5,235.5,1.502152766703875,0,0
2021-07-22,6161,11991000,380281650,32.8,33.9,29.55,29.7,-1.7,6130,2021,20.63,1.72,7.5,222.75,1.4208260245574869,0,0
2021-07-23,6161,4331000,126917150,29.75,30.75,28.2,28.85,-0.85,2308,2021,20.03,1.67,7.5,216.375,1.3801626534842928,0,0
2021-07-26,6161,2403000,70458800,29.45,30.3,28.6,29.3,0.45,1350,2021,20.35,1.7,7.5,219.75,1.4016903205230427,0,0
2021-07-27,6161,3063000,91668150,29.85,30.85,29.3,29.85,0.55,1749,2021,20.73,1.73,7.5,223.875,1.4280019135704034,0,0
2021-07-28,6161,1938000,55528200,29.75,30.0,27.65,28.6,-1.25,1098,2021,19.86,1.66,7.5,214.5,1.3682028384627651,0,0
2021-07-29,6161,1273000,36214300,28.8,29.2,28.05,28.45,-0.15,683,2021,19.76,1.65,7.5,213.375,1.3610269494498486,0,0
2021-07-30,6161,2136000,61405150,28.6,29.3,28.3,28.5,0.05,1021,2021,19.79,1.65,7.5,213.75,1.363418912454154,0,0
2021-08-02,6161,1414000,37648350,27.3,27.45,26.2,26.4,0.0,776,2021,18.33,1.53,7.5,198.0,1.2416914848184402,0,0
2021-08-03,6161,1733000,47865800,26.85,28.3,26.55,27.9,1.5,982,2021,19.38,1.62,7.5,209.25,1.3122421373649424,0,0
2021-08-04,6161,1252000,34715600,27.95,28.25,27.4,27.7,-0.2,697,2021,19.24,1.6,7.5,207.75,1.3028353836920756,0,0
2021-08-05,6161,8321000,235913650,27.7,28.7,27.05,28.45,0.75,1815,2021,19.76,1.65,7.5,213.375,1.3381107099653267,0,0
2021-08-06,6161,5077000,133899000,28.0,28.0,25.7,25.85,-2.6,2614,2021,17.95,1.5,7.5,193.875,1.2158229122180562,0,0
2021-08-09,6161,1893000,48332000,26.0,26.3,24.8,25.85,0.0,948,2021,12.73,1.43,7.5,193.875,1.2158229122180562,0,0
2021-08-10,6161,1806000,46602250,26.9,26.9,25.2,25.25,-0.6,793,2021,12.44,1.4,7.5,189.375,1.187602651199455,0,0
2021-08-11,6161,1586000,38975500,25.85,25.85,23.65,23.9,-1.35,795,2021,11.77,1.32,7.5,179.25,1.1241070639076032,0,0
2021-08-12,6161,830000,20088350,23.95,24.65,23.7,24.4,0.5,445,2021,12.02,1.35,7.5,183.0,1.1476239480897705,0,0
2021-08-13,6161,1119000,27887250,24.65,25.4,24.4,25.0,0.6,720,2021,12.32,1.38,7.5,187.5,1.1758442091083714,0,0
2021-08-16,6161,751000,18489550,25.2,25.2,24.25,24.95,-0.05,488,2021,12.29,1.38,7.5,187.125,1.1734925206901548,0,0
2021-08-17,6161,520000,12948200,24.7,25.3,24.5,24.9,-0.05,332,2021,12.27,1.38,7.5,186.75,1.1711408322719379,0,0
2021-08-18,6161,972000,24082950,24.6,25.2,24.1,25.2,0.3,501,2021,12.41,1.39,7.5,189.0,1.1852509627812384,0,0
2021-08-19,6161,477000,11833400,25.0,25.15,24.5,24.8,-0.4,239,2021,12.22,1.37,7.5,186.0,1.1664374554355044,0,0
2021-08-20,6161,359000,8850900,25.1,25.1,24.4,24.8,0.0,179,2021,12.22,1.37,7.5,186.0,1.1664374554355044,0,0
2021-08-23,6161,402000,10058800,25.1,25.15,24.9,25.0,0.2,202,2021,12.32,1.38,7.5,187.5,1.1758442091083714,0,0
2021-08-24,6161,453000,11195900,25.2,25.25,24.55,24.7,-0.3,214,2021,12.17,1.37,7.5,185.25,1.161734078599071,0,0
2021-08-25,6161,637000,15914500,24.7,25.3,24.5,25.15,0.45,347,2021,12.39,1.39,7.5,188.625,1.1828992743630218,0,0
2021-08-26,6161,409000,10272100,25.25,25.3,24.95,25.2,0.05,216,2021,12.41,1.39,7.5,189.0,1.1852509627812384,0,0
2021-08-27,6161,475000,11905750,25.15,25.2,24.9,25.2,0.0,258,2021,12.41,1.39,7.5,189.0,1.1852509627812384,0,0
2021-08-30,6161,274000,6888550,25.2,25.25,25.0,25.1,-0.1,163,2021,12.36,1.39,7.5,188.25,1.180547585944805,0,0
2021-08-31,6161,1716000,44946700,25.25,27.0,25.2,26.5,1.4,1040,2021,13.05,1.47,7.5,198.75,1.2463948616548737,0,0
2021-09-01,6161,1992000,53908500,26.35,27.5,26.35,27.25,0.75,1122,2021,13.42,1.51,7.5,204.375,1.281670187928125,0,0
2021-09-02,6161,961000,25483850,27.1,27.1,25.8,26.4,-0.85,581,2021,13.0,1.46,7.5,198.0,1.213484385581599,0,0
2021-09-03,6161,405000,10700750,26.4,26.75,26.05,26.5,0.1,259,2021,13.05,1.47,7.5,198.75,1.2180809173451659,0,0
2021-09-06,6161,1415000,36000600,26.0,26.45,24.85,25.05,-1.45,730,2021,12.34,1.39,7.5,187.875,1.1514312067734491,0,0
2021-09-07,6161,621000,15278000,25.3,25.3,24.3,24.65,-0.4,335,2021,12.14,1.36,7.5,184.875,1.1330450797191824,0,0
2021-09-08,6161,548000,13222800,24.7,24.75,23.85,24.0,-0.65,309,2021,11.82,1.33,7.5,180.0,1.1031676232559993,0,0
2021-09-09,6161,296000,7137950,23.95,24.35,23.95,24.35,0.35,204,2021,12.0,1.35,7.5,182.625,1.1192554844284825,0,0
2021-09-10,6161,239000,5773050,24.25,24.5,24.0,24.25,-0.1,113,2021,11.95,1.34,7.5,181.875,1.114658952664916,0,0
2021-09-13,6161,166000,4047600,24.65,24.65,24.2,24.4,0.15,89,2021,12.02,1.35,7.5,183.0,1.121553750310266,0,0
2021-09-14,6161,340000,8390550,24.4,24.8,24.4,24.7,0.3,212,2021,12.17,1.37,7.5,185.25,1.1353433456009658,0,0
2021-09-15,6161,187000,4582800,24.7,24.8,24.25,24.65,-0.05,110,2021,12.14,1.36,7.5,184.875,1.1330450797191824,0,0
2021-09-16,6161,235000,5856550,24.85,25.1,24.75,24.85,0.2,192,2021,12.24,1.37,7.5,186.375,1.1422381432463158,0,0
2021-09-17,6161,154000,3797400,24.95,24.95,24.6,24.6,-0.25,120,2021,12.12,1.36,7.5,184.5,1.1307468138373993,0,0
2021-09-22,6161,304000,7304300,24.0,24.3,23.85,24.0,-0.6,143,2021,11.82,1.33,7.5,180.0,1.1031676232559993,0,0
2021-09-23,6161,141000,3382600,24.0,24.25,23.85,23.95,-0.05,79,2021,11.8,1.32,7.5,179.625,1.1008693573742159,0,0
2021-09-24,6161,175000,4236150,24.4,24.4,24.1,24.15,0.2,79,2021,11.9,1.34,7.5,181.125,1.1100624209013492,0,0
2021-09-27,6161,226000,5499550,24.15,24.6,24.0,24.3,0.15,99,2021,11.97,1.34,7.5,182.25,1.1169572185466992,0,0
2021-09-28,6161,176000,4246400,24.45,24.45,24.0,24.3,0.0,110,2021,11.97,1.34,7.5,182.25,1.1169572185466992,0,0
2021-09-29,6161,392000,9291150,24.15,24.15,23.55,23.55,-0.75,229,2021,11.6,1.3,7.5,176.625,1.0824832303199492,0,0
2021-09-30,6161,204000,4816650,23.7,23.85,23.35,23.8,0.25,113,2021,11.72,1.32,7.5,178.5,1.093974559728866,0,0
2021-10-01,6161,575000,13333450,23.8,23.8,22.85,22.95,-0.85,281,2021,11.31,1.27,7.5,172.125,1.0549040397385492,0,0
2021-10-04,6161,416000,9335650,23.4,23.4,22.2,22.2,-0.75,191,2021,10.94,1.23,7.5,166.5,0.9792378059897595,0,0
2021-10-05,6161,277000,6241400,22.2,23.0,22.0,23.0,0.8,187,2021,11.33,1.27,7.5,172.5,1.0145256548542554,0,0
2021-10-06,6161,126000,2845950,23.0,23.0,22.45,22.6,-0.4,93,2021,11.13,1.25,7.5,169.5,0.9968817304220073,0,0
2021-10-07,6161,728000,18051450,24.7,24.85,24.45,24.85,2.25,327,2021,12.24,1.37,7.5,186.375,1.096128805353402,0,0
2021-10-08,6161,1706000,42893800,24.85,25.75,24.6,25.15,0.3,1008,2021,12.39,1.39,7.5,188.625,1.109361748677588,0,0
2021-10-12,6161,634000,15859400,25.25,25.35,24.75,25.0,-0.15,388,2021,12.32,1.38,7.5,187.5,1.1027452770154949,0,0
2021-10-13,6161,406000,10020550,25.3,25.45,24.45,24.65,-0.35,256,2021,12.14,1.36,7.5,184.875,1.0873068431372779,0,0
2021-10-14,6161,279000,6832450,24.9,24.95,24.25,24.4,-0.25,207,2021,12.02,1.35,7.5,183.0,1.076279390367123,0,0
2021-10-15,6161,425000,10604900,24.9,25.15,24.6,25.05,0.65,302,2021,12.34,1.39,7.5,187.875,1.1049507675695258,0,0
2021-10-18,6161,728000,18525600,25.3,25.9,25.15,25.35,0.3,455,2021,12.49,1.4,7.5,190.125,1.1181837108937118,0,0
2021-10-19,6161,480000,12313900,25.65,25.95,25.3,25.7,0.35,302,2021,12.66,1.42,7.5,192.75,1.1336221447719288,0,0
2021-10-20,6161,586000,15241350,25.95,26.2,25.8,26.1,0.4,325,2021,12.86,1.44,7.5,195.75,1.1512660692041767,0,0
2021-10-21,6161,523000,13605700,26.3,26.3,25.75,26.0,-0.1,289,2021,12.81,1.44,7.5,195.0,1.1468550880961146,0,0
2021-10-22,6161,1583000,42296000,26.2,27.2,26.0,27.1,1.1,797,2021,13.35,1.5,7.5,203.25,1.1953758802847965,0,0
2021-10-25,6161,625000,16642100,27.1,27.1,26.3,26.7,-0.4,356,2021,13.15,1.48,7.5,200.25,1.1777319558525485,0,0
2021-10-26,6161,471000,12499650,26.8,26.9,26.35,26.45,-0.25,212,2021,13.03,1.46,7.5,198.375,1.1667045030823937,0,0
2021-10-27,6161,598000,16093650,26.6,27.3,26.45,27.0,0.55,368,2021,13.3,1.49,7.5,202.5,1.1909648991767345,0,0
2021-10-28,6161,507000,13790900,27.25,27.6,26.8,27.05,0.05,307,2021,13.33,1.5,7.5,202.875,1.1931703897307655,0,0
2021-10-29,6161,637000,17350600,27.3,27.5,26.9,27.4,0.35,322,2021,13.5,1.52,7.5,205.5,1.2086088236089825,0,0
2021-11-01,6161,648000,17870400,27.8,27.9,27.3,27.7,0.3,306,2021,13.65,1.53,7.5,207.75,1.2218417669331683,0,0
2021-11-02,6161,745000,20204150,27.95,27.95,26.55,26.7,-1.0,381,2021,13.15,1.48,7.5,200.25,1.1220907590712843,0,0
2021-11-03,6161,510000,13867000,27.0,27.45,26.8,27.25,0.55,273,2021,13.42,1.51,7.5,204.375,1.1452049881907302,0,0
2021-11-04,6161,543000,14905600,27.5,27.7,27.15,27.55,0.3,282,2021,13.57,1.52,7.5,206.625,1.15781274952861,0,0
2021-11-05,6161,2027000,57188950,27.6,28.9,27.4,28.65,1.1,964,2021,14.11,1.58,7.5,214.875,1.2040412077675016,0,0
2021-11-08,6161,2248000,65636650,29.0,29.65,28.7,29.3,0.65,1137,2021,10.35,1.68,7.5,219.75,1.231358023999574,0,0
2021-11-09,6161,1657000,48658800,30.0,30.0,29.0,29.15,-0.15,847,2021,10.3,1.67,7.5,218.625,1.2250541433306343,0,0
2021-11-10,6161,1674000,49795550,29.1,30.2,29.1,29.8,0.65,899,2021,10.53,1.7,7.5,223.5,1.2523709595627068,0,0
2021-11-11,6161,1214000,36273400,30.1,30.25,29.65,29.9,0.1,550,2021,10.57,1.71,7.5,224.25,1.2565735466753334,0,0
2021-11-12,6161,828000,24387250,29.65,29.95,29.2,29.35,-0.55,411,2021,10.37,1.68,7.5,220.125,1.2334593175558874,0,0
2021-11-15,6161,850000,25345750,29.65,30.05,29.55,29.95,0.6,584,2021,10.58,1.71,7.5,224.625,1.2586748402316466,0,0
2021-11-16,6161,757000,22612200,29.95,30.35,29.5,29.7,-0.25,469,2021,10.49,1.7,7.5,222.75,1.2481683724500803,0,0
2021-11-17,6161,1161000,35066850,29.75,30.5,29.75,30.35,0.65,663,2021,10.72,1.74,7.5,227.625,1.2754851886821528,0,0
2021-11-18,6161,765000,23232650,30.5,30.6,30.0,30.4,0.05,490,2021,10.74,1.74,7.5,228.0,1.277586482238466,0,0
2021-11-19,6161,947000,29204950,30.7,31.3,30.45,30.85,0.45,608,2021,10.9,1.76,7.5,231.375,1.2964981242452853,0,0
2021-11-22,6161,819000,25485100,31.0,31.5,30.85,31.15,0.3,493,2021,11.01,1.78,7.5,233.625,1.309105885583165,0,0
2021-11-23,6161,841000,25537900,31.2,31.25,29.95,30.0,-1.15,515,2021,10.6,1.72,7.5,225.0,1.26077613378796,0,0
2021-11-24,6161,422000,12739950,29.95,30.5,29.95,30.2,0.2,226,2021,10.67,1.73,7.5,226.5,1.2691813080132128,0,0
2021-11-25,6161,759000,22490850,30.4,30.45,29.3,29.4,-0.8,443,2021,10.39,1.68,7.5,220.5,1.2355606111122006,0,0
2021-11-26,6161,964000,27642400,29.35,29.5,28.1,28.6,-0.8,475,2021,10.11,1.64,7.5,214.5,1.2019399142111884,0,0
2021-11-29,6161,580000,16479700,28.15,29.1,27.55,28.75,0.15,300,2021,10.16,1.64,7.5,215.625,1.2082437948801281,0,0
2021-11-30,6161,258000,7578500,29.05,29.6,29.05,29.3,0.55,161,2021,10.35,1.68,7.5,219.75,1.231358023999574,0,0
2021-12-01,6161,210000,6145200,29.2,29.5,29.0,29.35,0.05,119,2021,10.37,1.68,7.5,220.125,1.2334593175558874,0,0
2021-12-02,6161,375000,10859500,29.15,29.4,28.65,28.8,-0.55,215,2021,10.18,1.65,7.5,216.0,1.1936920009372693,0,0
2021-12-03,6161,206000,5936900,29.05,29.05,28.7,28.85,0.05,124,2021,10.19,1.65,7.5,216.375,1.1957643828833409,0,0
2021-12-06,6161,177000,5122450,28.8,29.1,28.8,29.05,0.2,93,2021,10.27,1.66,7.5,217.875,1.2040539106676276,0,0
2021-12-07,6161,305000,8863450,29.05,29.3,29.0,29.15,0.1,135,2021,10.3,1.67,7.5,218.625,1.2081986745597708,0,0
2021-12-08,6161,166000,4829200,29.3,29.3,29.0,29.1,-0.05,104,2021,10.28,1.66,7.5,218.25,1.206126292613699,0,0
2021-12-09,6161,372000,10765750,29.2,29.3,28.75,28.95,-0.15,213,2021,10.23,1.66,7.5,217.125,1.1999091467754843,0,0
2021-12-10,6161,350000,9998750,28.95,28.95,28.45,28.6,-0.35,228,2021,10.11,1.64,7.5,214.5,1.1854024731529826,0,0
2021-12-13,6161,837000,24491150,28.75,29.65,28.75,29.25,0.65,517,2021,10.34,1.67,7.5,219.375,1.212343438451914,0,0
2021-12-14,6161,452000,13084500,29.15,29.45,28.55,29.0,-0.25,267,2021,10.25,1.66,7.5,217.5,1.2019815287215558,0,0
2021-12-15,6161,297000,8583200,29.0,29.25,28.7,28.9,-0.1,176,2021,10.21,1.65,7.5,216.75,1.1978367648294126,0,0
2021-12-16,6161,273000,7921500,29.3,29.3,28.85,29.1,0.2,158,2021,10.28,1.66,7.5,218.25,1.206126292613699,0,0
2021-12-17,6161,313000,9012300,29.05,29.05,28.65,28.8,-0.3,204,2021,10.18,1.65,7.5,216.0,1.1936920009372693,0,0
2021-12-20,6161,343000,9828750,28.8,29.0,28.5,28.95,0.15,181,2021,10.23,1.66,7.5,217.125,1.1999091467754843,0,0
2021-12-21,6161,778000,22960500,28.95,29.8,28.95,29.7,0.75,385,2021,10.49,1.7,7.5,222.75,1.230994875966559,0,0
2021-12-22,6161,1351000,40759900,29.8,30.6,29.7,30.2,0.5,667,2021,10.67,1.73,7.5,226.5,1.2517186954272754,0,0
2021-12-23,6161,508000,15295400,30.5,30.5,29.9,29.9,-0.3,254,2021,10.57,1.71,7.5,224.25,1.2392844037508455,0,0
2021-12-24,6161,377000,11243000,29.85,30.2,29.5,29.8,-0.1,222,2021,10.53,1.7,7.5,223.5,1.2351396398587022,0,0
2021-12-27,6161,462000,13641400,29.8,29.9,29.35,29.45,-0.35,240,2021,10.41,1.68,7.5,220.875,1.2206329662362008,0,0
2021-12-28,6161,240000,7079950,29.75,29.75,29.35,29.7,0.25,124,2021,10.49,1.7,7.5,222.75,1.230994875966559,0,0
2021-12-29,6161,294000,8711400,29.9,29.9,29.45,29.6,-0.1,167,2021,10.46,1.69,7.5,222.0,1.2268501120744157,0,0
2021-12-30,6161,238000,7025850,29.55,29.65,29.45,29.55,-0.05,99,2021,10.44,1.69,7.5,221.625,1.224777730128344,0,0
2022-01-03,6161,314000,9171250,29.65,29.65,28.85,29.15,-0.4,174,2022,10.3,1.67,7.5,218.625,1.1610856662148898,0,0
2022-01-04,6161,280000,8138850,29.3,29.3,29.0,29.1,-0.05,134,2022,10.28,1.66,7.5,218.25,1.1590940956038867,0,0
2022-01-05,6161,218000,6347850,29.3,29.35,28.9,29.05,-0.05,121,2022,10.27,1.66,7.5,217.875,1.1571025249928835,0,0
2022-01-06,6161,4301000,132006350,30.05,31.4,30.05,31.35,2.3,2227,2022,11.08,1.79,7.5,235.125,1.2487147730990327,0,0
2022-01-07,6161,8293000,264466000,32.0,33.5,30.25,30.65,-0.7,4472,2022,10.83,1.75,7.5,229.875,1.2208327845449871,0,0
2022-01-10,6161,1508000,45412400,30.35,30.9,29.65,29.85,-0.8,897,2022,10.55,1.71,7.5,223.875,1.1889676547689354,0,0
2022-01-11,6161,777000,23333800,30.25,30.65,29.75,29.85,0.0,477,2022,10.55,1.71,7.5,223.875,1.1889676547689354,0,0
2022-01-12,6161,509000,15306200,30.0,30.35,29.85,30.35,0.5,331,2022,10.72,1.74,7.5,227.625,1.2088833608789677,0,0
2022-01-13,6161,380000,11474100,30.35,30.35,30.05,30.1,-0.25,251,2022,10.64,1.72,7.5,225.75,1.1989255078239516,0,0
2022-01-14,6161,619000,18371250,30.1,30.1,29.45,29.55,-0.55,380,2022,10.44,1.69,7.5,221.625,1.1770182311029158,0,0
2022-01-17,6161,200000,5934050,29.55,29.85,29.55,29.75,0.2,123,2022,10.51,1.7,7.5,223.125,1.1849845135469288,0,0
2022-01-18,6161,186000,5558150,29.95,30.05,29.7,29.75,0.0,132,2022,10.51,1.7,7.5,223.125,1.1849845135469288,0,0
2022-01-19,6161,274000,8114400,29.6,29.75,29.55,29.55,-0.2,159,2022,10.44,1.69,7.5,221.625,1.1770182311029158,0,0
2022-01-20,6161,229000,6795950,29.6,29.85,29.5,29.8,0.25,132,2022,10.53,1.7,7.5,223.5,1.186976084157932,0,0
2022-01-21,6161,692000,20268250,29.55,29.65,29.1,29.15,-0.65,322,2022,10.3,1.67,7.5,218.625,1.1610856662148898,0,0
2022-01-24,6161,566000,16255000,29.05,29.05,28.45,28.6,-0.55,329,2022,10.11,1.64,7.5,214.5,1.1391783894938543,0,0
2022-01-25,6161,393000,11153650,28.6,28.7,28.2,28.2,-0.4,249,2022,9.96,1.61,7.5,211.5,1.1232458246058283,0,0
2022-01-26,6161,239000,6771950,28.2,28.5,28.1,28.5,0.3,141,2022,10.07,1.63,7.5,213.75,1.1351952482718477,0,0
2022-02-07,6161,323000,9361650,29.0,29.5,28.45,29.5,1.0,171,2022,10.42,1.69,7.5,221.25,1.1250535830604813,0,0
2022-02-08,6161,742000,22115950,29.55,30.1,29.25,30.1,0.6,372,2022,10.64,1.72,7.5,225.75,1.1479360288176437,0,0
2022-02-09,6161,531000,16103950,30.25,30.7,30.0,30.3,0.2,250,2022,10.71,1.73,7.5,227.25,1.1555635107366977,0,0
2022-02-10,6161,3750000,121024250,32.0,32.95,31.65,32.4,2.1,1976,2022,11.45,1.85,7.5,243.0,1.235652070886766,0,0
2022-02-11,6161,7028000,239115800,32.15,35.35,32.0,34.7,2.3,3842,2022,12.26,1.99,7.5,260.25,1.3233681129558883,0,0
2022-02-14,6161,6591000,232598050,34.5,36.1,33.75,35.3,0.6,3892,2022,12.47,2.02,7.5,264.75,1.3462505587130507,0,0
2022-02-15,6161,4968000,179269550,34.9,36.75,34.8,35.65,0.35,2695,2022,12.6,2.04,7.5,267.375,1.3595986520713952,0,0
2022-02-16,6161,3335000,117439200,35.9,36.25,34.6,35.2,-0.45,1912,2022,12.44,2.01,7.5,264.0,1.3424368177535235,0,0
2022-02-17,6161,5346000,195935000,35.55,38.0,35.4,35.4,0.2,3317,2022,12.51,2.03,7.5,265.5,1.3500642996725776,0,0
2022-02-18,6161,1728000,60696650,34.45,36.25,34.4,36.25,0.85,1115,2022,12.81,2.07,7.5,271.875,1.3824810978285575,0,0
2022-02-21,6161,2753000,102015800,37.0,38.0,35.8,38.0,1.75,1598,2022,13.43,2.17,7.5,285.0,1.449221564620281,0,0
2022-02-22,6161,4139000,147526550,37.95,37.95,34.55,34.8,-3.2,2477,2022,12.3,1.99,7.5,261.0,1.3271818539154152,0,0
2022-02-23,6161,1195000,42415950,34.95,35.95,34.9,35.55,0.75,793,2022,12.56,2.03,7.5,266.625,1.3557849111118683,0,0
2022-02-24,6161,2464000,83762200,35.0,35.2,33.05,33.05,-2.5,1289,2022,11.68,1.89,7.5,247.87499999999997,1.2604413871236915,0,0
2022-02-25,6161,1986000,68999950,34.0,35.65,33.8,34.85,1.8,1179,2022,12.31,1.99,7.5,261.375,1.3290887243951788,0,0
2022-03-01,6161,810000,28614400,35.5,35.8,34.85,35.5,0.65,489,2022,12.54,2.03,7.5,266.25,1.3538780406321047,0,0
2022-03-02,6161,718000,25468150,34.8,35.85,34.8,35.5,0.0,457,2022,12.54,2.03,7.5,266.25,1.324192714925803,0,0
2022-03-03,6161,1992000,72160200,35.65,37.15,35.4,35.55,0.05,1151,2022,12.56,2.03,7.5,266.625,1.3260577750876703,0,0
2022-03-04,6161,730000,25722550,35.0,35.9,34.85,34.85,-0.7,451,2022,12.31,1.99,7.5,261.375,1.2999469328215276,0,0
2022-03-07,6161,1831000,60123050,34.15,34.3,32.1,33.2,-1.65,1035,2022,11.73,1.9,7.5,249.00000000000003,1.2383999474799061,0,0
2022-03-08,6161,1227000,40466700,33.0,33.85,32.25,32.4,-0.8,657,2022,11.45,1.85,7.5,243.0,1.2085589848900287,0,0
2022-03-09,6161,663000,21997950,32.95,33.75,32.65,33.35,0.95,379,2022,11.78,1.91,7.5,250.125,1.243995127965508,0,0
2022-03-10,6161,773000,26053300,34.1,34.45,32.95,33.2,-0.15,434,2022,11.73,1.9,7.5,249.00000000000003,1.2383999474799061,0,0
2022-03-11,6161,470000,15755400,32.9,34.0,32.8,33.75,0.55,292,2022,11.93,1.93,7.5,253.125,1.2589156092604465,0,0
2022-03-14,6161,662000,22591000,33.8,35.0,33.45,34.0,0.25,395,2022,12.01,1.95,7.5,255.0,1.2682409100697831,0,0
2022-03-15,6161,845000,28017500,33.65,33.8,32.7,32.85,-1.15,487,2022,11.61,1.88,7.5,246.375,1.2253445263468346,0,0
2022-03-16,6161,566000,18792400,33.15,33.7,32.85,33.15,0.3,315,2022,11.71,1.9,7.5,248.625,1.2365348873180386,0,0
2022-03-17,6161,575000,19487650,33.8,34.15,33.6,34.1,0.95,376,2022,12.05,1.95,7.5,255.75,1.2719710303935177,0,0
2022-03-18,6161,377000,12913800,34.1,34.5,33.9,34.5,0.4,248,2022,10.52,1.88,7.5,258.75,1.2868915116884563,0,0
2022-03-21,6161,3168000,115429300,35.3,37.4,35.3,36.6,2.1,1884,2022,11.16,1.99,7.5,274.5,1.3652240384868841,0,0
2022-03-22,6161,1556000,57400700,36.3,37.85,36.05,37.6,1.0,968,2022,11.46,2.05,7.5,282.0,1.4025252417242307,0,0
2022-03-23,6161,1532000,57550650,37.75,38.25,37.2,37.3,-0.3,930,2022,11.37,2.03,7.5,279.75,1.3913348807530268,0,0
2022-03-24,6161,1844000,70105150,37.15,38.75,36.85,38.4,1.1,1052,2022,11.71,2.09,7.5,288.0,1.4323662043141079,0,0
2022-03-25,6161,1101000,41763600,38.5,38.6,37.55,37.75,-0.65,694,2022,11.51,2.05,7.5,283.125,1.4081204222098327,0,0
2022-03-28,6161,833000,30654250,37.25,37.25,36.4,37.05,-0.7,549,2022,11.3,2.02,7.5,277.875,1.38200957994369,0,0
2022-03-29,6161,687000,25327850,37.35,37.4,36.6,36.8,-0.25,393,2022,11.22,2.0,7.5,276.0,1.3726842791343534,0,0
2022-03-30,6161,823000,30487750,37.25,37.4,36.6,36.8,0.0,471,2022,11.22,2.0,7.5,276.0,1.3726842791343534,0,0
2022-03-31,6161,1445000,54010450,37.4,37.9,36.6,37.9,1.1,857,2022,11.55,2.06,7.5,284.25,1.4137156026954347,0,0
2022-04-01,6161,961000,35592350,37.25,37.55,36.85,37.0,-0.9,601,2022,11.28,2.01,7.5,277.5,1.3801445197818227,0,0
2022-04-06,6161,939000,33750050,36.4,36.4,35.55,35.9,-1.1,611,2022,10.95,1.95,7.5,269.25,1.3074551896137798,0,0
2022-04-07,6161,1059000,37354300,35.75,36.1,34.65,34.95,-0.95,693,2022,10.66,1.9,7.5,262.125,1.2728567932312427,0,0
2022-04-08,6161,1020000,36087100,35.05,35.95,34.95,35.7,0.75,533,2022,10.88,1.94,7.5,267.75,1.3001713166911404,0,0
2022-04-11,6161,795000,27785800,35.35,35.65,34.5,34.75,-0.95,480,2022,10.59,1.89,7.5,260.625,1.265572920308603,0,0
2022-04-12,6161,1162000,39787900,34.5,34.7,33.85,33.9,-0.85,603,2022,10.34,1.84,7.5,254.25,1.2346164603873855,0,0
2022-04-13,6161,662000,23124800,34.4,35.3,34.3,35.2,1.3,367,2022,10.73,1.92,7.5,264.0,1.281961634384542,0,0
2022-04-14,6161,442000,15535200,35.25,35.6,34.85,35.0,-0.2,247,2022,10.67,1.9,7.5,262.5,1.2746777614619025,0,0
2022-04-15,6161,734000,25139400,34.6,34.7,34.0,34.05,-0.95,463,2022,10.38,1.85,7.5,255.37499999999997,1.240079365079365,0,0
2022-04-18,6161,682000,22875050,34.0,34.05,33.2,33.35,-0.7,429,2022,10.17,1.81,7.5,250.125,1.214585809850127,0,0
2022-04-19,6161,242000,8165500,33.95,34.0,33.5,33.5,0.15,172,2022,10.21,1.82,7.5,251.25,1.2200487145421066,0,0
2022-04-20,6161,553000,18464650,33.75,33.85,33.0,33.6,0.1,335,2022,10.24,1.83,7.5,252.0,1.2236906510034264,0,0
2022-04-21,6161,229000,7736900,33.6,34.0,33.6,33.8,0.2,145,2022,10.3,1.84,7.5,253.49999999999997,1.2309745239260657,0,0
2022-04-22,6161,257000,8642200,33.65,33.75,33.55,33.7,-0.1,176,2022,10.27,1.83,7.5,252.75000000000003,1.2273325874647463,0,0
2022-04-25,6161,633000,20820100,33.45,33.45,32.55,32.8,-0.9,410,2022,10.0,1.78,7.5,245.99999999999997,1.1945551593128683,0,0
2022-04-26,6161,274000,9047150,32.95,33.3,32.8,32.95,0.15,167,2022,10.05,1.79,7.5,247.12500000000003,1.2000180640048483,0,0
2022-04-27,6161,461000,14966000,32.5,32.9,32.1,32.5,-0.45,280,2022,9.91,1.77,7.5,243.75,1.1836293499289094,0,0
2022-04-28,6161,198000,6497250,32.55,33.1,32.45,33.1,0.6,106,2022,10.09,1.8,7.5,248.25,1.2054809686968277,0,0
2022-04-29,6161,371000,12383650,33.2,33.55,33.2,33.3,0.2,167,2022,10.15,1.81,7.5,249.74999999999997,1.212764841619467,0,0
2022-05-03,6161,159000,5250550,33.25,33.25,32.9,33.0,-0.3,108,2022,10.06,1.8,7.5,247.5,1.18596621026534,0,0
2022-05-04,6161,126000,4181250,33.0,33.3,33.0,33.2,0.2,94,2022,10.12,1.81,7.5,249.00000000000003,1.1931538842669485,0,0
2022-05-05,6161,274000,9198100,33.8,33.8,33.25,33.4,0.2,155,2022,10.18,1.82,7.5,250.5,1.2003415582685564,0,0
2022-05-06,6161,254000,8359500,32.8,33.15,32.7,33.15,-0.25,146,2022,9.01,1.7,7.5,248.625,1.1913569657665464,0,0
2022-05-09,6161,1330000,42215600,32.85,32.85,31.2,31.4,-1.75,710,2022,8.53,1.61,7.5,235.5,1.1284648182524752,0,0
2022-05-10,6161,762000,23464750,30.9,31.45,30.25,31.2,-0.2,398,2022,8.48,1.6,7.5,234.0,1.121277144250867,0,0
2022-05-11,6161,307000,9514350,31.1,31.4,30.65,31.2,0.0,196,2022,8.48,1.6,7.5,234.0,1.121277144250867,0,0
2022-05-12,6161,255000,7874850,31.2,31.6,30.5,30.6,-0.6,177,2022,8.32,1.57,7.5,229.5,1.0997141222460427,0,0
2022-05-13,6161,215000,6620200,30.75,31.0,30.6,30.8,0.2,139,2022,8.37,1.58,7.5,231.0,1.1069017962476508,0,0
2022-05-16,6161,290000,9033650,31.3,31.6,30.75,31.0,0.2,152,2022,8.42,1.59,7.5,232.5,1.114089470249259,0,0
2022-05-17,6161,328000,10314400,31.0,31.7,31.0,31.65,0.65,171,2022,8.6,1.62,7.5,237.375,1.1374494107544852,0,0
2022-05-18,6161,247000,7884750,31.8,32.15,31.7,32.0,0.35,168,2022,8.7,1.64,7.5,240.0,1.1500278402572996,0,0
2022-05-19,6161,199000,6251350,31.5,31.75,31.2,31.75,-0.25,140,2022,8.63,1.63,7.5,238.125,1.1410432477552894,0,0
2022-05-20,6161,151000,4806950,32.1,32.1,31.75,31.8,0.05,97,2022,8.64,1.63,7.5,238.5,1.1428401662556915,0,0
2022-05-23,6161,189000,6005650,31.8,31.85,31.65,31.75,-0.05,134,2022,8.63,1.63,7.5,238.125,1.1410432477552894,0,0
2022-05-24,6161,257000,8083900,31.75,31.85,31.2,31.2,-0.55,170,2022,8.48,1.6,7.5,234.0,1.121277144250867,0,0
2022-05-25,6161,139000,4358700,31.25,31.65,31.05,31.3,0.1,109,2022,8.51,1.61,7.5,234.75,1.124870981251671,0,0
2022-05-26,6161,314000,9791000,31.6,31.6,30.9,31.0,-0.3,166,2022,8.42,1.59,7.5,232.5,1.114089470249259,0,0
2022-05-27,6161,130000,4057450,31.5,31.5,31.0,31.35,0.35,98,2022,8.52,1.61,7.5,235.125,1.1266678997520732,0,0
2022-05-30,6161,149000,4721950,31.5,31.8,31.5,31.75,0.4,101,2022,8.63,1.63,7.5,238.125,1.1410432477552894,0,0
2022-05-31,6161,79000,2499800,31.8,31.8,31.5,31.65,-0.1,60,2022,8.6,1.62,7.5,237.375,1.1374494107544852,0,0
2022-06-01,6161,596000,19258750,31.65,32.8,31.6,32.35,0.7,417,2022,8.79,1.66,7.5,242.625,1.1626062697601138,0,0
2022-06-02,6161,290000,9323950,32.35,32.45,32.0,32.1,-0.25,187,2022,8.72,1.65,7.5,240.75,1.162493119199606,0,0
2022-06-06,6161,595000,19723650,33.0,33.6,32.6,33.25,1.15,472,2022,9.04,1.71,7.5,249.375,1.204140068952863,0,0
2022-06-07,6161,290000,9551350,33.2,33.2,32.8,32.95,-0.3,190,2022,8.95,1.69,7.5,247.12500000000003,1.1932756472781005,0,0
2022-06-08,6161,702000,22626050,32.35,32.5,32.1,32.2,-0.75,420,2022,8.75,1.65,7.5,241.50000000000003,1.1661145930911938,0,0
2022-06-09,6161,159000,5121050,32.2,32.4,32.0,32.25,0.05,119,2022,8.76,1.65,7.5,241.875,1.1679253300369874,0,0
2022-06-10,6161,283000,9056050,32.25,32.25,31.85,32.05,-0.2,184,2022,8.71,1.64,7.5,240.37499999999997,1.160682382253812,0,0
2022-06-13,6161,305000,9593750,31.5,31.6,31.35,31.4,-0.65,210,2022,8.53,1.61,7.5,235.5,1.137142801958493,0,0
2022-06-14,6161,236000,7360000,31.25,31.65,30.85,31.65,0.25,167,2022,8.6,1.62,7.5,237.375,1.1461964866874619,0,0
2022-06-15,6161,207000,6545100,31.6,31.85,31.35,31.55,-0.1,140,2022,8.57,1.62,7.5,236.625,1.1425750127958745,0,0
2022-06-16,6161,387000,12140750,31.7,31.9,30.85,30.85,-0.7,225,2022,8.38,1.58,7.5,231.375,1.1172246955547616,0,0
2022-06-17,6161,853000,25757200,30.4,30.6,30.0,30.5,-0.35,473,2022,8.29,1.56,7.5,228.75,1.104549536934205,0,0
2022-06-20,6161,782000,23547950,30.8,30.8,29.8,30.0,-0.5,384,2022,8.15,1.54,7.5,225.0,1.0864421674762672,0,0
2022-06-21,6161,556000,16702700,30.05,30.3,29.85,30.1,0.1,258,2022,8.18,1.54,7.5,225.75,1.0900636413678548,0,0
2022-06-22,6161,498000,14790600,30.15,30.15,29.35,29.45,-0.65,307,2022,8.0,1.51,7.5,220.875,1.0665240610725357,0,0
2022-06-23,6161,719000,20905350,29.45,29.55,28.7,28.95,-0.5,405,2022,7.87,1.48,7.5,217.125,1.0484166916145978,0,0
2022-06-24,6161,610000,17760050,29.15,29.3,28.9,29.2,0.25,349,2022,7.93,1.5,7.5,219.0,1.0574703763435669,0,0
2022-06-27,6161,432000,11456750,26.3,26.65,26.3,26.65,0.0,291,2022,7.24,1.37,7.5,199.875,0.965122792108084,0,0
2022-06-28,6161,304000,7950800,26.55,26.55,25.85,26.1,-0.55,170,2022,7.09,1.34,7.5,195.75,0.9452046857043526,0,0
2022-06-29,6161,417000,10666000,25.9,25.9,25.4,25.75,-0.35,192,2022,7.0,1.32,7.5,193.125,0.9325295270837961,0,0
2022-06-30,6161,508000,12711300,25.5,25.5,24.8,24.85,-0.9,239,2022,6.75,1.27,7.5,186.375,0.899936262059508,0,0
2022-07-01,6161,430000,10371300,24.7,24.9,23.7,23.7,-1.15,247,2022,6.44,1.22,7.5,177.75,0.8582893123062512,0,0
2022-07-04,6161,189000,4534450,23.7,24.8,23.6,24.15,0.45,140,2022,6.56,1.24,7.5,181.125,0.8995038761229831,0,0
2022-07-05,6161,163000,3917000,24.4,24.45,23.75,24.3,0.15,112,2022,6.6,1.25,7.5,182.25,0.9050908567200202,0,0
2022-07-06,6161,1105000,25254850,23.5,23.8,22.35,22.5,-1.8,601,2022,6.11,1.15,7.5,168.75,0.8380470895555743,0,0
2022-07-07,6161,540000,12397950,22.55,23.35,22.5,23.35,0.85,317,2022,6.35,1.2,7.5,175.125,0.8697066462721182,0,0
2022-07-08,6161,386000,8985000,23.5,23.7,23.05,23.3,-0.05,207,2022,6.33,1.19,7.5,174.75,0.8678443194064391,0,0
2022-07-11,6161,172000,3957700,23.3,23.3,22.85,23.1,-0.2,107,2022,6.28,1.18,7.5,173.25,0.8603950119437229,0,0
2022-07-12,6161,345000,7712050,23.1,23.1,22.1,22.2,-0.9,167,2022,6.03,1.14,7.5,166.5,0.8268731283615,0,0
2022-07-13,6161,270000,6161750,22.8,23.0,22.65,22.9,0.7,170,2022,6.22,1.17,7.5,171.75,0.8529457044810067,0,0
2022-07-14,6161,71000,1634750,22.8,23.25,22.7,23.1,0.2,60,2022,6.28,1.18,7.5,173.25,0.8603950119437229,0,0
2022-07-15,6161,222000,5139500,23.1,23.4,23.0,23.3,0.2,105,2022,6.33,1.19,7.5,174.75,0.8678443194064391,0,0
2022-07-18,6161,149000,3472600,23.4,23.5,23.2,23.35,0.05,88,2022,6.35,1.2,7.5,175.125,0.8697066462721182,0,0
2022-07-19,6161,292000,6960800,23.3,24.25,23.25,24.2,0.85,193,2022,6.58,1.24,7.5,181.5,0.9013662029886621,0,0
2022-07-20,6161,180000,4387450,24.65,24.7,24.1,24.4,0.2,120,2022,6.63,1.25,7.5,183.0,0.9088155104513783,0,0
2022-07-21,6161,249000,6084900,24.4,24.7,24.2,24.7,0.3,105,2022,6.71,1.27,7.5,185.25,0.9199894716454527,0,0
2022-07-22,6161,177000,4364550,24.8,24.8,24.55,24.65,-0.05,86,2022,6.7,1.26,7.5,184.875,0.9181271447797736,0,0
2022-07-25,6161,89000,2200450,24.75,24.85,24.6,24.8,0.15,52,2022,6.74,1.27,7.5,186.0,0.9237141253768109,0,0
2022-07-26,6161,144000,3528200,24.55,24.6,24.4,24.45,-0.35,85,2022,6.64,1.25,7.5,183.375,0.9106778373170574,0,0
2022-07-27,6161,102000,2505800,24.4,24.8,24.35,24.8,0.35,50,2022,6.74,1.27,7.5,186.0,0.9237141253768109,0,0
2022-07-28,6161,202000,5020850,24.95,25.05,24.6,24.65,-0.15,104,2022,6.7,1.26,7.5,184.875,0.9181271447797736,0,0
2022-07-29,6161,47000,1162500,24.75,24.8,24.65,24.75,0.1,35,2022,6.73,1.27,7.5,185.625,0.9218517985111317,0,0
2022-08-01,6161,75000,1860250,25.2,25.2,24.65,24.9,0.15,57,2022,6.77,1.28,7.5,186.75,0.927438779108169,0,0
2022-08-02,6161,169000,4145600,24.75,24.75,24.4,24.6,-0.3,94,2022,6.68,1.26,7.5,184.5,0.9126773104463215,0,0
2022-08-03,6161,124000,3027550,24.5,24.65,24.25,24.35,-0.25,68,2022,6.62,1.25,7.5,182.625,0.9034021345271516,0,0
2022-08-04,6161,114000,2756350,24.35,24.45,23.95,24.1,-0.25,78,2022,6.55,1.24,7.5,180.75,0.8941269586079816,0,0
2022-08-05,6161,117000,2889850,24.5,24.8,24.5,24.7,0.6,76,2022,6.71,1.27,7.5,185.25,0.9163873808139894,0,0
2022-08-08,6161,151000,3762850,24.9,25.05,24.7,25.0,0.3,97,2022,6.93,1.41,7.5,187.5,0.9275175919169933,0,0
2022-08-09,6161,1198000,32385500,25.5,27.5,25.5,27.5,2.5,686,2022,7.62,1.55,7.5,206.25,1.0202693511086927,0,0
2022-08-10,6161,2263000,63299550,28.5,28.8,27.05,27.4,-0.1,1239,2022,7.59,1.54,7.5,205.5,1.0165592807410246,0,0
2022-08-11,6161,467000,12818900,28.0,28.0,27.2,27.4,0.0,268,2022,7.59,1.54,7.5,205.5,1.0165592807410246,0,0
2022-08-12,6161,263000,7204350,27.4,27.65,27.05,27.45,0.05,168,2022,7.6,1.54,7.5,205.875,1.0184143159248586,0,0
2022-08-15,6161,207000,5685350,27.5,27.6,27.3,27.45,0.0,131,2022,7.6,1.54,7.5,205.875,1.0184143159248586,0,0
2022-08-16,6161,163000,4459500,27.6,27.6,27.2,27.35,-0.1,116,2022,7.58,1.54,7.5,205.125,1.0147042455571906,0,0
2022-08-17,6161,122000,3350350,27.3,27.6,27.2,27.5,0.15,87,2022,7.62,1.55,7.5,206.25,1.0202693511086927,0,0
2022-08-18,6161,280000,7790950,27.55,28.1,27.3,27.85,0.35,184,2022,7.71,1.57,7.5,208.875,1.0332545973955305,0,0
2022-08-19,6161,100000,2791950,28.3,28.3,27.65,27.9,0.05,85,2022,7.73,1.57,7.5,209.25,1.0351096325793645,0,0
2022-08-22,6161,131000,3633600,27.6,27.95,27.6,27.95,0.05,86,2022,7.74,1.57,7.5,209.625,1.0369646677631985,0,0
2022-08-23,6161,156000,4302800,27.55,27.75,27.4,27.7,-0.25,95,2022,7.67,1.56,7.5,207.75,1.0276894918440287,0,0
2022-08-24,6161,110000,3042700,27.55,27.85,27.55,27.85,0.15,69,2022,7.71,1.57,7.5,208.875,1.0332545973955305,0,0
2022-08-25,6161,206000,5756900,28.0,28.05,27.85,27.9,0.05,134,2022,7.73,1.57,7.5,209.25,1.0351096325793645,0,0
2022-08-26,6161,578000,16385700,28.05,28.65,28.0,28.3,0.4,325,2022,7.84,1.59,7.5,212.25,1.0499499140500366,0,0
2022-08-29,6161,298000,8288250,27.9,28.05,27.6,27.65,-0.65,183,2022,7.66,1.56,7.5,207.375,1.0258344566601947,0,0
2022-08-30,6161,212000,5971200,27.95,28.4,27.8,28.4,0.75,127,2022,7.87,1.6,7.5,213.0,1.0536599844177044,0,0
2022-08-31,6161,221000,6276900,28.25,28.5,28.2,28.5,0.1,124,2022,7.89,1.6,7.5,213.75,1.0573700547853724,0,0
2022-09-01,6161,165000,4657700,28.25,28.4,28.15,28.25,-0.25,95,2022,7.83,1.59,7.5,211.875,1.0480948788662026,0,0
2022-09-02,6161,174000,4884300,28.3,28.3,27.75,28.3,0.05,110,2022,7.84,1.59,7.5,212.25,1.0511703277274218,0,0
2022-09-05,6161,138000,3846950,28.1,28.1,27.7,27.75,-0.55,98,2022,7.69,1.56,7.5,208.125,1.0307412224182315,0,0
2022-09-06,6161,181000,4914850,27.75,27.75,26.7,26.9,-0.85,126,2022,7.45,1.51,7.5,201.75,0.9991689687585741,0,0
2022-09-07,6161,189000,5005450,26.5,26.85,26.2,26.85,-0.05,91,2022,7.44,1.51,7.5,201.375,0.9973117773668295,0,0
2022-09-08,6161,116000,3143850,27.2,27.3,26.85,27.2,0.35,78,2022,7.53,1.53,7.5,204.0,1.0103121171090415,0,0
2022-09-12,6161,99000,2691600,27.2,27.3,27.05,27.25,0.05,54,2022,7.55,1.53,7.5,204.375,1.012169308500786,0,0
2022-09-13,6161,94000,2574750,27.55,27.65,27.1,27.25,0.0,67,2022,7.55,1.53,7.5,204.375,1.012169308500786,0,0
2022-09-14,6161,106000,2858300,27.0,27.15,26.85,27.0,-0.25,74,2022,7.48,1.52,7.5,202.5,1.0028833515420632,0,0
2022-09-15,6161,40000,1081250,27.0,27.1,26.95,27.0,0.0,35,2022,7.48,1.52,7.5,202.5,1.0028833515420632,0,0
2022-09-16,6161,108000,2883050,27.0,27.0,26.55,26.7,-0.3,73,2022,7.4,1.5,7.5,200.25,0.9917402031915958,0,0
2022-09-19,6161,129000,3396450,26.7,26.7,26.15,26.35,-0.35,79,2022,7.3,1.48,7.5,197.625,0.9787398634493839,0,0
2022-09-20,6161,109000,2872500,26.35,26.7,26.3,26.4,0.05,41,2022,7.31,1.49,7.5,198.0,0.9805970548411285,0,0
2022-09-21,6161,96000,2519350,26.35,26.5,26.15,26.5,0.1,54,2022,7.34,1.49,7.5,198.75,0.9843114376246176,0,0
2022-09-22,6161,110000,2862300,26.15,26.4,25.75,26.4,-0.1,85,2022,7.31,1.49,7.5,198.0,0.9805970548411285,0,0
2022-09-23,6161,78000,2018350,26.1,26.1,25.7,25.75,-0.65,59,2022,7.13,1.45,7.5,193.125,0.9564535667484492,0,0
2022-09-26,6161,362000,8885600,24.55,25.0,24.2,24.5,-1.25,183,2022,6.79,1.38,7.5,183.75,0.9100237819548351,0,0
2022-09-27,6161,124000,3016600,24.5,24.55,24.1,24.55,0.05,63,2022,6.8,1.38,7.5,184.125,0.9118809733465797,0,0
2022-09-28,6161,255000,6046700,24.5,24.5,23.4,23.4,-1.15,148,2022,6.48,1.32,7.5,175.5,0.8691655713364548,0,0
2022-09-29,6161,84000,2001950,23.5,24.05,23.5,23.8,0.4,65,2022,6.59,1.34,7.5,178.5,0.8840231024704113,0,0
2022-09-30,6161,92000,2195800,23.6,24.35,23.3,24.25,0.45,69,2022,6.72,1.36,7.5,181.875,0.9007378249961123,0,0
2022-10-03,6161,54000,1308600,24.4,24.55,23.95,24.55,0.3,51,2022,6.8,1.38,7.5,184.125,0.9379876198369926,0,0
2022-10-04,6161,112000,2780100,24.85,25.05,24.7,24.85,0.3,76,2022,6.88,1.4,7.5,186.375,0.9494497903441657,0,0
2022-10-05,6161,91000,2274150,25.0,25.2,24.65,25.1,0.25,71,2022,6.95,1.41,7.5,188.25,0.9590015991001432,0,0
2022-10-06,6161,21000,523650,25.15,25.15,24.85,24.9,-0.2,20,2022,6.9,1.4,7.5,186.75,0.9513601520953612,0,0
2022-10-07,6161,51000,1270050,24.95,25.2,24.7,25.2,0.3,44,2022,6.98,1.42,7.5,189.0,0.9628223226025342,0,0
2022-10-11,6161,210000,5043150,24.2,24.2,23.4,24.15,-1.05,80,2022,6.69,1.36,7.5,181.125,0.9227047258274286,0,0
2022-10-12,6161,107000,2566700,24.15,24.15,23.5,24.1,-0.05,54,2022,6.68,1.36,7.5,180.75,0.9207943640762332,0,0
2022-10-13,6161,212000,4968600,24.1,24.1,23.05,23.15,-0.95,131,2022,6.41,1.3,7.5,173.625,0.8844974908035186,0,0
2022-10-14,6161,139000,3280450,23.45,23.75,23.45,23.65,0.5,77,2022,6.55,1.33,7.5,177.375,0.9036011083154736,0,0
2022-10-17,6161,83000,1927250,23.45,23.9,23.05,23.9,0.25,38,2022,6.62,1.34,7.5,179.25,0.9131529170714511,0,0
2022-10-18,6161,48000,1148750,24.45,24.45,23.85,24.0,0.1,31,2022,6.65,1.35,7.5,180.0,0.9169736405738421,0,0
2022-10-19,6161,59000,1416600,24.0,24.2,23.85,23.9,-0.1,45,2022,6.62,1.34,7.5,179.25,0.9131529170714511,0,0
2022-10-20,6161,44000,1039050,23.6,23.75,23.45,23.6,-0.3,38,2022,6.54,1.33,7.5,177.0,0.9016907465642781,0,0
2022-10-21,6161,47000,1098550,23.6,23.6,23.25,23.35,-0.25,26,2022,6.47,1.31,7.5,175.125,0.8921389378083006,0,0
2022-10-24,6161,51000,1198350,23.75,23.75,23.3,23.35,0.0,34,2022,6.47,1.31,7.5,175.125,0.8921389378083006,0,0
2022-10-25,6161,60000,1391600,23.35,23.35,23.1,23.2,-0.15,49,2022,6.43,1.31,7.5,174.0,0.886407852554714,0,0
2022-10-26,6161,75000,1731700,23.15,23.2,23.0,23.15,-0.05,40,2022,6.41,1.3,7.5,173.625,0.8844974908035186,0,0
2022-10-27,6161,53000,1238300,23.3,23.6,23.2,23.55,0.4,39,2022,6.52,1.33,7.5,176.625,0.8997803848130825,0,0
2022-10-28,6161,40000,933100,23.2,23.6,23.15,23.35,-0.2,35,2022,6.47,1.31,7.5,175.125,0.8921389378083006,0,0
2022-10-31,6161,59000,1410400,23.7,24.05,23.65,24.0,0.65,49,2022,6.65,1.35,7.5,180.0,0.9169736405738421,0,0
2022-11-01,6161,39000,944500,23.95,24.35,23.95,24.1,0.1,39,2022,6.68,1.36,7.5,180.75,0.9207943640762332,0,0
2022-11-02,6161,178000,4295350,24.1,24.35,24.05,24.1,0.0,96,2022,6.68,1.36,7.5,180.75,0.9451014984107131,0,0
2022-11-03,6161,47000,1129800,24.0,24.1,24.0,24.1,0.0,29,2022,6.68,1.36,7.5,180.75,0.9451014984107131,0,0
2022-11-04,6161,53000,1280900,24.15,24.3,24.05,24.25,0.15,36,2022,6.72,1.36,7.5,181.875,0.9509838728821491,0,0
2022-11-07,6161,171000,4117800,24.0,24.35,23.7,24.35,0.1,99,2022,7.0,1.29,7.5,182.625,0.9549054558631064,0,0
2022-11-08,6161,207000,5169700,24.75,25.25,24.75,24.85,0.5,145,2022,7.14,1.32,7.5,186.375,0.974513370767893,0,0
2022-11-09,6161,164000,4101650,25.05,25.15,24.85,24.9,0.05,103,2022,7.16,1.32,7.5,186.75,0.9764741622583717,0,0
2022-11-10,6161,148000,3693600,24.85,25.15,24.85,24.95,0.05,74,2022,7.17,1.32,7.5,187.125,0.9784349537488504,0,0
2022-11-11,6161,164000,4135150,25.45,25.5,25.0,25.25,0.3,103,2022,7.26,1.34,7.5,189.375,0.9901997026917223,0,0
2022-11-14,6161,57000,1444100,25.4,25.45,25.3,25.35,0.1,37,2022,7.28,1.34,7.5,190.125,0.9941212856726795,0,0
2022-11-15,6161,97000,2451850,25.25,25.4,25.2,25.2,-0.15,57,2022,7.24,1.33,7.5,189.0,0.9882389112012436,0,0
2022-11-16,6161,636000,16640350,25.4,26.9,25.2,26.4,1.2,296,2022,7.59,1.4,7.5,198.0,1.0352979069727315,0,0
2022-11-17,6161,132000,3476450,26.35,26.65,26.1,26.65,0.25,98,2022,7.66,1.41,7.5,199.875,1.0451018644251246,0,0
2022-11-18,6161,106000,2785100,26.6,26.6,26.1,26.35,-0.3,75,2022,7.57,1.39,7.5,197.625,1.0333371154822528,0,0
2022-11-21,6161,96000,2505500,26.3,26.3,25.95,25.95,-0.4,52,2022,7.46,1.37,7.5,194.625,1.0176507835584234,0,0
2022-11-22,6161,46000,1191150,26.0,26.05,25.85,25.85,-0.1,40,2022,7.43,1.37,7.5,193.875,1.013729200577466,0,0
2022-11-23,6161,127000,3273150,25.8,25.85,25.7,25.85,0.0,72,2022,7.43,1.37,7.5,193.875,1.013729200577466,0,0
2022-11-24,6161,125000,3228150,25.9,25.95,25.7,25.9,0.05,73,2022,7.44,1.37,7.5,194.25,1.0156899920679447,0,0
2022-11-25,6161,133000,3419700,26.0,26.0,25.65,25.9,0.0,63,2022,7.44,1.37,7.5,194.25,1.0156899920679447,0,0
2022-11-28,6161,64000,1661200,25.9,26.1,25.8,26.1,0.2,41,2022,7.5,1.38,7.5,195.75,1.0235331580298594,0,0
2022-11-29,6161,40000,1042500,26.1,26.15,26.0,26.0,-0.1,36,2022,7.47,1.38,7.5,195.0,1.019611575048902,0,0
2022-11-30,6161,74000,1932550,26.05,26.25,26.0,26.15,0.15,52,2022,7.51,1.38,7.5,196.125,1.0254939495203381,0,0
2022-12-01,6161,147000,3894500,26.5,26.65,26.4,26.55,0.4,102,2022,7.63,1.41,7.5,199.125,1.0411802814441673,0,0
2022-12-02,6161,100000,2648900,26.5,26.55,26.45,26.55,0.0,68,2022,7.63,1.41,7.5,199.125,1.0782338894393997,0,0
2022-12-05,6161,107000,2869200,26.6,26.95,26.6,26.8,0.25,76,2022,7.7,1.42,7.5,201.0,1.0883867509218799,0,0
2022-12-06,6161,373000,9558300,25.85,26.0,25.3,25.85,-0.95,234,2022,7.43,1.37,7.5,193.875,1.0498058772884549,0,0
2022-12-07,6161,250000,6362850,25.85,25.85,25.2,25.6,-0.25,129,2022,7.36,1.36,7.5,192.0,1.0396530158059747,0,0
2022-12-08,6161,101000,2551050,25.6,25.6,25.2,25.25,-0.35,58,2022,7.26,1.34,7.5,189.375,1.0254390097305024,0,0
2022-12-09,6161,80000,2019350,25.3,25.35,25.2,25.25,0.0,54,2022,7.26,1.34,7.5,189.375,1.0254390097305024,0,0
2022-12-12,6161,79000,1982100,25.25,25.4,24.95,25.4,0.15,51,2022,7.3,1.34,7.5,190.5,1.0315307266199907,0,0
2022-12-13,6161,46000,1161550,25.15,25.3,25.15,25.25,-0.15,33,2022,7.26,1.34,7.5,189.375,1.0254390097305024,0,0
2022-12-14,6161,45000,1143500,25.3,25.5,25.3,25.3,0.05,36,2022,7.27,1.34,7.5,189.75,1.0274695820269986,0,0
2022-12-15,6161,33000,837350,25.3,25.45,25.2,25.3,0.0,22,2022,7.27,1.34,7.5,189.75,1.0274695820269986,0,0
2022-12-16,6161,105000,2639500,25.2,25.3,25.05,25.05,-0.25,68,2022,7.2,1.33,7.5,187.875,1.0173167205445182,0,0
2022-12-19,6161,83000,2077100,25.05,25.1,25.0,25.0,-0.05,36,2022,7.18,1.32,7.5,187.5,1.0152861482480222,0,0
2022-12-20,6161,126000,3112600,25.0,25.05,24.5,24.5,-0.5,92,2022,7.04,1.3,7.5,183.75,0.9949804252830617,0,0
2022-12-21,6161,58000,1435150,25.0,25.0,24.65,24.65,0.15,41,2022,7.08,1.3,7.5,184.875,1.00107214217255,0,0
2022-12-22,6161,52000,1286600,24.7,24.8,24.7,24.75,0.1,25,2022,7.11,1.31,7.5,185.625,1.005133286765542,0,0
2022-12-23,6161,44000,1086250,24.7,25.05,24.5,25.05,0.3,23,2022,7.2,1.33,7.5,187.875,1.0173167205445182,0,0
2022-12-26,6161,36000,895300,24.8,25.0,24.8,25.0,-0.05,24,2022,7.18,1.32,7.5,187.5,1.0152861482480222,0,0
2022-12-27,6161,32000,796800,25.1,25.1,24.8,24.8,-0.2,26,2022,7.13,1.31,7.5,186.0,1.007163859062038,0,0
2022-12-28,6161,49000,1209850,24.7,25.0,24.55,25.0,0.2,25,2022,7.18,1.32,7.5,187.5,1.0152861482480222,0,0
2022-12-29,6161,72000,1776850,24.6,25.0,24.55,25.0,0.0,56,2022,7.18,1.32,7.5,187.5,1.0152861482480222,0,0
2022-12-30,6161,35000,872950,25.0,25.0,24.85,24.95,-0.05,28,2022,7.17,1.32,7.5,187.125,1.0132555759515263,0,0
2023-01-03,6161,70000,1737800,24.7,25.0,24.65,24.8,-0.15,40,2023,7.13,1.31,7.5,186.0,1.0435151424706737,0,0
2023-01-04,6161,54000,1344100,24.85,25.0,24.8,25.0,0.2,29,2023,7.18,1.32,7.5,187.5,1.0519305871680178,0,0
2023-01-05,6161,27000,675450,25.0,25.2,24.85,24.95,-0.05,23,2023,7.17,1.32,7.5,187.125,1.0498267259936818,0,0
2023-01-06,6161,27000,670900,24.9,24.9,24.8,24.85,-0.1,23,2023,7.14,1.32,7.5,186.375,1.0456190036450097,0,0
2023-01-09,6161,83000,2081350,24.95,25.15,24.95,25.1,0.25,56,2023,7.21,1.33,7.5,188.25,1.0561383095166899,0,0
2023-01-10,6161,116000,2947550,25.15,25.55,25.15,25.45,0.35,77,2023,7.31,1.35,7.5,190.875,1.070865337737042,0,0
2023-01-11,6161,194000,5007400,25.35,25.95,25.35,25.8,0.35,111,2023,7.41,1.37,7.5,193.5,1.0855923659573943,0,0
2023-01-12,6161,112000,2894150,25.8,26.0,25.7,25.85,0.05,62,2023,7.43,1.37,7.5,193.875,1.0876962271317303,0,0
2023-01-13,6161,93000,2404450,25.9,25.95,25.8,25.9,0.05,52,2023,7.44,1.37,7.5,194.25,1.0898000883060663,0,0
2023-01-16,6161,49000,1268100,25.9,26.2,25.75,25.85,-0.05,34,2023,7.43,1.37,7.5,193.875,1.0876962271317303,0,0
2023-01-17,6161,71000,1836550,25.85,25.9,25.8,25.9,0.05,27,2023,7.44,1.37,7.5,194.25,1.0898000883060663,0,0
2023-01-30,6161,125000,3248050,26.0,26.2,25.9,25.95,0.05,63,2023,7.46,1.37,7.5,194.625,1.0919039494804024,0,0
2023-01-31,6161,87000,2260850,26.0,26.1,25.95,26.0,0.05,50,2023,7.47,1.38,7.5,195.0,1.0940078106547384,0,0
2023-02-01,6161,229000,6008400,26.0,26.6,25.95,26.2,0.2,117,2023,7.53,1.39,7.5,196.5,1.1024232553520825,0,0
2023-02-02,6161,248000,6568100,26.5,26.7,26.25,26.55,0.35,135,2023,7.63,1.41,7.5,199.125,1.2081478766933789,0,0
2023-02-03,6161,92000,2446500,26.7,26.75,26.4,26.6,0.05,57,2023,7.64,1.41,7.5,199.5,1.210423108099581,0,0
2023-02-06,6161,83000,2197850,26.3,26.6,26.3,26.4,-0.2,44,2023,7.59,1.4,7.5,198.0,1.2013221824747722,0,0
2023-02-07,6161,37000,980100,26.4,26.6,26.4,26.6,0.2,29,2023,7.64,1.41,7.5,199.5,1.210423108099581,0,0
2023-02-08,6161,59000,1568900,26.55,26.7,26.5,26.55,-0.05,40,2023,7.63,1.41,7.5,199.125,1.2081478766933789,0,0
2023-02-09,6161,402000,10456050,26.0,26.25,25.8,25.95,-0.6,222,2023,7.46,1.37,7.5,194.625,1.1808450998189524,0,0
2023-02-10,6161,100000,2592150,26.3,26.3,25.8,26.0,0.05,64,2023,7.47,1.38,7.5,195.0,1.1831203312251544,0,0
2023-02-13,6161,72000,1856650,25.6,26.0,25.55,25.95,-0.05,55,2023,7.46,1.37,7.5,194.625,1.1808450998189524,0,0
2023-02-14,6161,81000,2110600,26.1,26.1,26.0,26.1,0.15,54,2023,7.5,1.38,7.5,195.75,1.1876707940375588,0,0
2023-02-15,6161,72000,1883450,26.1,26.3,26.05,26.2,0.1,47,2023,7.53,1.39,7.5,196.5,1.1922212568499633,0,0
2023-02-16,6161,89000,2330750,26.2,26.25,26.05,26.25,0.05,54,2023,7.54,1.39,7.5,196.875,1.1944964882561655,0,0
2023-02-17,6161,81000,2131500,26.2,26.4,26.2,26.25,0.0,44,2023,7.54,1.39,7.5,196.875,1.1944964882561655,0,0
2023-02-20,6161,420000,11204450,26.35,26.8,26.35,26.75,0.5,187,2023,7.69,1.42,7.5,200.625,1.2172488023181878,0,0
2023-02-21,6161,193000,5170800,26.75,26.9,26.7,26.85,0.1,100,2023,7.72,1.42,7.5,201.375,1.2217992651305922,0,0
2023-02-22,6161,205000,5522800,26.8,27.1,26.75,27.0,0.15,120,2023,7.76,1.43,7.5,202.5,1.228624959349199,0,0
2023-02-23,6161,374000,10220250,27.1,27.55,27.1,27.4,0.4,189,2023,7.87,1.45,7.5,205.5,1.2468268105988167,0,0
2023-02-24,6161,234000,6396150,27.55,27.55,27.1,27.4,0.0,124,2023,7.87,1.45,7.5,205.5,1.2468268105988167,0,0
2023-03-01,6161,267000,7396950,27.45,27.9,27.3,27.85,0.45,136,2023,8.0,1.47,7.5,208.875,1.2673038932546365,0,0
2023-03-02,6161,296000,8283500,27.85,28.1,27.85,28.0,0.15,150,2023,8.05,1.48,7.5,210.0,1.3331039548115848,0,0
2023-03-03,6161,364000,10367450,28.1,28.75,28.0,28.7,0.7,210,2023,8.25,1.52,7.5,215.25,1.3664315536818745,0,0
2023-03-06,6161,548000,16015000,28.8,29.4,28.8,29.15,0.45,337,2023,8.38,1.54,7.5,218.625,1.3878564386699177,0,0
2023-03-07,6161,316000,9195450,29.1,29.3,28.85,28.9,-0.25,188,2023,8.3,1.53,7.5,216.75,1.3759537247876714,0,0
2023-03-08,6161,347000,10051450,28.85,29.15,28.8,29.05,0.15,177,2023,8.35,1.54,7.5,217.875,1.3830953531170191,0,0
2023-03-09,6161,198000,5759700,29.1,29.35,29.0,29.0,-0.05,107,2023,8.33,1.54,7.5,217.5,1.38071481034057,0,0
2023-03-10,6161,780000,21860250,28.5,28.6,27.5,27.6,-1.4,451,2023,7.93,1.46,7.5,207.0,1.3140596125999908,0,0
2023-03-13,6161,444000,12416550,27.7,28.3,27.65,28.2,0.6,229,2023,8.1,1.49,7.5,211.5,1.3426261259173817,0,0
2023-03-14,6161,158000,4420450,28.15,28.25,27.85,27.9,-0.3,101,2023,8.02,1.48,7.5,209.25,1.3283428692586863,0,0
2023-03-15,6161,370000,10537700,28.5,28.75,28.25,28.65,0.75,189,2023,8.19,1.46,7.5,214.875,1.3640510109054251,0,0
2023-03-16,6161,870000,25027200,28.8,29.05,28.45,28.55,-0.1,376,2023,8.16,1.45,7.5,214.125,1.3592899253525266,0,0
2023-03-17,6161,259000,7431500,28.9,28.9,28.6,28.75,0.2,127,2023,8.21,1.46,7.5,215.625,1.3688120964583237,0,0
2023-03-20,6161,181000,5239150,28.85,29.1,28.8,29.1,0.35,103,2023,8.31,1.48,7.5,218.25,1.3854758958934685,0,0
2023-03-21,6161,293000,8539850,29.2,29.25,29.05,29.1,0.0,125,2023,8.31,1.48,7.5,218.25,1.3854758958934685,0,0
2023-03-22,6161,439000,12878700,29.3,29.45,29.2,29.4,0.3,228,2023,8.4,1.5,7.5,220.5,1.399759152552164,0,0
2023-03-23,6161,392000,11638150,29.4,29.85,29.4,29.75,0.35,220,2023,8.5,1.51,7.5,223.125,1.4164229519873088,0,0
2023-03-24,6161,959000,31359300,32.7,32.7,32.7,32.7,2.95,284,2023,9.34,1.66,7.5,245.25000000000003,1.5568749757978153,0,0
2023-03-27,6161,6425000,219857200,34.25,35.2,33.45,34.3,1.6,3489,2023,9.8,1.75,7.5,257.25,1.6330523446441914,0,0
2023-03-28,6161,2260000,75256200,34.3,34.35,32.9,33.4,-0.9,1182,2023,9.54,1.7,7.5,250.5,1.5902025746681048,0,0
2023-03-29,6161,740000,24494700,33.4,33.4,32.9,33.0,-0.4,408,2023,9.43,1.68,7.5,247.5,1.5711582324565108,0,0
2023-03-30,6161,831000,27426450,33.05,33.2,32.8,33.0,0.0,452,2023,9.43,1.68,7.5,247.5,1.5711582324565108,0,0
2023-03-31,6161,982000,32855400,33.1,34.0,33.1,33.4,0.4,542,2023,9.54,1.7,7.5,250.5,1.5902025746681048,0,0
2023-04-06,6161,700000,23416900,33.45,33.75,33.2,33.4,0.0,368,2023,9.54,1.7,7.5,250.5,1.6217329041513773,0,0
2023-04-07,6161,456000,15149050,33.45,33.45,33.1,33.1,-0.3,240,2023,9.46,1.69,7.5,248.25,1.6071664409404367,0,0
2023-04-10,6161,678000,22845350,33.2,34.05,33.15,33.65,0.55,420,2023,9.61,1.71,7.5,252.375,1.6338716234938278,0,0
2023-04-11,6161,910000,31010900,33.75,34.3,33.75,34.05,0.4,465,2023,9.73,1.73,7.5,255.37499999999997,1.653293574441748,0,0
2023-04-12,6161,572000,19503150,34.25,34.3,34.0,34.05,0.0,286,2023,9.73,1.73,7.5,255.37499999999997,1.653293574441748,0,0
2023-04-13,6161,467000,15863000,34.2,34.2,33.85,33.85,-0.2,281,2023,9.67,1.72,7.5,253.875,1.6435825989677881,0,0
2023-04-14,6161,260000,8822950,34.1,34.1,33.85,33.9,0.05,158,2023,9.69,1.73,7.5,254.25,1.6460103428362782,0,0
2023-04-17,6161,938000,32101200,33.9,34.4,33.9,34.3,0.4,445,2023,9.8,1.75,7.5,257.25,1.6654322937841988,0,0
2023-04-18,6161,695000,23882000,34.45,34.45,34.3,34.35,0.05,323,2023,9.81,1.75,7.5,257.625,1.6678600376526889,0,0
2023-04-19,6161,527000,18138150,34.5,34.55,34.25,34.25,-0.1,281,2023,9.79,1.74,7.5,256.875,1.6630045499157087,0,0
2023-04-20,6161,685000,23243350,34.25,34.25,33.55,33.65,-0.6,355,2023,9.61,1.71,7.5,252.375,1.6338716234938278,0,0
2023-04-21,6161,620000,20567350,33.9,33.9,32.9,32.95,-0.7,368,2023,9.41,1.68,7.5,247.12500000000003,1.5998832093349669,0,0
2023-04-24,6161,432000,14344750,33.0,33.55,32.7,33.35,0.4,169,2023,9.53,1.7,7.5,250.125,1.6193051602828872,0,0
2023-04-25,6161,468000,15466950,33.35,33.4,32.75,32.9,-0.45,227,2023,9.4,1.68,7.5,246.75,1.5974554654664763,0,0
2023-04-26,6161,180000,5896600,32.9,33.05,32.55,33.0,0.1,126,2023,9.43,1.68,7.5,247.5,1.6023109532034565,0,0
2023-04-27,6161,293000,9734550,32.85,33.45,32.85,33.25,0.25,151,2023,9.5,1.69,7.5,249.375,1.614449672545907,0,0
2023-04-28,6161,1444000,49952250,33.5,34.95,33.5,34.95,1.7,807,2023,9.99,1.78,7.5,262.125,1.69699296407457,0,0
2023-05-02,6161,860000,30114750,35.6,35.6,34.65,34.8,-0.15,466,2023,9.94,1.77,7.5,261.0,1.7714755780711686,0,0
2023-05-03,6161,582000,19958050,34.75,34.75,34.05,34.3,-0.5,255,2023,9.8,1.75,7.5,257.25,1.7460233427540541,0,0
2023-05-04,6161,598000,20772350,34.4,35.0,34.3,35.0,0.7,330,2023,10.0,1.78,7.5,262.5,1.7816564721980144,0,0
2023-05-05,6161,343000,11956500,35.1,35.15,34.65,34.75,-0.25,193,2023,9.93,1.77,7.5,260.625,1.768930354539457,0,0
2023-05-08,6161,1339000,44868050,34.4,34.4,33.1,33.25,-1.5,667,2023,9.5,1.69,7.5,249.375,1.6925736485881135,0,0
2023-05-09,6161,315000,10424900,33.5,33.5,32.95,33.05,-0.2,192,2023,9.44,1.68,7.5,247.87499999999997,1.6823927544612676,0,0
2023-05-10,6161,218000,7169850,33.0,33.1,32.55,33.1,0.05,114,2023,9.46,1.69,7.5,248.25,1.6849379779929792,0,0
2023-05-11,6161,287000,9429750,33.3,33.3,32.65,32.7,-0.4,165,2023,11.47,1.65,7.5,245.25000000000003,1.664576189739288,0,0
2023-05-12,6161,488000,15657700,32.2,32.5,31.5,32.45,-0.25,262,2023,11.39,1.63,7.5,243.37500000000003,1.6518500720807308,0,0
2023-05-15,6161,418000,13268550,32.15,32.4,31.4,31.6,-0.85,253,2023,11.09,1.59,7.5,237.0,1.6085812720416357,0,0
2023-05-16,6161,324000,10279800,31.75,31.95,31.55,31.65,0.05,189,2023,11.11,1.59,7.5,237.375,1.6111264955733473,0,0
2023-05-17,6161,259000,8257000,31.6,32.0,31.6,31.8,0.15,129,2023,11.16,1.6,7.5,238.5,1.6187621661684817,0,0
2023-05-18,6161,308000,9826050,32.0,32.1,31.8,31.9,0.1,144,2023,11.19,1.61,7.5,239.25,1.6238526132319044,0,0
2023-05-19,6161,156000,4983050,32.0,32.15,31.8,31.9,0.0,87,2023,11.19,1.61,7.5,239.25,1.6238526132319044,0,0
2023-05-22,6161,193000,6258900,32.5,32.55,32.2,32.45,0.55,109,2023,11.39,1.63,7.5,243.37500000000003,1.6518500720807308,0,0
2023-05-23,6161,448000,14744650,32.85,33.2,32.45,33.05,0.6,223,2023,11.6,1.66,7.5,247.87499999999997,1.6823927544612676,0,0
2023-05-24,6161,295000,9745600,33.05,33.2,32.9,33.0,-0.05,133,2023,11.58,1.66,7.5,247.5,1.6798475309295564,0,0
2023-05-25,6161,285000,9390250,33.2,33.25,32.75,32.85,-0.15,151,2023,11.53,1.65,7.5,246.375,1.672211860334422,0,0
2023-05-26,6161,307000,10016250,33.0,33.0,32.4,32.55,-0.3,168,2023,11.42,1.64,7.5,244.12499999999997,1.656940519144153,0,0
2023-05-29,6161,661000,21969550,32.8,33.9,32.7,33.45,0.9,323,2023,11.74,1.68,7.5,250.87500000000003,1.7027545427149597,0,0
2023-05-30,6161,507000,17082250,33.55,34.2,33.4,33.5,0.05,258,2023,11.75,1.69,7.5,251.25,1.705299766246671,0,0
2023-05-31,6161,5104000,183012250,33.85,36.45,33.8,36.15,2.65,2650,2023,12.68,1.82,7.5,271.125,1.8401966134273777,0,0
2023-06-01,6161,2187000,77234150,36.15,36.3,34.6,35.05,-1.1,1292,2023,12.3,1.76,7.5,262.875,1.7842016957297258,0,0
2023-06-02,6161,8000000,304497000,36.2,38.55,36.0,38.55,3.5,2938,2023,13.53,1.94,7.5,289.125,1.9949932827463528,0,0
2023-06-05,6161,8349000,319144550,38.75,39.75,36.8,38.1,-0.45,3968,2023,13.37,1.92,7.5,285.75,1.9717054234146834,0,0
2023-06-06,6161,2693000,100399000,38.0,38.0,36.5,37.9,-0.2,1464,2023,13.3,1.91,7.5,284.25,1.961355263711719,0,0
2023-06-07,6161,1708000,64615100,38.1,38.2,37.3,37.65,-0.25,1084,2023,13.21,1.9,7.5,282.375,1.9484175640830137,0,0
2023-06-08,6161,1278000,48376000,37.9,38.5,37.5,37.5,-0.15,836,2023,13.16,1.89,7.5,281.25,1.9406549443057906,0,0
2023-06-09,6161,1323000,50424100,37.8,38.7,37.7,37.85,0.35,864,2023,13.28,1.91,7.5,283.875,1.958767723785978,0,0
2023-06-12,6161,3872000,149669950,38.2,39.3,38.05,38.2,0.35,2207,2023,13.4,1.92,7.5,286.5,1.9768805032661654,0,0
2023-06-13,6161,1340000,51278000,38.5,38.65,37.9,38.55,0.35,725,2023,13.53,1.94,7.5,289.125,1.9949932827463528,0,0
2023-06-14,6161,1111000,42722850,38.85,39.05,38.1,38.15,-0.4,613,2023,13.39,1.92,7.5,286.125,1.9742929633404243,0,0
2023-06-15,6161,1420000,54965650,38.2,38.95,38.2,38.85,0.7,724,2023,13.63,1.96,7.5,291.375,2.0105185223007993,0,0
2023-06-16,6161,895000,34486150,39.0,39.3,38.3,38.4,-0.45,532,2023,13.47,1.93,7.5,288.0,1.9872306629691296,0,0
2023-06-19,6161,652000,24936850,38.4,38.55,37.9,38.35,-0.05,311,2023,13.46,1.93,7.5,287.625,1.9846431230433885,0,0
2023-06-20,6161,706000,27102250,38.4,38.8,37.95,38.7,0.35,359,2023,13.58,1.95,7.5,290.25,2.002755902523576,0,0
2023-06-21,6161,665000,25751500,38.85,38.95,38.5,38.7,0.0,364,2023,13.58,1.95,7.5,290.25,2.002755902523576,0,0
2023-06-26,6161,481000,18445150,38.9,38.9,38.0,38.2,-0.5,285,2023,13.4,1.92,7.5,286.5,1.9768805032661654,0,0
2023-06-27,6161,700000,26337600,38.2,38.2,37.2,37.35,-0.85,444,2023,13.11,1.88,7.5,280.125,1.9328923245285674,0,0
2023-06-28,6161,251000,9492950,38.1,38.1,37.6,37.8,0.45,151,2023,13.26,1.9,7.5,283.5,1.956180183860237,0,0
2023-06-29,6161,422000,15985150,38.0,38.15,37.6,37.95,0.15,216,2023,13.32,1.91,7.5,284.625,1.9639428036374602,0,0
2023-06-30,6161,2893000,112933350,38.6,39.5,38.45,39.5,1.55,1720,2023,13.86,1.99,7.5,296.25,2.044156541335433,0,0
2023-07-03,6161,3678000,153648150,40.0,43.05,39.8,42.5,3.0,2329,2023,14.91,2.14,7.5,318.75,2.2450534868586014,0,0
2023-07-04,6161,1489000,61383600,42.3,42.3,40.6,41.05,-1.45,1030,2023,14.4,2.07,7.5,307.875,2.1684575443657788,0,0
2023-07-05,6161,775000,31692400,41.1,41.35,40.55,40.7,-0.35,453,2023,14.28,2.05,7.5,305.25,2.1499688685916487,0,0
2023-07-06,6161,1390000,54443450,39.5,39.7,38.7,38.95,-1.75,813,2023,13.67,1.96,7.5,292.125,2.0575254897210007,0,0
2023-07-07,6161,483000,18659900,38.95,39.1,38.2,38.6,-0.35,312,2023,13.54,1.94,7.5,289.5,2.039036813946871,0,0
2023-07-10,6161,662000,25203750,38.5,38.5,37.8,37.85,-0.75,332,2023,13.28,1.91,7.5,283.875,1.9994182230023074,0,0
2023-07-11,6161,410000,15792950,38.1,38.85,38.1,38.55,0.7,221,2023,13.53,1.94,7.5,289.125,2.036395574550567,0,0
2023-07-12,6161,924000,36445850,38.95,40.35,38.65,39.7,1.15,533,2023,13.93,2.0,7.5,297.75,2.097144080665564,0,0
2023-07-13,6161,5376000,228239450,40.05,43.65,39.7,41.5,1.8,2698,2023,14.56,2.09,7.5,311.25,2.192228698932517,0,0
2023-07-14,6161,4811000,208281050,44.0,44.6,41.65,43.25,1.75,2589,2023,15.18,2.18,7.5,324.375,2.284672077803165,0,0
2023-07-17,6161,2362000,101482350,43.45,43.9,42.3,42.5,-0.75,1406,2023,14.91,2.14,7.5,318.75,2.2450534868586014,0,0
2023-07-18,6161,6202000,288100500,46.75,46.75,44.2,46.75,4.25,2269,2023,16.4,2.35,7.5,350.625,2.4695588355444618,0,0
2023-07-19,6161,14641000,712005500,50.8,51.4,45.2,46.55,-0.2,7510,2023,16.33,2.34,7.5,349.125,2.4589938779592444,0,0
2023-07-20,6161,3742000,165943350,46.0,46.0,43.5,43.65,-2.9,2495,2023,15.32,2.2,7.5,327.375,2.3058019929735987,0,0
2023-07-21,6161,1786000,77317600,43.0,44.6,42.3,43.6,-0.05,1190,2023,15.3,2.2,7.5,327.0,2.3031607535772944,0,0
2023-07-24,6161,2240000,98462250,44.2,44.8,42.6,44.4,0.8,1138,2023,15.58,2.24,7.5,333.0,2.3454205839181625,0,0
2023-07-25,6161,4446000,204474600,44.6,46.85,44.6,46.0,1.6,2501,2023,16.14,2.32,7.5,345.0,2.429940244599898,0,0
2023-07-26,6161,2244000,102305600,46.6,46.8,44.7,45.0,-1.0,1348,2023,15.79,2.27,7.5,337.5,2.3771154566738133,0,0
2023-07-27,6161,5489000,252248150,42.75,46.75,42.75,46.1,0.0,2865,2023,16.18,2.32,7.5,345.75,2.4352227233925063,0,0
2023-07-28,6161,6620000,318631200,46.3,49.85,46.1,48.8,2.7,4132,2023,17.12,2.46,7.5,366.0,2.577849650792935,0,0
2023-07-31,6161,6066000,296822300,49.6,53.4,46.5,46.65,-2.15,3444,2023,16.37,2.35,7.5,349.875,2.4642763567518533,0,0
2023-08-01,6161,1853000,84077050,47.3,47.65,44.05,44.45,-2.2,1203,2023,15.6,2.24,7.5,333.375,2.348061823314467,0,0
2023-08-02,6161,2091000,89179500,45.15,45.15,41.4,41.6,-2.85,1207,2023,14.6,2.09,7.5,312.0,2.252385579534478,0,0
2023-08-04,6161,1379000,56794600,41.1,41.95,40.45,41.4,-0.2,845,2023,16.97,2.34,7.5,310.5,2.241556802709793,0,0
2023-08-07,6161,918000,37646450,41.5,41.95,40.05,41.75,0.35,627,2023,17.11,2.36,7.5,313.125,2.260507162152992,0,0
2023-08-08,6161,908000,37208900,42.2,42.2,40.5,41.0,-0.75,536,2023,16.8,2.32,7.5,307.5,2.2198992490604232,0,0
2023-08-09,6161,493000,20041050,40.55,41.3,40.25,40.75,-0.25,324,2023,16.7,2.3,7.5,305.625,2.206363278029567,0,0
2023-08-10,6161,964000,38026200,40.35,40.8,39.0,39.0,-1.75,608,2023,15.98,2.2,7.5,292.5,2.1116114808135733,0,0
2023-08-11,6161,805000,30978700,38.7,39.5,38.0,38.05,-0.95,470,2023,15.59,2.15,7.5,285.375,2.0601747908963195,0,0
2023-08-14,6161,474000,17866700,38.5,38.5,37.1,37.55,-0.5,296,2023,15.39,2.12,7.5,281.625,2.033102848834607,0,0
2023-08-15,6161,561000,21355200,38.0,38.65,37.55,37.6,0.05,345,2023,15.41,2.12,7.5,282.0,2.035810043040778,0,0
2023-08-16,6161,725000,27342650,37.2,38.75,36.7,38.15,0.55,442,2023,15.64,2.15,7.5,286.125,2.065589179308662,0,0
2023-08-17,6161,836000,32920300,37.9,40.1,37.9,39.45,1.3,554,2023,16.17,2.23,7.5,295.875,2.1359762286691146,0,0
2023-08-18,6161,839000,32811200,39.0,40.3,38.4,38.6,-0.85,475,2023,15.82,2.18,7.5,289.5,2.089953927164203,0,0
2023-08-21,6161,239000,9246850,38.6,39.05,38.2,38.7,0.1,181,2023,15.86,2.19,7.5,290.25,2.095368315576546,0,0
2023-08-22,6161,280000,10793650,39.2,39.3,38.05,38.2,-0.5,180,2023,15.66,2.16,7.5,286.5,2.0682963735148334,0,0
2023-08-23,6161,463000,17680950,38.0,38.7,37.7,38.35,0.15,275,2023,15.72,2.17,7.5,287.625,2.076417956133347,0,0
2023-08-24,6161,477000,18462600,38.8,39.35,38.05,38.5,0.15,305,2023,15.78,2.17,7.5,288.75,2.084539538751861,0,0
2023-08-25,6161,225000,8694350,38.3,39.05,38.1,38.4,-0.1,143,2023,15.74,2.17,7.5,288.0,2.079125150339518,0,0
2023-08-28,6161,896000,33573950,38.6,38.95,37.0,37.05,-1.35,530,2023,15.18,2.09,7.5,277.875,2.0060309067728945,0,0
2023-08-29,6161,221000,8224850,37.2,37.5,36.9,37.25,0.2,174,2023,15.27,2.1,7.5,279.375,2.0168596835975796,0,0
2023-08-30,6161,507000,19339750,37.5,38.65,37.45,38.15,0.9,339,2023,15.64,2.15,7.5,286.125,2.065589179308662,0,0
2023-08-31,6161,185000,7070750,38.0,38.45,37.95,38.15,0.0,128,2023,15.64,2.15,7.5,286.125,2.065589179308662,0,0
2023-09-01,6161,243000,9252850,38.3,38.3,37.95,38.0,-0.15,170,2023,15.57,2.15,7.5,285.0,2.0574675966901483,0,0
2023-09-04,6161,246000,9381700,38.0,38.35,38.0,38.2,0.2,148,2023,15.66,2.16,7.5,286.5,2.0849267437519514,0,0
2023-09-05,6161,171000,6595950,38.3,39.05,38.3,38.45,0.25,113,2023,15.76,2.17,7.5,288.375,2.0985715522843593,0,0
2023-09-06,6161,208000,8033950,38.35,38.8,38.35,38.8,0.35,144,2023,15.9,2.19,7.5,291.0,2.1176742842297305,0,0
2023-09-07,6161,264000,10132800,38.7,38.75,38.2,38.2,-0.6,179,2023,15.66,2.16,7.5,286.5,2.0849267437519514,0,0
2023-09-08,6161,742000,29098950,38.2,40.0,38.2,39.65,1.45,471,2023,16.25,2.24,7.5,297.375,2.164066633239918,0,0
2023-09-11,6161,722000,27712850,39.8,39.85,37.85,38.5,-1.15,423,2023,15.78,2.17,7.5,288.75,2.1013005139908407,0,0
2023-09-12,6161,353000,13690200,38.5,39.35,38.0,39.15,0.65,232,2023,16.05,2.21,7.5,293.625,2.1367770161751016,0,0
2023-09-13,6161,208000,8127750,38.9,39.5,38.7,39.5,0.35,152,2023,16.19,2.23,7.5,296.25,2.1558797481204732,0,0
2023-09-14,6161,3415000,139554850,40.6,42.85,39.75,39.8,0.3,1497,2023,16.31,2.25,7.5,298.5,2.172253518359363,0,0
2023-09-15,6161,627000,24809900,40.0,40.5,39.15,39.75,-0.05,354,2023,16.29,2.24,7.5,298.125,2.169524556652881,0,0
2023-09-18,6161,242000,9540450,39.55,39.7,39.3,39.35,-0.4,144,2023,16.13,2.22,7.5,295.125,2.147692863001028,0,0
2023-09-19,6161,290000,11345950,39.1,39.7,38.7,38.95,-0.4,173,2023,15.96,2.2,7.5,292.125,2.1258611693491756,0,0
2023-09-20,6161,128000,4975400,38.95,39.2,38.7,38.8,-0.15,100,2023,15.9,2.19,7.5,291.0,2.1176742842297305,0,0
2023-09-21,6161,215000,8216850,38.5,38.55,37.9,38.45,-0.35,149,2023,15.76,2.17,7.5,288.375,2.0985715522843593,0,0
2023-09-22,6161,116000,4465150,38.4,38.8,38.15,38.7,0.25,82,2023,15.86,2.19,7.5,290.25,2.1122163608167672,0,0
2023-09-25,6161,115000,4464600,38.6,38.95,38.55,38.8,0.1,56,2023,15.9,2.19,7.5,291.0,2.1176742842297305,0,0
2023-09-26,6161,133000,5113750,38.7,38.8,38.2,38.2,-0.6,85,2023,15.66,2.16,7.5,286.5,2.0849267437519514,0,0
2023-09-27,6161,194000,7444050,38.25,38.6,38.15,38.55,0.35,108,2023,15.8,2.18,7.5,289.125,2.1040294756973226,0,0
2023-09-28,6161,239000,9260500,38.6,38.95,38.55,38.7,0.15,154,2023,15.86,2.19,7.5,290.25,2.1122163608167672,0,0
2023-10-02,6161,418000,16418200,38.9,39.7,38.75,39.3,0.6,267,2023,16.11,2.22,7.5,294.75,2.164224036654135,0,0
2023-10-03,6161,1503000,60871800,39.9,41.3,39.9,39.95,0.65,934,2023,16.37,2.26,7.5,299.625,2.2000190906954886,0,0
2023-10-04,6161,258000,10204700,40.0,40.0,39.3,39.65,-0.3,170,2023,16.25,2.24,7.5,297.375,2.1834982965225564,0,0
2023-10-05,6161,191000,7622650,40.4,40.4,39.7,39.8,0.15,133,2023,16.31,2.25,7.5,298.5,2.1917586936090228,0,0
2023-10-06,6161,168000,6642500,39.6,39.75,39.35,39.35,-0.45,93,2023,16.13,2.22,7.5,295.125,2.1669775023496243,0,0
2023-10-11,6161,401000,15692000,39.9,39.9,38.7,38.75,-0.6,227,2023,15.88,2.19,7.5,290.625,2.1339359140037595,0,0
2023-10-12,6161,244000,9567800,39.0,39.4,38.8,39.4,0.65,147,2023,16.15,2.22,7.5,295.5,2.169730968045113,0,0
2023-10-13,6161,156000,6131250,39.15,39.5,39.1,39.15,-0.25,87,2023,16.05,2.21,7.5,293.625,2.1559636395676693,0,0
2023-10-16,6161,352000,13498900,39.15,39.15,37.8,37.8,-1.35,245,2023,15.49,2.13,7.5,283.5,2.081620065789474,0,0
2023-10-17,6161,383000,14341300,37.9,38.25,36.9,36.9,-0.9,251,2023,15.12,2.08,7.5,276.75,2.0320576832706765,0,0
2023-10-18,6161,376000,13671000,37.0,37.0,35.9,36.2,-0.7,250,2023,14.84,2.04,7.5,271.5,1.9935091635338347,0,0
2023-10-19,6161,144000,5213300,36.1,36.45,36.0,36.25,0.05,89,2023,14.86,2.05,7.5,271.875,1.9962626292293233,0,0
2023-10-20,6161,610000,21534500,36.25,36.3,34.95,35.0,-1.25,309,2023,14.34,1.98,7.5,262.5,1.9274259868421053,0,0
2023-10-23,6161,781000,28215950,35.0,37.3,35.0,35.0,0.0,500,2023,14.34,1.98,7.5,262.5,1.9274259868421053,0,0
2023-10-24,6161,200000,7135850,35.4,35.95,35.2,35.9,0.9,124,2023,14.71,2.03,7.5,269.25,1.9769883693609023,0,0
2023-10-25,6161,230000,8397600,36.1,36.9,36.05,36.6,0.7,170,2023,15.0,2.07,7.5,274.5,2.0155368890977443,0,0
2023-10-26,6161,109000,3962200,36.3,36.5,36.2,36.3,-0.3,70,2023,14.88,2.05,7.5,272.25,1.9990160949248121,0,0
2023-10-27,6161,127000,4627750,36.3,36.65,36.3,36.3,0.0,94,2023,14.88,2.05,7.5,272.25,1.9990160949248121,0,0
2023-10-30,6161,114000,4126550,36.2,36.45,36.05,36.2,-0.1,85,2023,14.84,2.04,7.5,271.5,1.9935091635338347,0,0
2023-10-31,6161,286000,10170350,36.2,36.3,35.0,35.0,-1.2,175,2023,14.34,1.98,7.5,262.5,1.9274259868421053,0,0
2023-11-01,6161,179000,6231500,35.4,35.4,34.5,34.85,-0.15,117,2023,14.28,1.97,7.5,261.375,1.919165589755639,0,0
2023-11-02,6161,148000,5258250,35.1,35.7,35.1,35.5,0.65,97,2023,14.55,2.0,7.5,266.25,1.9549606437969924,0,0
2023-11-03,6161,142000,5114550,35.55,36.35,35.55,35.9,0.4,88,2023,14.71,2.03,7.5,269.25,1.9769883693609023,0,0
