date,stock_id,Trading_Volume,Trading_money,open,max,min,close,spread,Trading_turnover,year,PER,PBR,equity,mkPrice,PSR,ROE,ROA
2011-10-05,8422,3080000,529322000,179.0,180.0,160.0,169.5,0.0,1965,2011,36.22,10.65,10.9,1847.55,15.774509594655168,41.63,45.0
2011-10-06,8422,950655,160619850,169.5,172.0,166.0,170.0,0.5,701,2011,19.02,10.69,10.9,1853.0,15.821042071335567,41.63,45.0
2011-10-07,8422,451500,76441500,170.0,172.0,168.0,168.0,-2.0,360,2011,18.79,10.56,10.9,1831.2,15.634912164613972,41.63,45.0
2011-10-11,8422,1030000,176664500,170.0,174.0,168.5,171.5,3.5,640,2011,19.18,10.78,10.9,1869.35,15.960639501376763,41.63,45.0
2011-10-12,8422,752060,128615790,171.5,172.0,169.0,172.0,0.5,439,2011,19.24,10.81,10.9,1874.8,16.007171978057162,41.63,45.0
2011-10-13,8422,677735,110256100,172.0,172.0,160.0,160.0,-12.0,554,2011,17.9,10.06,10.9,1744.0,14.890392537727593,41.63,45.0
2011-10-14,8422,1215810,185724600,153.0,158.5,149.0,158.5,-1.5,754,2011,17.73,9.96,10.9,1727.65,14.750795107686397,41.63,45.0
2011-10-17,8422,887100,145599600,161.0,166.0,161.0,164.5,6.0,569,2011,18.4,10.34,10.9,1793.05,15.309184827851182,41.63,45.0
2011-10-18,8422,316970,50791213,163.0,163.0,158.0,158.0,-6.5,258,2011,17.67,9.93,10.9,1722.2,14.704262631005998,41.63,45.0
2011-10-19,8422,513100,84760400,159.0,168.5,159.0,164.0,6.0,419,2011,18.34,10.31,10.9,1787.6,15.262652351170782,41.63,45.0
2011-10-20,8422,268211,43735604,163.0,166.5,160.0,164.0,0.0,222,2011,18.34,10.31,10.9,1787.6,15.262652351170782,41.63,45.0
2011-10-21,8422,887165,150338550,166.5,174.0,166.0,167.5,3.5,668,2011,18.74,10.53,10.9,1825.75,15.588379687933573,41.63,45.0
2011-10-24,8422,390001,64638671,169.0,169.0,164.0,165.0,-2.5,326,2011,18.46,10.37,10.9,1798.5,15.35571730453158,41.63,45.0
2011-10-25,8422,246000,40262000,164.5,166.0,161.0,164.0,-1.0,213,2011,18.34,10.31,10.9,1787.6,15.262652351170782,41.63,45.0
2011-10-26,8422,141215,22953760,163.5,164.0,161.0,163.5,-0.5,124,2011,18.29,10.28,10.9,1782.15,15.216119874490383,41.63,45.0
2011-10-27,8422,220100,36287500,164.0,166.0,163.0,163.5,0.0,196,2011,18.29,7.88,10.9,1782.15,15.216119874490383,41.63,45.0
2011-10-28,8422,618560,103766200,168.0,171.5,165.0,166.5,3.0,520,2011,18.62,8.02,10.9,1814.85,15.495314734572776,41.63,45.0
2011-10-31,8422,366360,61691480,167.0,170.5,166.5,168.5,2.0,270,2011,18.85,8.12,10.9,1836.65,15.681444641294371,41.63,45.0
2011-11-01,8422,202080,33882760,168.5,169.0,166.0,168.5,0.0,172,2011,18.85,8.12,10.9,1836.65,15.681444641294371,41.63,45.0
2011-11-02,8422,471500,79662000,166.0,171.0,165.5,171.0,2.5,355,2011,19.13,8.24,10.9,1863.9,16.906659168318267,41.63,45.0
2011-11-03,8422,1154200,201180100,172.0,176.0,170.5,174.5,3.5,802,2011,19.52,8.41,10.9,1902.05,17.252701899833554,41.63,45.0
2011-11-04,8422,361060,62661380,175.0,176.0,172.0,172.0,-2.5,319,2011,19.24,8.29,10.9,1874.8,17.00552852017978,41.63,45.0
2011-11-07,8422,353100,60157000,172.0,173.5,168.0,168.0,-4.0,292,2011,18.79,8.1,10.9,1831.2,16.61005111273374,41.63,45.0
2011-11-08,8422,608347,105457378,168.0,177.5,167.5,174.0,6.0,502,2011,19.46,8.39,10.9,1896.6,17.2032672239028,41.63,45.0
2011-11-09,8422,1186083,216899438,176.0,186.0,176.0,186.0,12.0,791,2011,20.81,8.96,10.9,2027.4,18.389699446240925,41.63,45.0
2011-11-10,8422,1166650,212924200,185.0,189.0,176.5,179.0,-7.0,896,2011,20.02,8.63,10.9,1951.1,17.697613983210353,41.63,45.0
2011-11-11,8422,1617362,302314323,176.0,191.5,175.0,191.5,12.5,1093,2011,21.42,9.23,10.9,2087.35,18.93348088147923,41.63,45.0
2011-11-14,8422,1710147,344524561,194.5,204.5,194.5,204.5,13.0,1137,2011,22.87,9.86,10.9,2229.05,20.218782455678866,41.63,45.0
2011-11-15,8422,863569,176991857,202.0,209.5,200.0,201.5,-3.0,703,2011,22.54,9.71,10.9,2196.35,19.922174400094335,41.63,45.0
2011-11-16,8422,847211,170114677,204.0,209.0,195.0,202.0,0.5,719,2011,22.6,9.73,10.9,2201.8,19.97160907602509,41.63,45.0
2011-11-17,8422,555987,110993900,196.5,204.0,196.0,198.5,-3.5,463,2011,22.2,9.57,10.9,2163.65,19.625566344509803,41.63,45.0
2011-11-18,8422,382255,76341891,196.5,202.5,196.5,198.5,0.0,338,2011,22.2,9.57,10.9,2163.65,19.625566344509803,41.63,45.0
2011-11-21,8422,781849,146370565,198.5,198.5,185.0,185.0,-13.5,641,2011,20.69,8.92,10.9,2016.5,18.290830094379412,41.63,45.0
2011-11-22,8422,562117,103710670,186.0,190.0,176.5,188.5,3.5,485,2011,21.09,9.08,10.9,2054.65,18.6368728258947,41.63,45.0
2011-11-23,8422,516210,95347510,188.5,190.5,179.5,180.0,-8.5,408,2011,20.13,8.67,10.9,1962.0,17.796483335071862,41.63,45.0
2011-11-24,8422,663356,116715580,178.0,180.0,173.5,177.0,-3.0,474,2011,19.8,8.53,10.9,1929.3,17.49987527948733,41.63,45.0
2011-11-25,8422,310820,54468690,178.5,178.5,172.0,176.5,-0.5,249,2011,19.74,8.51,10.9,1923.85,17.450440603556576,41.63,45.0
2011-11-28,8422,537359,99298171,176.0,188.5,176.0,187.5,11.0,447,2011,20.97,9.04,10.9,2043.75,18.53800347403319,41.63,45.0
2011-11-29,8422,275186,51830898,194.0,194.0,184.5,187.0,-0.5,241,2011,20.92,9.01,10.9,2038.3,18.488568798102435,41.63,45.0
2011-11-30,8422,259050,48178000,185.0,189.0,182.5,184.0,-3.0,232,2011,20.58,8.87,10.9,2005.6,18.191960742517903,41.63,45.0
2011-12-01,8422,549210,105448610,189.0,195.0,188.0,190.0,6.0,388,2011,21.25,9.16,10.9,2071.0,18.785176853686966,41.63,45.0
2011-12-02,8422,177400,33364500,190.0,190.0,186.5,187.0,-3.0,156,2011,20.92,9.01,10.9,2038.3,18.517424985032893,41.63,45.0
2011-12-05,8422,173000,31677000,187.0,187.0,181.0,181.0,-6.0,155,2011,20.25,8.72,10.9,1972.9,17.923283006903493,41.63,45.0
2011-12-06,8422,309110,55620300,180.0,182.0,177.5,179.0,-2.0,247,2011,20.02,8.63,10.9,1951.1,17.72523568086036,41.63,45.0
2011-12-07,8422,304020,53986600,180.0,181.0,175.5,175.5,-3.5,250,2011,19.63,8.46,10.9,1912.95,17.37865286028488,41.63,45.0
2011-12-08,8422,420114,72031507,175.5,175.5,169.0,173.5,-2.0,315,2011,19.41,8.36,10.9,1891.15,17.180605534241746,41.63,45.0
2011-12-09,8422,297644,51864809,170.0,178.0,169.0,176.0,2.5,252,2011,19.69,8.48,10.9,1918.4,17.42816469179566,41.63,45.0
2011-12-12,8422,252013,44609359,177.0,179.0,175.0,175.0,-1.0,223,2011,19.57,8.43,10.9,1907.5,17.329141028774096,41.63,45.0
2011-12-13,8422,345394,59064768,170.0,173.0,169.0,170.5,-4.5,291,2011,19.07,8.22,10.9,1858.45,16.88353454517705,41.63,45.0
2011-12-14,8422,192381,32633341,169.5,172.0,166.0,171.5,1.0,170,2011,19.18,8.27,10.9,1869.35,16.982558208198615,41.63,45.0
2011-12-15,8422,85586,14545948,170.0,171.5,168.0,170.0,-1.5,87,2011,19.02,8.19,10.9,1853.0,16.834022713666265,41.63,45.0
2011-12-16,8422,135910,23448660,172.0,174.5,170.5,174.5,4.5,119,2011,19.52,8.41,10.9,1902.05,17.27962919726331,41.63,45.0
2011-12-19,8422,202240,34409178,173.0,173.0,168.0,168.5,-6.0,173,2011,18.85,8.12,10.9,1836.65,16.685487219133915,41.63,45.0
2011-12-20,8422,212179,36438825,168.0,174.5,168.0,171.0,2.5,177,2011,19.13,8.24,10.9,1863.9,16.93304637668783,41.63,45.0
2011-12-21,8422,386424,67755972,172.5,178.0,172.5,176.0,5.0,272,2011,19.69,8.48,10.9,1918.4,17.42816469179566,41.63,45.0
2011-12-22,8422,139415,24177087,175.5,176.0,172.0,172.0,-4.0,125,2011,19.24,8.29,10.9,1874.8,17.032070039709396,41.63,45.0
2011-12-23,8422,382246,67403788,173.0,179.0,172.0,175.5,3.5,284,2011,19.63,8.46,10.9,1912.95,17.37865286028488,41.63,45.0
2011-12-26,8422,99120,17295440,175.5,176.5,173.5,173.5,-2.0,90,2011,19.41,8.36,10.9,1891.15,17.180605534241746,41.63,45.0
2011-12-27,8422,107131,18563727,173.5,175.0,172.0,173.0,-0.5,98,2011,19.35,8.34,10.9,1885.7,17.131093702730965,41.63,45.0
2011-12-28,8422,273225,48072875,174.0,178.0,172.0,176.0,3.0,230,2011,19.69,8.48,10.9,1918.4,17.42816469179566,41.63,45.0
2011-12-29,8422,185000,32667500,176.0,178.0,174.0,177.0,1.0,147,2011,19.8,8.53,10.9,1929.3,17.527188354817227,41.63,45.0
2011-12-30,8422,284050,50445400,177.0,178.5,176.0,176.5,-0.5,193,2011,19.74,8.51,10.9,1923.85,17.477676523306446,41.63,45.0
2013-01-02,8422,291634,56061862,191.5,194.5,191.5,192.0,0.5,204,2013,14.37,4.97,10.9,2092.8,10.640856353015291,25.17,27.94
2013-01-03,8422,366284,70587953,194.0,194.0,192.0,192.5,0.5,280,2013,14.41,4.99,10.9,2098.25,10.668566916434601,25.17,27.94
2013-01-04,8422,254025,48825325,193.0,193.5,191.5,192.5,0.0,187,2013,14.41,4.99,10.9,2098.25,10.668566916434601,25.17,27.94
2013-01-07,8422,167232,32063276,193.0,193.0,191.0,191.0,-1.5,127,2013,14.3,4.95,10.9,2081.9,10.585435226176669,25.17,27.94
2013-01-08,8422,501326,96821744,191.0,194.0,191.0,192.5,1.5,380,2013,14.41,4.99,10.9,2098.25,10.668566916434601,25.17,27.94
2013-01-09,8422,428281,82857371,193.0,194.5,192.0,192.0,-0.5,326,2013,14.37,4.97,10.9,2092.8,10.640856353015291,25.17,27.94
2013-01-10,8422,200450,38780800,192.5,194.0,192.5,193.5,1.5,176,2013,14.48,5.01,10.9,2109.15,10.723988043273222,25.17,27.94
2013-01-11,8422,130317,25173498,193.5,194.0,192.5,192.5,-1.0,130,2013,14.41,4.99,10.9,2098.25,10.668566916434601,25.17,27.94
2013-01-14,8422,135698,26261061,192.5,194.0,192.5,193.5,1.0,129,2013,14.48,5.01,10.9,2109.15,10.723988043273222,25.17,27.94
2013-01-15,8422,99500,19288000,193.5,194.5,193.0,193.5,0.0,95,2013,14.48,5.01,10.9,2109.15,10.723988043273222,25.17,27.94
2013-01-16,8422,83151,16046794,194.0,194.0,192.5,192.5,-1.0,70,2013,14.41,4.99,10.9,2098.25,10.668566916434601,25.17,27.94
2013-01-17,8422,152340,29234280,193.5,193.5,190.5,191.0,-1.5,137,2013,14.3,4.95,10.9,2081.9,10.585435226176669,25.17,27.94
2013-01-18,8422,320280,61801600,191.0,193.5,190.5,193.0,2.0,209,2013,14.45,5.0,10.9,2103.7000000000003,10.696277479853913,25.17,27.94
2013-01-21,8422,1093805,218699500,193.0,203.0,193.0,201.0,8.0,900,2013,15.04,5.21,10.9,2190.9,11.139646494562882,25.17,27.94
2013-01-22,8422,279140,55509640,201.0,201.5,197.5,198.5,-2.5,231,2013,14.86,5.14,10.9,2163.65,11.00109367746633,25.17,27.94
2013-01-23,8422,268160,52627520,198.5,199.0,194.5,194.5,-4.0,225,2013,14.56,5.04,10.9,2120.05,10.779409170111844,25.17,27.94
2013-01-24,8422,143585,27971660,194.5,196.5,193.5,193.5,-1.0,142,2013,14.48,5.01,10.9,2109.15,10.723988043273222,25.17,27.94
2013-01-25,8422,254140,48980800,194.0,195.5,191.0,192.0,-1.5,212,2013,14.37,4.97,10.9,2092.8,10.640856353015291,25.17,27.94
2013-01-28,8422,139140,26918800,193.0,194.0,192.0,194.0,2.0,128,2013,14.52,5.03,10.9,2114.6,10.751698606692534,25.17,27.94
2013-01-29,8422,128510,24917950,194.5,194.5,193.0,193.5,-0.5,122,2013,14.48,5.01,10.9,2109.15,10.723988043273222,25.17,27.94
2013-01-30,8422,158320,30712900,193.5,194.5,193.5,194.5,1.0,141,2013,14.56,5.04,10.9,2120.05,10.779409170111844,25.17,27.94
2013-01-31,8422,58155,11282302,194.5,194.5,193.5,194.5,0.0,57,2013,14.56,5.04,10.9,2120.05,10.779409170111844,25.17,27.94
2013-02-01,8422,173662,33833914,194.5,196.0,193.5,195.0,0.5,153,2013,14.6,5.05,10.9,2125.5,10.807119733531154,25.17,27.94
2013-02-04,8422,211610,41548863,196.0,198.0,195.0,197.0,2.0,198,2013,14.75,5.1,10.9,2147.3,10.657818653788407,25.17,27.94
2013-02-05,8422,281950,55923150,196.0,200.0,195.0,198.5,1.5,254,2013,14.86,5.14,10.9,2163.65,10.73896955724365,25.17,27.94
2013-02-06,8422,194507,38545138,199.5,200.0,197.5,198.5,0.0,191,2013,14.86,5.14,10.9,2163.65,10.73896955724365,25.17,27.94
2013-02-18,8422,213501,42394699,200.0,200.0,196.5,198.5,0.0,182,2013,14.86,5.14,10.9,2163.65,10.73896955724365,25.17,27.94
2013-02-19,8422,312437,62301900,199.5,200.0,198.5,200.0,1.5,255,2013,14.97,5.18,10.9,2180.0,10.82012046069889,25.17,27.94
2013-02-20,8422,761900,154293800,202.0,205.0,200.5,205.0,5.0,620,2013,15.34,5.31,10.9,2234.5,11.090623472216363,25.17,27.94
2013-02-21,8422,391575,79868225,205.0,205.5,202.5,204.0,-1.0,287,2013,15.27,5.28,10.9,2223.6,11.036522869912869,25.17,27.94
2013-02-22,8422,189760,38220760,204.0,204.0,201.0,201.0,-3.0,162,2013,15.04,5.21,10.9,2190.9,10.874221063002384,25.17,27.94
2013-02-23,8422,67150,13520650,201.5,202.0,200.5,201.0,0.0,59,2013,15.04,5.21,10.9,2190.9,10.874221063002384,25.17,27.94
2013-02-25,8422,922571,188804484,202.0,206.0,202.0,205.0,4.0,583,2013,15.34,5.31,10.9,2234.5,11.090623472216363,25.17,27.94
2013-02-26,8422,1415651,293846578,203.0,209.0,203.0,208.5,3.5,944,2013,15.61,5.4,10.9,2272.65,11.279975580278593,25.17,27.94
2013-02-27,8422,1096818,228192144,208.5,210.5,206.0,209.0,0.5,709,2013,15.64,5.41,10.9,2278.1,11.30702588143034,25.17,27.94
2013-03-01,8422,1115255,236203325,211.0,213.0,210.0,213.0,4.0,864,2013,15.94,5.52,10.9,2321.7000000000003,11.52342829064432,25.17,27.94
2013-03-04,8422,714940,150461460,215.0,215.0,207.0,207.0,-6.0,520,2013,15.49,5.36,10.9,2256.3,11.183393678951399,25.17,27.94
2013-03-05,8422,554445,115368950,207.0,209.0,207.0,208.5,1.5,384,2013,15.61,5.4,10.9,2272.65,11.264432763581482,25.17,27.94
2013-03-06,8422,699565,145343236,210.5,210.5,206.0,206.0,-2.5,406,2013,15.42,5.34,10.9,2245.4,11.129367622531344,25.17,27.94
2013-03-07,8422,636004,131985830,205.5,211.5,205.5,206.0,0.0,471,2013,15.42,5.34,10.9,2245.4,11.129367622531344,25.17,27.94
2013-03-08,8422,296214,61425798,208.5,209.0,206.0,206.0,0.0,274,2013,15.42,5.34,10.9,2245.4,11.129367622531344,25.17,27.94
2013-03-11,8422,517690,108531590,208.0,211.5,206.5,210.0,4.0,432,2013,15.72,5.44,10.9,2289.0,11.345471848211565,25.17,27.94
2013-03-12,8422,315209,66321390,212.0,212.0,208.5,209.5,-0.5,241,2013,15.68,5.43,10.9,2283.55,11.318458820001537,25.17,27.94
2013-03-13,8422,161685,33707006,210.0,211.5,207.0,207.0,-2.5,154,2013,15.49,5.36,10.9,2256.3,11.183393678951399,25.17,27.94
2013-03-14,8422,224640,46369480,207.0,207.5,205.5,207.0,0.0,172,2013,15.49,5.36,10.9,2256.3,11.183393678951399,25.17,27.94
2013-03-15,8422,277492,57409844,207.0,208.5,206.0,206.0,-1.0,200,2013,15.42,5.34,10.9,2245.4,11.129367622531344,25.17,27.94
2013-03-18,8422,312857,64059111,206.0,207.0,203.5,203.5,-2.5,228,2013,15.23,5.27,10.9,2218.15,10.994302481481206,25.17,27.94
2013-03-19,8422,164200,33887600,207.5,207.5,205.5,206.0,2.5,103,2013,15.42,5.34,10.9,2245.4,11.129367622531344,25.17,27.94
2013-03-20,8422,213540,43893780,206.0,206.5,204.5,205.5,-0.5,158,2013,15.38,5.32,10.9,2239.9500000000003,11.102354594321318,25.17,27.94
2013-03-21,8422,539727,113018031,206.5,211.0,206.5,209.0,3.5,309,2013,15.64,5.41,10.9,2278.1,11.291445791791508,25.17,27.94
2013-03-22,8422,2142728,462652335,210.0,223.5,209.5,218.5,9.5,1466,2013,16.35,5.66,10.9,2381.65,11.804693327782033,25.17,27.94
2013-03-25,8422,1825355,409141440,222.0,230.0,220.5,229.0,10.5,1331,2013,17.14,5.93,10.9,2496.1,12.37196692019261,25.17,27.94
2013-03-26,8422,683539,153469736,228.5,228.5,222.5,224.0,-5.0,599,2013,16.77,5.8,10.9,2441.6,12.101836638092335,25.17,27.94
2013-03-27,8422,574630,129734823,226.0,227.5,224.5,226.0,2.0,472,2013,16.92,5.85,10.9,2463.4,12.209888750932445,25.17,27.94
2013-03-28,8422,988308,225693608,229.0,231.5,222.0,224.0,-2.0,679,2013,16.77,5.8,10.9,2441.6,12.101836638092335,25.17,27.94
2013-03-29,8422,357506,79618081,225.0,227.0,220.5,220.5,-3.5,323,2013,16.5,5.32,10.9,2403.4500000000003,11.912745440622144,25.17,27.94
2013-04-01,8422,484559,106977992,220.5,223.5,217.0,223.0,2.5,372,2013,16.68,5.38,10.9,2430.7000000000003,12.047810581672282,25.17,27.94
2013-04-02,8422,682660,153541168,222.5,228.0,221.5,223.0,0.0,453,2013,16.68,5.38,10.9,2430.7000000000003,12.245543628685013,25.17,27.94
2013-04-03,8422,353013,78824464,223.0,224.5,220.5,224.5,1.5,307,2013,16.79,5.42,10.9,2447.05,12.32791275623222,25.17,27.94
2013-04-08,8422,288149,63410078,220.5,221.5,218.0,220.5,-4.0,229,2013,16.49,5.32,10.9,2403.4500000000003,12.108261749439665,25.17,27.94
2013-04-09,8422,469395,103094795,219.0,221.0,218.0,220.0,-0.5,377,2013,16.45,5.31,10.9,2398.0,12.080805373590593,25.17,27.94
2013-04-10,8422,280857,62635754,221.0,225.0,221.0,223.0,3.0,222,2013,16.68,5.38,10.9,2430.7000000000003,12.245543628685013,25.17,27.94
2013-04-11,8422,122453,27256613,224.0,225.0,221.5,222.5,-0.5,116,2013,16.64,5.37,10.9,2425.25,12.218087252835941,25.17,27.94
2013-04-12,8422,177322,39453643,222.5,224.0,221.0,223.5,1.0,151,2013,16.72,5.39,10.9,2436.15,12.273000004534081,25.17,27.94
2013-04-15,8422,693515,157063920,224.0,228.0,224.0,228.0,4.5,437,2013,17.05,5.5,10.9,2485.2000000000003,12.520107387175708,25.17,27.94
2013-04-16,8422,235920,53463920,228.0,228.0,225.0,227.0,-1.0,159,2013,16.98,5.48,10.9,2474.3,12.465194635477568,25.17,27.94
2013-04-17,8422,716486,165196508,227.5,232.0,226.5,232.0,5.0,534,2013,17.35,5.6,10.9,2528.8,12.739758393968263,25.17,27.94
2013-04-18,8422,958472,225657420,232.0,238.5,231.0,235.0,3.0,698,2013,17.58,5.67,10.9,2561.5,12.90449664906268,25.17,27.94
2013-04-19,8422,469048,110229708,238.0,238.0,233.0,235.0,0.0,369,2013,17.58,5.67,10.9,2561.5,12.90449664906268,25.17,27.94
2013-04-22,8422,931075,225015761,235.0,247.0,235.0,245.0,10.0,748,2013,18.32,5.91,10.9,2670.5,13.45362416604407,25.17,27.94
2013-04-23,8422,1618935,392528270,245.0,246.0,239.0,242.0,-3.0,959,2013,18.1,5.84,10.9,2637.8,13.288885910949652,25.17,27.94
2013-04-24,8422,963952,239996000,245.0,251.5,245.0,250.0,8.0,753,2013,18.7,6.03,10.9,2725.0,13.728187924534765,25.17,27.94
2013-04-25,8422,628165,158488745,251.5,255.0,248.0,254.0,4.0,567,2013,19.0,6.13,10.9,2768.6,13.947838931327322,25.17,27.94
2013-04-26,8422,916179,223841960,253.5,253.5,238.0,240.0,-14.0,703,2013,17.95,5.79,10.9,2616.0,13.179060407553376,25.17,27.94
2013-04-29,8422,563050,135017650,240.0,242.0,238.5,240.0,0.0,460,2013,17.95,5.79,10.9,2616.0,13.179060407553376,25.17,27.94
2013-04-30,8422,422400,101664500,244.0,244.0,239.0,240.0,0.0,322,2013,17.95,5.79,10.9,2616.0,13.179060407553376,25.17,27.94
2013-05-02,8422,657179,157442997,240.0,242.5,238.0,239.5,-0.5,515,2013,17.91,5.78,10.9,2610.55,13.226117954142905,25.17,27.94
2013-05-03,8422,491500,118328750,240.0,244.0,238.5,242.0,2.5,383,2013,18.1,5.84,10.9,2637.8,13.364177640511828,25.17,27.94
2013-05-06,8422,251783,61308835,242.0,244.5,242.0,243.0,1.0,209,2013,18.18,5.86,10.9,2648.7000000000003,13.4194015150594,25.17,27.94
2013-05-07,8422,1166750,275586000,243.0,243.0,234.0,235.5,-7.5,653,2013,17.61,5.68,10.9,2566.9500000000003,13.005222455952628,25.17,27.94
2013-05-08,8422,673957,164722682,240.0,251.5,237.0,251.5,16.0,574,2013,18.81,6.07,10.9,2741.35,13.88880444871374,25.17,27.94
2013-05-09,8422,549110,136125280,250.0,254.5,244.0,247.5,-4.0,497,2013,18.51,5.97,10.9,2697.75,13.667908950523461,25.17,27.94
2013-05-10,8422,427400,105499100,248.5,249.0,244.5,248.0,0.5,340,2013,18.55,5.98,10.9,2703.2000000000003,13.695520887797247,25.17,27.94
2013-05-13,8422,346020,85795980,249.0,249.0,246.0,249.0,1.0,240,2013,18.62,6.01,10.9,2714.1,13.750744762344816,25.17,27.94
2013-05-14,8422,127501,31642754,249.0,249.0,247.0,249.0,0.0,126,2013,18.62,5.71,10.9,2714.1,13.750744762344816,25.17,27.94
2013-05-15,8422,300932,74888160,249.0,251.0,246.5,251.0,2.0,277,2013,20.46,5.75,10.9,2735.9,13.861192511439954,25.17,27.94
2013-05-16,8422,156625,38916686,247.0,250.0,247.0,247.5,-3.5,164,2013,20.17,5.67,10.9,2697.75,13.667908950523461,25.17,27.94
2013-05-17,8422,257152,63708804,250.0,250.0,246.0,249.5,2.0,238,2013,20.33,5.72,10.9,2719.55,13.7783566996186,25.17,27.94
2013-05-20,8422,491355,125085510,246.5,259.0,246.5,258.0,8.5,414,2013,21.03,5.91,10.9,2812.2000000000003,14.247759633272944,25.17,27.94
2013-05-21,8422,393597,98843347,258.5,258.5,247.0,248.0,-10.0,343,2013,20.21,5.68,10.9,2703.2000000000003,13.695520887797247,25.17,27.94
2013-05-22,8422,531455,128278110,248.0,249.5,237.5,240.0,-8.0,424,2013,19.56,5.5,10.9,2616.0,13.25372989141669,25.17,27.94
2013-05-23,8422,341300,82148950,240.0,244.5,237.0,243.0,3.0,278,2013,19.8,5.57,10.9,2648.7000000000003,13.4194015150594,25.17,27.94
2013-05-24,8422,289412,69048848,238.0,243.0,237.0,237.5,-5.5,221,2013,19.36,5.44,10.9,2588.75,13.115670205047767,25.17,27.94
2013-05-27,8422,201690,47701530,237.5,239.5,235.5,236.0,-1.5,184,2013,19.23,5.41,10.9,2572.4,13.032834393226413,25.17,27.94
2013-05-28,8422,432660,103664420,249.0,249.0,237.0,238.5,2.5,370,2013,19.44,5.47,10.9,2599.65,13.170894079595335,25.17,27.94
2013-05-29,8422,345152,82010284,240.0,241.5,235.0,240.0,1.5,295,2013,19.56,5.5,10.9,2616.0,13.25372989141669,25.17,27.94
2013-05-30,8422,254145,60304226,240.0,240.0,236.5,237.0,-3.0,208,2013,19.32,5.43,10.9,2583.3,13.088058267773981,25.17,27.94
2013-05-31,8422,505250,121619500,239.0,243.0,238.5,239.5,2.5,408,2013,19.52,5.49,10.9,2610.55,13.226117954142905,25.17,27.94
2013-06-03,8422,475301,113111643,237.5,242.0,235.5,240.5,1.0,326,2013,19.6,5.51,10.9,2621.4500000000003,12.931140793532878,25.17,27.94
2013-06-04,8422,197020,46669300,239.0,240.5,235.0,237.5,-3.0,170,2013,19.36,5.44,10.9,2588.75,12.769837581971135,25.17,27.94
2013-06-05,8422,190407,45403180,238.0,240.0,237.0,239.5,2.0,174,2013,19.52,5.49,10.9,2610.55,12.877373056345629,25.17,27.94
2013-06-06,8422,140070,33293300,241.0,241.0,237.0,237.0,-2.5,118,2013,19.32,5.43,10.9,2583.3,12.742953713377512,25.17,27.94
2013-06-07,8422,281300,66319700,237.0,238.5,234.0,235.5,-1.5,253,2013,19.19,5.4,10.9,2566.9500000000003,12.662302107596643,25.17,27.94
2013-06-10,8422,341002,80425478,239.0,239.0,234.0,234.0,-1.5,218,2013,19.07,5.36,10.9,2550.6,12.581650501815771,25.17,27.94
2013-06-11,8422,769221,171755620,234.0,235.0,218.0,218.5,-15.5,547,2013,17.81,5.01,10.9,2381.65,11.748250575413444,25.17,27.94
2013-06-13,8422,435176,94907248,218.0,222.0,216.0,216.0,-2.5,393,2013,17.6,4.95,10.9,2354.4,11.613831232445326,25.17,27.94
2013-06-14,8422,320202,69209940,218.0,221.0,213.0,218.0,2.0,242,2013,17.77,5.0,10.9,2376.2000000000003,11.721366706819822,25.17,27.94
2013-06-17,8422,198277,43775409,222.0,224.0,218.0,224.0,6.0,159,2013,18.26,5.13,10.9,2441.6,12.043973129943302,25.17,27.94
2013-06-18,8422,120100,26698300,220.0,224.0,220.0,222.0,-2.0,112,2013,18.09,5.09,10.9,2419.8,11.936437655568808,25.17,27.94
2013-06-19,8422,203200,45379300,223.0,226.0,222.0,222.0,0.0,196,2013,18.09,5.09,10.9,2419.8,11.936437655568808,25.17,27.94
2013-06-20,8422,331310,73687990,222.0,224.0,220.0,224.0,2.0,279,2013,18.26,5.13,10.9,2441.6,12.043973129943302,25.17,27.94
2013-06-21,8422,658500,142642000,220.0,221.5,214.0,215.0,-9.0,425,2013,17.52,4.93,10.9,2343.5,11.56006349525808,25.17,27.94
2013-06-24,8422,114050,24896500,214.0,221.0,214.0,219.0,4.0,104,2013,17.85,5.02,10.9,2387.1,11.775134444007067,25.17,27.94
2013-06-25,8422,286910,62023103,218.0,218.0,214.0,216.0,-3.0,237,2013,17.6,4.95,10.9,2354.4,11.613831232445326,25.17,27.94
2013-06-26,8422,302016,67847639,223.5,229.0,219.0,229.0,13.0,293,2013,18.66,5.25,10.9,2496.1,12.312811815879536,25.17,27.94
2013-06-27,8422,306000,68854500,226.0,228.0,223.0,225.0,-4.0,276,2013,18.34,5.16,10.9,2452.5,12.097740867130549,25.17,27.94
2013-06-28,8422,195096,44486935,229.0,229.5,226.0,229.0,4.0,196,2013,18.66,5.25,10.9,2496.1,12.312811815879536,25.17,27.94
2013-07-01,8422,201036,46131852,230.0,231.0,228.5,229.5,0.5,147,2013,18.7,5.26,10.9,2501.55,12.33969568447316,25.17,27.94
2013-07-02,8422,406315,95256525,234.0,237.0,231.5,236.5,7.0,336,2013,19.27,5.42,10.9,2577.85,12.844320566657832,25.17,27.94
2013-07-03,8422,304850,71832025,239.5,239.5,234.0,235.0,-1.5,247,2013,19.15,5.38,10.9,2561.5,12.762855531351333,25.17,27.94
2013-07-04,8422,211193,48971083,236.5,236.5,225.5,229.5,-5.5,176,2013,18.7,5.26,10.9,2501.55,12.464150401894175,25.17,27.94
2013-07-05,8422,336037,77198121,231.0,232.0,227.0,230.0,0.5,231,2013,18.74,5.27,10.9,2507.0,12.491305413663007,25.17,27.94
2013-07-08,8422,335100,73641700,218.0,222.0,218.0,220.0,0.0,276,2013,17.93,5.04,10.9,2398.0,11.948205178286354,25.17,27.94
2013-07-09,8422,543584,116687184,219.0,221.0,210.0,211.0,-9.0,414,2013,17.2,4.84,10.9,2299.9,11.459414966447367,25.17,27.94
2013-07-10,8422,558493,121376241,213.0,220.0,212.0,217.0,6.0,459,2013,17.69,4.97,10.9,2365.3,11.785275107673359,25.17,27.94
2013-07-11,8422,303275,66078037,218.0,220.0,216.5,218.0,1.0,265,2013,17.77,5.0,10.9,2376.2000000000003,11.839585131211026,25.17,27.94
2013-07-12,8422,705000,157451500,218.5,226.5,218.0,226.5,8.5,525,2013,18.46,5.19,10.9,2468.85,12.30122033128118,25.17,27.94
2013-07-15,8422,404253,91353678,227.0,228.0,225.0,225.5,-1.0,325,2013,18.38,5.17,10.9,2457.9500000000003,12.246910307743516,25.17,27.94
2013-07-16,8422,210260,47217500,228.0,228.0,223.0,224.0,-1.5,191,2013,18.26,5.13,10.9,2441.6,12.165445272437015,25.17,27.94
2013-07-17,8422,181050,40313200,224.0,226.0,220.5,222.0,-2.0,159,2013,18.09,5.09,10.9,2419.8,12.056825225361685,25.17,27.94
2013-07-18,8422,133397,29709134,225.0,225.0,221.0,223.0,1.0,131,2013,18.17,5.11,10.9,2430.7000000000003,12.111135248899352,25.17,27.94
2013-07-19,8422,547365,118543887,223.0,223.0,212.0,215.0,-8.0,448,2013,17.52,4.93,10.9,2343.5,11.676655060598028,25.17,27.94
2013-07-22,8422,333124,72847094,215.0,220.0,215.0,218.5,3.5,295,2013,17.81,5.01,10.9,2381.65,11.866740142979856,25.17,27.94
2013-07-23,8422,567800,122923300,215.0,220.5,214.5,217.0,-1.5,490,2013,17.69,4.97,10.9,2365.3,11.785275107673359,25.17,27.94
2013-07-24,8422,327708,70760428,217.0,219.0,214.0,216.0,-1.0,257,2013,17.6,4.95,10.9,2354.4,11.730965084135693,25.17,27.94
2013-07-25,8422,391060,82974809,216.5,218.5,210.0,211.5,-4.5,297,2013,17.24,4.85,10.9,2305.35,11.486569978216199,25.17,27.94
2013-07-26,8422,344055,71016605,211.5,212.5,203.5,205.0,-6.5,268,2013,16.71,4.7,10.9,2234.5,11.133554825221376,25.17,27.94
2013-07-29,8422,237753,48237612,205.0,208.0,201.5,201.5,-3.5,196,2013,16.42,4.62,10.9,2196.35,10.943469742839547,25.17,27.94
2013-07-30,8422,283080,57472820,200.0,205.0,200.0,202.0,0.5,245,2013,16.46,4.63,10.9,2201.8,10.97062475460838,25.17,27.94
2013-07-31,8422,256712,51283112,202.0,203.5,197.5,198.0,-4.0,225,2013,16.14,4.54,10.9,2158.2000000000003,10.753384660457721,25.17,27.94
2013-08-01,8422,572754,110714522,198.0,198.5,189.5,191.0,-7.0,470,2013,15.57,4.38,10.9,2081.9,10.373214495694063,25.17,27.94
2013-08-02,8422,811951,153984016,191.0,191.0,188.0,190.0,-1.0,570,2013,15.48,4.35,10.9,2071.0,10.192189957617027,25.17,27.94
2013-08-05,8422,624971,117652048,190.0,191.0,185.0,185.0,-5.0,566,2013,15.08,4.24,10.9,2016.5,9.923974432416578,25.17,27.94
2013-08-06,8422,837543,158984385,185.0,195.0,184.5,194.0,9.0,782,2013,15.81,4.45,10.9,2114.6,10.406762377777383,25.17,27.94
2013-08-07,8422,401403,76524473,194.0,194.0,189.0,189.0,-5.0,294,2013,15.4,4.33,10.9,2060.1,10.138546852576937,25.17,27.94
2013-08-08,8422,468355,88982981,189.0,193.0,189.0,189.0,0.0,373,2013,15.4,4.33,10.9,2060.1,10.138546852576937,25.17,27.94
2013-08-09,8422,416278,78184986,189.5,191.5,186.5,186.5,-2.5,368,2013,15.2,4.27,10.9,2032.85,10.004439089976712,25.17,27.94
2013-08-12,8422,172217,32223513,186.5,189.0,186.0,186.5,0.0,155,2013,15.2,4.27,10.9,2032.85,10.004439089976712,25.17,27.94
2013-08-13,8422,162852,30517380,187.0,188.5,186.5,187.0,0.5,155,2013,15.24,5.49,10.9,2038.3,10.031260642496758,25.17,27.94
2013-08-14,8422,400576,74938076,187.0,187.5,186.0,186.0,-1.0,330,2013,17.06,5.46,10.9,2027.4,9.977617537456668,25.17,27.94
2013-08-15,8422,172100,31915800,185.0,187.0,185.0,185.5,-0.5,156,2013,17.02,5.45,10.9,2021.95,9.950795984936622,25.17,27.94
2013-08-16,8422,331205,62352847,185.0,191.0,185.0,187.0,1.5,286,2013,17.16,5.49,10.9,2038.3,10.031260642496758,25.17,27.94
2013-08-19,8422,198353,37056364,187.0,188.0,186.0,186.0,-1.0,194,2013,17.06,5.46,10.9,2027.4,9.977617537456668,25.17,27.94
2013-08-20,8422,407469,76218703,187.5,189.5,185.0,186.0,0.0,357,2013,17.06,5.46,10.9,2027.4,9.977617537456668,25.17,27.94
2013-08-22,8422,940226,168534680,185.0,185.0,177.0,177.0,-9.0,798,2013,16.24,5.2,10.9,1929.3,9.494829592095861,25.17,27.94
2013-08-23,8422,1001625,172979875,177.5,178.5,170.0,172.0,-5.0,837,2013,15.78,5.05,10.9,1874.8,9.226614066895413,25.17,27.94
2013-08-26,8422,534365,92909740,172.0,175.0,172.0,174.0,2.0,418,2013,15.96,5.11,10.9,1896.6,9.333900276975593,25.17,27.94
2013-08-27,8422,371142,64077424,174.0,175.0,170.0,170.0,-4.0,306,2013,15.6,4.99,10.9,1853.0,9.119327856815234,25.17,27.94
2013-08-28,8422,1237130,202899430,169.0,169.0,160.0,160.0,-10.0,1073,2013,14.68,4.7,10.9,1744.0,8.582896806414338,25.17,27.94
2013-08-29,8422,1176068,189187948,161.0,163.0,158.5,159.0,-1.0,852,2013,14.59,4.67,10.9,1733.1,8.529253701374248,25.17,27.94
2013-08-30,8422,1649558,269244520,160.0,167.5,157.0,165.0,6.0,1174,2013,15.14,4.84,10.9,1798.5,8.851112331614786,25.17,27.94
2013-09-02,8422,606563,100093299,165.0,166.5,163.5,165.5,0.5,518,2013,15.18,4.86,10.9,1803.95,8.623982506789662,25.17,27.94
2013-09-03,8422,824023,140384525,168.0,173.5,165.5,173.5,8.0,724,2013,15.92,5.09,10.9,1891.15,9.040851751830854,25.17,27.94
2013-09-04,8422,434341,75196502,174.5,175.0,171.5,173.0,-0.5,395,2013,15.87,5.08,10.9,1885.7,9.01479742401578,25.17,27.94
2013-09-05,8422,344300,59352900,173.0,175.0,170.5,172.0,-1.0,287,2013,15.78,5.05,10.9,1874.8,8.96268876838563,25.17,27.94
2013-09-06,8422,137531,23689094,172.0,174.0,171.0,172.0,0.0,141,2013,15.78,5.05,10.9,1874.8,8.96268876838563,25.17,27.94
2013-09-09,8422,186304,31937180,173.0,174.0,170.0,171.5,-0.5,185,2013,15.73,5.04,10.9,1869.35,8.936634440570556,25.17,27.94
2013-09-10,8422,684338,119529657,173.0,176.5,172.0,175.0,3.5,599,2013,16.06,5.14,10.9,1907.5,9.119014735276078,25.17,27.94
2013-09-11,8422,929800,165094200,175.5,182.0,175.0,175.0,0.0,753,2013,16.06,5.14,10.9,1907.5,9.119014735276078,25.17,27.94
2013-09-12,8422,196510,33975493,175.0,176.0,172.0,172.5,-2.5,189,2013,15.83,5.06,10.9,1880.25,8.988743096200706,25.17,27.94
2013-09-13,8422,173281,29529408,172.0,172.0,169.0,169.0,-3.5,161,2013,15.5,4.96,10.9,1842.1,8.806362801495183,25.17,27.94
2013-09-14,8422,146251,24881796,169.0,171.5,168.5,171.5,2.5,124,2013,15.73,5.04,10.9,1869.35,8.936634440570556,25.17,27.94
2013-09-16,8422,352390,61360470,175.0,175.0,172.0,173.0,1.5,309,2013,15.87,5.08,10.9,1885.7,9.01479742401578,25.17,27.94
2013-09-17,8422,456128,78093760,175.0,175.0,167.0,168.0,-5.0,438,2013,15.41,4.93,10.9,1831.2,8.754254145865035,25.17,27.94
2013-09-18,8422,779375,133747750,170.0,174.0,169.0,169.5,1.5,631,2013,15.55,4.98,10.9,1847.55,8.832417129310258,25.17,27.94
2013-09-23,8422,569168,100004404,174.0,178.0,172.0,177.5,8.0,531,2013,16.28,5.21,10.9,1934.75,9.24928637435145,25.17,27.94
2013-09-24,8422,578430,102229400,178.0,178.5,175.0,178.5,1.0,450,2013,16.38,5.24,10.9,1945.65,9.301395029981599,25.17,27.94
2013-09-25,8422,756250,134646955,177.0,179.0,177.0,178.0,-0.5,371,2013,16.33,5.23,10.9,1940.2,9.275340702166526,25.17,27.94
2013-09-26,8422,813429,140504075,177.0,177.5,170.5,172.0,-6.0,655,2013,15.78,5.05,10.9,1874.8,8.96268876838563,25.17,27.94
2013-09-27,8422,230901,39653972,172.0,173.0,170.5,172.0,0.0,215,2013,15.78,5.05,10.9,1874.8,8.96268876838563,25.17,27.94
2013-09-30,8422,183324,31493728,172.0,173.5,170.5,172.0,0.0,158,2013,15.78,5.05,10.9,1874.8,8.96268876838563,25.17,27.94
2013-10-01,8422,241646,41557904,171.5,173.0,171.0,171.5,-0.5,214,2013,15.73,5.04,10.9,1869.35,8.936634440570556,25.17,27.94
2013-10-02,8422,630113,106871710,171.5,171.5,168.0,170.0,-1.5,537,2013,15.6,4.99,10.9,1853.0,8.606563468412565,25.17,27.94
2013-10-03,8422,650002,109484338,170.0,170.0,167.0,168.0,-2.0,585,2013,15.41,4.93,10.9,1831.2,8.505309780548888,25.17,27.94
2013-10-04,8422,667082,112192276,168.0,170.0,167.0,167.0,-1.0,502,2013,15.32,4.9,10.9,1820.3,8.454682936617049,25.17,27.94
2013-10-07,8422,479703,81967416,167.5,173.0,167.5,172.0,5.0,397,2013,15.78,5.05,10.9,1874.8,8.707817156276242,25.17,27.94
2013-10-08,8422,1141282,201736196,173.5,180.0,172.5,178.0,6.0,917,2013,16.33,5.23,10.9,1940.2,9.011578219867275,25.17,27.94
2013-10-09,8422,1089885,196798800,178.0,183.0,178.0,178.5,0.5,786,2013,16.38,5.24,10.9,1945.65,9.036891641833193,25.17,27.94
2013-10-11,8422,759532,136871260,181.0,181.5,179.0,180.0,1.5,448,2013,16.51,5.28,10.9,1962.0,9.112831907730952,25.17,27.94
2013-10-14,8422,585505,105269425,180.0,181.5,177.0,181.0,1.0,403,2013,16.61,5.31,10.9,1972.9,9.16345875166279,25.17,27.94
2013-10-15,8422,462390,84898760,183.0,185.0,182.5,183.0,2.0,370,2013,16.79,5.37,10.9,1994.7,9.264712439526468,25.17,27.94
2013-10-16,8422,395285,72776510,184.0,185.0,183.0,184.0,1.0,315,2013,16.88,5.4,10.9,2005.6,9.315339283458306,25.17,27.94
2013-10-17,8422,785841,148039290,184.0,192.0,184.0,188.5,4.5,576,2013,17.29,5.53,10.9,2054.65,9.54316008115158,25.17,27.94
2013-10-18,8422,255879,48143752,191.0,191.0,187.0,188.0,-0.5,225,2013,17.25,5.52,10.9,2049.2000000000003,9.517846659185661,25.17,27.94
2013-10-21,8422,184477,34586956,188.0,190.0,186.0,187.5,-0.5,180,2013,17.2,5.5,10.9,2043.75,9.49253323721974,25.17,27.94
2013-10-22,8422,162330,30212050,187.5,187.5,185.0,186.0,-1.5,134,2013,17.06,5.46,10.9,2027.4,9.416592971321982,25.17,27.94
2013-10-23,8422,235581,43504404,186.0,186.0,183.5,185.0,-1.0,193,2013,16.97,5.43,10.9,2016.5,9.365966127390145,25.17,27.94
2013-10-24,8422,435611,81399979,185.5,189.5,184.5,189.5,4.5,344,2013,17.39,5.56,10.9,2065.55,9.593786925083418,25.17,27.94
2013-10-25,8422,930085,179956990,190.5,196.0,190.5,195.0,5.5,714,2013,17.89,5.73,10.9,2125.5,9.872234566708531,25.17,27.94
2013-10-28,8422,399128,77445332,195.0,196.0,192.5,193.0,-2.0,313,2013,17.71,5.67,10.9,2103.7000000000003,9.770980878844854,25.17,27.94
2013-10-29,8422,280236,53918429,191.0,193.5,191.0,193.0,0.0,246,2013,17.71,5.67,10.9,2103.7000000000003,9.770980878844854,25.17,27.94
2013-10-30,8422,361488,68694232,193.0,194.0,188.0,188.5,-4.5,284,2013,17.29,5.53,10.9,2054.65,9.54316008115158,25.17,27.94
2013-10-31,8422,663964,122828876,188.0,188.0,183.5,184.0,-4.5,479,2013,16.88,5.4,10.9,2005.6,9.315339283458306,25.17,27.94
2013-11-01,8422,328100,60285300,185.0,186.0,182.0,183.0,-1.0,244,2013,16.79,5.37,10.9,1994.7,9.264712439526468,25.17,27.94
2013-11-04,8422,298665,54372365,183.0,183.0,181.5,182.0,-1.0,194,2013,16.7,5.34,10.9,1983.8,9.001479222818146,25.17,27.94
2013-11-05,8422,434433,78867440,182.0,185.0,180.0,180.0,-2.0,293,2013,16.51,5.28,10.9,1962.0,8.902561868721243,25.17,27.94
2013-11-06,8422,651740,120535380,180.0,187.5,180.0,187.5,7.5,550,2013,17.2,5.5,10.9,2043.75,9.273501946584629,25.17,27.94
2013-11-07,8422,649228,122045592,186.0,189.5,186.0,189.0,1.5,478,2013,17.34,5.55,10.9,2060.1,9.347689962157306,25.17,27.94
2013-11-08,8422,758831,143442566,192.0,192.0,185.0,186.0,-3.0,614,2013,17.06,4.93,10.9,2027.4,9.199313931011952,25.17,27.94
2013-11-11,8422,323593,59305720,185.0,187.5,181.0,182.5,-3.5,280,2013,16.22,4.84,10.9,1989.25,9.026208561342372,25.17,27.94
2013-11-12,8422,187238,34168316,183.0,185.0,181.5,182.0,-0.5,171,2013,16.18,4.83,10.9,1983.8,9.001479222818146,25.17,27.94
2013-11-13,8422,231375,41735375,182.0,182.0,179.0,179.5,-2.5,194,2013,15.96,4.76,10.9,1956.55,8.877832530197018,25.17,27.94
2013-11-14,8422,462145,83066325,180.0,181.5,178.5,179.0,-0.5,409,2013,15.91,4.75,10.9,1951.1,8.853103191672792,25.17,27.94
2013-11-15,8422,311216,56674244,180.0,184.0,179.0,181.5,2.5,236,2013,16.13,4.82,10.9,1978.35,8.976749884293922,25.17,27.94
2013-11-18,8422,361090,64785790,180.5,183.0,178.5,178.5,-3.0,253,2013,15.87,4.74,10.9,1945.65,8.828373853148566,25.17,27.94
2013-11-19,8422,297300,53479300,180.0,181.0,179.0,179.5,1.0,272,2013,15.96,4.76,10.9,1956.55,8.877832530197018,25.17,27.94
2013-11-20,8422,377340,68597560,180.0,183.0,180.0,182.5,3.0,214,2013,16.22,4.84,10.9,1989.25,9.026208561342372,25.17,27.94
2013-11-21,8422,118379,21578478,183.0,184.0,182.0,182.5,0.0,102,2013,16.22,4.84,10.9,1989.25,9.026208561342372,25.17,27.94
2013-11-22,8422,215229,38875220,182.5,182.5,180.0,180.5,-2.0,196,2013,16.04,4.79,10.9,1967.45,8.927291207245469,25.17,27.94
2013-11-25,8422,371488,67504316,182.0,183.0,180.0,183.0,2.5,325,2013,16.27,4.86,10.9,1994.7,9.050937899866598,25.17,27.94
2013-11-26,8422,96146,17517718,183.0,183.0,181.5,182.0,-1.0,88,2013,16.18,4.83,10.9,1983.8,9.001479222818146,25.17,27.94
2013-11-27,8422,132056,24014719,183.0,183.0,181.5,181.5,-0.5,114,2013,16.13,4.82,10.9,1978.35,8.976749884293922,25.17,27.94
2013-11-28,8422,224776,40811343,182.0,183.0,180.0,181.0,-0.5,189,2013,16.09,4.8,10.9,1972.9,8.952020545769695,25.17,27.94
2013-11-29,8422,264370,47983710,182.0,182.5,180.5,182.0,1.0,234,2013,16.18,4.83,10.9,1983.8,9.001479222818146,25.17,27.94
2013-12-02,8422,129211,23545613,183.0,183.0,181.5,182.5,0.5,128,2013,16.22,4.84,10.9,1989.25,8.849827207596459,25.17,27.94
2013-12-03,8422,676049,126164810,183.5,190.5,182.0,189.0,6.5,585,2013,16.8,5.01,10.9,2060.1,9.165026532798525,25.17,27.94
2013-12-04,8422,522385,96956265,190.0,190.0,183.5,184.0,-5.0,456,2013,16.36,4.88,10.9,2005.6,8.922565513412321,25.17,27.94
2013-12-05,8422,221670,40761780,184.5,184.5,183.0,184.0,0.0,203,2013,16.36,4.88,10.9,2005.6,8.922565513412321,25.17,27.94
2013-12-06,8422,431554,80907652,184.5,189.0,184.5,188.5,4.5,366,2013,16.76,5.0,10.9,2054.65,9.140780430859905,25.17,27.94
2013-12-09,8422,616310,115283160,190.5,191.0,185.0,187.5,-1.0,466,2013,16.67,4.97,10.9,2043.75,9.092288226982664,25.17,27.94
2013-12-10,8422,212566,39411858,188.0,188.5,184.0,184.5,-3.0,196,2013,16.4,4.9,10.9,2011.05,8.946811615350942,25.17,27.94
2013-12-11,8422,216232,39767267,184.5,186.5,182.5,184.5,0.0,175,2013,16.4,4.9,10.9,2011.05,8.946811615350942,25.17,27.94
2013-12-12,8422,178090,32914330,184.5,186.5,183.0,184.5,0.0,157,2013,16.4,4.9,10.9,2011.05,8.946811615350942,25.17,27.94
2013-12-13,8422,115190,21260933,184.5,185.5,183.5,185.0,0.5,112,2013,16.44,4.91,10.9,2016.5,8.971057717289561,25.17,27.94
2013-12-16,8422,495862,94051694,187.5,192.0,186.5,187.0,2.0,424,2013,16.62,4.96,10.9,2038.3,9.068042125044043,25.17,27.94
2013-12-17,8422,363942,68411538,188.0,189.0,186.5,189.0,2.0,291,2013,16.8,5.01,10.9,2060.1,9.165026532798525,25.17,27.94
2013-12-18,8422,707222,135064790,190.5,192.5,189.0,190.5,1.5,524,2013,16.93,5.05,10.9,2076.4500000000003,9.237764838614389,25.17,27.94
2013-12-19,8422,1140048,223975504,192.5,199.5,192.0,197.0,6.5,926,2013,17.51,5.23,10.9,2147.3,9.552964163816451,25.17,27.94
2013-12-20,8422,2067051,411955047,197.5,202.0,195.0,195.0,-2.0,1402,2013,17.33,5.17,10.9,2125.5,9.45597975606197,25.17,27.94
2013-12-23,8422,754867,146572698,195.0,197.5,191.5,193.5,-1.5,563,2013,17.2,5.13,10.9,2109.15,9.383241450246109,25.17,27.94
2013-12-24,8422,442259,85648746,193.5,195.5,192.0,192.0,-1.5,332,2013,17.07,5.09,10.9,2092.8,9.310503144430248,25.17,27.94
2013-12-25,8422,375206,72229052,193.0,195.0,191.5,192.0,0.0,333,2013,17.07,5.09,10.9,2092.8,9.310503144430248,25.17,27.94
2013-12-26,8422,254276,48793268,193.0,193.0,191.0,191.5,-0.5,232,2013,17.02,5.08,10.9,2087.35,9.286257042491627,25.17,27.94
2013-12-27,8422,280520,54008460,191.5,193.5,191.5,192.5,1.0,237,2013,17.11,5.11,10.9,2098.25,9.334749246368869,25.17,27.94
2013-12-30,8422,283178,54714120,194.0,194.5,192.5,193.0,0.5,209,2013,17.16,5.12,10.9,2103.7000000000003,9.35899534830749,25.17,27.94
2013-12-31,8422,264291,51163388,193.5,194.5,192.5,194.5,1.5,215,2013,17.29,5.16,10.9,2120.05,9.43173365412335,25.17,27.94
2014-01-02,8422,340318,66207667,196.0,196.0,193.5,193.5,-1.0,273,2014,17.2,5.13,10.9,2109.15,9.001697781275581,20.04,22.72
2014-01-03,8422,415451,81428474,193.5,198.5,193.5,196.5,3.0,353,2014,17.47,5.21,10.9,2141.85,9.14125898718683,20.04,22.72
2014-01-06,8422,335332,65182072,198.0,198.5,191.5,192.5,-4.0,278,2014,17.11,5.11,10.9,2098.25,8.955177379305164,20.04,22.72
2014-01-07,8422,194227,37484765,193.5,194.5,192.0,192.0,-0.5,165,2014,17.07,5.09,10.9,2092.8,8.931917178319956,20.04,22.72
2014-01-08,8422,265827,51179696,193.5,193.5,192.0,192.0,0.0,228,2014,17.07,5.09,10.9,2092.8,8.931917178319956,20.04,22.72
2014-01-09,8422,299287,57228458,192.5,193.0,190.0,190.0,-2.0,233,2014,16.89,5.04,10.9,2071.0,8.838876374379124,20.04,22.72
2014-01-10,8422,158177,30235484,191.0,192.0,190.0,191.0,1.0,141,2014,16.98,5.07,10.9,2081.9,8.88539677634954,20.04,22.72
2014-01-13,8422,121127,23261384,193.0,193.0,191.5,192.0,1.0,100,2014,17.07,5.09,10.9,2092.8,8.931917178319956,20.04,22.72
2014-01-14,8422,174184,33223328,192.0,193.0,189.0,190.0,-2.0,157,2014,16.89,5.04,10.9,2071.0,8.838876374379124,20.04,22.72
2014-01-15,8422,192886,36727393,193.0,193.0,189.5,189.5,-0.5,166,2014,16.84,5.03,10.9,2065.55,8.815616173393915,20.04,22.72
2014-01-16,8422,415685,77928910,189.5,189.5,186.0,186.0,-3.5,363,2014,16.53,4.93,10.9,2027.4,8.652794766497458,20.04,22.72
2014-01-17,8422,346431,63907235,186.0,187.0,182.0,184.5,-1.5,275,2014,16.4,4.9,10.9,2011.05,8.583014163541833,20.04,22.72
2014-01-20,8422,136321,25236527,186.5,186.5,184.5,185.0,0.5,126,2014,16.44,4.91,10.9,2016.5,8.60627436452704,20.04,22.72
2014-01-21,8422,148154,27565414,185.0,187.0,185.0,187.0,2.0,138,2014,16.62,4.96,10.9,2038.3,8.699315168467875,20.04,22.72
2014-01-22,8422,110976,20789012,187.0,188.0,186.0,188.0,1.0,121,2014,16.71,4.99,10.9,2049.2000000000003,8.745835570438292,20.04,22.72
2014-01-23,8422,251156,47355172,189.0,190.0,186.5,186.5,-1.5,221,2014,16.58,4.95,10.9,2032.85,8.676054967482665,20.04,22.72
2014-01-24,8422,81182,15133442,186.5,187.5,185.5,186.0,-0.5,74,2014,16.53,4.93,10.9,2027.4,8.652794766497458,20.04,22.72
2014-01-27,8422,219105,40491370,185.0,186.5,184.0,185.0,-1.0,202,2014,16.44,4.91,10.9,2016.5,8.60627436452704,20.04,22.72
2014-02-05,8422,283940,52012608,182.5,185.0,182.5,183.0,-2.0,276,2014,16.27,4.86,10.9,1994.7,8.496248736019545,20.04,22.72
2014-02-06,8422,135894,24907042,183.0,184.5,182.0,183.0,0.0,122,2014,16.27,4.86,10.9,1994.7,8.496248736019545,20.04,22.72
2014-02-07,8422,201420,36940700,183.0,184.5,183.0,183.0,0.0,189,2014,16.27,4.86,10.9,1994.7,8.496248736019545,20.04,22.72
2014-02-10,8422,98621,18120385,184.5,184.5,183.0,183.0,0.0,93,2014,16.27,4.86,10.9,1994.7,8.496248736019545,20.04,22.72
2014-02-11,8422,152520,27930439,183.0,184.5,182.5,183.5,0.5,130,2014,16.31,4.87,10.9,2000.15,8.519462530380254,20.04,22.72
2014-02-12,8422,244451,44903708,183.5,185.0,183.0,184.0,0.5,227,2014,16.36,4.88,10.9,2005.6,8.542676324740963,20.04,22.72
2014-02-13,8422,139849,25744291,183.5,185.0,183.5,184.0,0.0,146,2014,16.36,4.88,10.9,2005.6,8.542676324740963,20.04,22.72
2014-02-14,8422,157387,29078288,185.0,185.5,184.0,185.0,1.0,140,2014,16.44,4.91,10.9,2016.5,8.589103913462383,20.04,22.72
2014-02-17,8422,604625,114926625,185.0,192.0,184.5,192.0,7.0,510,2014,17.07,5.09,10.9,2092.8,8.91409703451231,20.04,22.72
2014-02-18,8422,230053,43948593,193.0,193.0,189.5,190.5,-1.5,213,2014,16.93,5.05,10.9,2076.4500000000003,8.844455651430184,20.04,22.72
2014-02-19,8422,158535,30141115,190.0,191.0,189.0,189.0,-1.5,155,2014,16.8,5.01,10.9,2060.1,8.774814268348056,20.04,22.72
2014-02-20,8422,136324,25804236,189.0,190.0,188.5,189.0,0.0,123,2014,16.8,5.01,10.9,2060.1,8.774814268348056,20.04,22.72
2014-02-21,8422,200406,38184140,189.5,191.0,189.5,190.0,1.0,190,2014,16.89,5.04,10.9,2071.0,8.821241857069474,20.04,22.72
2014-02-24,8422,198145,37493260,190.0,192.0,187.5,188.0,-2.0,171,2014,16.71,4.99,10.9,2049.2000000000003,8.728386679626638,20.04,22.72
2014-02-25,8422,177125,33373750,189.0,189.5,187.5,189.0,1.0,155,2014,16.8,5.01,10.9,2060.1,8.774814268348056,20.04,22.72
2014-02-26,8422,301265,56070085,188.0,188.0,185.5,186.0,-3.0,266,2014,16.53,4.93,10.9,2027.4,8.6355315021838,20.04,22.72
2014-02-27,8422,239121,44885111,186.0,189.0,186.0,189.0,3.0,187,2014,16.8,5.01,10.9,2060.1,8.774814268348056,20.04,22.72
2014-03-03,8422,224369,42620217,189.0,192.0,186.5,191.5,2.5,204,2014,17.02,5.08,10.9,2087.35,8.868200363080653,20.04,22.72
2014-03-04,8422,352200,67398400,192.0,193.0,190.0,190.5,-1.0,323,2014,16.93,5.05,10.9,2076.4500000000003,8.821891222803472,20.04,22.72
2014-03-05,8422,943160,183758700,192.0,198.0,191.5,196.0,5.5,718,2014,17.42,5.2,10.9,2136.4,9.07659149432798,20.04,22.72
2014-03-06,8422,398600,77615500,197.0,197.0,193.5,194.5,-1.5,329,2014,17.29,5.16,10.9,2120.05,9.007127783912205,20.04,22.72
2014-03-07,8422,479600,92129100,194.5,194.5,190.0,190.0,-4.5,416,2014,16.89,5.04,10.9,2071.0,8.798736652664878,20.04,22.72
2014-03-10,8422,538941,104660554,191.5,197.5,190.5,194.0,4.0,436,2014,17.24,5.15,10.9,2114.6,8.983973213773613,20.04,22.72
2014-03-11,8422,319251,61673441,194.0,195.0,192.0,192.5,-1.5,262,2014,17.11,5.11,10.9,2098.25,8.914509503357838,20.04,22.72
2014-03-12,8422,198086,38233141,192.5,194.0,192.0,192.5,0.0,183,2014,17.11,5.11,10.9,2098.25,8.914509503357838,20.04,22.72
2014-03-13,8422,164230,31602273,193.5,194.0,191.5,192.0,-0.5,145,2014,17.07,5.09,10.9,2092.8,8.891354933219246,20.04,22.72
2014-03-14,8422,429541,81284018,190.5,192.5,188.0,188.0,-4.0,385,2014,16.71,4.99,10.9,2049.2000000000003,8.706118372110513,20.04,22.72
2014-03-17,8422,122153,23044570,188.5,190.0,188.0,188.0,0.0,111,2014,16.71,4.99,10.9,2049.2000000000003,8.706118372110513,20.04,22.72
2014-03-18,8422,162260,30628269,189.0,190.0,188.0,188.5,0.5,153,2014,16.76,5.0,10.9,2054.65,8.729272942249104,20.04,22.72
2014-03-19,8422,657800,122339300,190.0,190.0,184.0,185.0,-3.5,605,2014,16.44,4.91,10.9,2016.5,8.567190951278961,20.04,22.72
2014-03-20,8422,228350,42326500,185.0,187.0,184.0,185.0,0.0,188,2014,16.44,4.91,10.9,2016.5,8.567190951278961,20.04,22.72
2014-03-21,8422,680260,125342880,187.0,187.0,183.0,184.5,-0.5,395,2014,16.4,4.53,10.9,2011.05,8.54403638114037,20.04,22.72
2014-03-24,8422,151300,27903100,185.0,186.0,183.0,184.0,-0.5,148,2014,16.06,4.51,10.9,2005.6,8.520881811001777,20.04,22.72
2014-03-25,8422,214484,39537606,185.0,185.0,184.0,184.0,0.0,195,2014,16.06,4.51,10.9,2005.6,8.520881811001777,20.04,22.72
2014-03-26,8422,468388,86865944,185.0,187.5,184.0,186.5,2.5,382,2014,16.27,4.58,10.9,2032.85,8.636654661694736,20.04,22.72
2014-03-27,8422,106478,19862622,187.0,188.0,185.5,186.5,0.0,106,2014,16.27,4.58,10.9,2032.85,8.636654661694736,20.04,22.72
2014-03-28,8422,164365,30424890,187.0,187.0,184.0,184.0,-2.5,147,2014,16.06,4.51,10.9,2005.6,8.520881811001777,20.04,22.72
2014-03-31,8422,119832,22230752,186.0,186.5,184.5,186.0,2.0,109,2014,16.23,4.56,10.9,2027.4,8.613500091556144,20.04,22.72
2014-04-01,8422,189494,35431872,186.0,187.5,186.0,187.0,1.0,180,2014,16.32,4.59,10.9,2038.3,8.659809231833329,20.04,22.72
2014-04-02,8422,218405,40603830,187.5,187.5,185.0,185.0,-2.0,182,2014,16.14,4.54,10.9,2016.5,8.542073684228363,20.04,22.72
2014-04-03,8422,370416,68224167,185.5,186.0,183.5,183.5,-1.5,305,2014,16.01,4.5,10.9,2000.15,8.472813627329213,20.04,22.72
2014-04-07,8422,309550,56953800,183.5,185.0,183.0,184.0,0.5,273,2014,16.06,4.51,10.9,2005.6,8.495900312962263,20.04,22.72
2014-04-08,8422,195100,35981100,184.0,185.5,183.5,184.0,0.0,143,2014,16.06,4.51,10.9,2005.6,8.495900312962263,20.04,22.72
2014-04-09,8422,142223,26301701,184.0,185.5,184.0,185.0,1.0,130,2014,16.14,4.54,10.9,2016.5,8.542073684228363,20.04,22.72
2014-04-10,8422,260192,48145307,185.5,186.0,184.0,185.0,0.0,225,2014,16.14,4.54,10.9,2016.5,8.542073684228363,20.04,22.72
2014-04-11,8422,410855,75455675,183.5,184.5,183.0,183.5,-1.5,234,2014,16.01,4.5,10.9,2000.15,8.472813627329213,20.04,22.72
2014-04-14,8422,318001,57487679,183.0,183.0,179.5,180.0,-3.5,272,2014,15.71,4.42,10.9,1962.0,8.311206827897866,20.04,22.72
2014-04-15,8422,189792,34357436,180.0,182.0,180.0,181.0,1.0,153,2014,15.79,4.44,10.9,1972.9,8.357380199163966,20.04,22.72
2014-04-16,8422,319153,57496999,181.0,181.5,179.5,180.5,-0.5,271,2014,15.75,4.43,10.9,1967.45,8.334293513530916,20.04,22.72
2014-04-17,8422,173234,31341556,181.0,181.5,180.5,181.0,0.5,137,2014,15.79,4.44,10.9,1972.9,8.357380199163966,20.04,22.72
2014-04-18,8422,132446,23954948,181.0,181.0,180.5,180.5,-0.5,109,2014,15.75,4.43,10.9,1967.45,8.334293513530916,20.04,22.72
2014-04-21,8422,164802,29625758,180.0,181.0,179.5,179.5,-1.0,136,2014,15.66,4.4,10.9,1956.55,8.288120142264816,20.04,22.72
2014-04-22,8422,321442,57651560,180.0,180.0,178.0,179.0,-0.5,273,2014,15.62,4.39,10.9,1951.1,8.265033456631768,20.04,22.72
2014-04-23,8422,238897,42629063,179.0,180.0,176.5,177.5,-1.5,212,2014,15.49,4.35,10.9,1934.75,8.195773399732618,20.04,22.72
2014-04-24,8422,525286,92107477,178.0,178.0,174.0,174.0,-3.5,453,2014,15.18,4.27,10.9,1896.6,8.03416660030127,20.04,22.72
2014-04-25,8422,963697,164850460,174.0,176.0,169.5,170.0,-4.0,727,2014,14.83,4.17,10.9,1853.0,7.849473115236874,20.04,22.72
2014-04-28,8422,690324,116454739,170.0,172.5,165.0,168.0,-2.0,542,2014,14.66,4.12,10.9,1831.2,7.7571263727046755,20.04,22.72
2014-04-29,8422,623421,105477199,169.0,170.5,168.0,168.0,0.0,468,2014,14.66,4.12,10.9,1831.2,7.7571263727046755,20.04,22.72
2014-04-30,8422,244404,41753784,168.0,171.5,168.0,171.0,3.0,202,2014,14.92,4.2,10.9,1863.9,7.895646486502973,20.04,22.72
2014-05-02,8422,410513,71597775,172.0,177.5,172.0,173.0,2.0,298,2014,15.1,4.24,10.9,1885.7,7.936093760126863,20.04,22.72
2014-05-05,8422,242392,42041794,173.5,174.0,173.0,173.0,0.0,141,2014,15.1,4.24,10.9,1885.7,7.936093760126863,20.04,22.72
2014-05-06,8422,318967,54537824,172.0,172.5,170.5,171.0,-2.0,239,2014,14.92,4.2,10.9,1863.9,7.844347011454876,20.04,22.72
2014-05-07,8422,189676,32597772,171.0,173.0,170.5,171.5,0.5,158,2014,14.97,4.21,10.9,1869.35,7.867283698622873,20.04,22.72
2014-05-08,8422,133627,23094029,171.5,173.5,171.5,172.5,1.0,137,2014,15.05,3.98,10.9,1880.25,7.9131570729588665,20.04,22.72
2014-05-09,8422,94650,16469100,173.5,174.5,173.5,173.5,1.0,89,2014,14.84,4.01,10.9,1891.15,7.95903044729486,20.04,22.72
2014-05-12,8422,367698,64440848,174.5,176.0,174.5,175.5,2.0,305,2014,15.01,4.05,10.9,1912.95,8.050777195966846,20.04,22.72
2014-05-13,8422,165594,29210746,176.0,177.5,175.5,175.5,0.0,138,2014,15.01,4.05,10.9,1912.95,8.050777195966846,20.04,22.72
2014-05-14,8422,331495,58744100,175.0,178.0,175.0,178.0,2.5,295,2014,15.23,4.11,10.9,1940.2,8.16546063180683,20.04,22.72
2014-05-15,8422,134155,23849667,178.0,179.0,177.0,177.5,-0.5,108,2014,15.18,4.1,10.9,1934.75,8.142523944638834,20.04,22.72
2014-05-16,8422,118338,20925326,177.5,177.5,176.0,177.0,-0.5,113,2014,15.14,4.09,10.9,1929.3,8.119587257470837,20.04,22.72
2014-05-19,8422,121155,21279590,177.0,178.0,174.5,175.5,-1.5,106,2014,15.01,4.05,10.9,1912.95,8.050777195966846,20.04,22.72
2014-05-20,8422,87357,15329689,175.0,176.0,175.0,175.5,0.0,83,2014,15.01,4.05,10.9,1912.95,8.050777195966846,20.04,22.72
2014-05-21,8422,82999,14590322,175.5,176.5,175.0,175.5,0.0,77,2014,15.01,4.05,10.9,1912.95,8.050777195966846,20.04,22.72
2014-05-22,8422,130260,22864520,175.5,177.0,174.5,176.5,1.0,112,2014,15.1,4.07,10.9,1923.85,8.09665057030284,20.04,22.72
2014-05-23,8422,108200,19182600,177.5,178.0,176.5,177.5,1.0,105,2014,15.18,4.1,10.9,1934.75,8.142523944638834,20.04,22.72
2014-05-26,8422,243104,43240063,177.5,178.5,177.0,178.0,0.5,155,2014,15.23,4.11,10.9,1940.2,8.16546063180683,20.04,22.72
2014-05-27,8422,191502,34035356,178.0,178.0,177.0,178.0,0.0,119,2014,15.23,4.11,10.9,1940.2,8.16546063180683,20.04,22.72
2014-05-28,8422,233500,41895000,178.0,180.0,178.0,179.0,1.0,191,2014,15.31,4.13,10.9,1951.1,8.211334006142824,20.04,22.72
2014-05-29,8422,199240,35717700,180.0,180.0,178.5,179.0,0.0,178,2014,15.31,4.13,10.9,1951.1,8.211334006142824,20.04,22.72
2014-05-30,8422,215177,38494183,179.0,180.0,178.0,178.0,-1.0,175,2014,15.23,4.11,10.9,1940.2,8.16546063180683,20.04,22.72
2014-06-03,8422,135146,24219634,179.0,180.0,178.5,178.5,0.5,113,2014,15.27,4.12,10.9,1945.65,8.225945562010097,20.04,22.72
2014-06-04,8422,88240,15796200,179.0,180.0,178.5,179.5,1.0,88,2014,15.36,4.14,10.9,1956.55,8.272029290648808,20.04,22.72
2014-06-05,8422,160415,28793992,179.5,180.0,179.0,179.5,0.0,144,2014,15.36,4.14,10.9,1956.55,8.272029290648808,20.04,22.72
2014-06-06,8422,128057,22894146,179.0,179.5,178.0,178.0,-1.5,111,2014,15.23,4.11,10.9,1940.2,8.20290369769074,20.04,22.72
2014-06-09,8422,364322,63593350,177.5,177.5,173.0,173.5,-4.5,299,2014,14.84,4.01,10.9,1891.15,7.995526918816536,20.04,22.72
2014-06-10,8422,222957,38456036,174.0,174.5,171.5,172.0,-1.5,196,2014,14.71,3.97,10.9,1874.8,7.926401325858468,20.04,22.72
2014-06-11,8422,289100,49893300,172.0,173.5,171.5,172.0,0.0,198,2014,14.71,3.97,10.9,1874.8,7.926401325858468,20.04,22.72
2014-06-12,8422,198617,34358047,174.0,174.0,171.5,173.5,1.5,145,2014,14.84,4.01,10.9,1891.15,7.995526918816536,20.04,22.72
2014-06-13,8422,286252,49239848,173.5,173.5,171.0,171.0,-2.5,200,2014,14.63,3.95,10.9,1863.9,7.880317597219756,20.04,22.72
2014-06-16,8422,249100,42714949,171.0,172.5,170.5,172.0,1.0,194,2014,14.71,3.97,10.9,1874.8,7.926401325858468,20.04,22.72
2014-06-17,8422,151300,26134348,172.0,173.0,172.0,172.5,0.5,125,2014,14.76,3.98,10.9,1880.25,7.949443190177824,20.04,22.72
2014-06-18,8422,296299,51208675,172.5,175.0,171.5,174.0,1.5,251,2014,14.88,4.02,10.9,1896.6,8.018568783135892,20.04,22.72
2014-06-19,8422,399239,68286986,174.0,174.0,169.5,171.0,-3.0,321,2014,14.63,3.95,10.9,1863.9,7.880317597219756,20.04,22.72
2014-06-20,8422,248463,42972099,172.0,174.0,172.0,172.0,1.0,162,2014,14.71,3.97,10.9,1874.8,7.926401325858468,20.04,22.72
2014-06-23,8422,226328,39329900,172.0,175.0,172.0,174.0,2.0,166,2014,14.88,4.02,10.9,1896.6,8.018568783135892,20.04,22.72
2014-06-24,8422,113030,19569160,174.5,174.5,172.5,173.5,-0.5,124,2014,14.84,4.01,10.9,1891.15,7.995526918816536,20.04,22.72
2014-06-25,8422,380402,67430154,174.0,180.0,173.5,178.0,4.5,357,2014,15.23,4.11,10.9,1940.2,8.20290369769074,20.04,22.72
2014-06-26,8422,387256,69078580,179.0,179.0,177.0,178.5,0.5,264,2014,15.27,4.12,10.9,1945.65,8.225945562010097,20.04,22.72
2014-06-27,8422,795325,142418836,179.0,180.0,178.0,180.0,1.5,350,2014,15.4,4.16,10.9,1962.0,8.295071154968165,20.04,22.72
2014-06-30,8422,441537,79691925,181.0,182.5,179.5,180.5,0.5,285,2014,15.44,4.17,10.9,1967.45,8.31811301928752,20.04,22.72
2014-07-01,8422,266300,47845200,180.5,181.0,178.0,178.0,-2.5,190,2014,15.23,4.11,10.9,1940.2,8.20290369769074,20.04,22.72
2014-07-02,8422,274793,48854861,178.5,179.0,175.0,176.5,-1.5,257,2014,15.1,4.07,10.9,1923.85,8.15624064651302,20.04,22.72
2014-07-03,8422,277150,49264625,177.0,178.5,176.5,177.5,1.0,177,2014,15.18,4.1,10.9,1934.75,8.2024516416774,20.04,22.72
2014-07-04,8422,279252,49922860,177.5,180.0,177.5,180.0,2.5,137,2014,15.4,4.16,10.9,1962.0,8.317979129588348,20.04,22.72
2014-07-07,8422,312446,55534280,180.0,180.0,177.0,178.0,-2.0,144,2014,15.23,4.11,10.9,1940.2,8.225557139259589,20.04,22.72
2014-07-08,8422,745775,131922787,178.0,178.0,176.0,176.0,-2.0,372,2014,15.06,4.06,10.9,1918.4,8.13313514893083,20.04,22.72
2014-07-09,8422,508957,87168104,170.0,172.5,170.0,171.0,0.0,368,2014,14.63,3.95,10.9,1863.9,7.902080173108931,20.04,22.72
2014-07-10,8422,243368,41886796,172.0,173.0,171.5,171.5,0.5,176,2014,14.67,3.96,10.9,1869.35,7.925185670691121,20.04,22.72
2014-07-11,8422,459602,79437646,171.5,175.0,171.5,172.0,0.5,377,2014,14.71,3.97,10.9,1874.8,7.948291168273311,20.04,22.72
2014-07-14,8422,351526,61099258,172.5,175.0,172.0,173.5,1.5,259,2014,14.84,4.01,10.9,1891.15,8.01760766101988,20.04,22.72
2014-07-15,8422,505540,87881500,174.0,175.0,173.0,174.5,1.0,353,2014,14.93,4.03,10.9,1902.05,8.06381865618426,20.04,22.72
2014-07-16,8422,980505,172736131,174.0,177.0,174.0,176.5,2.0,689,2014,15.1,4.07,10.9,1923.85,8.15624064651302,20.04,22.72
2014-07-17,8422,1090287,193794941,176.5,179.0,176.5,178.0,1.5,430,2014,15.23,4.11,10.9,1940.2,8.225557139259589,20.04,22.72
2014-07-18,8422,1288106,227965762,177.0,178.0,175.5,177.0,-1.0,412,2014,15.14,4.09,10.9,1929.3,8.17934614409521,20.04,22.72
2014-07-21,8422,959237,169118793,177.0,177.0,175.5,176.5,-0.5,484,2014,15.1,4.07,10.9,1923.85,8.15624064651302,20.04,22.72
2014-07-22,8422,150164,26543528,177.0,177.0,176.5,176.5,0.0,133,2014,15.1,4.07,10.9,1923.85,8.15624064651302,20.04,22.72
2014-07-24,8422,388250,69035375,176.5,178.5,176.5,178.0,1.5,291,2014,15.23,4.11,10.9,1940.2,8.225557139259589,20.04,22.72
2014-07-25,8422,164273,29240594,179.0,179.0,177.0,177.0,-1.0,140,2014,15.14,4.09,10.9,1929.3,8.17934614409521,20.04,22.72
2014-07-28,8422,241380,42388120,177.0,178.0,173.5,173.5,-3.5,216,2014,14.84,4.01,10.9,1891.15,8.01760766101988,20.04,22.72
2014-07-29,8422,304125,53475500,174.0,177.5,174.0,176.0,2.5,274,2014,15.06,4.06,10.9,1918.4,8.13313514893083,20.04,22.72
2014-07-30,8422,126414,22080950,175.0,176.0,173.5,175.0,-1.0,121,2014,14.97,4.04,10.9,1907.5,8.08692415376645,20.04,22.72
2014-07-31,8422,191525,33401375,175.0,175.5,173.5,175.0,0.0,164,2014,14.97,4.04,10.9,1907.5,8.08692415376645,20.04,22.72
2014-08-01,8422,213043,37007218,172.5,174.5,172.5,174.5,-0.5,175,2014,14.93,4.03,10.9,1902.05,8.06381865618426,20.04,22.72
2014-08-04,8422,669158,119218124,175.0,180.0,175.0,177.0,2.5,451,2014,15.14,4.09,10.9,1929.3,8.36626486797537,20.04,22.72
2014-08-05,8422,235000,41133000,176.5,177.0,173.5,173.5,-3.5,194,2014,14.84,4.01,10.9,1891.15,8.200830251941959,20.04,22.72
2014-08-06,8422,702100,119736900,173.5,173.5,169.0,170.5,-3.0,350,2014,14.59,3.94,10.9,1858.45,8.059029152484749,20.04,22.72
2014-08-07,8422,523178,88608438,169.0,170.0,168.5,168.5,-2.0,248,2014,14.41,4.5,10.9,1836.65,7.9644950861799435,20.04,22.72
2014-08-08,8422,274262,45898302,168.0,168.0,166.0,168.0,-0.5,155,2014,14.76,4.49,10.9,1831.2,7.940861569603742,20.04,22.72
2014-08-11,8422,357200,60360499,168.0,170.5,167.0,170.5,2.5,224,2014,14.98,4.55,10.9,1858.45,8.059029152484749,20.04,22.72
2014-08-12,8422,209000,35137500,168.0,169.5,167.0,167.0,-3.5,160,2014,14.67,4.46,10.9,1820.3,7.893594536451339,20.04,22.72
2014-08-13,8422,87213,14652349,167.5,169.0,167.5,168.0,1.0,81,2014,14.76,4.49,10.9,1831.2,7.940861569603742,20.04,22.72
2014-08-14,8422,390205,64801055,168.0,168.0,164.5,164.5,-3.5,275,2014,14.46,4.39,10.9,1793.05,7.775426953570331,20.04,22.72
2014-08-15,8422,350100,57975500,163.5,168.0,163.0,167.5,3.0,272,2014,14.72,4.47,10.9,1825.75,7.91722805302754,20.04,22.72
2014-08-18,8422,87000,14433500,166.0,167.0,165.0,166.0,-1.5,66,2014,14.59,4.43,10.9,1809.4,7.8463275032989355,20.04,22.72
2014-08-19,8422,79200,13160300,165.5,167.0,165.0,165.5,-0.5,77,2014,14.54,4.42,10.9,1803.95,7.822693986722734,20.04,22.72
2014-08-20,8422,81000,13423500,166.0,166.5,165.0,165.5,0.0,72,2014,14.54,4.42,10.9,1803.95,7.822693986722734,20.04,22.72
2014-08-21,8422,270784,44184816,165.0,165.0,162.5,163.0,-2.5,252,2014,14.32,4.35,10.9,1776.7,7.704526403841726,20.04,22.72
2014-08-22,8422,347855,56937356,162.5,164.5,162.5,163.5,0.5,302,2014,14.37,4.37,10.9,1782.15,7.728159920417927,20.04,22.72
2014-08-25,8422,164200,27041100,164.0,166.0,163.5,165.0,1.5,154,2014,14.5,4.41,10.9,1798.5,7.799060470146532,20.04,22.72
2014-08-26,8422,166102,27334136,165.0,165.5,164.0,164.5,-0.5,139,2014,14.46,4.39,10.9,1793.05,7.775426953570331,20.04,22.72
2014-08-27,8422,156345,25848615,164.5,166.0,164.5,165.0,0.5,150,2014,14.5,4.41,10.9,1798.5,7.799060470146532,20.04,22.72
2014-08-28,8422,299340,49010280,165.0,165.5,162.5,163.0,-2.0,214,2014,14.32,4.35,10.9,1776.7,7.704526403841726,20.04,22.72
2014-08-29,8422,211074,34583210,163.0,165.0,162.5,165.0,2.0,190,2014,14.5,4.41,10.9,1798.5,7.799060470146532,20.04,22.72
2014-09-01,8422,179230,29601680,165.0,166.0,164.5,165.0,0.0,168,2014,14.5,4.41,10.9,1798.5,7.799060470146532,20.04,22.72
2014-09-02,8422,185285,30727737,165.0,167.0,165.0,166.5,1.5,175,2014,14.63,4.45,10.9,1814.85,8.076596494600917,20.04,22.72
2014-09-03,8422,123470,20383754,166.5,166.5,164.5,165.0,-1.5,118,2014,14.5,4.41,10.9,1798.5,8.003834364018926,20.04,22.72
2014-09-04,8422,35090,5785940,164.5,165.5,164.5,164.5,-0.5,35,2014,14.46,4.39,10.9,1793.05,7.979580320491596,20.04,22.72
2014-09-05,8422,66600,10944798,164.0,165.0,164.0,164.0,-0.5,72,2014,14.41,4.38,10.9,1787.6,7.955326276964266,20.04,22.72
2014-09-09,8422,151200,24717200,165.0,165.0,163.0,163.0,-1.0,145,2014,14.32,4.35,10.9,1776.7,7.906818189909606,20.04,22.72
2014-09-10,8422,1058332,167643456,162.0,162.0,155.0,155.0,-8.0,710,2014,13.62,4.14,10.9,1689.5,7.518753493472325,20.04,22.72
2014-09-11,8422,804552,123097508,155.0,155.0,151.0,151.5,-3.5,585,2014,13.31,4.05,10.9,1651.35,7.348975188781014,20.04,22.72
2014-09-12,8422,474090,73618580,151.5,157.0,151.5,155.0,3.5,398,2014,13.62,4.14,10.9,1689.5,7.518753493472325,20.04,22.72
2014-09-15,8422,242422,37513132,155.0,155.5,154.0,154.0,-1.0,79,2014,13.53,4.11,10.9,1678.6,7.470245406417664,20.04,22.72
2014-09-16,8422,121343,18643334,154.5,156.0,152.5,153.0,-1.0,108,2014,13.44,4.09,10.9,1667.7,7.421737319363004,20.04,22.72
2014-09-17,8422,162400,25043500,156.0,156.0,153.0,153.0,0.0,157,2014,13.44,4.09,10.9,1667.7,7.421737319363004,20.04,22.72
2014-09-18,8422,283200,44279200,155.5,159.0,154.5,154.5,1.5,230,2014,13.58,4.13,10.9,1684.05,7.494499449944994,20.04,22.72
2014-09-19,8422,106595,16610320,154.5,157.0,154.5,155.5,1.0,99,2014,13.66,4.15,10.9,1694.95,7.543007536999655,20.04,22.72
2014-09-22,8422,137310,21382960,156.0,156.5,155.0,155.0,-0.5,107,2014,13.62,4.14,10.9,1689.5,7.518753493472325,20.04,22.72
2014-09-23,8422,114981,17795555,155.0,156.5,153.5,153.5,-1.5,104,2014,13.49,4.1,10.9,1673.15,7.445991362890334,20.04,22.72
2014-09-24,8422,218220,33905590,154.0,156.0,154.0,154.5,1.0,86,2014,13.58,4.13,10.9,1684.05,7.494499449944994,20.04,22.72
2014-09-25,8422,204375,31528375,154.5,157.0,153.0,153.0,-1.5,154,2014,13.44,4.09,10.9,1667.7,7.421737319363004,20.04,22.72
2014-09-26,8422,115365,17679575,153.0,155.0,152.5,153.0,0.0,97,2014,13.44,4.09,10.9,1667.7,7.421737319363004,20.04,22.72
2014-09-29,8422,111190,17081450,153.0,155.0,152.5,153.0,0.0,89,2014,13.44,4.09,10.9,1667.7,7.421737319363004,20.04,22.72
2014-09-30,8422,104200,15949200,153.0,154.0,152.5,152.5,-0.5,90,2014,13.4,4.07,10.9,1662.25,7.3974832758356746,20.04,22.72
2014-10-01,8422,59241,9110355,152.5,154.5,152.0,153.0,0.5,61,2014,13.44,4.09,10.9,1667.7,7.421737319363004,20.04,22.72
2014-10-02,8422,92140,14114840,153.0,154.5,152.5,152.5,-0.5,77,2014,13.4,4.07,10.9,1662.25,7.621175428477636,20.04,22.72
2014-10-03,8422,223658,34225990,152.5,154.0,152.0,153.0,0.5,184,2014,13.44,4.09,10.9,1667.7,7.646162888898874,20.04,22.72
2014-10-06,8422,175800,26832300,153.0,154.5,152.0,152.0,-1.0,173,2014,13.36,4.06,10.9,1656.8,7.596187968056397,20.04,22.72
2014-10-07,8422,187299,28561895,151.0,153.5,151.0,151.5,-0.5,170,2014,13.31,4.05,10.9,1651.35,7.571200507635159,20.04,22.72
2014-10-08,8422,93230,14157071,151.0,153.0,150.5,151.5,0.0,88,2014,13.31,4.05,10.9,1651.35,7.571200507635159,20.04,22.72
2014-10-09,8422,153600,23393499,152.0,154.0,151.5,151.5,0.0,135,2014,13.31,4.05,10.9,1651.35,7.571200507635159,20.04,22.72
2014-10-13,8422,159230,23855344,148.0,152.0,148.0,149.0,-2.5,145,2014,13.09,3.98,10.9,1624.1,7.446263205528968,20.04,22.72
2014-10-14,8422,69637,10406050,149.0,150.5,149.0,149.0,0.0,76,2014,13.09,3.98,10.9,1624.1,7.446263205528968,20.04,22.72
2014-10-15,8422,90150,13476000,152.0,152.0,149.0,149.0,0.0,87,2014,13.09,3.98,10.9,1624.1,7.446263205528968,20.04,22.72
2014-10-16,8422,258140,38315500,149.0,150.5,148.0,148.0,-1.0,213,2014,13.01,3.95,10.9,1613.2,7.396288284686492,20.04,22.72
2014-10-17,8422,384850,54470900,148.0,149.5,138.0,138.0,-10.0,200,2014,12.13,3.68,10.9,1504.2,6.896539076261729,20.04,22.72
2014-10-20,8422,387747,55588815,143.0,145.5,141.5,145.0,7.0,260,2014,12.74,3.87,10.9,1580.5,7.246363522159063,20.04,22.72
2014-10-21,8422,444074,61791638,144.0,145.5,136.0,136.0,-9.0,405,2014,11.95,3.63,10.9,1482.4,6.796589234576777,20.04,22.72
2014-10-22,8422,389100,53388400,137.0,140.0,135.0,136.0,0.0,323,2014,11.95,3.63,10.9,1482.4,6.796589234576777,20.04,22.72
2014-10-23,8422,648032,85325352,135.5,135.5,128.0,133.0,-3.0,543,2014,11.69,3.55,10.9,1449.7,6.6466644720493475,20.04,22.72
2014-10-24,8422,317300,41771400,133.0,135.0,129.0,130.0,-3.0,253,2014,11.42,3.47,10.9,1417.0,6.496739709521919,20.04,22.72
2014-10-27,8422,165185,21365769,130.5,131.5,126.5,126.5,-3.5,142,2014,11.12,3.38,10.9,1378.85,6.321827486573252,20.04,22.72
2014-10-28,8422,192788,25067332,127.5,131.0,127.5,129.5,3.0,160,2014,11.38,3.46,10.9,1411.55,6.471752249100681,20.04,22.72
2014-10-29,8422,346285,45954975,129.5,134.5,129.5,133.0,3.5,183,2014,11.69,3.55,10.9,1449.7,6.6466644720493475,20.04,22.72
2014-10-30,8422,126371,16811714,133.0,135.0,132.0,132.0,-1.0,99,2014,11.6,3.52,10.9,1438.8,6.596689551206872,20.04,22.72
2014-10-31,8422,373384,50292108,132.0,135.0,132.0,135.0,3.0,147,2014,11.86,3.6,10.9,1471.5,6.7466143137343,20.04,22.72
2014-11-03,8422,104721,14222277,135.0,138.0,135.0,135.0,0.0,101,2014,11.86,3.6,10.9,1471.5,6.849994204388186,20.04,22.72
2014-11-04,8422,145132,19643084,135.0,136.5,134.0,135.5,0.5,114,2014,11.91,3.62,10.9,1476.95,6.875364553293327,20.04,22.72
2014-11-05,8422,86136,11722699,135.0,136.5,135.0,136.0,0.5,85,2014,11.95,3.63,10.9,1482.4,6.900734902198469,20.04,22.72
2014-11-06,8422,80342,10839170,135.5,137.0,133.0,133.0,-3.0,68,2014,11.69,3.55,10.9,1449.7,6.74851280876762,20.04,22.72
2014-11-07,8422,79192,10719804,133.0,136.0,133.0,135.5,2.5,75,2014,11.91,3.42,10.9,1476.95,6.875364553293327,20.04,22.72
2014-11-10,8422,146220,19681700,134.5,137.0,133.5,133.5,-2.0,109,2014,13.5,3.37,10.9,1455.15,6.773883157672762,20.04,22.72
2014-11-11,8422,84458,11325830,134.0,135.0,133.5,134.0,0.5,73,2014,13.55,3.38,10.9,1460.6,6.799253506577903,20.04,22.72
2014-11-12,8422,530570,70354634,134.0,134.0,132.0,132.0,-2.0,95,2014,13.35,3.33,10.9,1438.8,6.697772110957337,20.04,22.72
2014-11-13,8422,108629,14532099,132.0,135.0,132.0,133.0,1.0,96,2014,13.45,3.36,10.9,1449.7,6.74851280876762,20.04,22.72
2014-11-14,8422,97075,13008625,132.0,135.0,132.0,133.0,0.0,88,2014,13.45,3.36,10.9,1449.7,6.74851280876762,20.04,22.72
2014-11-17,8422,74520,9988940,135.0,135.0,133.5,133.5,0.5,58,2014,13.5,3.37,10.9,1455.15,6.773883157672762,20.04,22.72
2014-11-18,8422,311800,40851500,134.0,134.0,129.0,129.0,-4.5,232,2014,13.04,3.26,10.9,1406.1,6.545550017526489,20.04,22.72
2014-11-19,8422,134056,17358280,129.0,131.0,128.0,129.0,0.0,107,2014,13.04,3.26,10.9,1406.1,6.545550017526489,20.04,22.72
2014-11-20,8422,95080,12387640,129.0,131.0,129.0,130.0,1.0,82,2014,13.14,3.28,10.9,1417.0,6.596290715336772,20.04,22.72
2014-11-21,8422,200220,26075760,130.5,131.5,129.0,129.0,-1.0,110,2014,13.04,3.26,10.9,1406.1,6.545550017526489,20.04,22.72
2014-11-24,8422,128174,16653142,131.0,131.0,129.0,129.5,0.5,97,2014,13.09,3.27,10.9,1411.55,6.57092036643163,20.04,22.72
2014-11-25,8422,233768,30625108,131.0,132.5,129.5,130.5,1.0,193,2014,13.2,3.3,10.9,1422.45,6.621661064241913,20.04,22.72
2014-11-26,8422,210405,27364555,132.0,132.0,129.5,129.5,-1.0,201,2014,13.09,3.27,10.9,1411.55,6.57092036643163,20.04,22.72
2014-11-27,8422,413350,53271675,130.5,131.0,127.0,128.5,-1.0,372,2014,12.99,3.25,10.9,1400.65,6.520179668621347,20.04,22.72
2014-11-28,8422,240800,30986097,129.5,129.5,128.0,128.0,-0.5,224,2014,12.94,3.23,10.9,1395.2,6.494809319716206,20.04,22.72
2014-12-01,8422,380993,49391583,126.5,131.0,126.5,130.5,2.5,336,2014,13.2,3.3,10.9,1422.45,6.621661064241913,20.04,22.72
2014-12-02,8422,1084865,145272505,130.5,137.5,130.5,136.0,5.5,781,2014,13.75,3.44,10.9,1482.4,6.9202827680570875,20.04,22.72
2014-12-03,8422,979328,136842248,137.5,142.5,136.5,140.0,4.0,706,2014,14.16,3.54,10.9,1526.0,7.123820496529355,20.04,22.72
2014-12-04,8422,499343,70261706,140.0,142.0,138.5,141.5,1.5,351,2014,14.31,3.57,10.9,1542.35,7.200147144706455,20.04,22.72
2014-12-05,8422,213200,30253900,142.0,143.0,141.0,141.0,-0.5,163,2014,14.26,3.56,10.9,1536.9,7.174704928647421,20.04,22.72
2014-12-08,8422,267022,37503602,141.5,142.0,139.0,139.0,-2.0,172,2014,14.05,3.51,10.9,1515.1,7.072936064411288,20.04,22.72
2014-12-09,8422,203100,28348500,139.0,141.0,138.5,139.0,0.0,150,2014,14.05,3.51,10.9,1515.1,7.072936064411288,20.04,22.72
2014-12-10,8422,268192,37339975,137.0,141.5,137.0,139.5,0.5,186,2014,14.11,3.52,10.9,1520.55,7.098378280470322,20.04,22.72
2014-12-11,8422,188308,26710544,138.5,143.5,138.5,142.0,2.5,156,2014,14.36,3.59,10.9,1547.8,7.225589360765489,20.04,22.72
2014-12-12,8422,163191,23068622,143.0,144.5,140.0,140.0,-2.0,137,2014,14.16,3.54,10.9,1526.0,7.123820496529355,20.04,22.72
2014-12-15,8422,158415,22065430,139.0,140.0,138.5,139.0,-1.0,121,2014,14.05,3.51,10.9,1515.1,7.072936064411288,20.04,22.72
2014-12-16,8422,252441,34946076,139.0,140.5,137.0,137.5,-1.5,176,2014,13.9,3.47,10.9,1498.75,6.996609416234188,20.04,22.72
2014-12-17,8422,115179,15859790,137.5,138.5,137.0,137.0,-0.5,103,2014,13.85,3.46,10.9,1493.3,6.971167200175154,20.04,22.72
2014-12-18,8422,81025,11162962,137.0,139.0,137.0,137.0,0.0,71,2014,13.85,3.46,10.9,1493.3,6.971167200175154,20.04,22.72
2014-12-19,8422,185944,25645216,138.0,140.0,136.5,137.5,0.5,163,2014,13.9,3.47,10.9,1498.75,6.996609416234188,20.04,22.72
2014-12-22,8422,228150,32068874,138.0,141.5,138.0,140.5,3.0,197,2014,14.21,3.55,10.9,1531.45,7.1492627125883885,20.04,22.72
2014-12-23,8422,200100,28120249,141.0,142.0,138.0,140.0,-0.5,149,2014,14.16,3.54,10.9,1526.0,7.123820496529355,20.04,22.72
2014-12-24,8422,133100,18664750,142.0,142.0,139.5,140.5,0.5,100,2014,14.21,3.55,10.9,1531.45,7.1492627125883885,20.04,22.72
2014-12-25,8422,244099,34943503,140.0,145.0,140.0,143.0,2.5,200,2014,14.46,3.61,10.9,1558.7,7.2764737928835554,20.04,22.72
2014-12-26,8422,56120,8040520,144.0,144.0,142.5,143.0,0.0,55,2014,14.46,3.61,10.9,1558.7,7.2764737928835554,20.04,22.72
2014-12-27,8422,408692,60263416,144.5,149.5,144.0,148.0,5.0,341,2014,14.96,3.74,10.9,1613.2,7.530895953473889,20.04,22.72
2014-12-29,8422,581300,87123800,148.0,152.5,147.0,148.0,0.0,452,2014,14.96,3.74,10.9,1613.2,7.530895953473889,20.04,22.72
2014-12-30,8422,206320,30477360,148.5,149.5,147.0,147.0,-1.0,165,2014,14.86,3.71,10.9,1602.3,7.480011521355823,20.04,22.72
2014-12-31,8422,209000,30475500,146.0,147.0,145.0,146.5,-0.5,182,2014,14.81,3.7,10.9,1596.85,7.454569305296789,20.04,22.72
2015-01-05,8422,265250,39224250,147.5,149.5,145.5,149.5,3.0,215,2015,15.12,3.78,10.9,1629.55,7.655950856834118,22.36,25.8
2015-01-06,8422,253200,37325500,149.0,149.0,146.5,149.0,-0.5,230,2015,15.07,3.76,10.9,1624.1,7.630345670021964,22.36,25.8
2015-01-07,8422,354320,52856960,149.0,151.5,146.5,150.0,1.0,269,2015,15.17,3.79,10.9,1635.0,7.681556043646273,22.36,25.8
2015-01-08,8422,251130,37576000,150.0,151.0,148.5,149.0,-1.0,184,2015,15.07,3.76,10.9,1624.1,7.630345670021964,22.36,25.8
2015-01-09,8422,483730,73624190,148.5,154.0,148.5,152.0,3.0,389,2015,15.37,3.84,10.9,1656.8,7.783976790894889,22.36,25.8
2015-01-12,8422,192431,29146512,151.5,153.0,150.0,152.0,0.0,178,2015,15.37,3.84,10.9,1656.8,7.783976790894889,22.36,25.8
2015-01-13,8422,161250,24435250,152.0,153.0,150.5,151.0,-1.0,141,2015,15.27,3.81,10.9,1645.9,7.7327664172705814,22.36,25.8
2015-01-14,8422,178762,27196062,151.0,153.0,151.0,151.5,0.5,172,2015,15.32,3.83,10.9,1651.35,7.758371604082735,22.36,25.8
2015-01-15,8422,74349,11219699,150.5,152.0,150.5,150.5,-1.0,76,2015,15.22,3.8,10.9,1640.45,7.707161230458427,22.36,25.8
2015-01-16,8422,466960,68725580,150.0,152.0,143.0,146.5,-4.0,383,2015,14.81,3.7,10.9,1596.85,7.502319735961193,22.36,25.8
2015-01-19,8422,283505,41870745,147.0,150.0,146.0,147.0,0.5,208,2015,14.86,3.71,10.9,1602.3,7.527924922773347,22.36,25.8
2015-01-20,8422,210465,31447645,148.0,150.0,148.0,150.0,3.0,189,2015,15.17,3.79,10.9,1635.0,7.681556043646273,22.36,25.8
2015-01-21,8422,512916,78424605,150.0,154.0,150.0,153.5,3.5,393,2015,15.52,3.88,10.9,1673.15,7.8607923513313525,22.36,25.8
2015-01-22,8422,253436,39103516,153.5,155.5,153.0,153.5,0.0,220,2015,15.52,3.88,10.9,1673.15,7.8607923513313525,22.36,25.8
2015-01-23,8422,206100,31492350,153.0,154.5,152.0,152.0,-1.5,162,2015,15.37,3.84,10.9,1656.8,7.783976790894889,22.36,25.8
2015-01-26,8422,182270,27484040,152.0,152.5,149.0,151.0,-1.0,112,2015,15.27,3.81,10.9,1645.9,7.7327664172705814,22.36,25.8
2015-01-27,8422,325250,50063000,153.5,154.5,153.0,154.0,3.0,268,2015,15.57,3.89,10.9,1678.6,7.886397538143506,22.36,25.8
2015-01-28,8422,136316,20953821,153.5,154.5,153.0,154.0,0.0,99,2015,15.57,3.89,10.9,1678.6,7.886397538143506,22.36,25.8
2015-01-29,8422,260236,40176697,154.0,155.5,153.0,155.5,1.5,214,2015,15.72,3.93,10.9,1694.95,7.96321309857997,22.36,25.8
2015-01-30,8422,252168,38961454,156.0,156.0,153.5,154.0,-1.5,167,2015,15.57,3.89,10.9,1678.6,7.886397538143506,22.36,25.8
2015-02-02,8422,776822,123065108,154.5,160.0,153.5,160.0,6.0,577,2015,16.18,4.04,10.9,1744.0,8.26420433813864,22.36,25.8
2015-02-03,8422,407919,65429080,160.0,162.0,159.0,160.0,0.0,349,2015,16.18,4.04,10.9,1744.0,8.26420433813864,22.36,25.8
2015-02-04,8422,1314044,215663216,160.5,167.0,160.5,164.0,4.0,873,2015,16.58,4.14,10.9,1787.6,8.470809446592106,22.36,25.8
2015-02-05,8422,396330,65113280,165.0,166.0,162.5,163.0,-1.0,326,2015,16.48,4.12,10.9,1776.7,8.41915816947874,22.36,25.8
2015-02-06,8422,384493,63432838,163.5,166.0,163.0,165.0,2.0,310,2015,16.68,4.17,10.9,1798.5,8.522460723705471,22.36,25.8
2015-02-09,8422,594318,96371834,161.0,164.5,159.5,162.5,-2.5,413,2015,16.43,4.1,10.9,1771.25,8.393332530922056,22.36,25.8
2015-02-10,8422,324302,52161074,162.5,163.0,159.0,159.5,-3.0,261,2015,16.13,4.03,10.9,1738.55,8.238378699581956,22.36,25.8
2015-02-11,8422,278110,44478654,160.0,161.5,159.0,160.0,0.5,180,2015,16.18,4.04,10.9,1744.0,8.26420433813864,22.36,25.8
2015-02-12,8422,225990,35967915,159.0,161.0,157.5,157.5,-2.5,147,2015,15.93,3.98,10.9,1716.75,8.135076145355223,22.36,25.8
2015-02-13,8422,252110,40544820,160.0,162.0,159.0,161.0,3.5,197,2015,16.28,4.07,10.9,1754.9,8.315855615252007,22.36,25.8
2015-02-24,8422,222870,35861940,161.5,162.5,159.5,160.0,-1.0,210,2015,16.18,4.04,10.9,1744.0,8.26420433813864,22.36,25.8
2015-02-25,8422,420768,67080880,161.0,161.5,156.5,159.0,-1.0,341,2015,16.08,4.02,10.9,1733.1,8.212553061025273,22.36,25.8
2015-02-26,8422,152480,24402320,160.0,161.0,159.0,159.0,0.0,141,2015,16.08,4.02,10.9,1733.1,8.212553061025273,22.36,25.8
2015-03-02,8422,244408,39369004,159.5,162.0,159.5,161.5,2.5,209,2015,16.33,4.08,10.9,1760.35,8.363462735353785,22.36,25.8
2015-03-03,8422,357200,57617700,162.0,162.5,160.5,161.0,-0.5,283,2015,16.28,4.07,10.9,1754.9,8.337569661869717,22.36,25.8
2015-03-04,8422,224123,35979364,159.5,161.5,159.5,160.0,-1.0,184,2015,16.18,4.04,10.9,1744.0,8.285783514901583,22.36,25.8
2015-03-05,8422,289238,46522580,160.0,162.0,160.0,160.0,0.0,199,2015,16.18,4.04,10.9,1744.0,8.285783514901583,22.36,25.8
2015-03-06,8422,204825,33061500,160.0,162.5,160.0,160.0,0.0,158,2015,16.18,4.04,10.9,1744.0,8.285783514901583,22.36,25.8
2015-03-09,8422,316425,50660500,159.0,161.0,159.0,159.5,-0.5,245,2015,16.13,4.03,10.9,1738.55,8.259890441417514,22.36,25.8
2015-03-10,8422,391601,61879655,160.0,161.0,156.5,156.5,-3.0,306,2015,15.82,3.95,10.9,1705.85,8.10453200051311,22.36,25.8
2015-03-11,8422,253300,39357800,155.0,156.0,155.0,155.0,-1.5,200,2015,15.67,3.92,10.9,1689.5,8.026852780060908,22.36,25.8
2015-03-12,8422,484561,77563100,155.0,162.0,155.0,161.0,6.0,420,2015,16.28,4.07,10.9,1754.9,8.337569661869717,22.36,25.8
2015-03-13,8422,565770,92418550,161.0,166.0,160.5,165.0,4.0,372,2015,16.68,4.17,10.9,1798.5,8.544714249742258,22.36,25.8
2015-03-16,8422,349100,57606500,165.0,167.5,163.0,163.0,-2.0,278,2015,16.48,4.12,10.9,1776.7,8.441141955805987,22.36,25.8
2015-03-17,8422,237264,38862162,163.0,165.5,162.5,162.5,-0.5,180,2015,16.43,4.1,10.9,1771.25,8.41524888232192,22.36,25.8
2015-03-18,8422,270682,44332666,164.5,164.5,162.5,164.0,1.5,214,2015,16.58,4.14,10.9,1787.6,8.492928102774123,22.36,25.8
2015-03-19,8422,230029,37776756,164.5,165.0,163.5,164.0,0.0,181,2015,16.58,4.14,10.9,1787.6,8.492928102774123,22.36,25.8
2015-03-20,8422,522575,87658175,164.5,171.0,164.0,169.0,5.0,392,2015,17.09,4.27,10.9,1842.1,8.751858837614797,22.36,25.8
2015-03-23,8422,345049,58758281,171.5,172.0,169.0,169.0,0.0,283,2015,17.09,4.27,10.9,1842.1,8.751858837614797,22.36,25.8
2015-03-24,8422,309938,52997960,169.0,172.5,168.5,171.0,2.0,296,2015,17.29,4.32,10.9,1863.9,8.855431131551066,22.36,25.8
2015-03-25,8422,271175,46528100,172.5,174.0,169.0,171.0,0.0,206,2015,17.29,4.32,10.9,1863.9,8.855431131551066,22.36,25.8
2015-03-26,8422,175250,29939000,168.5,173.0,168.5,171.0,0.0,161,2015,17.29,4.32,10.9,1863.9,8.855431131551066,22.36,25.8
2015-03-27,8422,182300,30987000,171.0,172.0,168.5,169.5,-1.5,134,2015,17.14,4.28,10.9,1847.55,8.777751911098864,22.36,25.8
2015-03-30,8422,581755,98161945,169.5,169.5,166.0,167.5,-2.0,172,2015,16.94,3.97,10.9,1825.75,8.674179617162594,22.36,25.8
2015-03-31,8422,722331,125289925,168.5,176.0,168.5,174.5,7.0,534,2015,18.5,4.14,10.9,1902.05,9.036682645939539,22.36,25.8
2015-04-01,8422,682589,119571368,174.5,177.0,172.0,176.5,2.0,536,2015,18.72,4.19,10.9,1923.85,9.140254939875808,22.36,25.8
2015-04-02,8422,1030338,185449840,178.0,182.0,176.5,181.0,4.5,724,2015,19.19,4.29,10.9,1972.9,9.203573014670484,22.36,25.8
2015-04-07,8422,714429,131441717,182.5,186.0,179.0,184.5,3.5,554,2015,19.57,4.38,10.9,2011.05,9.381542658600576,22.36,25.8
2015-04-08,8422,378042,69738228,186.5,187.5,183.0,184.0,-0.5,324,2015,19.51,4.36,10.9,2005.6,9.35611842375342,22.36,25.8
2015-04-09,8422,502437,92366250,183.5,186.0,181.5,183.0,-1.0,315,2015,19.41,4.34,10.9,1994.7,9.305269954059108,22.36,25.8
2015-04-10,8422,470875,84617750,185.0,185.0,177.5,178.0,-5.0,409,2015,18.88,4.22,10.9,1940.2,9.051027605587548,22.36,25.8
2015-04-13,8422,273435,48700930,178.0,179.5,177.0,177.0,-1.0,230,2015,18.77,4.2,10.9,1929.3,9.000179135893235,22.36,25.8
2015-04-14,8422,225345,40391272,177.5,180.5,177.5,180.0,3.0,177,2015,19.09,4.27,10.9,1962.0,9.152724544976172,22.36,25.8
2015-04-15,8422,685155,121072280,180.0,180.0,175.5,176.5,-3.5,508,2015,18.72,4.19,10.9,1923.85,8.97475490104608,22.36,25.8
2015-04-16,8422,489290,87677410,178.0,181.0,177.0,179.0,2.5,395,2015,18.98,4.24,10.9,1951.1,9.10187607528186,22.36,25.8
2015-04-17,8422,154100,27563050,180.5,180.5,177.5,178.5,-0.5,140,2015,18.93,4.23,10.9,1945.65,9.076451840434704,22.36,25.8
2015-04-20,8422,672017,120946560,180.0,181.5,176.5,179.5,1.0,525,2015,19.03,4.26,10.9,1956.55,9.127300310129016,22.36,25.8
2015-04-21,8422,632459,114219661,181.0,183.5,177.0,180.0,0.5,497,2015,19.09,4.27,10.9,1962.0,9.152724544976172,22.36,25.8
2015-04-22,8422,433580,78718350,180.0,183.0,178.5,183.0,3.0,378,2015,19.41,4.34,10.9,1994.7,9.305269954059108,22.36,25.8
2015-04-23,8422,1294685,240559725,184.5,187.0,184.0,185.5,2.5,857,2015,19.67,4.4,10.9,2021.95,9.432391128294887,22.36,25.8
2015-04-24,8422,828590,153925150,186.5,186.5,185.0,185.5,0.0,643,2015,19.67,4.4,10.9,2021.95,9.432391128294887,22.36,25.8
2015-04-27,8422,1221928,231706392,187.0,192.5,187.0,190.0,4.5,959,2015,20.15,4.51,10.9,2071.0,9.661209241919291,22.36,25.8
2015-04-28,8422,464284,87919247,191.5,192.0,187.5,188.0,-2.0,430,2015,19.94,4.46,10.9,2049.2000000000003,9.559512302530669,22.36,25.8
2015-04-29,8422,458701,85302587,189.0,189.0,183.5,187.5,-0.5,361,2015,19.88,4.45,10.9,2043.75,9.534088067683511,22.36,25.8
2015-04-30,8422,399770,75388530,188.0,190.0,187.0,190.0,2.5,357,2015,20.15,4.51,10.9,2071.0,9.661209241919291,22.36,25.8
2015-05-04,8422,512416,96001083,190.0,190.5,186.0,186.5,-3.5,455,2015,19.78,4.42,10.9,2032.85,9.506339976103796,22.36,25.8
2015-05-05,8422,638090,119586965,186.0,188.5,186.0,188.5,2.0,544,2015,19.99,4.47,10.9,2054.65,9.608284640726893,22.36,25.8
2015-05-06,8422,819134,156903460,188.0,195.5,186.5,191.0,2.5,655,2015,20.25,4.53,10.9,2081.9,9.735715471505765,22.36,25.8
2015-05-07,8422,1361203,247820134,188.5,188.5,178.0,178.0,-13.0,877,2015,18.88,4.22,10.9,1940.2,9.073075151455635,22.36,25.8
2015-05-08,8422,943534,164695717,177.0,178.0,169.5,175.0,-3.0,785,2015,18.56,4.15,10.9,1907.5,8.920158154520989,22.36,25.8
2015-05-11,8422,755220,134712150,177.0,181.5,175.0,181.5,6.5,568,2015,19.25,4.3,10.9,1978.35,9.251478314546054,22.36,25.8
2015-05-12,8422,317000,57260000,181.5,182.0,179.0,181.0,-0.5,285,2015,19.19,4.29,10.9,1972.9,9.22599214839028,22.36,25.8
2015-05-13,8422,186180,33681080,181.5,181.5,180.0,180.0,-1.0,118,2015,19.09,4.27,10.9,1962.0,9.17501981607873,22.36,25.8
2015-05-14,8422,280320,50434759,181.0,181.0,179.0,179.5,-0.5,217,2015,19.03,4.0,10.9,1956.55,9.149533649922956,22.36,25.8
2015-05-15,8422,421100,75979700,180.0,181.5,179.5,181.0,1.5,313,2015,18.83,4.03,10.9,1972.9,9.22599214839028,22.36,25.8
2015-05-18,8422,246400,44737099,181.5,183.5,180.0,181.0,0.0,236,2015,18.83,4.03,10.9,1972.9,9.22599214839028,22.36,25.8
2015-05-19,8422,799161,150011005,183.0,189.5,183.0,189.5,8.5,620,2015,19.72,4.22,10.9,2065.55,9.659256973038442,22.36,25.8
2015-05-20,8422,319558,60442462,190.5,192.0,188.0,189.0,-0.5,304,2015,19.67,4.21,10.9,2060.1,9.633770806882668,22.36,25.8
2015-05-21,8422,255422,47926758,186.0,189.0,186.0,188.0,-1.0,247,2015,19.56,4.19,10.9,2049.2000000000003,9.58279847457112,22.36,25.8
2015-05-22,8422,1534363,287978518,189.0,191.5,184.0,186.0,-2.0,958,2015,19.35,4.14,10.9,2027.4,9.480853809948023,22.36,25.8
2015-05-25,8422,1020129,195210397,188.0,195.0,187.0,194.0,8.0,785,2015,20.19,4.32,10.9,2114.6,9.88863246844041,22.36,25.8
2015-05-26,8422,626404,119484164,194.0,195.0,189.5,189.5,-4.5,482,2015,19.72,4.22,10.9,2065.55,9.659256973038442,22.36,25.8
2015-05-27,8422,1038148,193855324,189.5,192.0,185.0,187.0,-2.5,724,2015,19.46,4.16,10.9,2038.3,9.53182614225957,22.36,25.8
2015-05-28,8422,583757,111627330,189.5,193.0,188.5,191.0,4.0,483,2015,19.88,4.25,10.9,2081.9,9.735715471505765,22.36,25.8
2015-05-29,8422,429432,81824228,193.0,193.0,189.0,191.0,0.0,406,2015,19.88,4.25,10.9,2081.9,9.735715471505765,22.36,25.8
2015-06-01,8422,362875,68740875,190.5,192.5,187.0,192.5,1.5,277,2015,20.03,4.29,10.9,2098.25,9.812173969973088,22.36,25.8
2015-06-02,8422,1258761,246869395,193.0,199.5,190.5,195.0,2.5,942,2015,20.29,4.34,10.9,2125.5,9.667014445716905,22.36,25.8
2015-06-03,8422,479141,93596572,197.0,197.5,192.0,192.0,-3.0,383,2015,19.98,4.28,10.9,2092.8,9.51829114655203,22.36,25.8
2015-06-04,8422,630330,118161550,191.0,192.0,185.0,185.0,-7.0,496,2015,19.25,4.12,10.9,2016.5,9.17127011516732,22.36,25.8
2015-06-05,8422,347123,64990124,184.5,190.5,184.5,188.0,3.0,286,2015,19.56,4.19,10.9,2049.2000000000003,9.319993414332197,22.36,25.8
2015-06-08,8422,354155,66379485,188.0,189.0,185.0,187.0,-1.0,301,2015,19.46,4.16,10.9,2038.3,9.270418981277237,22.36,25.8
2015-06-09,8422,548200,104448700,190.0,194.5,187.0,188.0,1.0,448,2015,19.56,4.19,10.9,2049.2000000000003,9.319993414332197,22.36,25.8
2015-06-10,8422,275059,52186151,189.0,191.0,188.0,190.0,2.0,268,2015,19.77,4.23,10.9,2071.0,9.419142280442113,22.36,25.8
2015-06-11,8422,281163,53248807,190.0,191.5,188.0,188.5,-1.5,251,2015,19.61,4.2,10.9,2054.65,9.344780630859676,22.36,25.8
2015-06-12,8422,244355,45863885,188.5,189.0,186.0,186.5,-2.0,231,2015,19.41,4.15,10.9,2032.85,9.245631764749758,22.36,25.8
2015-06-15,8422,347503,64092799,186.5,187.5,182.5,183.5,-3.0,331,2015,19.09,4.09,10.9,2000.15,9.096908465584884,22.36,25.8
2015-06-16,8422,254084,46350414,185.5,185.5,180.0,181.0,-2.5,225,2015,18.83,4.03,10.9,1972.9,8.972972382947487,22.36,25.8
2015-06-17,8422,248227,45099973,182.0,184.5,180.0,180.5,-0.5,232,2015,18.78,4.02,10.9,1967.45,8.948185166420007,22.36,25.8
2015-06-18,8422,218128,39791924,184.0,184.0,180.5,182.5,2.0,207,2015,18.99,4.06,10.9,1989.25,9.047334032529925,22.36,25.8
2015-06-22,8422,570100,105607900,185.0,187.5,183.5,186.5,4.0,508,2015,19.41,4.15,10.9,2032.85,9.245631764749758,22.36,25.8
2015-06-23,8422,242237,44652608,186.5,187.0,182.5,183.5,-3.0,219,2015,19.09,4.09,10.9,2000.15,9.096908465584884,22.36,25.8
2015-06-24,8422,298286,54333338,184.0,185.0,180.5,183.0,-0.5,271,2015,19.04,4.07,10.9,1994.7,9.072121249057403,22.36,25.8
2015-06-25,8422,305258,56134343,185.0,185.0,183.0,183.0,0.0,272,2015,19.04,4.07,10.9,1994.7,9.072121249057403,22.36,25.8
2015-06-26,8422,254000,46463500,183.0,184.5,181.0,183.0,0.0,199,2015,19.04,4.07,10.9,1994.7,9.072121249057403,22.36,25.8
2015-06-29,8422,325503,58973543,181.0,182.0,180.5,181.0,-2.0,297,2015,18.83,4.03,10.9,1972.9,8.972972382947487,22.36,25.8
2015-06-30,8422,538000,98641500,183.0,185.5,181.5,182.5,1.5,432,2015,18.99,4.06,10.9,1989.25,9.047334032529925,22.36,25.8
2015-07-01,8422,252300,46166900,183.0,184.5,182.0,182.0,-0.5,221,2015,18.94,4.05,10.9,1983.8,9.022546816002444,22.36,25.8
2015-07-02,8422,378367,69020161,182.5,183.0,181.5,182.5,0.5,321,2015,18.99,4.06,10.9,1989.25,8.853565126055095,22.36,25.8
2015-07-03,8422,494384,91578692,183.0,188.0,182.5,187.5,5.0,418,2015,19.51,4.18,10.9,2043.75,9.096128554166194,22.36,25.8
2015-07-06,8422,393518,72921330,187.0,187.0,184.0,185.0,-2.5,310,2015,19.25,4.12,10.9,2016.5,8.974846840110645,22.36,25.8
2015-07-07,8422,497639,91495393,186.0,186.5,182.5,183.5,-1.5,406,2015,19.09,4.09,10.9,2000.15,8.902077811677316,22.36,25.8
2015-07-08,8422,773376,133051672,175.5,176.0,169.0,169.5,0.0,643,2015,17.64,3.77,10.9,1847.55,8.22290021296624,22.36,25.8
2015-07-09,8422,685281,112146427,165.0,168.0,156.5,165.0,-4.5,534,2015,17.17,3.67,10.9,1798.5,8.00459312766625,22.36,25.8
2015-07-13,8422,448111,77161425,169.5,175.0,168.0,174.5,9.5,390,2015,18.16,3.89,10.9,1902.05,8.465463641077339,22.36,25.8
2015-07-14,8422,344090,60894250,177.5,180.0,174.5,174.5,0.0,286,2015,18.16,3.89,10.9,1902.05,8.465463641077339,22.36,25.8
2015-07-15,8422,394300,68034500,175.5,176.0,171.0,171.0,-3.5,364,2015,17.79,3.81,10.9,1863.9,8.295669241399569,22.36,25.8
2015-07-16,8422,555107,94234297,171.0,172.0,167.0,170.0,-1.0,426,2015,17.69,3.79,10.9,1853.0,8.24715655577735,22.36,25.8
2015-07-17,8422,431600,72989300,170.0,172.0,167.5,168.0,-2.0,402,2015,17.48,3.74,10.9,1831.2,8.15013118453291,22.36,25.8
2015-07-20,8422,580200,98188200,168.0,173.0,166.5,166.5,-1.5,532,2015,17.33,3.71,10.9,1814.85,8.07736215609958,22.36,25.8
2015-07-21,8422,373025,62697325,166.0,171.0,165.5,168.0,1.5,341,2015,17.48,3.74,10.9,1831.2,8.15013118453291,22.36,25.8
2015-07-22,8422,299700,49919200,166.5,169.0,165.5,165.5,-2.5,258,2015,17.22,3.69,10.9,1803.95,8.028849470477361,22.36,25.8
2015-07-23,8422,563716,92046992,166.0,167.0,160.5,161.5,-4.0,480,2015,16.81,3.6,10.9,1760.35,7.834798727988481,22.36,25.8
2015-07-24,8422,688082,108894160,161.5,162.5,156.0,158.5,-3.0,510,2015,16.49,3.53,10.9,1727.65,7.689260671121822,22.36,25.8
2015-07-27,8422,503200,77829500,158.5,158.5,151.5,151.5,-7.0,331,2015,15.76,3.37,10.9,1651.35,7.349671871766285,22.36,25.8
2015-07-28,8422,540306,82682930,150.0,159.0,150.0,152.0,0.5,446,2015,15.82,3.38,10.9,1656.8,7.373928214577394,22.36,25.8
2015-07-29,8422,241220,37450200,155.0,157.5,154.0,155.5,3.5,214,2015,16.18,3.46,10.9,1694.95,7.543722614255163,22.36,25.8
2015-07-30,8422,351000,54611500,155.0,159.0,153.5,153.5,-2.0,301,2015,15.97,3.42,10.9,1673.15,7.446697243010724,22.36,25.8
2015-07-31,8422,319657,48946335,153.5,156.0,151.5,152.0,-1.5,293,2015,15.82,3.38,10.9,1656.8,7.373928214577394,22.36,25.8
2015-08-03,8422,233439,35585825,151.5,154.0,151.0,152.0,0.0,198,2015,15.82,3.38,10.9,1656.8,7.117535566198064,22.36,25.8
2015-08-04,8422,298789,45442928,152.5,154.0,151.0,151.0,-1.0,253,2015,15.71,3.36,10.9,1645.9,7.070709674315182,22.36,25.8
2015-08-05,8422,207151,31533678,151.0,153.0,151.0,151.5,0.5,153,2015,15.76,3.37,10.9,1651.35,7.094122620256623,22.36,25.8
2015-08-06,8422,436417,66738218,152.0,153.5,152.0,153.0,1.5,214,2015,15.92,3.41,10.9,1667.7,7.164361458080946,22.36,25.8
2015-08-07,8422,513260,80048600,156.0,158.0,154.0,156.5,3.5,420,2015,16.29,3.96,10.9,1705.85,7.328252079671033,22.36,25.8
2015-08-10,8422,1032298,153124392,154.5,155.0,142.5,149.0,-7.5,817,2015,14.83,3.77,10.9,1624.1,6.9770578905494185,22.36,25.8
2015-08-11,8422,1201509,175755221,151.0,153.0,142.5,142.5,-6.5,886,2015,14.18,3.61,10.9,1553.25,6.672689593310685,22.36,25.8
2015-08-12,8422,1498550,205329200,139.0,142.0,135.5,136.5,-6.0,1093,2015,13.58,3.46,10.9,1487.85,6.391734242013393,22.36,25.8
2015-08-13,8422,726004,101414568,137.5,141.0,137.5,140.0,3.5,647,2015,13.93,3.55,10.9,1526.0,6.55562486360348,22.36,25.8
2015-08-14,8422,569096,78900940,141.0,141.5,137.0,138.0,-2.0,401,2015,13.73,3.5,10.9,1504.2,6.461973079837716,22.36,25.8
2015-08-17,8422,442470,61141800,137.5,140.0,136.5,139.0,1.0,395,2015,13.83,3.52,10.9,1515.1,6.508798971720598,22.36,25.8
2015-08-18,8422,497201,69120739,139.0,141.0,137.0,137.0,-2.0,437,2015,13.63,3.47,10.9,1493.3,6.415147187954834,22.36,25.8
2015-08-19,8422,475527,65254753,137.5,138.5,136.0,136.0,-1.0,415,2015,13.53,3.44,10.9,1482.4,6.368321296071952,22.36,25.8
2015-08-20,8422,359505,49795705,136.0,139.5,136.0,139.5,3.5,302,2015,13.88,3.53,10.9,1520.55,6.532211917662039,22.36,25.8
2015-08-21,8422,863450,117289250,136.5,138.5,132.0,134.5,-5.0,682,2015,13.38,3.41,10.9,1466.05,6.298082458247629,22.36,25.8
2015-08-24,8422,901104,117687228,131.5,133.5,127.0,130.0,-4.5,779,2015,12.94,3.29,10.9,1417.0,6.08736594477466,22.36,25.8
2015-08-25,8422,567411,74021663,127.5,132.5,127.5,131.0,1.0,452,2015,13.03,3.32,10.9,1427.9,6.134191836657542,22.36,25.8
2015-08-26,8422,1022514,139624460,130.0,141.5,128.5,139.0,8.0,871,2015,13.83,3.52,10.9,1515.1,6.508798971720598,22.36,25.8
2015-08-27,8422,720821,101767491,141.0,142.5,140.0,142.0,3.0,609,2015,14.13,3.6,10.9,1547.8,6.649276647369244,22.36,25.8
2015-08-28,8422,546231,77694802,142.5,143.5,141.0,141.0,-1.0,429,2015,14.03,3.57,10.9,1536.9,6.6024507554863625,22.36,25.8
2015-08-31,8422,267427,37819915,141.5,144.0,140.5,142.5,1.5,220,2015,14.18,3.61,10.9,1553.25,6.672689593310685,22.36,25.8
2015-09-01,8422,485875,70778187,143.0,148.0,143.0,146.5,4.0,408,2015,14.58,3.71,10.9,1596.85,6.859993160842213,22.36,25.8
2015-09-02,8422,369040,53130859,145.0,145.5,142.0,144.0,-2.5,305,2015,14.33,3.65,10.9,1569.6,6.485677049975579,22.36,25.8
2015-09-03,8422,417136,60856331,144.5,147.5,144.0,145.5,1.5,352,2015,14.48,3.69,10.9,1585.95,6.553236185912825,22.36,25.8
2015-09-04,8422,404900,58680500,145.0,147.0,143.0,143.0,-2.5,360,2015,14.23,3.62,10.9,1558.7,6.440637626017415,22.36,25.8
2015-09-07,8422,318300,46321100,141.5,147.0,141.5,147.0,4.0,265,2015,14.63,3.72,10.9,1602.3,6.62079532185007,22.36,25.8
2015-09-08,8422,528831,79021988,149.5,151.5,147.5,148.0,1.0,422,2015,14.73,3.75,10.9,1613.2,6.665834745808234,22.36,25.8
2015-09-09,8422,493037,73433550,149.5,151.0,147.5,149.5,1.5,391,2015,14.88,3.79,10.9,1629.55,6.733393881745481,22.36,25.8
2015-09-10,8422,299793,44508260,149.5,150.0,147.5,148.0,-1.5,248,2015,14.73,3.75,10.9,1613.2,6.665834745808234,22.36,25.8
2015-09-11,8422,254100,37772400,149.5,150.5,148.0,148.0,0.0,208,2015,14.73,3.75,10.9,1613.2,6.665834745808234,22.36,25.8
2015-09-14,8422,222500,32904500,148.5,150.0,147.0,147.0,-1.0,182,2015,14.63,3.72,10.9,1602.3,6.62079532185007,22.36,25.8
2015-09-15,8422,243093,36127401,147.0,149.5,147.0,149.0,2.0,216,2015,14.83,3.77,10.9,1624.1,6.710874169766398,22.36,25.8
2015-09-16,8422,211680,31450000,149.5,150.0,148.0,148.0,-1.0,183,2015,14.73,3.75,10.9,1613.2,6.665834745808234,22.36,25.8
2015-09-17,8422,297696,44236096,148.5,150.0,147.5,148.5,0.5,241,2015,14.78,3.76,10.9,1618.65,6.688354457787316,22.36,25.8
2015-09-18,8422,696423,106070296,150.0,154.0,148.5,152.0,3.5,554,2015,15.12,3.85,10.9,1656.8,6.84599244164089,22.36,25.8
2015-09-21,8422,319379,47582971,151.0,151.5,148.0,148.0,-4.0,299,2015,14.73,3.75,10.9,1613.2,6.665834745808234,22.36,25.8
2015-09-22,8422,199419,29651850,148.5,150.0,148.0,148.0,0.0,190,2015,14.73,3.75,10.9,1613.2,6.665834745808234,22.36,25.8
2015-09-23,8422,331575,48484237,147.0,148.0,145.0,145.0,-3.0,304,2015,14.43,3.67,10.9,1580.5,6.530716473933743,22.36,25.8
2015-09-24,8422,339100,49596350,144.5,150.0,144.5,146.5,1.5,271,2015,14.58,3.71,10.9,1596.85,6.5982756098709885,22.36,25.8
2015-09-25,8422,273273,40016037,148.0,148.0,145.5,146.5,0.0,243,2015,14.58,3.71,10.9,1596.85,6.5982756098709885,22.36,25.8
2015-09-30,8422,189005,27753750,146.5,147.5,146.0,147.0,0.5,157,2015,14.63,3.72,10.9,1602.3,6.62079532185007,22.36,25.8
2015-10-01,8422,525348,78780048,148.5,151.0,148.0,150.0,3.0,432,2015,14.93,3.8,10.9,1635.0,6.7559135937245625,22.36,25.8
2015-10-02,8422,420270,63024404,151.0,151.5,149.0,150.0,0.0,259,2015,14.93,3.8,10.9,1635.0,6.540818910527598,22.36,25.8
2015-10-05,8422,294000,44236500,152.5,152.5,150.0,150.0,0.0,260,2015,14.93,3.8,10.9,1635.0,6.540818910527598,22.36,25.8
2015-10-06,8422,315160,47481660,151.0,153.0,149.5,150.0,0.0,231,2015,14.93,3.8,10.9,1635.0,6.540818910527598,22.36,25.8
2015-10-07,8422,446260,67027780,150.5,151.5,148.0,151.0,1.0,339,2015,15.02,3.82,10.9,1645.9,6.584424369931115,22.36,25.8
2015-10-08,8422,373450,55836500,151.5,152.0,148.0,148.0,-3.0,332,2015,14.73,3.75,10.9,1613.2,6.453607991720563,22.36,25.8
2015-10-12,8422,321152,47535224,148.5,149.5,147.0,147.5,-0.5,260,2015,14.68,3.74,10.9,1607.75,6.431805262018805,22.36,25.8
2015-10-13,8422,193315,28619435,148.0,149.0,147.0,147.5,0.0,150,2015,14.68,3.74,10.9,1607.75,6.431805262018805,22.36,25.8
2015-10-14,8422,592345,89595595,148.0,153.0,148.0,150.0,2.5,475,2015,14.93,3.8,10.9,1635.0,6.540818910527598,22.36,25.8
2015-10-15,8422,627952,95653656,151.5,154.0,150.5,153.5,3.5,470,2015,15.27,3.89,10.9,1673.15,6.693438018439909,22.36,25.8
2015-10-16,8422,1191803,188702774,154.0,161.0,153.5,159.5,6.0,882,2015,15.87,4.04,10.9,1738.55,6.955070774861013,22.36,25.8
2015-10-19,8422,583096,93025812,160.5,163.0,158.0,158.0,-1.5,442,2015,15.72,4.0,10.9,1722.2,6.889662585755737,22.36,25.8
2015-10-20,8422,474451,75974611,157.5,162.0,157.5,161.0,3.0,397,2015,16.02,4.08,10.9,1754.9,7.020478963966289,22.36,25.8
2015-10-21,8422,476373,76728680,163.5,164.5,159.0,159.0,-2.0,380,2015,15.82,4.03,10.9,1733.1,6.933268045159254,22.36,25.8
2015-10-22,8422,254230,40373455,158.0,160.5,158.0,158.0,-1.0,223,2015,15.72,4.0,10.9,1722.2,6.889662585755737,22.36,25.8
2015-10-23,8422,256598,40790881,159.5,160.0,158.0,158.0,0.0,195,2015,15.72,4.0,10.9,1722.2,6.889662585755737,22.36,25.8
2015-10-26,8422,274230,43873030,160.5,161.5,159.0,159.5,1.5,212,2015,15.87,4.04,10.9,1738.55,6.955070774861013,22.36,25.8
2015-10-27,8422,476000,75163500,160.0,161.0,156.0,158.0,-1.5,365,2015,15.72,4.0,10.9,1722.2,6.889662585755737,22.36,25.8
2015-10-28,8422,191268,30240380,158.0,159.0,157.0,158.5,0.5,175,2015,15.77,4.01,10.9,1727.65,6.911465315457495,22.36,25.8
2015-10-29,8422,432398,68727078,160.0,161.0,157.0,159.0,0.5,363,2015,15.82,4.03,10.9,1733.1,6.933268045159254,22.36,25.8
2015-10-30,8422,213110,33990875,159.5,161.0,158.0,160.0,1.0,185,2015,15.92,4.05,10.9,1744.0,6.9768735045627714,22.36,25.8
2015-11-02,8422,206000,33000000,161.0,162.0,159.0,160.0,0.0,193,2015,15.92,4.05,10.9,1744.0,6.729934742014666,22.36,25.8
2015-11-03,8422,285621,45947602,160.5,162.0,159.0,162.0,2.0,268,2015,16.12,4.1,10.9,1765.8,6.814058926289849,22.36,25.8
2015-11-04,8422,891675,147062536,163.0,167.0,163.0,164.0,2.0,728,2015,16.32,4.15,10.9,1787.6,6.898183110565033,22.36,25.8
2015-11-05,8422,470734,77643610,166.0,166.5,163.5,165.0,1.0,399,2015,16.42,4.18,10.9,1798.5,6.9402452027026245,22.36,25.8
2015-11-06,8422,538113,87825371,165.0,165.0,161.0,162.0,-3.0,447,2015,14.86,3.81,10.9,1765.8,6.814058926289849,22.36,25.8
2015-11-09,8422,911521,150267444,164.0,167.0,162.5,163.0,1.0,651,2015,14.95,3.84,10.9,1776.7,6.856121018427441,22.36,25.8
2015-11-10,8422,860486,142031176,163.0,166.5,162.5,163.0,0.0,719,2015,14.95,3.84,10.9,1776.7,6.856121018427441,22.36,25.8
2015-11-11,8422,1854304,312775964,166.0,171.5,165.5,166.0,3.0,1523,2015,15.23,3.91,10.9,1809.4,6.982307294840216,22.36,25.8
2015-11-12,8422,1590324,270480728,169.0,172.0,167.0,170.0,4.0,1283,2015,15.6,4.0,10.9,1853.0,7.150555663390583,22.36,25.8
2015-11-13,8422,2141702,371868900,171.0,176.5,168.0,174.5,4.5,1634,2015,16.01,4.11,10.9,1902.05,7.339835078009745,22.36,25.8
2015-11-16,8422,1430245,251464610,174.0,178.0,172.0,178.0,3.5,1181,2015,16.33,4.19,10.9,1940.2,7.487052400491316,22.36,25.8
2015-11-17,8422,2055634,368279584,179.5,182.0,176.0,176.5,-1.5,1507,2015,16.19,4.15,10.9,1923.85,7.423959262284929,22.36,25.8
2015-11-18,8422,957890,170606030,179.0,180.0,176.5,176.5,0.0,747,2015,16.19,4.15,10.9,1923.85,7.423959262284929,22.36,25.8
2015-11-19,8422,1913557,345124479,177.5,183.0,177.0,179.0,2.5,1449,2015,16.42,4.21,10.9,1951.1,7.529114492628908,22.36,25.8
2015-11-20,8422,1177936,211863044,180.5,182.5,177.5,179.5,0.5,946,2015,16.47,4.23,10.9,1956.55,7.550145538697704,22.36,25.8
2015-11-23,8422,760350,136744500,180.5,181.5,178.5,179.0,-0.5,615,2015,16.42,4.21,10.9,1951.1,7.529114492628908,22.36,25.8
2015-11-24,8422,1452945,264899045,180.0,185.0,179.5,181.0,2.0,1106,2015,16.61,4.26,10.9,1972.9,7.613238676904091,22.36,25.8
2015-11-25,8422,2111713,391355192,185.5,187.5,183.0,183.5,2.5,1665,2015,16.83,4.32,10.9,2000.15,7.71839390724807,22.36,25.8
2015-11-26,8422,1446157,267347045,184.0,188.0,182.0,185.0,1.5,1150,2015,16.97,4.35,10.9,2016.5,7.781487045454457,22.36,25.8
2015-11-27,8422,821012,151885220,186.0,186.5,183.5,184.5,-0.5,683,2015,16.93,4.34,10.9,2011.05,7.760455999385662,22.36,25.8
2015-11-30,8422,963806,175744416,183.0,186.0,178.0,186.0,1.5,681,2015,17.06,4.38,10.9,2027.4,7.82354913759205,22.36,25.8
2015-12-01,8422,1201730,223972510,185.0,188.5,184.0,187.0,1.0,940,2015,17.16,4.4,10.9,2038.3,7.865611229729641,22.36,25.8
2015-12-02,8422,1131360,210953780,189.5,189.5,184.5,185.5,-1.5,846,2015,17.02,4.37,10.9,2021.95,7.574741545824948,22.36,25.8
2015-12-03,8422,529625,97371187,183.0,185.0,182.0,183.5,-2.0,443,2015,16.83,4.32,10.9,2000.15,7.493073173363223,22.36,25.8
2015-12-04,8422,397544,72742807,182.0,184.5,181.5,183.5,0.0,370,2015,16.83,4.32,10.9,2000.15,7.493073173363223,22.36,25.8
2015-12-07,8422,327252,59954364,185.0,185.5,182.5,182.5,-1.0,300,2015,16.74,4.3,10.9,1989.25,7.452238987132361,22.36,25.8
2015-12-08,8422,870614,160515552,184.5,186.0,182.5,182.5,0.0,747,2015,16.74,4.3,10.9,1989.25,7.452238987132361,22.36,25.8
2015-12-09,8422,727065,130485440,182.5,184.0,177.0,177.5,-5.0,565,2015,16.28,4.18,10.9,1934.75,7.24806805597805,22.36,25.8
2015-12-10,8422,1108873,195915148,176.0,183.5,171.5,177.0,-0.5,910,2015,16.24,4.17,10.9,1929.3,7.227650962862619,22.36,25.8
2015-12-11,8422,569955,101471580,181.0,181.0,176.0,177.0,0.0,502,2015,16.24,4.17,10.9,1929.3,7.227650962862619,22.36,25.8
2015-12-14,8422,344293,61279447,173.0,180.0,173.0,180.0,3.0,321,2015,16.51,4.24,10.9,1962.0,7.350153521555206,22.36,25.8
2015-12-15,8422,404401,72432979,180.0,181.0,177.5,180.0,0.0,365,2015,16.51,4.24,10.9,1962.0,7.350153521555206,22.36,25.8
2015-12-16,8422,311298,55737342,181.5,182.0,177.5,179.0,-1.0,269,2015,16.42,4.21,10.9,1951.1,7.309319335324344,22.36,25.8
2015-12-17,8422,578298,103365842,179.0,180.0,177.0,178.0,-1.0,451,2015,16.33,4.19,10.9,1940.2,7.268485149093481,22.36,25.8
2015-12-18,8422,511701,90340726,178.0,179.5,175.0,176.0,-2.0,450,2015,16.15,4.14,10.9,1918.4,7.1868167766317566,22.36,25.8
2015-12-21,8422,293100,52118350,176.0,180.0,174.5,178.5,2.5,248,2015,16.38,4.2,10.9,1945.65,7.288902242208912,22.36,25.8
2015-12-22,8422,1858345,342900670,178.5,187.0,178.5,186.0,7.5,1365,2015,17.06,4.38,10.9,2027.4,7.595158638940379,22.36,25.8
2015-12-23,8422,1043974,191659794,187.0,187.5,180.5,180.5,-5.5,856,2015,16.56,4.25,10.9,1967.45,7.370570614670637,22.36,25.8
2015-12-24,8422,773554,137206558,182.0,182.5,175.5,175.5,-5.0,596,2015,16.1,4.13,10.9,1912.95,7.1663996835163255,22.36,25.8
2015-12-25,8422,157940,27851908,174.0,178.0,174.0,176.0,0.5,149,2015,16.15,4.14,10.9,1918.4,7.1868167766317566,22.36,25.8
2015-12-28,8422,167256,29680068,178.0,178.5,176.0,177.0,1.0,156,2015,16.24,4.17,10.9,1929.3,7.227650962862619,22.36,25.8
2015-12-29,8422,303472,53409308,177.0,177.5,175.0,176.0,-1.0,245,2015,16.15,4.14,10.9,1918.4,7.1868167766317566,22.36,25.8
2015-12-30,8422,205050,36186100,176.0,177.5,176.0,176.0,0.0,200,2015,16.15,4.14,10.9,1918.4,7.1868167766317566,22.36,25.8
2015-12-31,8422,344150,60205050,176.0,176.5,174.5,174.5,-1.5,288,2015,16.01,4.11,10.9,1902.05,7.125565497285463,22.36,25.8
2016-01-04,8422,463493,80079796,176.5,177.0,171.0,171.0,-3.5,389,2016,15.69,4.03,10.9,1863.9,6.776659989020058,24.44,28.09
2016-01-05,8422,676000,114311500,171.0,171.5,167.5,168.5,-2.5,589,2016,15.46,3.97,10.9,1836.65,6.677586012572397,24.44,28.09
2016-01-06,8422,580380,96252960,170.0,171.0,164.0,164.5,-4.0,510,2016,15.09,3.87,10.9,1793.05,6.519067650256138,24.44,28.09
2016-01-07,8422,803205,131658631,167.0,169.0,159.0,165.5,1.0,643,2016,15.18,3.9,10.9,1803.95,6.558697240835203,24.44,28.09
2016-01-08,8422,332701,55918768,165.5,171.0,164.0,166.5,1.0,304,2016,15.28,3.92,10.9,1814.85,6.598326831414267,24.44,28.09
2016-01-11,8422,162147,26777622,166.5,167.0,163.5,164.0,-2.5,156,2016,15.05,3.86,10.9,1787.6,6.499252854966605,24.44,28.09
2016-01-12,8422,330275,54799750,165.0,169.0,164.0,165.0,1.0,295,2016,15.14,3.88,10.9,1798.5,6.538882445545671,24.44,28.09
2016-01-13,8422,327648,54989160,168.0,169.0,165.5,169.0,4.0,316,2016,15.5,3.98,10.9,1842.1,6.697400807861929,24.44,28.09
2016-01-14,8422,214300,35440449,166.0,167.0,163.5,165.5,-3.5,202,2016,15.18,3.9,10.9,1803.95,6.558697240835203,24.44,28.09
2016-01-15,8422,370300,61224600,167.0,167.5,163.5,165.0,-0.5,316,2016,15.14,3.88,10.9,1798.5,6.538882445545671,24.44,28.09
2016-01-18,8422,535200,86655000,161.5,164.5,160.0,162.0,-3.0,461,2016,14.86,3.81,10.9,1765.8,6.419993673808476,24.44,28.09
2016-01-19,8422,491112,79014648,162.0,163.0,159.5,163.0,1.0,402,2016,14.95,3.84,10.9,1776.7,6.459623264387541,24.44,28.09
2016-01-20,8422,168183,27101927,162.5,163.0,160.0,160.5,-2.5,151,2016,14.72,3.78,10.9,1749.45,6.36054928793988,24.44,28.09
2016-01-21,8422,301250,48283250,160.0,162.0,159.0,159.0,-1.5,281,2016,14.59,3.74,10.9,1733.1,6.301104902071282,24.44,28.09
2016-01-22,8422,238085,38068355,159.5,161.5,159.0,159.5,0.5,231,2016,14.63,3.75,10.9,1738.55,6.320919697360814,24.44,28.09
2016-01-25,8422,380215,61464045,161.0,163.5,160.0,161.5,2.0,382,2016,14.82,3.8,10.9,1760.35,6.400178878518944,24.44,28.09
2016-01-26,8422,217100,34820800,161.0,162.0,159.5,161.0,-0.5,196,2016,14.77,3.79,10.9,1754.9,6.380364083229412,24.44,28.09
2016-01-27,8422,195943,31453350,161.0,161.5,160.0,160.0,-1.0,207,2016,14.68,3.77,10.9,1744.0,6.340734492650347,24.44,28.09
2016-01-28,8422,304000,49395000,160.0,164.0,160.0,162.0,2.0,276,2016,14.86,3.81,10.9,1765.8,6.419993673808476,24.44,28.09
2016-01-29,8422,456623,75122605,162.0,166.0,162.0,165.0,3.0,426,2016,15.14,3.88,10.9,1798.5,6.538882445545671,24.44,28.09
2016-01-30,8422,219151,36370670,167.0,167.5,164.5,165.0,0.0,202,2016,15.14,3.88,10.9,1798.5,6.538882445545671,24.44,28.09
2016-02-01,8422,197350,32638950,165.5,166.0,164.5,166.0,1.0,196,2016,15.23,3.91,10.9,1809.4,6.578512036124735,24.44,28.09
2016-02-02,8422,622120,105049780,165.5,171.5,165.5,169.5,3.5,590,2016,15.55,3.99,10.9,1847.55,6.501344043927135,24.44,28.09
2016-02-03,8422,355740,59300080,168.5,169.0,165.5,167.0,-2.5,341,2016,15.32,3.93,10.9,1820.3,6.405454013780717,24.44,28.09
2016-02-15,8422,312249,52186081,167.0,168.5,165.0,167.5,0.5,289,2016,15.37,3.94,10.9,1825.75,6.424632019810001,24.44,28.09
2016-02-16,8422,456713,76166926,168.0,168.5,165.0,167.0,-0.5,353,2016,15.32,3.93,10.9,1820.3,6.405454013780717,24.44,28.09
2016-02-17,8422,409303,68185298,168.0,169.0,164.5,165.5,-1.5,324,2016,15.18,3.9,10.9,1803.95,6.347919995692866,24.44,28.09
2016-02-18,8422,604006,100276008,166.5,167.5,165.0,166.5,1.0,514,2016,15.28,3.92,10.9,1814.85,6.386276007751433,24.44,28.09
2016-02-19,8422,479491,81461693,167.5,171.5,166.5,171.0,4.5,396,2016,15.69,4.03,10.9,1863.9,6.558878062014986,24.44,28.09
2016-02-22,8422,798728,139693900,172.5,178.0,172.0,175.0,4.0,638,2016,16.06,4.12,10.9,1907.5,6.712302110249254,24.44,28.09
2016-02-23,8422,511507,90046239,176.5,177.0,174.5,177.0,2.0,391,2016,16.24,4.17,10.9,1929.3,6.789014134366389,24.44,28.09
2016-02-24,8422,398370,69070324,175.0,176.0,171.5,172.5,-4.5,347,2016,15.83,4.06,10.9,1880.25,6.616412080102837,24.44,28.09
2016-02-25,8422,128120,22189819,175.0,175.0,172.5,173.0,0.5,122,2016,15.87,4.07,10.9,1885.7,6.63559008613212,24.44,28.09
2016-02-26,8422,539239,95040042,174.0,177.5,173.0,177.5,4.5,469,2016,16.28,4.18,10.9,1934.75,6.808192140395672,24.44,28.09
2016-03-01,8422,615067,110217560,179.5,181.0,176.5,181.0,3.5,546,2016,16.61,4.26,10.9,1972.9,6.942438182600657,24.44,28.09
2016-03-02,8422,783403,143298443,182.0,185.0,181.0,181.0,0.0,620,2016,16.61,4.26,10.9,1972.9,6.734446923007341,24.44,28.09
2016-03-03,8422,795969,142545482,181.5,182.0,177.0,178.0,-3.0,347,2016,16.33,4.19,10.9,1940.2,6.622826255775175,24.44,28.09
2016-03-04,8422,720641,130435739,177.5,183.0,177.5,180.0,2.0,586,2016,16.51,4.24,10.9,1962.0,6.697240033929952,24.44,28.09
2016-03-07,8422,360427,64221860,180.0,180.0,177.0,178.0,-2.0,312,2016,16.33,4.19,10.9,1940.2,6.622826255775175,24.44,28.09
2016-03-08,8422,557643,100454917,180.5,182.0,178.5,180.5,2.5,455,2016,16.56,4.25,10.9,1967.45,6.7158434784686465,24.44,28.09
2016-03-09,8422,405573,73185995,180.0,181.5,179.0,181.5,1.0,382,2016,16.65,4.27,10.9,1978.35,6.753050367546035,24.44,28.09
2016-03-10,8422,1752681,317623442,181.0,183.0,180.5,183.0,1.5,330,2016,16.79,4.31,10.9,1994.7,6.808860701162118,24.44,28.09
2016-03-11,8422,198447,36210854,183.5,184.0,181.5,182.0,-1.0,200,2016,16.7,4.28,10.9,1983.8,6.771653812084729,24.44,28.09
2016-03-14,8422,267161,48548641,182.0,183.5,180.0,180.5,-1.5,236,2016,16.56,4.25,10.9,1967.45,6.7158434784686465,24.44,28.09
2016-03-15,8422,456032,81923164,180.0,182.5,177.0,177.0,-3.5,419,2016,16.24,4.17,10.9,1929.3,6.585619366697786,24.44,28.09
2016-03-16,8422,399162,70710674,176.0,179.0,176.0,176.0,-1.0,333,2016,16.15,4.14,10.9,1918.4,6.548412477620397,24.44,28.09
2016-03-17,8422,575500,101374500,177.5,179.0,173.5,175.0,-1.0,459,2016,16.06,4.12,10.9,1907.5,6.511205588543009,24.44,28.09
2016-03-18,8422,581297,102403107,175.0,180.0,174.5,180.0,5.0,293,2016,16.51,4.24,10.9,1962.0,6.697240033929952,24.44,28.09
2016-03-21,8422,141088,25193383,179.5,180.0,177.5,178.5,-1.5,133,2016,16.38,4.2,10.9,1945.65,6.641429700313869,24.44,28.09
2016-03-22,8422,127235,22551830,177.0,179.0,176.5,176.5,-2.0,111,2016,16.19,4.15,10.9,1923.85,6.567015922159092,24.44,28.09
2016-03-23,8422,178200,31483600,176.0,178.0,175.5,176.5,0.0,160,2016,16.19,4.15,10.9,1923.85,6.567015922159092,24.44,28.09
2016-03-24,8422,144250,25460000,176.5,177.5,175.5,177.0,0.5,92,2016,16.24,4.17,10.9,1929.3,6.585619366697786,24.44,28.09
2016-03-25,8422,253288,44504118,176.0,176.5,175.0,175.5,-1.5,216,2016,16.1,4.13,10.9,1912.95,6.529809033081703,24.44,28.09
2016-03-28,8422,285350,50836300,177.5,180.0,176.0,176.0,0.5,249,2016,15.56,3.87,10.9,1918.4,6.548412477620397,24.44,28.09
2016-03-29,8422,281144,49500559,176.0,177.5,175.5,176.5,0.5,245,2016,15.61,3.88,10.9,1923.85,6.567015922159092,24.44,28.09
2016-03-30,8422,179920,31880180,176.0,178.5,175.5,176.5,0.0,166,2016,15.61,3.88,10.9,1923.85,6.567015922159092,24.44,28.09
2016-03-31,8422,342955,61348375,179.0,180.0,176.5,178.5,2.0,303,2016,15.78,3.93,10.9,1945.65,6.641429700313869,24.44,28.09
2016-04-01,8422,179036,31841480,178.0,179.0,177.0,178.0,-0.5,171,2016,15.74,3.91,10.9,1940.2,6.622826255775175,24.44,28.09
2016-04-06,8422,399720,71689458,179.5,180.0,177.0,180.0,2.0,372,2016,15.92,3.96,10.9,1962.0,6.513998290158451,24.44,28.09
2016-04-07,8422,524051,94663704,181.0,182.0,179.0,179.0,-1.0,439,2016,15.83,3.94,10.9,1951.1,6.477809410768682,24.44,28.09
2016-04-08,8422,430731,77734311,179.0,181.0,178.0,181.0,2.0,374,2016,16.0,3.98,10.9,1972.9,6.55018716954822,24.44,28.09
2016-04-11,8422,264050,47637250,181.0,181.5,179.0,179.0,-2.0,216,2016,15.83,3.94,10.9,1951.1,6.477809410768682,24.44,28.09
2016-04-12,8422,301377,54179080,179.0,180.5,179.0,180.5,1.5,252,2016,15.96,3.97,10.9,1967.45,6.5320927298533356,24.44,28.09
2016-04-13,8422,316855,57056823,181.0,181.0,179.0,180.0,-0.5,204,2016,15.92,3.96,10.9,1962.0,6.513998290158451,24.44,28.09
2016-04-14,8422,226000,40719000,181.0,181.0,179.0,180.0,0.0,177,2016,15.92,3.96,10.9,1962.0,6.513998290158451,24.44,28.09
2016-04-15,8422,335161,60410641,179.0,181.0,179.0,180.0,0.0,260,2016,15.92,3.96,10.9,1962.0,6.513998290158451,24.44,28.09
2016-04-18,8422,348359,62694799,179.0,180.5,179.0,179.5,-0.5,277,2016,15.87,3.95,10.9,1956.55,6.495903850463566,24.44,28.09
2016-04-19,8422,964102,176557818,183.0,185.0,180.5,184.5,5.0,796,2016,16.31,4.06,10.9,2011.05,6.676848247412412,24.44,28.09
2016-04-20,8422,1181964,220070376,186.5,188.0,184.0,184.0,-0.5,918,2016,16.27,4.05,10.9,2005.6,6.6587538077175275,24.44,28.09
2016-04-21,8422,594070,109900450,185.5,186.0,183.0,186.0,2.0,470,2016,16.45,4.09,10.9,2027.4,6.731131566497066,24.44,28.09
2016-04-22,8422,681468,123802240,184.5,186.0,178.5,179.0,-7.0,558,2016,15.83,3.94,10.9,1951.1,6.477809410768682,24.44,28.09
2016-04-25,8422,419488,74229852,178.0,179.5,174.5,176.5,-2.5,333,2016,15.61,3.88,10.9,1923.85,6.387337212294259,24.44,28.09
2016-04-26,8422,171100,30374350,176.5,178.5,175.0,177.5,1.0,161,2016,15.69,3.9,10.9,1934.75,6.423526091684028,24.44,28.09
2016-04-27,8422,269300,47643700,178.5,178.5,175.0,175.0,-2.5,245,2016,15.47,3.85,10.9,1907.5,6.333053893209605,24.44,28.09
2016-04-28,8422,254242,44938560,175.5,177.5,175.5,177.5,2.5,233,2016,15.69,3.9,10.9,1934.75,6.423526091684028,24.44,28.09
2016-04-29,8422,340331,59811082,175.0,177.5,175.0,175.0,-2.5,295,2016,15.47,3.85,10.9,1907.5,6.333053893209605,24.44,28.09
2016-05-03,8422,288090,50855110,175.5,179.0,174.0,177.0,2.0,245,2016,15.65,3.89,10.9,1929.3,6.199157701135243,24.44,28.09
2016-05-04,8422,369434,64889318,177.0,177.5,174.0,174.5,-2.5,309,2016,15.43,3.84,10.9,1902.05,6.111598976542937,24.44,28.09
2016-05-05,8422,217198,38070546,174.5,176.0,174.0,175.0,0.5,178,2016,15.47,3.85,10.9,1907.5,6.129110721461399,24.44,28.09
2016-05-06,8422,117200,20519200,175.0,176.0,174.5,174.5,-0.5,113,2016,15.43,3.84,10.9,1902.05,6.111598976542937,24.44,28.09
2016-05-09,8422,306100,54370500,177.5,179.0,176.5,177.0,2.5,267,2016,14.59,3.61,10.9,1929.3,6.199157701135243,24.44,28.09
2016-05-10,8422,192507,33902760,175.0,177.0,175.0,175.0,-2.0,190,2016,14.43,3.57,10.9,1907.5,6.129110721461399,24.44,28.09
2016-05-11,8422,474325,83525325,175.5,178.0,175.0,175.0,0.0,440,2016,14.43,3.57,10.9,1907.5,6.129110721461399,24.44,28.09
2016-05-12,8422,349835,61529960,177.5,177.5,174.5,174.5,-0.5,306,2016,14.39,3.56,10.9,1902.05,6.111598976542937,24.44,28.09
2016-05-13,8422,261442,45551734,174.5,175.5,173.5,174.0,-0.5,216,2016,14.34,3.55,10.9,1896.6,6.094087231624476,24.44,28.09
2016-05-16,8422,153400,26671600,174.0,175.0,173.5,173.5,-0.5,144,2016,14.3,3.54,10.9,1891.15,6.076575486706015,24.44,28.09
2016-05-17,8422,383534,67717783,174.0,178.0,174.0,176.0,2.5,336,2016,14.51,3.59,10.9,1918.4,6.164134211298321,24.44,28.09
2016-05-18,8422,288201,50589778,174.5,177.0,174.5,176.0,0.0,273,2016,14.51,3.59,10.9,1918.4,6.164134211298321,24.44,28.09
2016-05-19,8422,606820,105085000,176.0,177.0,170.0,171.0,-5.0,483,2016,14.1,3.49,10.9,1863.9,5.989016762113709,24.44,28.09
2016-05-20,8422,278139,48199103,172.0,176.0,171.0,175.0,4.0,255,2016,14.43,3.57,10.9,1907.5,6.129110721461399,24.44,28.09
2016-05-23,8422,274117,47872092,175.0,176.0,173.0,175.0,0.0,249,2016,14.43,3.57,10.9,1907.5,6.129110721461399,24.44,28.09
2016-05-24,8422,243109,42383575,175.0,176.0,173.0,174.0,-1.0,218,2016,14.34,3.55,10.9,1896.6,6.094087231624476,24.44,28.09
2016-05-25,8422,262200,46074400,175.0,176.5,174.5,175.5,1.5,231,2016,14.47,3.58,10.9,1912.95,6.14662246637986,24.44,28.09
2016-05-26,8422,245300,43210750,176.0,177.0,175.5,176.0,0.5,185,2016,14.51,3.59,10.9,1918.4,6.164134211298321,24.44,28.09
2016-05-27,8422,259846,45383471,176.0,177.0,174.0,174.0,-2.0,229,2016,14.34,3.55,10.9,1896.6,6.094087231624476,24.44,28.09
2016-05-30,8422,272150,47503324,174.0,176.5,173.5,174.0,0.0,222,2016,14.34,3.55,10.9,1896.6,6.094087231624476,24.44,28.09
2016-05-31,8422,322255,56275752,174.0,176.0,173.5,174.0,0.0,235,2016,14.34,3.55,10.9,1896.6,6.094087231624476,24.44,28.09
2016-06-01,8422,449402,78329850,175.0,176.0,173.0,174.0,0.0,323,2016,14.34,3.55,10.9,1896.6,6.094087231624476,24.44,28.09
2016-06-02,8422,261500,45573249,174.5,175.5,173.5,173.5,-0.5,237,2016,14.3,3.54,10.9,1891.15,6.017148307918652,24.44,28.09
2016-06-03,8422,161350,27975073,173.5,174.5,173.0,173.0,-0.5,151,2016,14.26,3.53,10.9,1885.7,5.999807822881422,24.44,28.09
2016-06-04,8422,72822,12628350,173.5,174.5,173.0,174.0,1.0,80,2016,14.34,3.55,10.9,1896.6,6.034488792955881,24.44,28.09
2016-06-06,8422,181800,31636600,174.0,174.5,173.5,173.5,-0.5,144,2016,14.3,3.54,10.9,1891.15,6.017148307918652,24.44,28.09
2016-06-07,8422,248565,43186375,173.0,174.5,173.0,173.5,0.0,215,2016,14.3,3.54,10.9,1891.15,6.017148307918652,24.44,28.09
2016-06-08,8422,356565,61784592,173.5,174.0,172.5,173.5,0.0,304,2016,14.3,3.54,10.9,1891.15,6.017148307918652,24.44,28.09
2016-06-13,8422,291750,50100750,173.0,173.5,171.0,171.0,-2.5,263,2016,14.1,3.49,10.9,1863.9,5.930445882732504,24.44,28.09
2016-06-14,8422,320600,54760499,171.0,171.5,170.0,171.0,0.0,300,2016,14.1,3.49,10.9,1863.9,5.930445882732504,24.44,28.09
2016-06-15,8422,185391,31702446,171.0,172.5,170.0,170.5,-0.5,163,2016,14.06,3.48,10.9,1858.45,5.913105397695275,24.44,28.09
2016-06-16,8422,182767,31219807,170.5,171.5,170.5,170.5,0.0,142,2016,14.06,3.48,10.9,1858.45,5.913105397695275,24.44,28.09
2016-06-17,8422,268700,45878600,171.0,172.0,170.0,170.5,0.0,207,2016,14.06,3.48,10.9,1858.45,5.913105397695275,24.44,28.09
2016-06-20,8422,412030,71118202,170.5,174.0,170.5,173.5,3.0,313,2016,14.3,3.54,10.9,1891.15,6.017148307918652,24.44,28.09
2016-06-21,8422,393280,68534138,173.5,175.0,173.0,175.0,1.5,284,2016,14.43,3.57,10.9,1907.5,6.069169763030341,24.44,28.09
2016-06-22,8422,280300,48879548,175.0,175.5,173.5,173.5,-1.5,249,2016,14.3,3.54,10.9,1891.15,6.017148307918652,24.44,28.09
2016-06-23,8422,175930,30447320,173.5,174.0,172.5,173.0,-0.5,166,2016,14.26,3.53,10.9,1885.7,5.999807822881422,24.44,28.09
2016-06-24,8422,361400,62042198,173.5,173.5,170.0,170.5,-2.5,291,2016,14.06,3.48,10.9,1858.45,5.913105397695275,24.44,28.09
2016-06-27,8422,179546,30653912,171.0,171.5,170.0,170.5,0.0,188,2016,14.06,3.48,10.9,1858.45,5.913105397695275,24.44,28.09
2016-06-28,8422,222310,38131095,171.0,173.0,170.0,173.0,2.5,207,2016,14.26,3.53,10.9,1885.7,5.999807822881422,24.44,28.09
2016-06-29,8422,178156,30846644,173.5,174.0,172.0,173.5,0.5,175,2016,14.3,3.54,10.9,1891.15,6.017148307918652,24.44,28.09
2016-06-30,8422,211750,36730124,174.0,174.5,172.5,173.0,-0.5,185,2016,14.26,3.53,10.9,1885.7,5.999807822881422,24.44,28.09
2016-07-01,8422,708131,124088925,173.0,178.0,173.0,174.5,1.5,560,2016,14.39,3.56,10.9,1902.05,6.051829277993111,24.44,28.09
2016-07-04,8422,985855,175500900,175.0,179.5,175.0,179.0,4.5,764,2016,14.76,3.65,10.9,1951.1,6.110634715520843,24.44,28.09
2016-07-05,8422,874164,156829684,180.0,180.5,178.0,179.5,0.5,658,2016,14.8,3.66,10.9,1956.55,6.12770352757537,24.44,28.09
2016-07-06,8422,814730,137509463,170.0,170.0,167.0,167.0,0.0,665,2016,13.77,3.41,10.9,1820.3,5.700983226212183,24.44,28.09
2016-07-07,8422,389127,65103463,169.0,169.5,166.0,166.0,-1.0,351,2016,13.69,3.39,10.9,1809.4,5.666845602103129,24.44,28.09
2016-07-11,8422,252633,42354110,166.5,169.0,166.5,168.0,2.0,217,2016,13.85,3.43,10.9,1831.2,5.7351208503212385,24.44,28.09
2016-07-12,8422,204560,34461260,168.5,169.0,168.0,168.5,0.5,192,2016,13.89,3.44,10.9,1836.65,5.752189662375765,24.44,28.09
2016-07-13,8422,316765,53831694,168.5,171.5,168.5,170.0,1.5,280,2016,14.01,3.47,10.9,1853.0,5.8033960985393485,24.44,28.09
2016-07-14,8422,232453,39219010,170.0,170.5,168.0,168.0,-2.0,236,2016,13.85,3.43,10.9,1831.2,5.7351208503212385,24.44,28.09
2016-07-15,8422,200375,33803060,168.0,169.5,168.0,169.0,1.0,191,2016,13.93,3.45,10.9,1842.1,5.769258474430293,24.44,28.09
2016-07-18,8422,142172,24016740,169.0,170.0,168.5,168.5,-0.5,143,2016,13.89,3.44,10.9,1836.65,5.752189662375765,24.44,28.09
2016-07-19,8422,241600,40472599,169.0,169.0,167.0,167.0,-1.5,211,2016,13.77,3.41,10.9,1820.3,5.700983226212183,24.44,28.09
2016-07-20,8422,267850,44850725,167.0,168.0,166.5,167.5,0.5,205,2016,13.81,3.42,10.9,1825.75,5.718052038266711,24.44,28.09
2016-07-21,8422,293565,49561767,168.0,170.5,167.5,169.0,1.5,256,2016,13.93,3.45,10.9,1842.1,5.769258474430293,24.44,28.09
2016-07-22,8422,217620,36803090,169.0,170.5,168.5,168.5,-0.5,188,2016,13.89,3.44,10.9,1836.65,5.752189662375765,24.44,28.09
2016-07-25,8422,209850,35485574,169.0,170.5,168.0,168.5,0.0,181,2016,13.89,3.44,10.9,1836.65,5.752189662375765,24.44,28.09
2016-07-26,8422,139400,23656500,169.5,170.5,168.5,170.0,1.5,118,2016,14.01,3.47,10.9,1853.0,5.8033960985393485,24.44,28.09
2016-07-27,8422,265624,45401014,170.5,171.5,170.0,171.5,1.5,218,2016,14.14,3.5,10.9,1869.35,5.854602534702931,24.44,28.09
2016-07-28,8422,281920,48630240,171.5,173.5,170.5,172.0,0.5,221,2016,14.18,3.51,10.9,1874.8,5.871671346757458,24.44,28.09
2016-07-29,8422,164288,28429967,173.0,174.0,172.0,173.5,1.5,147,2016,14.3,3.54,10.9,1891.15,5.922877782921041,24.44,28.09
2016-08-01,8422,197312,34074476,174.5,174.5,171.0,171.5,-2.0,181,2016,14.14,3.5,10.9,1869.35,5.854602534702931,24.44,28.09
2016-08-02,8422,209300,36170049,171.5,174.0,171.0,173.5,2.0,180,2016,14.3,3.54,10.9,1891.15,5.915968626268383,24.44,28.09
2016-08-03,8422,107584,18534032,172.5,173.0,171.5,173.0,-0.5,111,2016,14.26,3.53,10.9,1885.7,5.8989197253281285,24.44,28.09
2016-08-04,8422,124536,21447959,173.0,173.0,171.5,172.5,-0.5,114,2016,14.22,3.52,10.9,1880.25,5.881870824387874,24.44,28.09
2016-08-05,8422,287670,49231573,172.5,173.0,170.5,171.0,-1.5,247,2016,14.1,3.49,10.9,1863.9,5.83072412156711,24.44,28.09
2016-08-08,8422,111378,19072516,171.5,172.0,171.0,171.0,0.0,103,2016,13.2,4.03,10.9,1863.9,5.83072412156711,24.44,28.09
2016-08-09,8422,221300,37706248,170.0,172.0,169.5,171.0,0.0,191,2016,13.2,4.03,10.9,1863.9,5.83072412156711,24.44,28.09
2016-08-10,8422,200136,34318392,172.0,172.0,170.0,171.0,0.0,182,2016,13.2,4.03,10.9,1863.9,5.83072412156711,24.44,28.09
2016-08-11,8422,192264,32994804,171.0,173.5,170.0,172.5,1.5,175,2016,13.32,4.07,10.9,1880.25,5.881870824387874,24.44,28.09
2016-08-12,8422,281900,48856600,172.0,174.0,171.5,174.0,1.5,242,2016,13.44,4.1,10.9,1896.6,5.933017527208638,24.44,28.09
2016-08-15,8422,187465,32570910,174.0,174.0,173.0,174.0,0.0,172,2016,13.44,4.1,10.9,1896.6,5.933017527208638,24.44,28.09
2016-08-16,8422,296294,51776656,174.0,176.0,173.5,175.5,1.5,237,2016,13.55,4.14,10.9,1912.95,5.9841642300294025,24.44,28.09
2016-08-17,8422,233147,40959091,176.5,177.5,175.0,176.0,0.5,210,2016,13.59,4.15,10.9,1918.4,6.001213130969657,24.44,28.09
2016-08-18,8422,205642,36144560,176.0,177.0,174.5,176.5,0.5,183,2016,13.63,4.16,10.9,1923.85,6.018262031909912,24.44,28.09
2016-08-19,8422,210966,36754550,176.5,176.5,173.0,173.5,-3.0,184,2016,13.4,4.09,10.9,1891.15,5.915968626268383,24.44,28.09
2016-08-22,8422,144455,24996394,173.5,174.0,172.0,174.0,0.5,148,2016,13.44,4.1,10.9,1896.6,5.933017527208638,24.44,28.09
2016-08-23,8422,114245,19940120,174.5,175.5,173.0,174.5,0.5,96,2016,13.47,4.11,10.9,1902.05,5.950066428148893,24.44,28.09
2016-08-24,8422,111585,19475150,174.5,175.5,173.5,173.5,-1.0,106,2016,13.4,4.09,10.9,1891.15,5.915968626268383,24.44,28.09
2016-08-25,8422,195281,33891828,173.0,174.5,172.5,173.0,-0.5,182,2016,13.36,4.08,10.9,1885.7,5.8989197253281285,24.44,28.09
2016-08-26,8422,165114,28482778,173.0,174.0,172.0,172.0,-1.0,166,2016,13.28,4.05,10.9,1874.8,5.86482192344762,24.44,28.09
2016-08-29,8422,120240,20706760,172.0,173.5,171.5,172.0,0.0,116,2016,13.28,4.05,10.9,1874.8,5.86482192344762,24.44,28.09
2016-08-30,8422,98322,16944865,172.0,173.0,171.5,172.5,0.5,94,2016,13.32,4.07,10.9,1880.25,5.881870824387874,24.44,28.09
2016-08-31,8422,118391,20404337,173.0,173.5,171.5,172.5,0.0,111,2016,13.32,4.07,10.9,1880.25,5.881870824387874,24.44,28.09
2016-09-01,8422,153265,26389610,171.5,173.5,171.5,172.5,0.0,148,2016,13.32,4.07,10.9,1880.25,5.881870824387874,24.44,28.09
2016-09-02,8422,96420,16560450,172.5,173.0,171.5,171.5,-1.0,96,2016,13.24,4.04,10.9,1869.35,5.799390448960648,24.44,28.09
2016-09-05,8422,142022,24550814,172.5,173.5,171.5,173.0,1.5,138,2016,13.36,4.08,10.9,1885.7,5.850113980584211,24.44,28.09
2016-09-06,8422,102995,17879126,174.0,174.0,173.0,174.0,1.0,104,2016,13.44,4.1,10.9,1896.6,5.883929668333253,24.44,28.09
2016-09-07,8422,480096,84761492,175.0,178.5,175.0,176.0,2.0,357,2016,13.59,4.15,10.9,1918.4,5.951561043831336,24.44,28.09
2016-09-08,8422,303300,53190800,177.0,177.0,174.5,175.0,-1.0,228,2016,13.51,4.13,10.9,1907.5,5.917745356082294,24.44,28.09
2016-09-09,8422,107456,18855028,175.0,176.5,175.0,176.0,1.0,99,2016,13.59,4.15,10.9,1918.4,5.951561043831336,24.44,28.09
2016-09-10,8422,77399,13515325,174.0,175.5,173.5,174.5,-1.5,68,2016,13.47,4.11,10.9,1902.05,5.900837512207773,24.44,28.09
2016-09-12,8422,116551,20428476,174.5,176.0,174.5,175.5,1.0,114,2016,13.55,4.14,10.9,1912.95,5.9346531999568155,24.44,28.09
2016-09-13,8422,132685,23141531,175.5,176.5,173.5,173.5,-2.0,116,2016,13.4,4.09,10.9,1891.15,5.867021824458732,24.44,28.09
2016-09-14,8422,125230,21820750,173.5,175.0,173.0,174.5,1.0,115,2016,13.47,4.11,10.9,1902.05,5.900837512207773,24.44,28.09
2016-09-19,8422,119454,20878950,175.5,175.5,174.0,174.5,0.0,118,2016,13.47,4.11,10.9,1902.05,5.900837512207773,24.44,28.09
2016-09-20,8422,101422,17682637,175.0,175.0,174.0,174.0,-0.5,99,2016,13.44,4.1,10.9,1896.6,5.883929668333253,24.44,28.09
2016-09-21,8422,141674,24697112,173.5,175.0,173.5,174.5,0.5,142,2016,13.47,4.11,10.9,1902.05,5.900837512207773,24.44,28.09
2016-09-22,8422,93545,16331645,174.5,175.5,174.0,174.0,-0.5,95,2016,13.44,4.1,10.9,1896.6,5.883929668333253,24.44,28.09
2016-09-23,8422,251759,43818445,174.0,174.5,173.5,174.0,0.0,180,2016,13.44,4.1,10.9,1896.6,5.883929668333253,24.44,28.09
2016-09-26,8422,92500,16099249,174.5,174.5,173.5,174.0,0.0,70,2016,13.44,4.1,10.9,1896.6,5.883929668333253,24.44,28.09
2016-09-29,8422,201903,35142070,174.0,174.5,173.5,174.0,0.0,188,2016,13.44,4.1,10.9,1896.6,5.883929668333253,24.44,28.09
2016-09-30,8422,350513,60939018,174.0,174.5,173.0,173.0,-1.0,308,2016,13.36,4.08,10.9,1885.7,5.850113980584211,24.44,28.09
2016-10-03,8422,156354,27113271,173.5,174.0,173.0,173.5,0.5,149,2016,13.4,4.09,10.9,1891.15,5.823538903450858,24.44,28.09
2016-10-04,8422,126481,21842452,172.5,174.0,172.5,172.5,-1.0,141,2016,13.32,4.07,10.9,1880.25,5.789973837724917,24.44,28.09
2016-10-05,8422,198300,34087400,172.5,173.5,170.0,172.0,-0.5,175,2016,13.28,4.05,10.9,1874.8,5.773191304861946,24.44,28.09
2016-10-06,8422,153500,26321247,171.5,173.0,171.0,171.0,-1.0,156,2016,13.2,4.03,10.9,1863.9,5.739626239136005,24.44,28.09
2016-10-07,8422,192486,33094319,171.0,173.5,171.0,172.5,1.5,163,2016,13.32,4.07,10.9,1880.25,5.789973837724917,24.44,28.09
2016-10-11,8422,278441,47424072,172.0,172.0,169.0,170.5,-2.0,236,2016,13.17,4.02,10.9,1858.45,5.722843706273034,24.44,28.09
2016-10-12,8422,173707,29588104,170.0,171.5,169.5,170.5,0.0,189,2016,13.17,4.02,10.9,1858.45,5.722843706273034,24.44,28.09
2016-10-13,8422,93135,15967855,170.5,172.0,170.5,172.0,1.5,85,2016,13.28,4.05,10.9,1874.8,5.773191304861946,24.44,28.09
2016-10-14,8422,143625,24600185,171.5,172.5,170.5,170.5,-1.5,155,2016,13.17,4.02,10.9,1858.45,5.722843706273034,24.44,28.09
2016-10-17,8422,90980,15549080,170.0,172.0,170.0,171.5,1.0,98,2016,13.24,4.04,10.9,1869.35,5.756408771998975,24.44,28.09
2016-10-18,8422,56600,9681200,170.5,172.0,170.5,171.5,0.0,60,2016,13.24,4.04,10.9,1869.35,5.756408771998975,24.44,28.09
2016-10-19,8422,106122,18164484,172.0,172.0,170.5,171.0,-0.5,99,2016,13.2,4.03,10.9,1863.9,5.739626239136005,24.44,28.09
2016-10-20,8422,93601,15985070,170.5,172.0,170.5,171.0,0.0,92,2016,13.2,4.03,10.9,1863.9,5.739626239136005,24.44,28.09
2016-10-21,8422,356366,61604367,171.0,174.5,170.0,174.5,3.5,245,2016,13.47,4.11,10.9,1902.05,5.8571039691768,24.44,28.09
2016-10-24,8422,165088,28728724,174.0,175.0,173.0,174.0,-0.5,158,2016,13.44,4.1,10.9,1896.6,5.840321436313829,24.44,28.09
2016-10-25,8422,57157,9909239,174.0,174.0,173.0,173.0,-1.0,60,2016,13.36,4.08,10.9,1885.7,5.8067563705878875,24.44,28.09
2016-10-26,8422,141944,24286868,172.5,172.5,170.5,170.5,-2.5,154,2016,13.17,4.02,10.9,1858.45,5.722843706273034,24.44,28.09
2016-10-27,8422,213653,36414489,170.5,171.5,170.0,171.5,1.0,160,2016,13.24,4.04,10.9,1869.35,5.756408771998975,24.44,28.09
2016-10-28,8422,168605,28731455,171.5,171.5,170.0,170.0,-1.5,171,2016,13.13,4.01,10.9,1853.0,5.706061173410063,24.44,28.09
2016-10-31,8422,269168,45599560,170.5,170.5,168.0,168.0,-2.0,155,2016,12.97,3.96,10.9,1831.2,5.6389310419581795,24.44,28.09
2016-11-01,8422,294083,48906444,168.0,168.5,165.0,166.0,-2.0,315,2016,12.82,3.91,10.9,1809.4,5.571800910506297,24.44,28.09
2016-11-02,8422,161944,26813620,166.0,166.5,165.0,165.5,-0.5,165,2016,12.78,3.9,10.9,1803.95,5.593490782267026,24.44,28.09
2016-11-03,8422,126003,20821498,165.0,166.5,165.0,165.5,0.0,145,2016,12.78,3.9,10.9,1803.95,5.593490782267026,24.44,28.09
2016-11-04,8422,121515,20132990,165.5,166.0,165.0,165.5,0.0,130,2016,12.78,3.9,10.9,1803.95,5.593490782267026,24.44,28.09
2016-11-07,8422,125063,20804021,166.0,167.0,165.5,166.5,1.0,137,2016,12.86,3.93,10.9,1814.85,5.627288309652326,24.44,28.09
2016-11-08,8422,186500,30889000,166.5,166.5,165.0,165.5,-1.0,175,2016,12.78,3.9,10.9,1803.95,5.593490782267026,24.44,28.09
2016-11-09,8422,345649,56365085,165.0,165.5,161.0,165.0,-0.5,319,2016,12.74,3.89,10.9,1798.5,5.5765920185743765,24.44,28.09
2016-11-10,8422,127400,21079800,165.0,166.5,164.0,166.0,1.0,123,2016,12.82,3.91,10.9,1809.4,5.610389545959676,24.44,28.09
2016-11-11,8422,145832,23901112,166.0,166.0,163.0,164.5,-1.5,127,2016,12.28,3.59,10.9,1793.05,5.5596932548817275,24.44,28.09
2016-11-14,8422,80997,13331002,164.5,165.0,164.0,164.5,0.0,94,2016,12.28,3.59,10.9,1793.05,5.5596932548817275,24.44,28.09
2016-11-15,8422,147885,24449410,164.5,166.0,164.0,165.5,1.0,139,2016,12.35,3.61,10.9,1803.95,5.593490782267026,24.44,28.09
2016-11-16,8422,289185,47624525,166.0,166.0,163.0,163.5,-2.0,241,2016,12.2,3.57,10.9,1782.15,5.525895727496428,24.44,28.09
2016-11-17,8422,247350,40334100,163.0,165.0,162.0,165.0,1.5,218,2016,12.31,3.6,10.9,1798.5,5.5765920185743765,24.44,28.09
2016-11-18,8422,199292,32544472,165.0,165.0,163.0,164.0,-1.0,176,2016,12.24,3.58,10.9,1787.6,5.542794491189078,24.44,28.09
2016-11-21,8422,73100,12004500,164.0,164.5,163.5,164.5,0.5,100,2016,12.28,3.59,10.9,1793.05,5.5596932548817275,24.44,28.09
2016-11-22,8422,335200,55746699,166.0,167.5,165.5,167.5,3.0,251,2016,12.5,3.65,10.9,1825.75,5.661085837037625,24.44,28.09
2016-11-23,8422,239265,39899020,167.5,168.0,165.5,166.0,-1.5,194,2016,12.39,3.62,10.9,1809.4,5.610389545959676,24.44,28.09
2016-11-24,8422,95335,15900450,166.0,167.5,166.0,166.5,0.5,87,2016,12.43,3.63,10.9,1814.85,5.627288309652326,24.44,28.09
2016-11-25,8422,105250,17559624,166.5,168.0,166.0,166.5,0.0,93,2016,12.43,3.63,10.9,1814.85,5.627288309652326,24.44,28.09
2016-11-28,8422,88596,14799628,167.0,167.5,166.5,166.5,0.0,91,2016,12.43,3.63,10.9,1814.85,5.627288309652326,24.44,28.09
2016-11-29,8422,114150,19018350,166.5,167.0,166.0,166.5,0.0,109,2016,12.43,3.63,10.9,1814.85,5.627288309652326,24.44,28.09
2016-11-30,8422,393894,65675192,166.5,167.5,166.0,166.5,0.0,215,2016,12.43,3.63,10.9,1814.85,5.627288309652326,24.44,28.09
2016-12-01,8422,175449,29110432,166.5,167.0,165.5,165.5,-1.0,148,2016,12.35,3.61,10.9,1803.95,5.593490782267026,24.44,28.09
2016-12-02,8422,97100,16053200,165.5,166.0,165.0,165.5,0.0,107,2016,12.35,3.61,10.9,1803.95,5.675734774749832,24.44,28.09
2016-12-05,8422,299303,49743749,165.5,170.0,164.5,166.5,1.0,265,2016,12.43,3.63,10.9,1814.85,5.710029244687897,24.44,28.09
2016-12-06,8422,189156,31508552,166.5,168.0,166.0,166.0,-0.5,190,2016,12.39,3.62,10.9,1809.4,5.692882009718864,24.44,28.09
2016-12-07,8422,280581,46429734,165.5,166.5,164.5,165.5,-0.5,237,2016,12.35,3.61,10.9,1803.95,5.675734774749832,24.44,28.09
2016-12-08,8422,260385,43053410,165.5,166.0,164.5,165.0,-0.5,183,2016,12.31,3.6,10.9,1798.5,5.6585875397807985,24.44,28.09
2016-12-09,8422,62200,10288200,166.0,166.0,165.0,165.0,0.0,74,2016,12.31,3.6,10.9,1798.5,5.6585875397807985,24.44,28.09
2016-12-12,8422,173420,28477800,165.0,166.0,163.5,163.5,-1.5,182,2016,12.2,3.57,10.9,1782.15,5.6071458348737,24.44,28.09
2016-12-13,8422,117610,19226040,163.5,164.0,163.0,163.0,-0.5,133,2016,12.16,3.56,10.9,1776.7,5.589998599904668,24.44,28.09
2016-12-14,8422,132400,21641100,163.5,164.0,163.0,163.5,0.5,142,2016,12.2,3.57,10.9,1782.15,5.6071458348737,24.44,28.09
2016-12-15,8422,266532,43340477,164.0,164.0,162.0,162.5,-1.0,279,2016,12.13,3.54,10.9,1771.25,5.572851364935635,24.44,28.09
2016-12-16,8422,350060,57257340,163.5,165.5,162.0,164.0,1.5,315,2016,12.24,3.58,10.9,1787.6,5.624293069842733,24.44,28.09
2016-12-19,8422,333109,54849985,164.5,165.5,164.0,165.0,1.0,173,2016,12.31,3.6,10.9,1798.5,5.6585875397807985,24.44,28.09
2016-12-20,8422,192300,31775950,165.0,166.0,164.5,165.0,0.0,142,2016,12.31,3.6,10.9,1798.5,5.6585875397807985,24.44,28.09
2016-12-21,8422,142002,23211828,164.5,164.5,163.0,163.5,-1.5,132,2016,12.2,3.57,10.9,1782.15,5.6071458348737,24.44,28.09
2016-12-22,8422,50823,8324382,163.5,164.5,163.0,163.5,0.0,58,2016,12.2,3.57,10.9,1782.15,5.6071458348737,24.44,28.09
2016-12-23,8422,15000,2459500,163.0,164.5,163.0,164.0,0.5,29,2016,12.24,3.58,10.9,1787.6,5.624293069842733,24.44,28.09
2016-12-26,8422,35390,5802850,164.0,165.0,163.5,164.0,0.0,34,2016,12.24,3.58,10.9,1787.6,5.624293069842733,24.44,28.09
2016-12-27,8422,26700,4373500,163.5,164.0,163.5,163.5,-0.5,24,2016,12.2,3.57,10.9,1782.15,5.6071458348737,24.44,28.09
2016-12-28,8422,111657,18337405,165.0,165.0,163.5,163.5,0.0,75,2016,12.2,3.57,10.9,1782.15,5.6071458348737,24.44,28.09
2016-12-29,8422,66859,10942735,163.5,164.5,163.0,163.5,0.0,70,2016,12.2,3.57,10.9,1782.15,5.6071458348737,24.44,28.09
2016-12-30,8422,88300,14456100,163.5,164.5,163.0,164.5,1.0,75,2016,12.28,3.59,10.9,1793.05,5.641440304811765,24.44,28.09
2017-01-03,8422,132261,21641065,164.5,164.5,163.0,163.5,-1.0,143,2017,12.2,3.57,10.9,1782.15,5.707387466325405,22.65,25.46
2017-01-04,8422,173325,28267800,164.0,164.0,162.5,163.0,-0.5,188,2017,12.16,3.56,10.9,1776.7,5.689933682024716,22.65,25.46
2017-01-05,8422,254041,41308199,163.5,163.5,162.0,163.0,0.0,259,2017,12.16,3.56,10.9,1776.7,5.689933682024716,22.65,25.46
2017-01-06,8422,117351,19146884,163.5,163.5,162.5,163.0,0.0,143,2017,12.16,3.56,10.9,1776.7,5.689933682024716,22.65,25.46
2017-01-09,8422,300386,48683418,162.5,163.0,161.0,161.0,-2.0,299,2017,12.01,3.51,10.9,1754.9,5.620118544821959,22.65,25.46
2017-01-10,8422,217254,35079272,161.0,163.0,160.5,162.0,1.0,218,2017,12.09,3.53,10.9,1765.8,5.655026113423337,22.65,25.46
2017-01-11,8422,547089,88768507,162.0,163.5,161.0,162.5,0.5,288,2017,12.13,3.54,10.9,1771.25,5.672479897724027,22.65,25.46
2017-01-12,8422,215992,34970696,163.0,163.0,161.5,161.5,-1.0,201,2017,12.05,3.52,10.9,1760.35,5.637572329122648,22.65,25.46
2017-01-13,8422,131191,21364726,162.0,164.0,162.0,163.5,2.0,134,2017,12.2,3.57,10.9,1782.15,5.707387466325405,22.65,25.46
2017-01-16,8422,135873,22139299,163.5,163.5,162.5,162.5,-1.0,142,2017,12.13,3.54,10.9,1771.25,5.672479897724027,22.65,25.46
2017-01-17,8422,197723,32100986,162.5,163.0,162.0,162.0,-0.5,208,2017,12.09,3.53,10.9,1765.8,5.655026113423337,22.65,25.46
2017-01-18,8422,173316,28346324,162.5,164.5,162.5,163.0,1.0,165,2017,12.16,3.56,10.9,1776.7,5.689933682024716,22.65,25.46
2017-01-19,8422,204979,33446565,163.5,163.5,162.5,163.5,0.5,217,2017,12.2,3.57,10.9,1782.15,5.707387466325405,22.65,25.46
2017-01-20,8422,182946,29756669,163.5,163.5,162.0,162.5,-1.0,161,2017,12.13,3.54,10.9,1771.25,5.672479897724027,22.65,25.46
2017-01-23,8422,189183,30865600,162.5,163.5,162.5,163.5,1.0,194,2017,12.2,3.57,10.9,1782.15,5.707387466325405,22.65,25.46
2017-01-24,8422,177920,29118880,163.5,164.0,163.5,163.5,0.0,183,2017,12.2,3.57,10.9,1782.15,5.707387466325405,22.65,25.46
2017-02-02,8422,718243,117768193,164.0,165.0,163.0,163.0,-0.5,227,2017,12.16,3.56,10.9,1776.7,5.788433363295788,22.65,25.46
2017-02-03,8422,251300,41220800,163.5,165.0,163.5,165.0,2.0,226,2017,12.31,3.6,10.9,1798.5,5.859457085544816,22.65,25.46
2017-02-06,8422,654997,108592492,165.5,167.0,164.5,166.5,1.5,382,2017,12.43,3.63,10.9,1814.85,5.912724877231587,22.65,25.46
2017-02-07,8422,457590,76456501,166.0,169.0,165.0,168.5,2.0,423,2017,12.57,3.68,10.9,1836.65,5.983748599480615,22.65,25.46
2017-02-08,8422,368279,62468709,167.5,170.5,167.0,170.0,1.5,346,2017,12.69,3.71,10.9,1853.0,6.037016391167386,22.65,25.46
2017-02-09,8422,232656,39620488,170.0,171.0,170.0,170.0,0.0,197,2017,12.69,3.71,10.9,1853.0,6.037016391167386,22.65,25.46
2017-02-10,8422,303516,51744736,170.0,171.0,170.0,170.5,0.5,246,2017,12.72,3.72,10.9,1858.45,6.054772321729643,22.65,25.46
2017-02-13,8422,348843,59247810,171.0,171.0,169.0,169.0,-1.5,317,2017,12.61,3.69,10.9,1842.1,6.0015045300428715,22.65,25.46
2017-02-14,8422,277007,46496184,169.0,169.5,166.5,169.0,0.0,266,2017,12.61,3.69,10.9,1842.1,6.0015045300428715,22.65,25.46
2017-02-15,8422,337765,57569426,171.0,171.0,169.0,170.0,1.0,328,2017,12.69,3.71,10.9,1853.0,6.037016391167386,22.65,25.46
2017-02-16,8422,371469,62900730,170.0,171.0,167.5,170.0,0.0,352,2017,12.69,3.71,10.9,1853.0,6.037016391167386,22.65,25.46
2017-02-17,8422,126791,21481261,170.0,171.0,169.0,169.0,-1.0,124,2017,12.61,3.69,10.9,1842.1,6.0015045300428715,22.65,25.46
2017-02-18,8422,49315,8369365,170.5,170.5,169.0,169.5,0.5,53,2017,12.65,3.7,10.9,1847.55,6.019260460605128,22.65,25.46
2017-02-20,8422,129223,21907020,171.0,171.0,169.0,169.0,-0.5,122,2017,12.61,3.69,10.9,1842.1,6.0015045300428715,22.65,25.46
2017-02-21,8422,121856,20681376,171.0,171.0,169.0,170.0,1.0,121,2017,12.69,3.71,10.9,1853.0,6.037016391167386,22.65,25.46
2017-02-22,8422,327056,55112044,170.0,170.0,167.5,169.5,-0.5,269,2017,12.65,3.7,10.9,1847.55,6.019260460605128,22.65,25.46
2017-02-23,8422,183549,31035601,169.5,170.5,168.5,169.5,0.0,122,2017,12.65,3.7,10.9,1847.55,6.019260460605128,22.65,25.46
2017-02-24,8422,210548,35486208,169.5,169.5,168.0,169.5,0.0,161,2017,12.65,3.7,10.9,1847.55,6.019260460605128,22.65,25.46
2017-03-01,8422,84600,14300500,169.5,169.5,168.5,169.0,-0.5,89,2017,12.61,3.69,10.9,1842.1,6.0015045300428715,22.65,25.46
2017-03-02,8422,131600,22291297,169.5,170.0,169.0,170.0,1.0,124,2017,12.69,3.71,10.9,1853.0,6.106086413809443,22.65,25.46
2017-03-03,8422,712621,123880738,170.0,176.0,170.0,174.5,4.5,644,2017,13.02,3.81,10.9,1902.05,6.267718112998517,22.65,25.46
2017-03-06,8422,183737,32073975,176.0,176.0,173.5,174.0,-0.5,147,2017,12.99,3.8,10.9,1896.6,6.249759035310842,22.65,25.46
2017-03-07,8422,263080,45588954,174.0,174.5,172.5,174.5,0.5,188,2017,13.02,3.81,10.9,1902.05,6.267718112998517,22.65,25.46
2017-03-08,8422,268720,46923078,175.0,175.5,174.0,175.5,1.0,224,2017,13.1,3.83,10.9,1912.95,6.303636268373866,22.65,25.46
2017-03-09,8422,167953,29231275,175.5,175.5,173.5,174.0,-1.5,157,2017,12.99,3.8,10.9,1896.6,6.249759035310842,22.65,25.46
2017-03-10,8422,320739,55165586,174.0,174.0,171.0,173.0,-1.0,251,2017,12.91,3.77,10.9,1885.7,6.213840879935493,22.65,25.46
2017-03-13,8422,231588,39803224,172.0,172.5,171.5,171.5,-1.5,200,2017,12.8,3.74,10.9,1869.35,6.159963646872468,22.65,25.46
2017-03-14,8422,137790,23734170,171.5,173.0,171.5,172.0,0.5,135,2017,12.84,3.75,10.9,1874.8,6.177922724560142,22.65,25.46
2017-03-15,8422,152669,26326906,172.0,173.0,172.0,172.5,0.5,150,2017,12.87,3.76,10.9,1880.25,6.1958818022478175,22.65,25.46
2017-03-16,8422,167507,28927218,172.5,173.5,172.0,172.5,0.0,168,2017,12.87,3.76,10.9,1880.25,6.1958818022478175,22.65,25.46
2017-03-17,8422,246574,42420084,173.0,173.0,171.5,172.0,-0.5,207,2017,12.84,3.75,10.9,1874.8,6.177922724560142,22.65,25.46
2017-03-20,8422,189653,32596292,172.0,173.0,171.0,172.5,0.5,189,2017,12.87,3.76,10.9,1880.25,6.1958818022478175,22.65,25.46
2017-03-21,8422,106745,18430754,173.0,173.0,172.0,173.0,0.5,107,2017,12.91,3.77,10.9,1885.7,6.213840879935493,22.65,25.46
2017-03-22,8422,109771,18932538,172.5,173.0,172.0,172.5,-0.5,104,2017,12.87,3.76,10.9,1880.25,6.1958818022478175,22.65,25.46
2017-03-23,8422,270309,46991917,173.0,175.5,173.0,173.5,1.0,222,2017,12.95,3.78,10.9,1891.15,6.231799957623167,22.65,25.46
2017-03-24,8422,164948,28660900,173.5,174.5,173.0,173.5,0.0,163,2017,13.11,3.56,10.9,1891.15,6.231799957623167,22.65,25.46
2017-03-27,8422,466120,81761620,177.0,177.0,174.5,175.0,1.5,360,2017,13.23,3.6,10.9,1907.5,6.285677190686192,22.65,25.46
2017-03-28,8422,340753,59167893,175.0,175.0,172.5,173.5,-1.5,296,2017,13.11,3.56,10.9,1891.15,6.231799957623167,22.65,25.46
2017-03-29,8422,164952,28602122,174.5,174.5,172.5,173.5,0.0,156,2017,13.11,3.56,10.9,1891.15,6.231799957623167,22.65,25.46
2017-03-30,8422,96649,16789575,174.0,174.0,173.0,174.0,0.5,107,2017,13.15,3.58,10.9,1896.6,6.249759035310842,22.65,25.46
2017-03-31,8422,249440,43321218,175.0,175.0,172.5,173.0,-1.0,230,2017,13.08,3.55,10.9,1885.7,6.213840879935493,22.65,25.46
2017-04-05,8422,236377,40852162,174.5,174.5,172.5,172.5,-0.5,222,2017,13.04,3.54,10.9,1880.25,6.335311057792255,22.65,25.46
2017-04-06,8422,157481,27304675,172.5,174.0,172.5,173.0,0.5,177,2017,13.08,3.55,10.9,1885.7,6.353674278249625,22.65,25.46
2017-04-07,8422,206572,35780808,173.0,174.0,172.5,173.5,0.5,225,2017,13.11,3.56,10.9,1891.15,6.372037498706994,22.65,25.46
2017-04-10,8422,212070,36789680,173.0,174.0,173.0,173.0,-0.5,198,2017,13.08,3.55,10.9,1885.7,6.353674278249625,22.65,25.46
2017-04-11,8422,236616,41000184,174.0,174.0,173.0,174.0,1.0,226,2017,13.15,3.58,10.9,1896.6,6.390400719164362,22.65,25.46
2017-04-12,8422,227674,39616110,174.0,174.5,173.5,174.0,0.0,222,2017,13.15,3.58,10.9,1896.6,6.390400719164362,22.65,25.46
2017-04-13,8422,187318,32584832,174.0,174.5,173.5,173.5,-0.5,181,2017,13.11,3.56,10.9,1891.15,6.372037498706994,22.65,25.46
2017-04-14,8422,279107,48052952,173.5,173.5,171.0,171.0,-2.5,256,2017,12.93,3.51,10.9,1863.9,6.280221396420149,22.65,25.46
2017-04-17,8422,104706,17849432,169.5,171.0,169.5,171.0,0.0,115,2017,12.93,3.51,10.9,1863.9,6.280221396420149,22.65,25.46
2017-04-18,8422,180733,31256670,172.0,173.5,172.0,173.0,2.0,187,2017,13.08,3.55,10.9,1885.7,6.353674278249625,22.65,25.46
2017-04-19,8422,285021,48545600,173.0,173.0,169.5,170.0,-3.0,260,2017,12.85,3.49,10.9,1853.0,6.243494955505412,22.65,25.46
2017-04-20,8422,145003,24635013,171.5,171.5,169.5,170.0,0.0,149,2017,12.85,3.49,10.9,1853.0,6.243494955505412,22.65,25.46
2017-04-21,8422,120659,20502017,170.0,170.5,169.5,169.5,-0.5,116,2017,12.81,3.48,10.9,1847.55,6.225131735048042,22.65,25.46
2017-04-24,8422,89756,15293776,171.0,171.0,170.0,170.0,0.5,87,2017,12.85,3.49,10.9,1853.0,6.243494955505412,22.65,25.46
2017-04-25,8422,144565,24771245,170.5,172.5,170.0,172.0,2.0,136,2017,13.0,3.53,10.9,1874.8,6.316947837334887,22.65,25.46
2017-04-26,8422,89684,15472332,172.0,173.0,171.0,172.0,0.0,93,2017,13.0,3.53,10.9,1874.8,6.316947837334887,22.65,25.46
2017-04-27,8422,81238,13956174,172.0,172.5,171.0,171.5,-0.5,84,2017,12.96,3.52,10.9,1869.35,6.298584616877518,22.65,25.46
2017-04-28,8422,97294,16727862,170.5,172.5,170.5,172.0,0.5,109,2017,13.0,3.53,10.9,1874.8,6.316947837334887,22.65,25.46
2017-05-02,8422,147898,25412403,172.5,173.0,171.0,171.0,-1.0,153,2017,12.93,3.51,10.9,1863.9,6.478263287408416,22.65,25.46
2017-05-03,8422,56550,9697373,172.0,172.0,171.0,171.5,0.5,60,2017,12.96,3.52,10.9,1869.35,6.497205577722476,22.65,25.46
2017-05-04,8422,77513,13308749,171.5,172.5,171.0,172.5,1.0,86,2017,13.04,3.54,10.9,1880.25,6.535090158350596,22.65,25.46
2017-05-05,8422,123713,21305062,172.5,173.0,171.5,173.0,0.5,102,2017,13.08,3.55,10.9,1885.7,6.554032448664655,22.65,25.46
2017-05-08,8422,210889,36553126,174.0,174.0,172.5,173.5,0.5,174,2017,13.58,3.35,10.9,1891.15,6.572974738978715,22.65,25.46
2017-05-09,8422,212027,36586679,171.5,173.0,171.0,173.0,-0.5,187,2017,13.54,3.34,10.9,1885.7,6.554032448664655,22.65,25.46
2017-05-10,8422,556199,96535723,173.0,174.0,173.0,174.0,1.0,153,2017,13.62,3.36,10.9,1896.6,6.591917029292775,22.65,25.46
2017-05-11,8422,218544,38128156,174.0,175.5,173.0,173.0,-1.0,190,2017,13.54,3.34,10.9,1885.7,6.554032448664655,22.65,25.46
2017-05-12,8422,148228,25743284,173.5,174.0,172.5,173.0,0.0,110,2017,13.54,3.34,10.9,1885.7,6.554032448664655,22.65,25.46
2017-05-15,8422,222251,38753925,174.5,174.5,174.0,174.0,1.0,181,2017,13.62,3.36,10.9,1896.6,6.591917029292775,22.65,25.46
2017-05-16,8422,284725,49802734,176.0,176.0,174.5,175.0,1.0,268,2017,13.69,3.38,10.9,1907.5,6.629801609920894,22.65,25.46
2017-05-17,8422,159210,27711355,175.0,175.0,172.5,174.0,-1.0,138,2017,13.62,3.36,10.9,1896.6,6.591917029292775,22.65,25.46
2017-05-18,8422,119259,20771825,173.0,175.0,173.0,174.5,0.5,112,2017,13.65,3.37,10.9,1902.05,6.610859319606835,22.65,25.46
2017-05-19,8422,131690,22927094,174.5,175.0,173.5,175.0,0.5,132,2017,13.69,3.38,10.9,1907.5,6.629801609920894,22.65,25.46
2017-05-22,8422,192968,33688868,175.0,175.0,174.0,175.0,0.0,168,2017,13.69,3.38,10.9,1907.5,6.629801609920894,22.65,25.46
2017-05-23,8422,165882,29044232,175.0,175.5,174.5,175.0,0.0,155,2017,13.69,3.38,10.9,1907.5,6.629801609920894,22.65,25.46
2017-05-24,8422,192650,33630750,175.0,175.0,173.5,174.0,-1.0,183,2017,13.62,3.36,10.9,1896.6,6.591917029292775,22.65,25.46
2017-05-25,8422,255218,44686868,175.0,175.5,174.0,175.5,1.5,225,2017,13.73,3.39,10.9,1912.95,6.648743900234954,22.65,25.46
2017-05-26,8422,178668,31352068,175.5,176.0,175.0,175.5,0.0,138,2017,13.73,3.39,10.9,1912.95,6.648743900234954,22.65,25.46
2017-05-31,8422,627794,111993920,175.5,180.0,175.5,180.0,4.5,456,2017,14.08,3.48,10.9,1962.0,6.819224513061491,22.65,25.46
2017-06-01,8422,352009,63792636,180.0,182.0,180.0,182.0,2.0,326,2017,14.24,3.52,10.9,1983.8,6.89499367431773,22.65,25.46
2017-06-02,8422,236298,42839236,181.5,182.0,180.5,181.5,-0.5,234,2017,14.2,3.51,10.9,1978.35,7.006411609461303,22.65,25.46
2017-06-03,8422,98800,17898100,181.5,181.5,180.5,181.0,-0.5,85,2017,14.16,3.5,10.9,1972.9,6.987110200068847,22.65,25.46
2017-06-05,8422,251517,45641094,181.0,182.0,180.0,181.5,0.5,207,2017,14.2,3.51,10.9,1978.35,7.006411609461303,22.65,25.46
2017-06-06,8422,250780,45736240,181.5,183.0,181.5,183.0,1.5,227,2017,14.32,3.54,10.9,1994.7,7.064315837638669,22.65,25.46
2017-06-07,8422,210050,38280100,183.0,183.0,181.5,181.5,-1.5,178,2017,14.2,3.51,10.9,1978.35,7.006411609461303,22.65,25.46
2017-06-08,8422,172990,31508674,182.0,182.5,181.5,182.5,1.0,174,2017,14.28,3.53,10.9,1989.25,7.045014428246214,22.65,25.46
2017-06-09,8422,224620,40963650,183.0,183.5,181.5,182.0,-0.5,216,2017,14.24,3.52,10.9,1983.8,7.025713018853758,22.65,25.46
2017-06-12,8422,117080,21164480,182.0,182.0,180.0,181.0,-1.0,128,2017,14.16,3.5,10.9,1972.9,6.987110200068847,22.65,25.46
2017-06-13,8422,96824,17484054,181.0,181.5,180.0,181.5,0.5,100,2017,14.2,3.51,10.9,1978.35,7.006411609461303,22.65,25.46
2017-06-14,8422,226350,40557000,181.5,181.5,178.0,178.5,-3.0,181,2017,13.97,3.45,10.9,1945.65,6.890603153106571,22.65,25.46
2017-06-15,8422,115538,20711378,178.5,180.0,178.5,180.0,1.5,121,2017,14.08,3.48,10.9,1962.0,6.948507381283937,22.65,25.46
2017-06-16,8422,105650,19011974,179.0,181.0,179.0,181.0,1.0,79,2017,14.16,3.5,10.9,1972.9,6.987110200068847,22.65,25.46
2017-06-19,8422,131723,23771086,181.0,181.5,179.5,181.5,0.5,129,2017,14.2,3.51,10.9,1978.35,7.006411609461303,22.65,25.46
2017-06-20,8422,97150,17595375,181.5,181.5,180.5,181.0,-0.5,94,2017,14.16,3.5,10.9,1972.9,6.987110200068847,22.65,25.46
2017-06-21,8422,213324,38571116,181.5,182.0,179.0,182.0,1.0,188,2017,14.24,3.52,10.9,1983.8,7.025713018853758,22.65,25.46
2017-06-22,8422,167770,30200481,180.5,180.5,179.5,179.5,-2.5,166,2017,14.05,3.47,10.9,1956.55,6.929205971891482,22.65,25.46
2017-06-23,8422,71234,12784236,180.5,180.5,179.0,179.0,-0.5,63,2017,14.01,3.46,10.9,1951.1,6.909904562499026,22.65,25.46
2017-06-26,8422,103839,18605859,179.0,180.5,178.0,179.5,0.5,102,2017,14.05,3.47,10.9,1956.55,6.929205971891482,22.65,25.46
2017-06-27,8422,130015,23312706,180.0,180.5,178.5,179.0,-0.5,128,2017,14.01,3.46,10.9,1951.1,6.909904562499026,22.65,25.46
2017-06-28,8422,201049,35915291,179.0,179.0,178.0,179.0,0.0,195,2017,14.01,3.46,10.9,1951.1,6.909904562499026,22.65,25.46
2017-06-29,8422,162174,29299081,180.5,181.5,179.5,180.5,1.5,134,2017,14.12,3.49,10.9,1967.45,6.967808790676393,22.65,25.46
2017-06-30,8422,139320,25230397,180.5,181.5,180.0,181.5,1.0,120,2017,14.2,3.51,10.9,1978.35,7.006411609461303,22.65,25.46
2017-07-03,8422,215761,39142263,181.5,182.0,181.0,182.0,0.5,104,2017,14.24,3.52,10.9,1983.8,7.12285031781384,22.65,25.46
2017-07-04,8422,84357,15301652,182.0,182.0,181.0,181.5,-0.5,62,2017,14.2,3.51,10.9,1978.35,7.103282047709956,22.65,25.46
2017-07-05,8422,70458,12748584,181.5,181.5,180.5,181.0,-0.5,68,2017,14.16,3.5,10.9,1972.9,7.0837137776060715,22.65,25.46
2017-07-06,8422,190703,34379946,181.0,181.0,179.5,181.0,0.0,176,2017,14.16,3.5,10.9,1972.9,7.0837137776060715,22.65,25.46
2017-07-07,8422,295934,53148054,180.0,180.0,179.0,180.0,-1.0,225,2017,14.08,3.48,10.9,1962.0,7.044577237398303,22.65,25.46
2017-07-10,8422,324587,58223747,180.0,180.0,178.5,179.0,-1.0,240,2017,14.01,3.46,10.9,1951.1,7.005440697190535,22.65,25.46
2017-07-11,8422,510739,91243020,179.0,179.5,177.5,178.5,-0.5,380,2017,13.97,3.45,10.9,1945.65,6.985872427086651,22.65,25.46
2017-07-12,8422,651138,110174736,168.0,171.0,168.0,171.0,0.0,473,2017,13.38,3.3,10.9,1863.9,6.692348375528388,22.65,25.46
2017-07-13,8422,183474,31389502,171.5,171.5,170.5,171.5,0.5,182,2017,13.42,3.31,10.9,1869.35,6.7119166456322725,22.65,25.46
2017-07-14,8422,179800,30739100,171.5,171.5,170.0,170.5,-1.0,187,2017,13.34,3.29,10.9,1858.45,6.672780105424504,22.65,25.46
2017-07-17,8422,188380,32022480,170.5,171.0,169.0,170.0,-0.5,201,2017,13.3,3.28,10.9,1853.0,6.6532118353206195,22.65,25.46
2017-07-18,8422,128842,21831140,170.0,170.0,169.0,169.0,-1.0,156,2017,13.22,3.27,10.9,1842.1,6.614075295112851,22.65,25.46
2017-07-19,8422,202540,34358800,169.0,170.5,169.0,170.0,1.0,202,2017,13.3,3.28,10.9,1853.0,6.6532118353206195,22.65,25.46
2017-07-20,8422,176340,29887800,170.0,170.0,169.0,169.0,-1.0,178,2017,13.22,3.27,10.9,1842.1,6.614075295112851,22.65,25.46
2017-07-21,8422,158850,27028850,169.0,171.0,169.0,171.0,2.0,151,2017,13.38,3.3,10.9,1863.9,6.692348375528388,22.65,25.46
2017-07-24,8422,115000,19640000,171.0,171.5,170.0,171.5,0.5,121,2017,13.42,3.31,10.9,1869.35,6.7119166456322725,22.65,25.46
2017-07-25,8422,50850,8679350,171.0,171.0,170.0,170.5,-1.0,72,2017,13.34,3.29,10.9,1858.45,6.672780105424504,22.65,25.46
2017-07-26,8422,135000,22919000,170.5,170.5,169.5,170.0,-0.5,131,2017,13.54,3.91,10.9,1853.0,6.6532118353206195,22.65,25.46
2017-07-27,8422,371459,64136133,171.0,175.0,171.0,173.0,3.0,286,2017,13.77,3.98,10.9,1885.7,6.770621455943925,22.65,25.46
2017-07-28,8422,167641,29166034,173.0,175.0,173.0,173.5,0.5,168,2017,13.81,3.99,10.9,1891.15,6.790189726047809,22.65,25.46
2017-07-31,8422,120265,20754375,173.0,173.5,172.0,173.5,0.0,70,2017,13.81,3.99,10.9,1891.15,6.790189726047809,22.65,25.46
2017-08-01,8422,73500,12689248,173.0,173.5,172.0,172.0,-1.5,73,2017,13.69,3.96,10.9,1874.8,6.731484915736156,22.65,25.46
2017-08-02,8422,78605,13545965,172.0,173.0,172.0,172.0,0.0,69,2017,13.69,3.96,10.9,1874.8,6.823426904930971,22.65,25.46
2017-08-03,8422,102600,17615800,172.0,172.5,171.0,172.5,0.5,93,2017,13.73,3.97,10.9,1880.25,6.843262448259258,22.65,25.46
2017-08-04,8422,74250,12778250,172.5,172.5,171.5,172.5,0.0,65,2017,13.73,3.97,10.9,1880.25,6.843262448259258,22.65,25.46
2017-08-07,8422,57610,9924832,172.0,172.5,172.0,172.5,0.0,66,2017,13.73,3.97,10.9,1880.25,6.843262448259258,22.65,25.46
2017-08-08,8422,68759,11831925,172.0,173.0,171.5,171.5,-1.0,71,2017,13.65,3.95,10.9,1869.35,6.803591361602683,22.65,25.46
2017-08-09,8422,62050,10610072,171.0,171.5,170.5,170.5,-1.0,73,2017,13.57,3.92,10.9,1858.45,6.763920274946107,22.65,25.46
2017-08-10,8422,177604,30121680,170.5,170.5,169.0,169.0,-1.5,187,2017,13.46,3.89,10.9,1842.1,6.704413644961244,22.65,25.46
2017-08-11,8422,142800,24049500,169.0,169.5,168.0,169.0,0.0,139,2017,13.46,3.89,10.9,1842.1,6.704413644961244,22.65,25.46
2017-08-14,8422,164831,27751850,168.5,169.0,168.0,168.5,-0.5,160,2017,13.42,3.88,10.9,1836.65,6.684578101632956,22.65,25.46
2017-08-15,8422,181962,30589088,168.0,169.5,167.5,167.5,-1.0,186,2017,13.34,3.86,10.9,1825.75,6.644907014976381,22.65,25.46
2017-08-16,8422,218290,36535357,167.5,168.0,166.5,168.0,0.5,223,2017,13.38,3.87,10.9,1831.2,6.664742558304669,22.65,25.46
2017-08-17,8422,116100,19591948,168.0,169.5,167.5,168.5,0.5,106,2017,13.42,3.88,10.9,1836.65,6.684578101632956,22.65,25.46
2017-08-18,8422,131750,22087869,168.5,168.5,167.0,167.5,-1.0,134,2017,13.34,3.86,10.9,1825.75,6.644907014976381,22.65,25.46
2017-08-21,8422,94516,15900943,167.5,169.5,167.0,167.5,0.0,107,2017,13.34,3.86,10.9,1825.75,6.644907014976381,22.65,25.46
2017-08-22,8422,98491,16550225,167.5,168.5,167.5,168.0,0.5,113,2017,13.38,3.87,10.9,1831.2,6.664742558304669,22.65,25.46
2017-08-23,8422,102960,17289256,168.0,169.5,167.5,168.0,0.0,112,2017,13.38,3.87,10.9,1831.2,6.664742558304669,22.65,25.46
2017-08-24,8422,186850,31525650,168.0,169.5,167.5,168.0,0.0,146,2017,13.38,3.87,10.9,1831.2,6.664742558304669,22.65,25.46
2017-08-25,8422,63611,10708759,168.0,169.0,167.5,168.0,0.0,78,2017,13.38,3.87,10.9,1831.2,6.664742558304669,22.65,25.46
2017-08-28,8422,127801,21532869,168.0,169.0,167.5,168.5,0.5,124,2017,13.42,3.88,10.9,1836.65,6.684578101632956,22.65,25.46
2017-08-29,8422,228565,38341265,168.5,169.0,167.0,169.0,0.5,180,2017,13.46,3.89,10.9,1842.1,6.704413644961244,22.65,25.46
2017-08-30,8422,159183,27073293,169.0,171.5,169.0,170.0,1.0,156,2017,13.54,3.91,10.9,1853.0,6.74408473161782,22.65,25.46
2017-08-31,8422,170750,29131750,171.5,172.0,170.0,170.0,0.0,163,2017,13.54,3.91,10.9,1853.0,6.74408473161782,22.65,25.46
2017-09-01,8422,107454,18454588,170.5,172.5,170.5,171.0,1.0,108,2017,13.61,3.94,10.9,1863.9,6.783755818274395,22.65,25.46
2017-09-04,8422,75910,12879610,170.5,170.5,169.5,169.5,-1.5,79,2017,13.5,3.9,10.9,1847.55,6.863742698531403,22.65,25.46
2017-09-05,8422,60367,10209890,169.5,169.5,168.5,169.0,-0.5,81,2017,13.46,3.89,10.9,1842.1,6.843495669922166,22.65,25.46
2017-09-06,8422,267180,44772420,168.0,168.0,167.0,168.0,-1.0,258,2017,13.38,3.87,10.9,1831.2,6.803001612703691,22.65,25.46
2017-09-07,8422,246999,41270832,168.0,168.0,166.5,167.0,-1.0,258,2017,13.3,3.84,10.9,1820.3,6.762507555485217,22.65,25.46
2017-09-08,8422,212867,35456715,167.0,167.0,166.0,166.5,-0.5,213,2017,13.26,3.83,10.9,1814.85,6.74226052687598,22.65,25.46
2017-09-11,8422,168849,28069283,166.5,166.5,166.0,166.0,-0.5,196,2017,13.22,3.82,10.9,1809.4,6.722013498266743,22.65,25.46
2017-09-12,8422,162288,27076384,166.5,167.0,166.5,167.0,1.0,172,2017,13.3,3.84,10.9,1820.3,6.762507555485217,22.65,25.46
2017-09-13,8422,86224,14400132,167.5,167.5,166.5,167.0,0.0,111,2017,13.3,3.84,10.9,1820.3,6.762507555485217,22.65,25.46
2017-09-14,8422,76626,12825294,167.0,168.0,166.5,168.0,1.0,92,2017,13.38,3.87,10.9,1831.2,6.803001612703691,22.65,25.46
2017-09-15,8422,106418,17944060,168.5,169.0,168.0,169.0,1.0,120,2017,13.46,3.89,10.9,1842.1,6.843495669922166,22.65,25.46
2017-09-18,8422,87872,14821868,169.0,169.5,168.0,168.5,-0.5,116,2017,13.42,3.88,10.9,1836.65,6.8232486413129285,22.65,25.46
2017-09-19,8422,117794,19811284,169.5,169.5,167.5,167.5,-1.0,136,2017,13.34,3.86,10.9,1825.75,6.782754584094454,22.65,25.46
2017-09-20,8422,182259,30442512,167.5,168.5,166.5,167.0,-0.5,193,2017,13.3,3.84,10.9,1820.3,6.762507555485217,22.65,25.46
2017-09-21,8422,147500,24777246,168.0,168.5,167.5,168.0,1.0,127,2017,13.38,3.87,10.9,1831.2,6.803001612703691,22.65,25.46
2017-09-22,8422,282005,47781344,168.5,170.5,168.0,169.0,1.0,237,2017,13.46,3.89,10.9,1842.1,6.843495669922166,22.65,25.46
2017-09-25,8422,292450,49506000,169.5,170.0,168.5,169.5,0.5,286,2017,13.5,3.9,10.9,1847.55,6.863742698531403,22.65,25.46
2017-09-26,8422,402005,68385850,170.0,170.5,168.5,169.0,-0.5,198,2017,13.46,3.89,10.9,1842.1,6.843495669922166,22.65,25.46
2017-09-27,8422,84500,14361000,170.5,170.5,169.5,170.0,1.0,88,2017,13.54,3.91,10.9,1853.0,6.883989727140641,22.65,25.46
2017-09-28,8422,106800,18018700,169.5,169.5,168.0,168.0,-2.0,118,2017,13.38,3.87,10.9,1831.2,6.803001612703691,22.65,25.46
2017-09-29,8422,83650,14087000,168.0,170.0,167.5,170.0,2.0,94,2017,13.54,3.91,10.9,1853.0,6.883989727140641,22.65,25.46
2017-09-30,8422,33030,5587084,168.5,170.0,168.5,169.0,-1.0,42,2017,13.46,3.89,10.9,1842.1,6.843495669922166,22.65,25.46
2017-10-02,8422,65300,11026844,168.0,169.5,168.0,169.5,0.5,83,2017,13.5,3.9,10.9,1847.55,6.972026232977489,22.65,25.46
2017-10-03,8422,103958,17489902,169.0,169.5,167.5,168.5,-1.0,113,2017,13.42,3.88,10.9,1836.65,6.930893334847829,22.65,25.46
2017-10-05,8422,78193,13177117,168.5,169.0,168.0,168.5,0.0,101,2017,13.42,3.88,10.9,1836.65,6.930893334847829,22.65,25.46
2017-10-06,8422,141176,23902920,169.0,170.0,168.5,169.0,0.5,128,2017,13.46,3.89,10.9,1842.1,6.951459783912659,22.65,25.46
2017-10-11,8422,126800,21559300,169.0,170.5,169.0,170.5,1.5,122,2017,13.57,3.92,10.9,1858.45,7.013159131107151,22.65,25.46
2017-10-12,8422,111022,18848262,170.0,170.5,169.0,170.5,0.0,118,2017,13.57,3.92,10.9,1858.45,7.013159131107151,22.65,25.46
2017-10-13,8422,63100,10708046,170.5,170.5,169.0,170.5,0.0,81,2017,13.57,3.92,10.9,1858.45,7.013159131107151,22.65,25.46
2017-10-16,8422,57816,9826120,170.5,170.5,169.5,170.0,-0.5,73,2017,13.54,3.91,10.9,1853.0,6.99259268204232,22.65,25.46
2017-10-17,8422,54099,9166830,170.0,170.0,169.0,169.0,-1.0,78,2017,13.46,3.89,10.9,1842.1,6.951459783912659,22.65,25.46
2017-10-18,8422,59710,10113200,169.5,170.0,169.0,170.0,1.0,72,2017,13.54,3.91,10.9,1853.0,6.99259268204232,22.65,25.46
2017-10-19,8422,64751,10976170,169.5,170.0,169.0,169.0,-1.0,64,2017,13.46,3.89,10.9,1842.1,6.951459783912659,22.65,25.46
2017-10-20,8422,454941,77678970,169.5,172.0,169.5,171.0,2.0,312,2017,13.61,3.94,10.9,1863.9,7.033725580171981,22.65,25.46
2017-10-23,8422,199995,34726135,172.0,175.5,172.0,173.0,2.0,199,2017,13.77,3.98,10.9,1885.7,7.115991376431302,22.65,25.46
2017-10-24,8422,181460,31643540,173.0,175.5,172.5,174.0,1.0,154,2017,13.85,4.0,10.9,1896.6,7.157124274560963,22.65,25.46
2017-10-25,8422,147974,25900429,174.0,176.0,173.5,175.5,1.5,154,2017,13.97,4.04,10.9,1912.95,7.218823621755454,22.65,25.46
2017-10-26,8422,117580,20529920,175.5,176.0,173.5,173.5,-2.0,129,2017,13.81,3.99,10.9,1891.15,7.136557825496133,22.65,25.46
2017-10-27,8422,90700,15741450,173.5,174.5,173.0,173.0,-0.5,80,2017,13.77,3.98,10.9,1885.7,7.115991376431302,22.65,25.46
2017-10-30,8422,79172,13709012,173.0,173.5,173.0,173.0,0.0,68,2017,13.77,3.98,10.9,1885.7,7.115991376431302,22.65,25.46
2017-10-31,8422,73590,12754660,173.0,174.0,172.5,173.5,0.5,73,2017,13.81,3.99,10.9,1891.15,7.136557825496133,22.65,25.46
2017-11-01,8422,47440,8205060,173.0,174.0,172.5,173.0,-0.5,45,2017,13.77,3.98,10.9,1885.7,7.115991376431302,22.65,25.46
2017-11-02,8422,49600,8601400,173.0,174.0,173.0,173.5,0.5,55,2017,13.81,3.99,10.9,1891.15,7.227718912572558,22.65,25.46
2017-11-03,8422,68468,11839664,173.0,173.5,172.5,173.5,0.0,74,2017,13.81,3.99,10.9,1891.15,7.227718912572558,22.65,25.46
2017-11-06,8422,115628,20270900,175.0,178.0,174.0,174.0,0.5,127,2017,13.85,4.0,10.9,1896.6,7.248548073703891,22.65,25.46
2017-11-07,8422,153762,26512704,173.0,173.0,172.0,172.0,-2.0,146,2017,13.69,3.96,10.9,1874.8,7.165231429178559,22.65,25.46
2017-11-08,8422,82100,14180849,172.0,173.5,172.0,173.0,1.0,85,2017,13.77,3.98,10.9,1885.7,7.206889751441225,22.65,25.46
2017-11-09,8422,230060,40135906,173.5,176.0,172.5,173.0,0.0,202,2017,13.77,3.98,10.9,1885.7,7.206889751441225,22.65,25.46
2017-11-10,8422,97600,16914900,173.0,174.0,172.5,173.5,0.5,103,2017,14.33,3.74,10.9,1891.15,7.227718912572558,22.65,25.46
2017-11-13,8422,300857,51795261,173.0,174.0,171.5,172.0,-1.5,194,2017,14.2,3.7,10.9,1874.8,7.165231429178559,22.65,25.46
2017-11-14,8422,288879,49355747,172.0,172.5,170.0,170.0,-2.0,201,2017,14.04,3.66,10.9,1853.0,7.081914784653227,22.65,25.46
2017-11-15,8422,156115,26705395,171.0,172.0,170.0,172.0,2.0,150,2017,14.2,3.7,10.9,1874.8,7.165231429178559,22.65,25.46
2017-11-16,8422,136571,23385712,172.0,172.5,170.5,171.0,-1.0,157,2017,14.12,3.68,10.9,1863.9,7.123573106915893,22.65,25.46
2017-11-17,8422,58804,10061386,171.5,172.0,170.5,170.5,-0.5,82,2017,14.08,3.67,10.9,1858.45,7.10274394578456,22.65,25.46
2017-11-20,8422,54590,9341480,171.5,172.0,170.5,171.0,0.5,79,2017,14.12,3.68,10.9,1863.9,7.123573106915893,22.65,25.46
2017-11-21,8422,111000,19077997,172.0,172.5,171.5,171.5,0.5,96,2017,14.16,3.69,10.9,1869.35,7.144402268047226,22.65,25.46
2017-11-22,8422,189201,32792974,172.0,174.5,172.0,173.5,2.0,204,2017,14.33,3.74,10.9,1891.15,7.227718912572558,22.65,25.46
2017-11-23,8422,114061,19666614,173.0,173.0,172.0,173.0,-0.5,109,2017,14.29,3.73,10.9,1885.7,7.206889751441225,22.65,25.46
2017-11-24,8422,180260,31093480,173.0,173.5,172.0,172.5,-0.5,108,2017,14.24,3.72,10.9,1880.25,7.186060590309892,22.65,25.46
2017-11-27,8422,44468,7680695,173.0,173.0,172.5,172.5,0.0,63,2017,14.24,3.72,10.9,1880.25,7.186060590309892,22.65,25.46
2017-11-28,8422,69633,11982689,172.5,172.5,171.5,171.5,-1.0,77,2017,14.16,3.69,10.9,1869.35,7.144402268047226,22.65,25.46
2017-11-29,8422,39000,6696500,172.0,172.5,171.5,172.5,1.0,36,2017,14.24,3.72,10.9,1880.25,7.186060590309892,22.65,25.46
2017-11-30,8422,137451,23732023,172.5,173.0,172.0,172.5,0.0,141,2017,14.24,3.72,10.9,1880.25,7.186060590309892,22.65,25.46
2017-12-01,8422,115389,19857101,173.0,173.0,171.5,172.0,-0.5,101,2017,14.2,3.7,10.9,1874.8,7.165231429178559,22.65,25.46
2017-12-04,8422,121633,20995775,172.0,175.0,171.5,174.5,2.5,116,2017,14.41,3.76,10.9,1902.05,7.066412500459751,22.65,25.46
2017-12-05,8422,159320,27739680,174.5,175.0,172.5,174.0,-0.5,164,2017,14.37,3.75,10.9,1896.6,7.046164900171901,22.65,25.46
2017-12-06,8422,180240,31403500,174.5,175.0,173.5,174.0,0.0,182,2017,14.37,3.75,10.9,1896.6,7.046164900171901,22.65,25.46
2017-12-07,8422,427176,75449059,176.0,179.0,175.5,175.5,1.5,367,2017,14.49,3.78,10.9,1912.95,7.1069077010354516,22.65,25.46
2017-12-08,8422,265505,46033875,175.5,176.0,172.5,174.0,-1.5,237,2017,14.37,3.75,10.9,1896.6,7.046164900171901,22.65,25.46
2017-12-11,8422,114824,19882376,173.0,174.0,172.5,173.0,-1.0,129,2017,14.29,3.73,10.9,1885.7,7.0056696995962,22.65,25.46
2017-12-12,8422,154250,26816870,173.0,175.0,173.0,173.0,0.0,177,2017,14.29,3.73,10.9,1885.7,7.0056696995962,22.65,25.46
2017-12-13,8422,105000,18208497,173.0,174.5,173.0,173.0,0.0,118,2017,14.29,3.73,10.9,1885.7,7.0056696995962,22.65,25.46
2017-12-14,8422,121270,21068840,173.0,175.0,173.0,173.5,0.5,130,2017,14.33,3.74,10.9,1891.15,7.02591729988405,22.65,25.46
2017-12-15,8422,188716,32830440,173.5,175.5,173.5,173.5,0.0,194,2017,14.33,3.74,10.9,1891.15,7.02591729988405,22.65,25.46
2017-12-18,8422,156600,27253196,173.5,174.5,173.5,174.0,0.5,149,2017,14.37,3.75,10.9,1896.6,7.046164900171901,22.65,25.46
2017-12-19,8422,117272,20433100,174.0,174.5,174.0,174.0,0.0,107,2017,14.37,3.75,10.9,1896.6,7.046164900171901,22.65,25.46
2017-12-20,8422,180089,31411616,174.0,175.0,173.5,175.0,1.0,159,2017,14.45,3.77,10.9,1907.5,7.086660100747601,22.65,25.46
2017-12-21,8422,233110,41012407,175.0,176.5,175.0,176.5,1.5,214,2017,14.57,3.8,10.9,1923.85,7.1474029016111515,22.65,25.46
2017-12-22,8422,96350,16936600,176.5,176.5,175.5,175.5,-1.0,99,2017,14.49,3.78,10.9,1912.95,7.1069077010354516,22.65,25.46
2017-12-25,8422,51089,8924575,175.5,175.5,174.0,175.0,-0.5,72,2017,14.45,3.77,10.9,1907.5,7.086660100747601,22.65,25.46
2017-12-26,8422,74267,12913086,174.5,174.5,173.5,173.5,-1.5,85,2017,14.33,3.74,10.9,1891.15,7.02591729988405,22.65,25.46
2017-12-27,8422,77930,13544284,173.5,174.5,173.5,173.5,0.0,77,2017,14.33,3.74,10.9,1891.15,7.02591729988405,22.65,25.46
2017-12-28,8422,81000,14102999,173.5,175.0,173.5,173.5,0.0,81,2017,14.33,3.74,10.9,1891.15,7.02591729988405,22.65,25.46
2017-12-29,8422,95817,16721792,174.0,175.0,173.5,175.0,1.5,103,2017,14.45,3.77,10.9,1907.5,7.086660100747601,22.65,25.46
2018-01-02,8422,112301,19723925,175.0,176.0,175.0,176.0,1.0,100,2018,14.53,3.79,10.9,1918.4,6.887672488013712,20.53,24.13
2018-01-03,8422,158500,27734247,176.0,176.0,174.5,174.5,-1.5,162,2018,14.41,3.76,10.9,1902.05,6.828970733854504,20.53,24.13
2018-01-04,8422,170889,30046353,174.5,176.5,174.5,176.0,1.5,146,2018,14.53,3.79,10.9,1918.4,6.887672488013712,20.53,24.13
2018-01-05,8422,117907,20749039,177.0,177.0,175.5,176.0,0.0,120,2018,14.53,3.79,10.9,1918.4,6.887672488013712,20.53,24.13
2018-01-08,8422,162563,28567363,176.5,176.5,175.0,175.5,-0.5,145,2018,14.49,3.78,10.9,1912.95,6.86810523662731,20.53,24.13
2018-01-09,8422,395811,70277448,178.0,179.5,176.0,176.5,1.0,330,2018,14.57,3.8,10.9,1923.85,6.907239739400115,20.53,24.13
2018-01-10,8422,328602,58013054,177.0,177.5,176.0,176.0,-0.5,205,2018,14.53,3.79,10.9,1918.4,6.887672488013712,20.53,24.13
2018-01-11,8422,266070,46602779,176.0,176.5,174.5,174.5,-1.5,261,2018,14.41,3.76,10.9,1902.05,6.828970733854504,20.53,24.13
2018-01-12,8422,297265,51927006,174.5,176.0,174.0,174.5,0.0,232,2018,14.41,3.76,10.9,1902.05,6.828970733854504,20.53,24.13
2018-01-15,8422,268833,47009185,175.0,175.0,174.5,174.5,0.0,213,2018,14.41,3.76,10.9,1902.05,6.828970733854504,20.53,24.13
2018-01-16,8422,193492,33857092,175.5,175.5,174.5,174.5,0.0,138,2018,14.41,3.76,10.9,1902.05,6.828970733854504,20.53,24.13
2018-01-17,8422,217478,38036128,174.5,175.5,174.5,175.0,0.5,197,2018,14.45,3.77,10.9,1907.5,6.848537985240907,20.53,24.13
2018-01-18,8422,232465,40693340,175.0,176.0,174.5,174.5,-0.5,206,2018,14.41,3.76,10.9,1902.05,6.828970733854504,20.53,24.13
2018-01-19,8422,284400,49646900,174.5,175.5,174.0,174.0,-0.5,205,2018,14.37,3.75,10.9,1896.6,6.809403482468102,20.53,24.13
2018-01-22,8422,249100,43400000,174.0,175.0,173.5,174.0,0.0,213,2018,14.37,3.75,10.9,1896.6,6.809403482468102,20.53,24.13
2018-01-23,8422,172040,30042540,174.0,175.0,174.0,175.0,1.0,132,2018,14.45,3.77,10.9,1907.5,6.848537985240907,20.53,24.13
2018-01-24,8422,214635,37385438,175.0,175.5,173.5,174.0,-1.0,205,2018,14.37,3.75,10.9,1896.6,6.809403482468102,20.53,24.13
2018-01-25,8422,279389,48477186,173.5,174.5,173.0,173.0,-1.0,239,2018,14.29,3.73,10.9,1885.7,6.770268979695296,20.53,24.13
2018-01-26,8422,279848,48335052,173.5,174.0,172.0,173.0,0.0,274,2018,14.29,3.73,10.9,1885.7,6.770268979695296,20.53,24.13
2018-01-29,8422,232163,40073775,173.0,174.0,172.0,172.5,-0.5,203,2018,14.24,3.72,10.9,1880.25,6.750701728308894,20.53,24.13
2018-01-30,8422,184104,31711992,172.5,173.0,172.0,172.0,-0.5,169,2018,14.2,3.7,10.9,1874.8,6.731134476922492,20.53,24.13
2018-01-31,8422,266724,45795386,172.0,172.5,171.0,171.5,-0.5,248,2018,14.16,3.69,10.9,1869.35,6.711567225536089,20.53,24.13
2018-02-01,8422,222888,38416567,171.5,173.0,171.5,172.5,1.0,150,2018,14.24,3.72,10.9,1880.25,6.750701728308894,20.53,24.13
2018-02-02,8422,199252,34245096,172.0,172.5,171.0,172.0,-0.5,199,2018,14.2,3.7,10.9,1874.8,6.537992228200618,20.53,24.13
2018-02-05,8422,275869,47157468,171.5,171.5,170.5,171.0,-1.0,249,2018,14.12,3.68,10.9,1863.9,6.499980645478522,20.53,24.13
2018-02-06,8422,582785,99016735,170.5,171.0,169.0,170.5,-0.5,536,2018,14.08,3.67,10.9,1858.45,6.480974854117474,20.53,24.13
2018-02-07,8422,655129,113982871,172.0,175.0,171.5,173.0,2.5,538,2018,14.29,3.73,10.9,1885.7,6.576003810922716,20.53,24.13
2018-02-08,8422,199195,34563829,174.5,175.0,172.0,172.5,-0.5,155,2018,14.24,3.72,10.9,1880.25,6.556998019561667,20.53,24.13
2018-02-09,8422,230311,39740425,171.0,174.0,170.5,174.0,1.5,193,2018,14.37,3.75,10.9,1896.6,6.614015393644812,20.53,24.13
2018-02-12,8422,278795,48663625,174.5,176.0,173.5,174.5,0.5,238,2018,14.41,3.76,10.9,1902.05,6.633021185005861,20.53,24.13
2018-02-21,8422,538009,94759093,175.0,177.0,174.5,176.5,2.0,435,2018,14.57,3.8,10.9,1923.85,6.709044350450053,20.53,24.13
2018-02-22,8422,716864,127882156,177.0,180.0,176.5,178.5,2.0,506,2018,14.74,3.84,10.9,1945.65,6.785067515894247,20.53,24.13
2018-02-23,8422,506111,90789980,179.5,180.0,178.5,179.5,1.0,377,2018,14.82,3.87,10.9,1956.55,6.823079098616343,20.53,24.13
2018-02-26,8422,271263,48627577,180.0,180.0,178.5,178.5,-1.0,230,2018,14.74,3.84,10.9,1945.65,6.785067515894247,20.53,24.13
2018-02-27,8422,282250,50041750,178.0,178.5,176.5,176.5,-2.0,235,2018,14.57,3.8,10.9,1923.85,6.709044350450053,20.53,24.13
2018-03-01,8422,1476884,269369272,176.5,185.0,176.5,183.0,6.5,1052,2018,15.11,3.94,10.9,1994.7,6.956119638143682,20.53,24.13
2018-03-02,8422,657409,120742545,182.5,185.0,182.0,183.0,0.0,511,2018,15.11,3.94,10.9,1994.7,6.83490017146358,20.53,24.13
2018-03-05,8422,584994,105647420,184.5,184.5,179.0,179.0,-4.0,419,2018,14.78,3.86,10.9,1951.1,6.685503446404268,20.53,24.13
2018-03-06,8422,146500,26411247,179.5,181.5,179.5,180.5,1.5,126,2018,14.91,3.89,10.9,1967.45,6.74152721830151,20.53,24.13
2018-03-07,8422,535009,97397138,181.0,184.0,180.0,181.5,1.0,455,2018,14.99,3.91,10.9,1978.35,6.778876399566339,20.53,24.13
2018-03-08,8422,225178,40983896,181.5,183.5,180.5,181.0,-0.5,232,2018,14.95,3.9,10.9,1972.9,6.760201808933924,20.53,24.13
2018-03-09,8422,287675,52257683,181.5,182.5,181.0,182.0,1.0,245,2018,15.03,3.92,10.9,1983.8,6.7975509901987525,20.53,24.13
2018-03-12,8422,343682,62714961,183.0,183.0,181.0,182.0,0.0,317,2018,15.03,3.92,10.9,1983.8,6.7975509901987525,20.53,24.13
2018-03-13,8422,565681,104150485,183.0,186.5,182.0,183.5,1.5,455,2018,15.15,3.95,10.9,2000.15,6.853574762095995,20.53,24.13
2018-03-14,8422,228963,42151655,183.5,185.0,183.0,183.5,0.0,206,2018,15.15,3.95,10.9,2000.15,6.853574762095995,20.53,24.13
2018-03-15,8422,262378,48183854,183.5,185.0,182.5,183.0,-0.5,249,2018,15.11,3.94,10.9,1994.7,6.83490017146358,20.53,24.13
2018-03-16,8422,508200,91917200,182.5,183.5,180.0,180.0,-3.0,475,2018,14.86,3.88,10.9,1962.0,6.722852627669096,20.53,24.13
2018-03-19,8422,209298,38106681,180.5,183.0,180.5,182.0,2.0,171,2018,15.03,3.92,10.9,1983.8,6.7975509901987525,20.53,24.13
2018-03-20,8422,59601,10810882,181.5,182.0,181.0,181.0,-1.0,70,2018,14.95,3.9,10.9,1972.9,6.760201808933924,20.53,24.13
2018-03-21,8422,192420,35013860,181.0,183.5,180.5,182.5,1.5,163,2018,15.07,3.93,10.9,1989.25,6.8162255808311665,20.53,24.13
2018-03-22,8422,140228,25469110,181.5,182.5,181.0,181.0,-1.5,134,2018,14.95,3.9,10.9,1972.9,6.760201808933924,20.53,24.13
2018-03-23,8422,333033,59601473,178.0,180.0,177.5,179.0,-2.0,259,2018,14.78,3.86,10.9,1951.1,6.685503446404268,20.53,24.13
2018-03-26,8422,201907,36195760,179.0,180.5,178.0,178.0,-1.0,204,2018,14.7,3.83,10.9,1940.2,6.648154265139439,20.53,24.13
2018-03-27,8422,258102,46771768,179.0,182.5,179.0,181.5,3.5,231,2018,14.99,3.91,10.9,1978.35,6.778876399566339,20.53,24.13
2018-03-28,8422,156030,28178943,180.0,182.5,178.5,180.5,-1.0,148,2018,14.91,3.89,10.9,1967.45,6.74152721830151,20.53,24.13
2018-03-29,8422,131635,23921205,180.0,182.5,180.0,182.5,2.0,112,2018,15.07,3.93,10.9,1989.25,6.8162255808311665,20.53,24.13
2018-03-30,8422,143079,26115536,182.5,183.0,181.5,183.0,0.5,136,2018,15.11,3.94,10.9,1994.7,6.83490017146358,20.53,24.13
2018-03-31,8422,1035733,197655270,185.5,193.5,185.5,190.0,7.0,856,2018,15.18,3.82,10.9,2071.0,7.096344440317379,20.53,24.13
2018-04-02,8422,1129461,221028533,193.5,198.0,192.5,197.5,7.5,944,2018,15.77,3.97,10.9,2152.75,7.106155113724889,20.53,24.13
2018-04-03,8422,632636,122781884,197.0,197.0,190.5,194.0,-3.5,598,2018,15.5,3.9,10.9,2114.6,6.980223250950018,20.53,24.13
2018-04-09,8422,353630,67881590,195.5,195.5,191.0,191.5,-2.5,294,2018,15.3,3.85,10.9,2087.35,6.890271920396539,20.53,24.13
2018-04-10,8422,790245,153742285,195.0,197.5,192.0,194.0,2.5,727,2018,15.5,3.9,10.9,2114.6,6.980223250950018,20.53,24.13
2018-04-11,8422,338550,65342868,195.0,195.5,192.0,192.5,-1.5,314,2018,15.38,3.87,10.9,2098.25,6.9262524526179305,20.53,24.13
2018-04-12,8422,472466,90239737,192.5,192.5,190.0,191.0,-1.5,369,2018,15.26,3.84,10.9,2081.9,6.8722816542858425,20.53,24.13
2018-04-13,8422,280655,53833415,191.0,192.5,190.5,192.0,1.0,274,2018,15.34,3.86,10.9,2092.8,6.908262186507234,20.53,24.13
2018-04-16,8422,286323,54462193,190.5,191.0,189.5,190.0,-2.0,281,2018,15.18,3.82,10.9,2071.0,6.836301122064451,20.53,24.13
2018-04-17,8422,268522,51133724,192.0,192.0,189.5,190.0,0.0,252,2018,15.18,3.82,10.9,2071.0,6.836301122064451,20.53,24.13
2018-04-18,8422,212875,40582625,190.0,191.5,190.0,191.0,1.0,220,2018,15.26,3.84,10.9,2081.9,6.8722816542858425,20.53,24.13
2018-04-19,8422,253717,48476947,191.0,191.5,190.0,191.0,0.0,244,2018,15.26,3.84,10.9,2081.9,6.8722816542858425,20.53,24.13
2018-04-20,8422,220028,41978848,190.0,191.0,190.0,190.5,-0.5,148,2018,15.22,3.83,10.9,2076.4500000000003,6.854291388175148,20.53,24.13
2018-04-23,8422,174558,33327636,190.5,191.5,190.5,191.5,1.0,142,2018,15.3,3.85,10.9,2087.35,6.890271920396539,20.53,24.13
2018-04-24,8422,479677,89902776,191.0,191.5,185.0,187.5,-4.0,440,2018,14.98,3.77,10.9,2043.75,6.746349791510971,20.53,24.13
2018-04-25,8422,230625,43538559,187.5,190.5,185.5,190.5,3.0,229,2018,15.22,3.83,10.9,2076.4500000000003,6.854291388175148,20.53,24.13
2018-04-26,8422,170300,32250148,190.5,191.0,188.5,189.0,-1.5,158,2018,15.1,3.8,10.9,2060.1,6.800320589843059,20.53,24.13
2018-04-27,8422,106120,20149040,189.5,190.0,189.5,190.0,1.0,103,2018,15.18,3.82,10.9,2071.0,6.836301122064451,20.53,24.13
2018-04-30,8422,180214,34237909,190.5,191.0,188.5,190.5,0.5,158,2018,15.22,3.83,10.9,2076.4500000000003,6.854291388175148,20.53,24.13
2018-05-02,8422,141476,26855392,190.5,190.5,189.0,190.0,-0.5,136,2018,15.18,3.82,10.9,2071.0,6.591640997142455,20.53,24.13
2018-05-03,8422,258526,49108753,190.0,191.0,188.5,191.0,1.0,238,2018,15.26,3.84,10.9,2081.9,6.626333844495837,20.53,24.13
2018-05-04,8422,123819,23433110,191.0,191.0,188.5,189.0,-2.0,137,2018,15.1,3.8,10.9,2060.1,6.556948149789074,20.53,24.13
2018-05-07,8422,304366,58152040,192.0,193.0,189.5,189.5,0.5,244,2018,14.43,3.55,10.9,2065.55,6.574294573465765,20.53,24.13
2018-05-08,8422,399851,76564743,190.5,192.0,190.5,191.0,1.5,270,2018,14.55,3.58,10.9,2081.9,6.626333844495837,20.53,24.13
2018-05-09,8422,199257,38140615,191.5,191.5,191.0,191.5,0.5,161,2018,14.58,3.59,10.9,2087.35,6.6436802681725275,20.53,24.13
2018-05-10,8422,176100,33719800,192.0,192.0,191.0,191.5,0.0,135,2018,14.58,3.59,10.9,2087.35,6.6436802681725275,20.53,24.13
2018-05-11,8422,632126,121601496,192.0,194.0,191.5,194.0,2.5,447,2018,14.78,3.63,10.9,2114.6,6.73041238655598,20.53,24.13
2018-05-14,8422,307167,59738565,194.5,196.5,193.0,193.5,-0.5,255,2018,14.74,3.62,10.9,2109.15,6.7130659628792895,20.53,24.13
2018-05-15,8422,383120,73314540,194.0,194.0,190.5,190.5,-3.0,308,2018,14.51,3.57,10.9,2076.4500000000003,6.6089874208191475,20.53,24.13
2018-05-16,8422,280806,53679344,191.5,191.5,190.0,190.5,0.0,255,2018,14.51,3.57,10.9,2076.4500000000003,6.6089874208191475,20.53,24.13
2018-05-17,8422,151160,28884220,190.5,192.0,190.5,190.5,0.0,147,2018,14.51,3.57,10.9,2076.4500000000003,6.6089874208191475,20.53,24.13
2018-05-18,8422,187071,35677632,191.0,191.5,190.0,191.0,0.5,176,2018,14.55,3.58,10.9,2081.9,6.626333844495837,20.53,24.13
2018-05-21,8422,199399,38208108,191.0,192.5,191.0,191.0,0.0,162,2018,14.55,3.58,10.9,2081.9,6.626333844495837,20.53,24.13
2018-05-22,8422,219737,41864868,191.5,191.5,190.0,191.5,0.5,193,2018,14.58,3.59,10.9,2087.35,6.6436802681725275,20.53,24.13
2018-05-23,8422,246004,46766764,191.5,191.5,189.5,189.5,-2.0,227,2018,14.43,3.55,10.9,2065.55,6.574294573465765,20.53,24.13
2018-05-24,8422,118900,22568900,190.0,190.5,189.5,190.0,0.5,112,2018,14.47,3.56,10.9,2071.0,6.591640997142455,20.53,24.13
2018-05-25,8422,176130,33467830,191.0,191.0,189.5,190.0,0.0,151,2018,14.47,3.56,10.9,2071.0,6.591640997142455,20.53,24.13
2018-05-28,8422,169265,32153115,190.5,190.5,189.5,190.0,0.0,153,2018,14.47,3.56,10.9,2071.0,6.591640997142455,20.53,24.13
2018-05-29,8422,133304,25295564,190.0,190.0,189.5,190.0,0.0,130,2018,14.47,3.56,10.9,2071.0,6.591640997142455,20.53,24.13
2018-05-30,8422,182606,34569246,189.5,190.0,188.5,190.0,0.0,170,2018,14.47,3.56,10.9,2071.0,6.591640997142455,20.53,24.13
2018-05-31,8422,447388,85678073,189.0,192.5,189.0,192.5,2.5,325,2018,14.66,3.6,10.9,2098.25,6.6783731155259085,20.53,24.13
2018-06-01,8422,199825,38410900,192.5,193.5,191.0,192.0,-0.5,169,2018,14.62,3.59,10.9,2092.8,6.661026691849218,20.53,24.13
2018-06-04,8422,373677,71448307,192.0,192.5,190.5,190.5,-1.5,269,2018,14.51,3.57,10.9,2076.4500000000003,6.405544098752332,20.53,24.13
2018-06-05,8422,409100,78295147,191.5,192.5,190.5,190.5,0.0,233,2018,14.51,3.57,10.9,2076.4500000000003,6.405544098752332,20.53,24.13
2018-06-06,8422,181716,34687110,190.5,191.5,190.5,191.0,0.5,149,2018,14.55,3.58,10.9,2081.9,6.422356550455093,20.53,24.13
2018-06-07,8422,203700,39039800,192.5,193.0,191.0,191.0,0.0,146,2018,14.55,3.58,10.9,2081.9,6.422356550455093,20.53,24.13
2018-06-08,8422,162251,31065315,191.0,192.0,191.0,191.0,0.0,132,2018,14.55,3.58,10.9,2081.9,6.422356550455093,20.53,24.13
2018-06-11,8422,219154,41784986,191.5,191.5,190.0,190.0,-1.0,212,2018,14.47,3.56,10.9,2071.0,6.3887316470495685,20.53,24.13
2018-06-12,8422,404291,76487790,190.0,190.0,188.5,188.5,-1.5,336,2018,14.36,3.53,10.9,2054.65,6.338294291941283,20.53,24.13
2018-06-13,8422,214000,40551499,189.0,190.0,189.0,189.5,1.0,198,2018,14.43,3.55,10.9,2065.55,6.371919195346807,20.53,24.13
2018-06-14,8422,227310,43395020,189.5,192.0,189.0,191.0,1.5,184,2018,14.55,3.58,10.9,2081.9,6.422356550455093,20.53,24.13
2018-06-15,8422,144025,27506783,191.0,191.5,190.0,191.0,0.0,136,2018,14.55,3.58,10.9,2081.9,6.422356550455093,20.53,24.13
2018-06-19,8422,518194,97898455,191.0,191.0,188.0,189.0,-2.0,424,2018,14.39,3.54,10.9,2060.1,6.355106743644045,20.53,24.13
2018-06-20,8422,243319,46122110,189.0,190.5,188.5,188.5,-0.5,252,2018,14.36,3.53,10.9,2054.65,6.338294291941283,20.53,24.13
2018-06-21,8422,225124,42550060,190.0,190.0,188.5,189.0,0.5,242,2018,14.39,3.54,10.9,2060.1,6.355106743644045,20.53,24.13
2018-06-22,8422,191053,35983017,189.0,189.0,188.0,188.0,-1.0,209,2018,14.32,3.52,10.9,2049.2000000000003,6.321481840238522,20.53,24.13
2018-06-25,8422,313403,58847667,188.5,189.0,187.0,188.0,0.0,286,2018,14.32,3.52,10.9,2049.2000000000003,6.321481840238522,20.53,24.13
2018-06-26,8422,266049,49942761,187.5,189.0,186.5,189.0,1.0,261,2018,14.39,3.54,10.9,2060.1,6.355106743644045,20.53,24.13
2018-06-27,8422,206640,39256559,189.0,191.0,188.5,191.0,2.0,183,2018,14.55,3.58,10.9,2081.9,6.422356550455093,20.53,24.13
2018-06-28,8422,113275,21614800,190.5,191.5,190.0,191.0,0.0,106,2018,14.55,3.58,10.9,2081.9,6.422356550455093,20.53,24.13
2018-06-29,8422,50490,9636580,191.0,191.5,190.5,191.0,0.0,60,2018,14.55,3.58,10.9,2081.9,6.422356550455093,20.53,24.13
2018-07-02,8422,119444,22777692,191.0,191.0,190.0,191.0,0.0,94,2018,14.55,3.58,10.9,2081.9,6.392384774953912,20.53,24.13
2018-07-03,8422,137662,26250270,191.0,191.0,190.0,190.0,-1.0,128,2018,14.47,3.56,10.9,2071.0,6.35891679183897,20.53,24.13
2018-07-04,8422,126646,24080559,190.0,190.5,190.0,190.0,0.0,119,2018,14.47,3.56,10.9,2071.0,6.35891679183897,20.53,24.13
2018-07-05,8422,187782,35580080,190.5,190.5,189.0,189.5,-0.5,185,2018,14.43,3.55,10.9,2065.55,6.3421828002815,20.53,24.13
2018-07-06,8422,432778,81349145,189.5,189.5,187.0,187.0,-2.5,360,2018,14.24,3.5,10.9,2038.3,6.258512842494144,20.53,24.13
2018-07-09,8422,490200,92094394,187.0,188.5,187.0,188.5,1.5,371,2018,14.36,3.53,10.9,2054.65,6.308714817166558,20.53,24.13
2018-07-10,8422,313664,56510348,178.5,181.5,178.5,180.5,0.0,308,2018,13.75,3.38,10.9,1967.45,6.040970952247022,20.53,24.13
2018-07-11,8422,125260,22552320,180.5,181.0,179.0,180.0,-0.5,130,2018,13.71,3.37,10.9,1962.0,6.024236960689551,20.53,24.13
2018-07-12,8422,71968,12990156,180.0,181.0,179.5,181.0,1.0,97,2018,13.79,3.39,10.9,1972.9,6.0577049438044925,20.53,24.13
2018-07-13,8422,175353,31936952,182.0,183.0,181.5,182.0,1.0,150,2018,13.86,3.41,10.9,1983.8,6.091172926919435,20.53,24.13
2018-07-16,8422,133300,24254046,182.0,182.5,181.0,182.5,0.5,128,2018,13.9,3.42,10.9,1989.25,6.107906918476906,20.53,24.13
2018-07-17,8422,174590,32072650,183.0,184.0,183.0,183.5,1.0,178,2018,13.98,3.44,10.9,2000.15,6.141374901591848,20.53,24.13
2018-07-18,8422,198132,36603052,184.5,185.5,184.0,184.5,1.0,178,2018,14.05,3.45,10.9,2011.05,6.1748428847067895,20.53,24.13
2018-07-19,8422,108079,20064273,186.0,186.0,185.0,185.5,1.0,112,2018,14.13,3.47,10.9,2021.95,6.208310867821732,20.53,24.13
2018-07-20,8422,154360,28621495,186.0,186.5,184.5,186.5,1.0,164,2018,14.2,3.49,10.9,2032.85,6.241778850936674,20.53,24.13
2018-07-23,8422,312449,58739412,187.0,189.0,187.0,187.5,1.0,298,2018,14.28,3.51,10.9,2043.75,6.275246834051615,20.53,24.13
2018-07-24,8422,286300,53713546,187.5,188.5,186.5,188.0,0.5,274,2018,14.32,3.52,10.9,2049.2000000000003,6.2919808256090874,20.53,24.13
2018-07-25,8422,192123,36061183,188.0,188.5,187.0,187.0,-1.0,137,2018,14.24,3.5,10.9,2038.3,6.258512842494144,20.53,24.13
2018-07-26,8422,174410,32499875,186.5,187.0,185.5,186.0,-1.0,162,2018,14.17,3.48,10.9,2027.4,6.225044859379203,20.53,24.13
2018-07-27,8422,118040,21928480,185.5,187.0,185.0,187.0,1.0,143,2018,14.24,3.5,10.9,2038.3,6.258512842494144,20.53,24.13
2018-07-30,8422,45718,8521766,187.0,187.0,186.0,186.5,-0.5,77,2018,14.2,3.49,10.9,2032.85,6.241778850936674,20.53,24.13
2018-07-31,8422,76052,14141672,186.5,186.5,185.5,185.5,-1.0,99,2018,14.13,3.47,10.9,2021.95,6.208310867821732,20.53,24.13
2018-08-01,8422,180100,33370000,185.5,186.0,184.5,184.5,-1.0,177,2018,14.05,3.45,10.9,2011.05,6.1748428847067895,20.53,24.13
2018-08-02,8422,121101,22285584,185.0,185.0,183.0,183.0,-1.5,151,2018,13.94,3.43,10.9,1994.7,5.978780678830045,20.53,24.13
2018-08-03,8422,119977,22051756,184.0,184.5,183.0,183.5,0.5,120,2018,14.06,4.03,10.9,2000.15,5.995116145165646,20.53,24.13
2018-08-06,8422,230433,42189385,183.5,184.0,182.0,183.0,-0.5,228,2018,14.02,4.02,10.9,1994.7,5.978780678830045,20.53,24.13
2018-08-07,8422,212450,38986700,183.5,184.5,183.0,183.5,0.5,130,2018,14.06,4.03,10.9,2000.15,5.995116145165646,20.53,24.13
2018-08-08,8422,222600,40990100,184.0,185.5,183.5,184.5,1.0,111,2018,14.14,4.05,10.9,2011.05,6.027787077836849,20.53,24.13
2018-08-09,8422,192330,35439550,185.0,185.0,183.5,184.0,-0.5,86,2018,14.1,4.04,10.9,2005.6,6.011451611501247,20.53,24.13
2018-08-10,8422,251350,45912400,184.5,184.5,182.0,182.5,-1.5,240,2018,13.98,4.01,10.9,1989.25,5.962445212494444,20.53,24.13
2018-08-13,8422,202478,36769974,182.5,183.5,181.0,181.5,-1.0,215,2018,13.91,3.99,10.9,1978.35,5.929774279823241,20.53,24.13
2018-08-14,8422,103876,19003684,182.5,183.5,182.5,183.0,1.5,113,2018,14.02,4.02,10.9,1994.7,5.978780678830045,20.53,24.13
2018-08-15,8422,334039,60873150,183.0,183.5,181.0,182.0,-1.0,257,2018,13.95,4.0,10.9,1983.8,5.946109746158842,20.53,24.13
2018-08-16,8422,253509,45799387,181.0,181.5,180.0,181.0,-1.0,221,2018,13.87,3.98,10.9,1972.9,5.91343881348764,20.53,24.13
2018-08-17,8422,111220,20152647,181.0,182.0,180.5,181.0,0.0,118,2018,13.87,3.98,10.9,1972.9,5.91343881348764,20.53,24.13
2018-08-20,8422,228499,41192062,181.0,181.0,179.5,181.0,0.0,248,2018,13.87,3.98,10.9,1972.9,5.91343881348764,20.53,24.13
2018-08-21,8422,164113,29693066,181.5,181.5,180.5,181.0,0.0,164,2018,13.87,3.98,10.9,1972.9,5.91343881348764,20.53,24.13
2018-08-22,8422,136799,24641619,181.5,181.5,179.5,179.5,-1.5,165,2018,13.75,3.95,10.9,1956.55,5.864432414480836,20.53,24.13
2018-08-23,8422,160262,28733287,179.5,180.0,179.0,179.5,0.0,177,2018,13.75,3.95,10.9,1956.55,5.864432414480836,20.53,24.13
2018-08-24,8422,159348,28423959,179.0,179.0,178.0,178.0,-1.5,195,2018,13.64,3.91,10.9,1940.2,5.815426015474033,20.53,24.13
2018-08-27,8422,92979,16637208,178.0,180.0,178.0,179.0,1.0,107,2018,13.72,3.93,10.9,1951.1,5.848096948145235,20.53,24.13
2018-08-28,8422,139428,24893040,178.5,179.0,178.0,179.0,0.0,160,2018,13.72,3.93,10.9,1951.1,5.848096948145235,20.53,24.13
2018-08-29,8422,104715,18796056,179.0,180.0,179.0,179.0,0.0,110,2018,13.72,3.93,10.9,1951.1,5.848096948145235,20.53,24.13
2018-08-30,8422,131306,23608886,179.0,180.5,179.0,180.0,1.0,114,2018,13.79,3.96,10.9,1962.0,5.880767880816437,20.53,24.13
2018-08-31,8422,127790,23074780,180.0,181.5,179.5,181.5,1.5,115,2018,13.91,3.99,10.9,1978.35,5.929774279823241,20.53,24.13
2018-09-03,8422,103993,18736724,180.0,181.0,180.0,180.0,-1.5,117,2018,13.79,3.96,10.9,1962.0,5.820027658480065,20.53,24.13
2018-09-04,8422,78560,14121573,180.0,180.0,179.0,180.0,0.0,113,2018,13.79,3.96,10.9,1962.0,5.820027658480065,20.53,24.13
2018-09-05,8422,97201,17446680,180.0,180.0,179.0,179.0,-1.0,123,2018,13.72,3.93,10.9,1951.1,5.787694171488509,20.53,24.13
2018-09-06,8422,71098,12712140,179.0,179.0,178.5,178.5,-0.5,90,2018,13.68,3.92,10.9,1945.65,5.771527427992731,20.53,24.13
2018-09-07,8422,129171,23025109,178.0,179.5,178.0,178.0,-0.5,150,2018,13.64,3.91,10.9,1940.2,5.755360684496953,20.53,24.13
2018-09-10,8422,207006,36651068,178.0,179.0,176.0,176.5,-1.5,215,2018,13.52,3.88,10.9,1923.85,5.706860454009619,20.53,24.13
2018-09-11,8422,88916,15704548,177.0,177.5,176.0,177.0,0.5,158,2018,13.56,3.89,10.9,1929.3,5.723027197505397,20.53,24.13
2018-09-12,8422,122199,21743714,178.0,178.5,177.0,178.5,1.5,138,2018,13.68,3.92,10.9,1945.65,5.771527427992731,20.53,24.13
2018-09-13,8422,70889,12611131,178.5,178.5,177.5,177.5,-1.0,92,2018,13.6,3.9,10.9,1934.75,5.739193941001175,20.53,24.13
2018-09-14,8422,174998,30955137,178.5,178.5,176.0,177.0,-0.5,219,2018,13.56,3.89,10.9,1929.3,5.723027197505397,20.53,24.13
2018-09-17,8422,181676,31924152,177.0,177.0,175.0,176.0,-1.0,242,2018,13.49,3.87,10.9,1918.4,5.690693710513841,20.53,24.13
2018-09-18,8422,262822,45891756,176.0,176.0,174.0,174.0,-2.0,298,2018,13.33,3.82,10.9,1896.6,5.626026736530729,20.53,24.13
2018-09-19,8422,252209,43958075,174.0,175.0,174.0,174.0,0.0,296,2018,13.33,3.82,10.9,1896.6,5.626026736530729,20.53,24.13
2018-09-20,8422,95897,16713475,174.0,175.0,174.0,174.0,0.0,130,2018,13.33,3.82,10.9,1896.6,5.626026736530729,20.53,24.13
2018-09-21,8422,154467,27027947,175.5,175.5,174.5,175.0,1.0,185,2018,13.41,3.85,10.9,1907.5,5.658360223522285,20.53,24.13
2018-09-25,8422,89580,15690283,175.5,175.5,175.0,175.0,0.0,130,2018,13.41,3.85,10.9,1907.5,5.658360223522285,20.53,24.13
2018-09-26,8422,149520,26220257,175.5,176.0,175.0,175.0,0.0,174,2018,13.41,3.85,10.9,1907.5,5.658360223522285,20.53,24.13
2018-09-27,8422,310517,54013475,175.0,175.5,173.0,173.0,-2.0,350,2018,13.26,3.8,10.9,1885.7,5.593693249539173,20.53,24.13
2018-09-28,8422,149732,26034100,173.0,174.5,173.0,174.5,1.5,175,2018,13.37,3.84,10.9,1902.05,5.642193480026507,20.53,24.13
2018-10-01,8422,59133,10349408,175.0,175.5,174.0,175.0,0.5,95,2018,13.41,3.85,10.9,1907.5,5.658360223522285,20.53,24.13
2018-10-02,8422,55854,9734950,175.0,175.0,174.0,174.0,-1.0,80,2018,13.33,3.82,10.9,1896.6,5.575390205292299,20.53,24.13
2018-10-03,8422,134599,23399825,173.5,174.5,173.5,173.5,-0.5,151,2018,13.3,3.81,10.9,1891.15,5.559368969070195,20.53,24.13
2018-10-04,8422,167498,29193650,174.0,175.0,174.0,174.0,0.5,189,2018,13.33,3.82,10.9,1896.6,5.575390205292299,20.53,24.13
2018-10-05,8422,672716,117412435,174.0,174.0,172.5,173.0,-1.0,213,2018,13.26,3.8,10.9,1885.7,5.5433477328480905,20.53,24.13
2018-10-08,8422,92027,15941198,173.0,173.5,173.0,173.0,0.0,134,2018,13.26,3.8,10.9,1885.7,5.5433477328480905,20.53,24.13
2018-10-09,8422,196126,33950924,173.0,174.5,172.5,173.5,0.5,233,2018,13.3,3.81,10.9,1891.15,5.559368969070195,20.53,24.13
2018-10-11,8422,570907,96573097,171.0,171.0,168.0,169.0,-4.5,576,2018,12.95,3.71,10.9,1842.1,5.415177843071256,20.53,24.13
2018-10-12,8422,338395,57375729,168.5,172.0,167.0,170.0,1.0,352,2018,13.03,3.74,10.9,1853.0,5.447220315515465,20.53,24.13
2018-10-15,8422,243638,41332960,170.5,172.0,169.0,169.0,-1.0,274,2018,12.95,3.71,10.9,1842.1,5.415177843071256,20.53,24.13
2018-10-16,8422,115408,19564768,170.0,170.5,168.5,170.0,1.0,162,2018,13.03,3.74,10.9,1853.0,5.447220315515465,20.53,24.13
2018-10-17,8422,215685,36889155,170.5,172.0,170.0,172.0,2.0,221,2018,13.18,3.78,10.9,1874.8,5.511305260403883,20.53,24.13
2018-10-18,8422,177514,30226394,171.0,171.0,169.5,169.5,-2.5,199,2018,12.99,3.73,10.9,1847.55,5.431199079293361,20.53,24.13
2018-10-19,8422,266736,46068800,169.0,175.0,168.5,175.0,5.5,236,2018,13.41,3.85,10.9,1907.5,5.607432677736508,20.53,24.13
2018-10-22,8422,176187,30520129,173.0,174.5,172.5,173.0,-2.0,155,2018,13.26,3.8,10.9,1885.7,5.5433477328480905,20.53,24.13
2018-10-23,8422,207399,35360729,173.0,173.0,169.5,170.0,-3.0,241,2018,13.03,3.74,10.9,1853.0,5.447220315515465,20.53,24.13
2018-10-24,8422,137238,23371198,170.5,171.5,169.5,170.0,0.0,150,2018,13.03,3.74,10.9,1853.0,5.447220315515465,20.53,24.13
2018-10-25,8422,178663,30153710,168.0,169.5,168.0,169.0,-1.0,203,2018,12.95,3.71,10.9,1842.1,5.415177843071256,20.53,24.13
2018-10-26,8422,184520,31285652,169.5,170.5,168.5,170.5,1.5,183,2018,13.07,3.75,10.9,1858.45,5.463241551737569,20.53,24.13
2018-10-29,8422,79566,13475720,170.5,170.5,169.0,169.0,-1.5,91,2018,12.95,3.71,10.9,1842.1,5.415177843071256,20.53,24.13
2018-10-30,8422,121699,20523477,169.0,170.0,168.0,169.0,0.0,140,2018,12.95,3.71,10.9,1842.1,5.415177843071256,20.53,24.13
2018-10-31,8422,180188,30583148,169.0,170.5,169.0,170.5,1.5,160,2018,13.07,3.75,10.9,1858.45,5.463241551737569,20.53,24.13
2018-11-01,8422,155413,26342123,170.5,170.5,168.5,170.5,0.0,138,2018,13.07,3.75,10.9,1858.45,5.463241551737569,20.53,24.13
2018-11-02,8422,143341,24278137,170.5,170.5,169.0,169.5,-1.0,151,2018,12.99,3.73,10.9,1847.55,5.323731761489441,20.53,24.13
2018-11-05,8422,145837,24592290,169.5,169.5,168.0,169.0,-0.5,176,2018,12.95,3.71,10.9,1842.1,5.308027538004221,20.53,24.13
2018-11-06,8422,180052,30554840,169.5,170.5,169.0,169.5,0.5,190,2018,12.99,3.73,10.9,1847.55,5.323731761489441,20.53,24.13
2018-11-07,8422,200414,33975083,169.5,170.5,169.0,169.5,0.0,201,2018,12.99,3.73,10.9,1847.55,5.323731761489441,20.53,24.13
2018-11-08,8422,172517,29245139,170.0,170.5,169.0,169.5,0.0,205,2018,12.99,3.73,10.9,1847.55,5.323731761489441,20.53,24.13
2018-11-09,8422,131198,22215660,169.5,170.0,169.0,169.5,0.0,168,2018,13.27,3.52,10.9,1847.55,5.323731761489441,20.53,24.13
2018-11-12,8422,479037,80448790,169.0,170.0,166.5,169.0,-0.5,387,2018,13.23,3.51,10.9,1842.1,5.308027538004221,20.53,24.13
2018-11-13,8422,92326,15584420,168.0,169.5,167.0,169.0,0.0,113,2018,13.23,3.51,10.9,1842.1,5.308027538004221,20.53,24.13
2018-11-14,8422,181000,30671500,169.0,169.5,169.0,169.5,0.5,119,2018,13.27,3.52,10.9,1847.55,5.323731761489441,20.53,24.13
2018-11-15,8422,113100,19167250,169.5,170.0,169.0,169.5,0.0,98,2018,13.27,3.52,10.9,1847.55,5.323731761489441,20.53,24.13
2018-11-16,8422,102170,17327479,170.0,170.0,169.0,169.5,0.0,124,2018,13.27,3.52,10.9,1847.55,5.323731761489441,20.53,24.13
2018-11-19,8422,128949,21764330,170.0,170.0,168.0,169.5,0.0,151,2018,13.27,3.52,10.9,1847.55,5.323731761489441,20.53,24.13
2018-11-20,8422,93999,15866826,169.5,169.5,168.5,168.5,-1.0,116,2018,13.19,3.5,10.9,1836.65,5.292323314519002,20.53,24.13
2018-11-21,8422,175687,29534103,168.5,168.5,167.5,168.0,-0.5,206,2018,13.16,3.49,10.9,1831.2,5.276619091033782,20.53,24.13
2018-11-22,8422,53816,9068404,168.5,169.0,168.0,168.5,0.5,88,2018,13.19,3.5,10.9,1836.65,5.292323314519002,20.53,24.13
2018-11-23,8422,84519,14204943,168.0,168.5,168.0,168.0,-0.5,123,2018,13.16,3.49,10.9,1831.2,5.276619091033782,20.53,24.13
2018-11-26,8422,106999,18087828,168.0,169.5,168.0,168.0,0.0,113,2018,13.16,3.49,10.9,1831.2,5.276619091033782,20.53,24.13
2018-11-27,8422,49415,8366332,168.5,169.5,168.5,169.5,1.5,76,2018,13.27,3.52,10.9,1847.55,5.323731761489441,20.53,24.13
2018-11-28,8422,117400,19829296,169.5,169.5,168.0,168.5,-1.0,108,2018,13.19,3.5,10.9,1836.65,5.292323314519002,20.53,24.13
2018-11-29,8422,143708,24252652,170.0,170.0,168.0,168.5,0.0,163,2018,13.19,3.5,10.9,1836.65,5.292323314519002,20.53,24.13
2018-11-30,8422,205069,34594161,168.5,169.0,168.5,168.5,0.0,152,2018,13.19,3.5,10.9,1836.65,5.292323314519002,20.53,24.13
2018-12-03,8422,252525,42783250,169.0,170.0,168.5,169.5,1.0,215,2018,13.27,3.52,10.9,1847.55,5.403155123236857,20.53,24.13
2018-12-04,8422,173144,29296405,169.5,169.5,168.5,168.5,-1.0,169,2018,13.19,3.5,10.9,1836.65,5.371278101860828,20.53,24.13
2018-12-05,8422,75699,12747631,168.5,169.0,168.0,168.5,0.0,98,2018,13.19,3.5,10.9,1836.65,5.371278101860828,20.53,24.13
2018-12-06,8422,175248,29464029,168.5,169.0,168.0,169.0,0.5,166,2018,13.23,3.51,10.9,1842.1,5.387216612548842,20.53,24.13
2018-12-07,8422,174630,29386970,168.5,169.0,168.0,168.5,-0.5,165,2018,13.19,3.5,10.9,1836.65,5.371278101860828,20.53,24.13
2018-12-10,8422,51880,8734220,168.5,168.5,168.0,168.5,0.0,81,2018,13.19,3.5,10.9,1836.65,5.371278101860828,20.53,24.13
2018-12-11,8422,106885,17964065,169.0,169.0,168.0,168.0,-0.5,132,2018,13.16,3.49,10.9,1831.2,5.355339591172814,20.53,24.13
2018-12-12,8422,130295,21891855,168.0,169.0,167.5,168.0,0.0,144,2018,13.16,3.49,10.9,1831.2,5.355339591172814,20.53,24.13
2018-12-13,8422,69305,11677545,168.5,169.0,168.0,168.5,0.5,92,2018,13.19,3.5,10.9,1836.65,5.371278101860828,20.53,24.13
2018-12-14,8422,87699,14774631,168.5,169.0,168.0,168.0,-0.5,110,2018,13.16,3.49,10.9,1831.2,5.355339591172814,20.53,24.13
2018-12-17,8422,165536,27762305,168.0,168.5,167.0,168.0,0.0,188,2018,13.16,3.49,10.9,1831.2,5.355339591172814,20.53,24.13
2018-12-18,8422,262784,43953212,167.5,168.0,167.0,167.0,-1.0,235,2018,13.08,3.47,10.9,1820.3,5.323462569796786,20.53,24.13
2018-12-19,8422,141613,23669484,167.0,167.5,166.5,167.5,0.5,157,2018,13.12,3.48,10.9,1825.75,5.3394010804848,20.53,24.13
2018-12-20,8422,122843,20512195,167.0,167.5,166.5,167.0,-0.5,123,2018,13.08,3.47,10.9,1820.3,5.323462569796786,20.53,24.13
2018-12-21,8422,203761,33938587,167.0,167.0,166.0,166.0,-1.0,201,2018,13.0,3.44,10.9,1809.4,5.291585548420757,20.53,24.13
2018-12-22,8422,41161,6858466,166.5,167.0,166.5,166.5,0.5,58,2018,13.04,3.46,10.9,1814.85,5.307524059108771,20.53,24.13
2018-12-24,8422,68726,11443242,167.0,167.0,166.0,166.5,0.0,101,2018,13.04,3.46,10.9,1814.85,5.307524059108771,20.53,24.13
2018-12-25,8422,112339,18667777,166.0,167.0,166.0,166.5,0.0,125,2018,13.04,3.46,10.9,1814.85,5.307524059108771,20.53,24.13
2018-12-26,8422,101940,16986480,166.5,168.0,166.0,166.0,-0.5,127,2018,13.0,3.44,10.9,1809.4,5.291585548420757,20.53,24.13
2018-12-27,8422,67179,11201893,167.5,167.5,166.0,166.5,0.5,82,2018,13.04,3.46,10.9,1814.85,5.307524059108771,20.53,24.13
2018-12-28,8422,124994,20754998,166.5,166.5,165.5,166.5,0.0,140,2018,13.04,3.46,10.9,1814.85,5.307524059108771,20.53,24.13
2019-01-02,8422,60049,9981183,166.5,167.0,166.0,166.0,-0.5,84,2019,13.0,3.44,10.9,1809.4,5.328331090373136,17.02,21.0
2019-01-03,8422,46889,7797463,166.0,167.0,166.0,166.0,0.0,73,2019,13.0,3.44,10.9,1809.4,5.328331090373136,17.02,21.0
2019-01-04,8422,91849,15200852,166.0,166.0,165.0,165.5,-0.5,115,2019,12.96,3.43,10.9,1803.95,5.312281900341892,17.02,21.0
2019-01-07,8422,130610,21777480,166.5,167.5,165.5,167.0,1.5,134,2019,13.08,3.47,10.9,1820.3,5.3604294704356255,17.02,21.0
2019-01-08,8422,56184,9407912,167.5,168.0,167.0,167.5,0.5,71,2019,13.12,3.48,10.9,1825.75,5.376478660466869,17.02,21.0
2019-01-09,8422,234552,39845114,167.5,170.5,167.5,170.5,3.0,238,2019,13.35,3.54,10.9,1858.45,5.472773800654336,17.02,21.0
2019-01-10,8422,91616,15567720,171.0,171.0,169.0,169.5,-1.0,105,2019,13.27,3.52,10.9,1847.55,5.440675420591847,17.02,21.0
2019-01-11,8422,75649,12836830,169.5,170.0,169.0,169.0,-0.5,97,2019,13.23,3.51,10.9,1842.1,5.424626230560603,17.02,21.0
2019-01-14,8422,45809,7758839,169.0,169.5,169.0,169.0,0.0,49,2019,13.23,3.51,10.9,1842.1,5.424626230560603,17.02,21.0
2019-01-15,8422,73248,12408160,170.0,170.0,169.0,169.5,0.5,113,2019,13.27,3.52,10.9,1847.55,5.440675420591847,17.02,21.0
2019-01-16,8422,56155,9503850,169.0,169.5,169.0,169.5,0.0,73,2019,13.27,3.52,10.9,1847.55,5.440675420591847,17.02,21.0
2019-01-17,8422,150170,25362730,169.0,169.5,168.5,168.5,-1.0,134,2019,13.19,3.5,10.9,1836.65,5.408577040529358,17.02,21.0
2019-01-18,8422,82013,13927723,168.5,170.5,168.5,170.5,2.0,93,2019,13.35,3.54,10.9,1858.45,5.472773800654336,17.02,21.0
2019-01-21,8422,52693,8997342,171.0,171.0,170.5,171.0,0.5,66,2019,13.39,3.55,10.9,1863.9,5.4888229906855805,17.02,21.0
2019-01-22,8422,61550,10499321,171.0,171.0,170.5,170.5,-0.5,68,2019,13.35,3.54,10.9,1858.45,5.472773800654336,17.02,21.0
2019-01-23,8422,70748,12036408,170.5,171.0,169.5,170.0,-0.5,62,2019,13.31,3.53,10.9,1853.0,5.456724610623091,17.02,21.0
2019-01-24,8422,61560,10491320,170.0,171.0,170.0,170.5,0.5,65,2019,13.35,3.54,10.9,1858.45,5.472773800654336,17.02,21.0
2019-01-25,8422,63616,10836143,170.0,170.5,170.0,170.0,-0.5,66,2019,13.31,3.53,10.9,1853.0,5.456724610623091,17.02,21.0
2019-01-28,8422,71239,12149108,170.5,171.0,170.0,171.0,1.0,94,2019,13.39,3.55,10.9,1863.9,5.4888229906855805,17.02,21.0
2019-01-29,8422,154690,26322640,171.0,171.0,169.5,170.0,-1.0,166,2019,13.31,3.53,10.9,1853.0,5.456724610623091,17.02,21.0
2019-01-30,8422,114366,19450586,170.0,170.5,169.5,169.5,-0.5,110,2019,13.27,3.52,10.9,1847.55,5.440675420591847,17.02,21.0
2019-02-11,8422,224271,38218112,170.0,171.0,170.0,170.5,1.0,178,2019,13.35,3.54,10.9,1858.45,5.529304166622039,17.02,21.0
2019-02-12,8422,142297,24229932,170.5,170.5,170.0,170.0,-0.5,141,2019,13.31,3.53,10.9,1853.0,5.513089198391475,17.02,21.0
2019-02-13,8422,209371,35705613,170.0,171.5,170.0,170.5,0.5,221,2019,13.35,3.54,10.9,1858.45,5.529304166622039,17.02,21.0
2019-02-14,8422,168599,28732620,171.0,171.0,170.0,170.0,-0.5,168,2019,13.31,3.53,10.9,1853.0,5.513089198391475,17.02,21.0
2019-02-15,8422,84929,14473859,170.0,170.5,170.0,170.5,0.5,111,2019,13.35,3.54,10.9,1858.45,5.529304166622039,17.02,21.0
2019-02-18,8422,157349,26838179,170.5,171.0,170.0,170.5,0.0,173,2019,13.35,3.54,10.9,1858.45,5.529304166622039,17.02,21.0
2019-02-19,8422,327052,55670392,171.0,171.0,169.5,170.5,0.0,213,2019,13.35,3.54,10.9,1858.45,5.529304166622039,17.02,21.0
2019-02-20,8422,119996,20474807,170.5,171.0,170.0,171.0,0.5,136,2019,13.39,3.55,10.9,1863.9,5.545519134852602,17.02,21.0
2019-02-21,8422,162929,27867288,171.0,171.5,170.5,171.5,0.5,174,2019,13.43,3.56,10.9,1869.35,5.561734103083165,17.02,21.0
2019-02-22,8422,311632,54058275,172.0,174.5,171.5,174.5,3.0,289,2019,13.66,3.62,10.9,1902.05,5.659023912466544,17.02,21.0
2019-02-25,8422,289932,51007923,175.0,177.5,174.0,177.0,2.5,309,2019,13.86,3.67,10.9,1929.3,5.7400987536193595,17.02,21.0
2019-02-26,8422,158645,27794875,177.0,177.0,174.0,174.5,-2.5,163,2019,13.66,3.62,10.9,1902.05,5.659023912466544,17.02,21.0
2019-02-27,8422,96619,16925130,175.0,176.0,174.5,175.0,0.5,106,2019,13.7,3.63,10.9,1907.5,5.675238880697107,17.02,21.0
2019-03-04,8422,102962,18051312,175.5,176.0,175.0,175.0,0.0,110,2019,13.7,3.63,10.9,1907.5,5.765975454930174,17.02,21.0
2019-03-05,8422,147000,25527995,175.0,175.0,173.0,173.5,-1.5,142,2019,13.59,3.6,10.9,1891.15,5.716552808173629,17.02,21.0
2019-03-06,8422,115901,20142774,173.0,174.5,173.0,173.5,0.0,120,2019,13.59,3.6,10.9,1891.15,5.716552808173629,17.02,21.0
2019-03-07,8422,177272,30831328,173.5,175.5,173.0,173.5,0.0,197,2019,13.59,3.6,10.9,1891.15,5.716552808173629,17.02,21.0
2019-03-08,8422,98544,17161656,173.0,175.0,173.0,174.0,0.5,129,2019,13.63,3.61,10.9,1896.6,5.733027023759144,17.02,21.0
2019-03-11,8422,203593,35102589,174.0,174.0,171.5,172.0,-2.0,229,2019,13.47,3.57,10.9,1874.8,5.667130161417085,17.02,21.0
2019-03-12,8422,112214,19469236,172.5,174.0,172.5,173.5,1.5,115,2019,13.59,3.6,10.9,1891.15,5.716552808173629,17.02,21.0
2019-03-13,8422,78199,13566022,174.5,174.5,173.0,173.0,-0.5,81,2019,13.55,3.59,10.9,1885.7,5.700078592588114,17.02,21.0
2019-03-14,8422,93230,16248020,173.5,174.5,173.5,174.5,1.5,119,2019,13.66,3.62,10.9,1902.05,5.749501239344658,17.02,21.0
2019-03-15,8422,210955,36647170,174.5,175.0,173.0,173.5,-1.0,214,2019,13.59,3.6,10.9,1891.15,5.716552808173629,17.02,21.0
2019-03-18,8422,196159,33858007,173.5,173.5,172.0,172.0,-1.5,217,2019,14.18,3.38,10.9,1874.8,5.667130161417085,17.02,21.0
2019-03-19,8422,258741,44516193,172.0,173.0,171.5,172.0,0.0,273,2019,14.18,3.38,10.9,1874.8,5.667130161417085,17.02,21.0
2019-03-20,8422,113101,19444973,172.0,172.5,171.5,172.0,0.0,123,2019,14.18,3.38,10.9,1874.8,5.667130161417085,17.02,21.0
2019-03-21,8422,183163,31568776,173.0,173.0,172.0,172.5,0.5,181,2019,14.22,3.39,10.9,1880.25,5.6836043770026,17.02,21.0
2019-03-22,8422,167944,28950812,172.5,173.0,172.0,172.0,-0.5,183,2019,14.18,3.38,10.9,1874.8,5.667130161417085,17.02,21.0
2019-03-25,8422,148408,25419176,172.0,172.0,171.0,171.0,-1.0,172,2019,14.1,3.36,10.9,1863.9,5.6341817302460555,17.02,21.0
2019-03-26,8422,107185,18374909,171.0,172.0,171.0,171.5,0.5,114,2019,14.14,3.37,10.9,1869.35,5.65065594583157,17.02,21.0
2019-03-27,8422,92061,15833053,171.5,172.5,171.5,172.0,0.5,96,2019,14.18,3.38,10.9,1874.8,5.667130161417085,17.02,21.0
2019-03-28,8422,116830,20117090,172.5,172.5,172.0,172.0,0.0,121,2019,14.18,3.38,10.9,1874.8,5.667130161417085,17.02,21.0
2019-03-29,8422,113045,19500804,172.5,173.0,172.0,173.0,1.0,101,2019,14.26,3.4,10.9,1885.7,5.700078592588114,17.02,21.0
2019-04-01,8422,124442,21539966,173.0,174.0,172.0,172.5,-0.5,161,2019,14.22,3.39,10.9,1880.25,5.6836043770026,17.02,21.0
2019-04-02,8422,142289,24484497,172.5,172.5,171.5,172.5,0.0,131,2019,14.22,3.39,10.9,1880.25,5.922381135818366,17.02,21.0
2019-04-03,8422,65431,11300063,173.0,173.0,172.5,172.5,0.0,76,2019,14.22,3.39,10.9,1880.25,5.922381135818366,17.02,21.0
2019-04-08,8422,88570,15290110,173.0,173.0,172.5,172.5,0.0,110,2019,14.22,3.39,10.9,1880.25,5.922381135818366,17.02,21.0
2019-04-09,8422,420348,71649508,172.0,172.0,169.5,170.5,-2.0,399,2019,14.06,3.35,10.9,1858.45,5.8537158472871385,17.02,21.0
2019-04-10,8422,177839,30263043,171.0,171.0,170.0,170.0,-0.5,192,2019,14.01,3.35,10.9,1853.0,5.836549525154331,17.02,21.0
2019-04-11,8422,167487,28519777,170.0,171.0,170.0,170.5,0.5,139,2019,14.06,3.35,10.9,1858.45,5.8537158472871385,17.02,21.0
2019-04-12,8422,477794,80553480,170.0,170.0,168.0,168.5,-2.0,448,2019,13.89,3.32,10.9,1836.65,5.785050558755911,17.02,21.0
2019-04-15,8422,151165,25578715,168.5,170.5,168.5,170.5,2.0,184,2019,14.06,3.35,10.9,1858.45,5.8537158472871385,17.02,21.0
2019-04-16,8422,55117,9351390,170.5,171.0,169.0,169.5,-1.0,88,2019,13.97,3.34,10.9,1847.55,5.819383203021525,17.02,21.0
2019-04-17,8422,91699,15542830,169.0,170.5,169.0,169.5,0.0,106,2019,13.97,3.34,10.9,1847.55,5.819383203021525,17.02,21.0
2019-04-18,8422,158559,26764605,169.5,170.0,168.5,168.5,-1.0,148,2019,13.89,3.32,10.9,1836.65,5.785050558755911,17.02,21.0
2019-04-19,8422,79500,13407744,168.5,169.0,168.0,169.0,0.5,95,2019,13.93,3.33,10.9,1842.1,5.802216880888718,17.02,21.0
2019-04-22,8422,93996,16000301,169.0,170.5,169.0,170.5,1.5,126,2019,14.06,3.35,10.9,1858.45,5.8537158472871385,17.02,21.0
2019-04-23,8422,138719,23716805,171.0,171.0,170.5,171.0,0.5,136,2019,14.1,3.36,10.9,1863.9,5.870882169419946,17.02,21.0
2019-04-24,8422,53939,9204569,171.0,171.0,170.0,170.5,-0.5,66,2019,14.06,3.35,10.9,1858.45,5.8537158472871385,17.02,21.0
2019-04-25,8422,35249,6010079,170.5,170.5,170.5,170.5,0.0,39,2019,14.06,3.35,10.9,1858.45,5.8537158472871385,17.02,21.0
2019-04-26,8422,38671,6577241,170.0,170.5,170.0,170.0,-0.5,57,2019,14.01,3.35,10.9,1853.0,5.836549525154331,17.02,21.0
2019-04-29,8422,83372,14206484,170.0,171.0,170.0,170.5,0.5,70,2019,14.06,3.35,10.9,1858.45,5.8537158472871385,17.02,21.0
2019-04-30,8422,74834,12792028,171.0,171.5,170.5,170.5,0.0,88,2019,15.28,3.18,10.9,1858.45,5.8537158472871385,17.02,21.0
2019-05-02,8422,106993,18263295,170.5,171.0,170.0,170.5,0.0,110,2019,15.28,3.18,10.9,1858.45,5.981886161820731,17.02,21.0
2019-05-03,8422,92557,15831804,171.5,171.5,170.5,171.0,0.5,76,2019,15.32,3.19,10.9,1863.9,5.9994283499785634,17.02,21.0
2019-05-06,8422,89272,15199370,171.0,171.0,170.0,170.5,-0.5,119,2019,15.28,3.18,10.9,1858.45,5.981886161820731,17.02,21.0
2019-05-07,8422,59123,10058033,170.0,170.5,170.0,170.0,-0.5,75,2019,15.23,3.17,10.9,1853.0,5.964343973662899,17.02,21.0
2019-05-08,8422,73206,12418520,170.0,170.0,169.0,169.5,-0.5,97,2019,15.19,3.16,10.9,1847.55,5.946801785505067,17.02,21.0
2019-05-09,8422,93826,15896420,169.5,170.0,169.0,170.0,0.5,115,2019,15.23,3.17,10.9,1853.0,5.964343973662899,17.02,21.0
2019-05-10,8422,77027,13053090,170.0,170.0,169.0,169.5,-0.5,106,2019,15.19,3.16,10.9,1847.55,5.946801785505067,17.02,21.0
2019-05-13,8422,130219,22008230,169.5,169.5,168.5,169.0,-0.5,151,2019,15.14,3.15,10.9,1842.1,5.929259597347235,17.02,21.0
2019-05-14,8422,137390,23131300,168.0,169.5,167.5,169.5,0.5,151,2019,15.19,3.16,10.9,1847.55,5.946801785505067,17.02,21.0
2019-05-15,8422,132262,22322901,169.5,169.5,168.5,169.0,-0.5,148,2019,15.14,3.15,10.9,1842.1,5.929259597347235,17.02,21.0
2019-05-16,8422,88720,14968530,168.0,169.5,168.0,169.5,0.5,110,2019,15.19,3.16,10.9,1847.55,5.946801785505067,17.02,21.0
2019-05-17,8422,156569,26359161,169.5,169.5,168.0,168.0,-1.5,188,2019,15.05,3.14,10.9,1831.2,5.8941752210315705,17.02,21.0
2019-05-20,8422,96548,16244831,168.0,168.5,168.0,168.5,0.5,116,2019,15.1,3.15,10.9,1836.65,5.911717409189403,17.02,21.0
2019-05-21,8422,109807,18515383,168.0,169.0,168.0,169.0,0.5,127,2019,15.14,3.15,10.9,1842.1,5.929259597347235,17.02,21.0
2019-05-22,8422,41055,6926295,169.0,169.0,168.5,168.5,-0.5,64,2019,15.1,3.15,10.9,1836.65,5.911717409189403,17.02,21.0
2019-05-23,8422,109100,18397949,168.5,169.0,168.0,168.5,0.0,107,2019,15.1,3.15,10.9,1836.65,5.911717409189403,17.02,21.0
2019-05-24,8422,108850,18381650,168.5,169.5,168.5,168.5,0.0,111,2019,15.1,3.15,10.9,1836.65,5.911717409189403,17.02,21.0
2019-05-27,8422,104120,17694953,169.5,170.5,169.0,170.0,1.5,119,2019,15.23,3.17,10.9,1853.0,5.964343973662899,17.02,21.0
2019-05-28,8422,212210,35898093,170.0,171.0,168.5,168.5,-1.5,169,2019,15.1,3.15,10.9,1836.65,5.911717409189403,17.02,21.0
2019-05-29,8422,88490,14974310,168.5,170.0,168.5,168.5,0.0,100,2019,15.1,3.15,10.9,1836.65,5.911717409189403,17.02,21.0
2019-05-30,8422,34862,5904040,168.5,169.5,168.5,169.5,1.0,48,2019,15.19,3.16,10.9,1847.55,5.946801785505067,17.02,21.0
2019-05-31,8422,95798,16237757,169.5,170.0,169.0,169.0,-0.5,112,2019,15.14,3.15,10.9,1842.1,5.929259597347235,17.02,21.0
2019-06-03,8422,79591,13470170,168.5,170.0,168.5,169.5,0.5,93,2019,15.19,3.16,10.9,1847.55,6.149658840473679,17.02,21.0
2019-06-04,8422,96049,16238304,169.5,170.0,168.5,168.5,-1.0,97,2019,15.1,3.15,10.9,1836.65,6.113377667373539,17.02,21.0
2019-06-05,8422,102501,17307669,169.0,169.5,168.5,168.5,0.0,103,2019,15.1,3.15,10.9,1836.65,6.113377667373539,17.02,21.0
2019-06-06,8422,103556,17509520,169.0,169.5,168.5,169.0,0.5,84,2019,15.14,3.15,10.9,1842.1,6.131518253923609,17.02,21.0
2019-06-10,8422,110275,18623975,169.0,169.5,168.5,168.5,-0.5,135,2019,15.1,3.15,10.9,1836.65,6.113377667373539,17.02,21.0
2019-06-11,8422,152575,25769175,169.5,169.5,168.5,168.5,0.0,147,2019,15.1,3.15,10.9,1836.65,6.113377667373539,17.02,21.0
2019-06-12,8422,151408,25566952,168.5,169.0,168.5,168.5,0.0,113,2019,15.1,3.15,10.9,1836.65,6.113377667373539,17.02,21.0
2019-06-13,8422,97830,16496770,168.5,169.0,168.5,168.5,0.0,132,2019,15.1,3.15,10.9,1836.65,6.113377667373539,17.02,21.0
2019-06-14,8422,225287,37925503,168.5,169.0,168.0,168.0,-0.5,197,2019,15.05,3.14,10.9,1831.2,6.09523708082347,17.02,21.0
2019-06-17,8422,219962,37017580,168.0,169.0,168.0,168.0,0.0,240,2019,15.05,3.14,10.9,1831.2,6.09523708082347,17.02,21.0
2019-06-18,8422,396261,66964735,168.5,170.0,168.0,168.5,0.5,349,2019,15.1,3.15,10.9,1836.65,6.113377667373539,17.02,21.0
2019-06-19,8422,361179,61206930,170.0,170.5,168.5,169.0,0.5,350,2019,15.14,3.15,10.9,1842.1,6.131518253923609,17.02,21.0
2019-06-20,8422,329343,55949310,169.5,170.5,169.5,169.5,0.5,231,2019,15.19,3.16,10.9,1847.55,6.149658840473679,17.02,21.0
2019-06-21,8422,480528,82339816,170.0,172.0,170.0,172.0,2.5,381,2019,15.41,3.21,10.9,1874.8,6.240361773224028,17.02,21.0
2019-06-24,8422,417503,71545258,172.0,172.5,170.5,171.0,-1.0,326,2019,15.32,3.19,10.9,1863.9,6.204080600123889,17.02,21.0
2019-06-25,8422,504445,85798868,170.5,171.0,169.0,170.0,-1.0,423,2019,15.23,3.17,10.9,1853.0,6.167799427023749,17.02,21.0
2019-06-26,8422,784205,132571740,168.5,170.0,168.5,169.0,-1.0,585,2019,15.14,3.15,10.9,1842.1,6.131518253923609,17.02,21.0
2019-06-27,8422,1303200,210311300,160.5,162.5,160.5,161.5,0.0,1003,2019,14.47,3.01,10.9,1760.35,5.859409455672561,17.02,21.0
2019-06-28,8422,311484,50487876,162.0,162.5,161.5,162.0,0.5,321,2019,14.52,3.02,10.9,1765.8,5.877550042222631,17.02,21.0
2019-07-01,8422,286710,46518940,162.5,163.0,161.5,162.0,0.0,288,2019,14.52,3.02,10.9,1765.8,5.877550042222631,17.02,21.0
2019-07-02,8422,268798,43373670,162.0,162.0,161.0,161.0,-1.0,266,2019,14.43,3.01,10.9,1754.9,5.9472995179871155,17.02,21.0
2019-07-03,8422,218833,35341279,161.0,162.0,161.0,161.5,0.5,211,2019,14.47,3.01,10.9,1760.35,5.965769392266579,17.02,21.0
2019-07-04,8422,111313,17989358,161.5,162.0,161.0,161.5,0.0,129,2019,14.47,3.01,10.9,1760.35,5.965769392266579,17.02,21.0
2019-07-05,8422,199516,32196592,162.0,162.0,161.0,161.0,-0.5,226,2019,14.43,3.01,10.9,1754.9,5.9472995179871155,17.02,21.0
2019-07-08,8422,238760,38492120,161.5,162.0,161.0,161.0,0.0,260,2019,14.43,3.01,10.9,1754.9,5.9472995179871155,17.02,21.0
2019-07-09,8422,212400,34178300,161.0,161.0,160.5,161.0,0.0,236,2019,14.43,3.01,10.9,1754.9,5.9472995179871155,17.02,21.0
2019-07-10,8422,150805,24339910,161.0,162.0,161.0,162.0,1.0,181,2019,14.52,3.02,10.9,1765.8,5.984239266546042,17.02,21.0
2019-07-11,8422,98717,15950654,162.0,162.0,161.0,162.0,0.0,112,2019,14.52,3.02,10.9,1765.8,5.984239266546042,17.02,21.0
2019-07-12,8422,123449,19929738,162.0,162.0,161.0,161.5,-0.5,135,2019,14.47,3.01,10.9,1760.35,5.965769392266579,17.02,21.0
2019-07-15,8422,120842,19487904,161.5,161.5,161.0,161.5,0.0,150,2019,14.47,3.01,10.9,1760.35,5.965769392266579,17.02,21.0
2019-07-16,8422,401561,64412321,161.5,161.5,160.0,161.0,-0.5,375,2019,14.43,3.01,10.9,1754.9,5.9472995179871155,17.02,21.0
2019-07-17,8422,187572,30042092,161.0,161.0,160.0,160.0,-1.0,213,2019,14.34,2.99,10.9,1744.0,5.910359769428189,17.02,21.0
2019-07-18,8422,119114,19093354,160.0,161.0,160.0,160.0,0.0,130,2019,14.34,2.99,10.9,1744.0,5.910359769428189,17.02,21.0
2019-07-19,8422,132337,21232257,160.0,161.0,160.0,160.0,0.0,150,2019,14.34,2.99,10.9,1744.0,5.910359769428189,17.02,21.0
2019-07-22,8422,170169,27299709,160.5,160.5,160.0,160.0,0.0,156,2019,14.34,2.99,10.9,1744.0,5.910359769428189,17.02,21.0
2019-07-23,8422,139558,22375338,160.0,160.5,160.0,160.0,0.0,175,2019,14.34,2.99,10.9,1744.0,5.910359769428189,17.02,21.0
2019-07-24,8422,217604,34846244,160.0,160.5,160.0,160.0,0.0,250,2019,14.34,2.99,10.9,1744.0,5.910359769428189,17.02,21.0
2019-07-25,8422,116975,18721975,160.0,160.5,159.5,160.0,0.0,161,2019,14.34,2.99,10.9,1744.0,5.910359769428189,17.02,21.0
2019-07-26,8422,97878,15675358,160.0,160.5,160.0,160.5,0.5,95,2019,14.38,3.0,10.9,1749.45,5.928829643707653,17.02,21.0
2019-07-29,8422,94051,15072678,160.5,160.5,160.0,160.0,-0.5,125,2019,14.34,2.99,10.9,1744.0,5.910359769428189,17.02,21.0
2019-07-30,8422,127333,20378780,160.0,160.5,159.5,159.5,-0.5,167,2019,14.29,2.98,10.9,1738.55,5.891889895148727,17.02,21.0
2019-07-31,8422,104635,16675600,159.5,160.0,159.0,159.0,-0.5,166,2019,14.25,2.97,10.9,1733.1,5.873420020869263,17.02,21.0
2019-08-01,8422,122525,19505500,159.5,159.5,158.5,159.5,0.5,160,2019,14.29,2.98,10.9,1738.55,5.891889895148727,17.02,21.0
2019-08-02,8422,211646,33489214,159.0,159.0,158.0,158.0,-1.5,263,2019,14.16,2.95,10.9,1722.2,6.031862890173653,17.02,21.0
2019-08-05,8422,229123,35879311,158.0,158.0,156.0,156.0,-2.0,295,2019,13.98,2.91,10.9,1700.4,5.955510195361328,17.02,21.0
2019-08-06,8422,212930,32826580,155.0,155.5,153.0,155.5,-0.5,275,2019,13.93,2.9,10.9,1694.95,5.936422021658247,17.02,21.0
2019-08-07,8422,232124,35807273,155.0,155.0,154.0,154.5,-1.0,253,2019,13.84,2.88,10.9,1684.05,5.8982456742520855,17.02,21.0
2019-08-08,8422,487708,74159824,154.0,154.0,151.0,152.0,-2.5,537,2019,13.62,2.84,10.9,1656.8,5.802804805736679,17.02,21.0
2019-08-12,8422,172799,26728837,152.0,156.5,151.5,156.5,4.5,204,2019,14.45,3.38,10.9,1705.85,5.9745983690644096,17.02,21.0
2019-08-13,8422,103449,16102265,157.5,157.5,155.0,155.5,-1.0,134,2019,14.36,3.36,10.9,1694.95,5.936422021658247,17.02,21.0
2019-08-14,8422,120659,18653645,155.5,155.5,154.0,154.5,-1.0,155,2019,14.27,3.33,10.9,1684.05,5.8982456742520855,17.02,21.0
2019-08-15,8422,125958,19278532,153.0,153.5,152.5,153.0,-1.5,170,2019,14.13,3.3,10.9,1667.7,5.840981153142842,17.02,21.0
2019-08-16,8422,215496,32945128,153.0,154.5,152.5,152.5,-0.5,261,2019,14.08,3.29,10.9,1662.25,5.8218929794397605,17.02,21.0
2019-08-19,8422,79137,12072521,153.0,153.0,152.0,152.5,0.0,118,2019,14.08,3.29,10.9,1662.25,5.8218929794397605,17.02,21.0
2019-08-20,8422,206374,31397596,152.5,153.0,151.5,152.0,-0.5,197,2019,14.04,3.28,10.9,1656.8,5.802804805736679,17.02,21.0
2019-08-21,8422,125845,19088785,152.0,152.0,151.0,152.0,0.0,169,2019,14.04,3.28,10.9,1656.8,5.802804805736679,17.02,21.0
2019-08-22,8422,111553,16931829,152.0,152.0,151.5,151.5,-0.5,147,2019,13.99,3.27,10.9,1651.35,5.783716632033598,17.02,21.0
2019-08-23,8422,101599,15399341,151.5,152.0,151.0,151.5,0.0,124,2019,13.99,3.27,10.9,1651.35,5.783716632033598,17.02,21.0
2019-08-26,8422,77650,11746800,151.0,151.5,151.0,151.5,0.0,106,2019,13.99,3.27,10.9,1651.35,5.783716632033598,17.02,21.0
2019-08-27,8422,127650,19359122,151.5,152.0,151.5,151.5,0.0,127,2019,13.99,3.27,10.9,1651.35,5.783716632033598,17.02,21.0
2019-08-28,8422,100657,15276847,151.5,152.5,151.0,152.5,1.0,98,2019,14.08,3.29,10.9,1662.25,5.8218929794397605,17.02,21.0
2019-08-29,8422,114497,17485535,153.0,153.5,152.0,153.0,0.5,113,2019,14.13,3.3,10.9,1667.7,5.840981153142842,17.02,21.0
2019-08-30,8422,130089,19868706,153.0,153.5,152.0,152.5,-0.5,136,2019,14.08,3.29,10.9,1662.25,5.8218929794397605,17.02,21.0
2019-09-02,8422,31488,4816652,153.0,153.0,152.5,153.0,0.5,72,2019,14.13,3.3,10.9,1667.7,5.930880015704723,17.02,21.0
2019-09-03,8422,76455,11762025,153.0,154.5,153.0,154.0,1.0,100,2019,14.22,3.32,10.9,1678.6,5.969643937375995,17.02,21.0
2019-09-04,8422,62502,9623557,154.0,154.5,153.5,154.0,0.0,84,2019,14.22,3.32,10.9,1678.6,5.969643937375995,17.02,21.0
2019-09-05,8422,190850,29865800,154.0,158.0,154.0,157.5,3.5,216,2019,14.54,3.4,10.9,1716.75,6.10531766322545,17.02,21.0
2019-09-06,8422,124000,19427000,157.5,158.0,156.0,156.0,-1.5,140,2019,14.4,3.37,10.9,1700.4,6.047171780718541,17.02,21.0
2019-09-09,8422,117101,18282857,156.0,157.0,156.0,156.0,0.0,128,2019,14.4,3.37,10.9,1700.4,6.047171780718541,17.02,21.0
2019-09-10,8422,58999,9193337,156.0,156.0,155.5,156.0,0.0,83,2019,14.4,3.37,10.9,1700.4,6.047171780718541,17.02,21.0
2019-09-11,8422,81944,12828040,156.0,157.0,155.5,157.0,1.0,87,2019,14.5,3.39,10.9,1711.3,6.085935702389814,17.02,21.0
2019-09-12,8422,142705,22257480,157.5,157.5,155.0,155.0,-2.0,179,2019,14.31,3.35,10.9,1689.5,6.008407859047268,17.02,21.0
2019-09-16,8422,98692,15343144,154.5,156.0,154.5,155.5,0.5,103,2019,14.36,3.36,10.9,1694.95,6.027789819882904,17.02,21.0
2019-09-17,8422,97709,15204104,155.5,156.0,155.5,156.0,0.5,106,2019,14.4,3.37,10.9,1700.4,6.047171780718541,17.02,21.0
2019-09-18,8422,148963,23264691,156.0,157.0,155.5,156.0,0.0,164,2019,14.4,3.37,10.9,1700.4,6.047171780718541,17.02,21.0
2019-09-19,8422,88762,13850634,155.5,157.0,155.5,156.0,0.0,98,2019,14.4,3.37,10.9,1700.4,6.047171780718541,17.02,21.0
2019-09-20,8422,195199,30495138,156.0,157.0,156.0,156.5,0.5,183,2019,14.45,3.38,10.9,1705.85,6.066553741554177,17.02,21.0
2019-09-23,8422,93449,14540544,156.0,156.0,155.5,155.5,-1.0,105,2019,14.36,3.36,10.9,1694.95,6.027789819882904,17.02,21.0
2019-09-24,8422,170619,26443753,155.5,156.0,154.0,154.0,-1.5,169,2019,14.22,3.32,10.9,1678.6,5.969643937375995,17.02,21.0
2019-09-25,8422,122607,18937585,154.0,155.0,154.0,154.5,0.5,126,2019,14.27,3.33,10.9,1684.05,5.989025898211632,17.02,21.0
2019-09-26,8422,128559,19873361,154.0,155.5,154.0,154.5,0.0,128,2019,14.27,3.33,10.9,1684.05,5.989025898211632,17.02,21.0
2019-09-27,8422,147362,22623562,154.5,155.0,152.5,152.5,-2.0,186,2019,14.08,3.29,10.9,1662.25,5.911498054869086,17.02,21.0
2019-10-01,8422,126209,19327073,152.0,154.0,152.0,153.0,0.5,157,2019,14.13,3.3,10.9,1667.7,5.930880015704723,17.02,21.0
2019-10-02,8422,56319,8666280,154.0,154.5,153.5,153.5,0.5,71,2019,14.17,3.31,10.9,1673.15,6.024111568209657,17.02,21.0
2019-10-03,8422,62703,9619762,153.5,154.0,153.0,153.0,-0.5,81,2019,14.13,3.3,10.9,1667.7,6.004489054958159,17.02,21.0
2019-10-04,8422,90503,13910462,154.0,154.5,153.0,153.0,0.0,113,2019,14.13,3.3,10.9,1667.7,6.004489054958159,17.02,21.0
2019-10-07,8422,120975,18507675,153.0,153.5,152.5,152.5,-0.5,147,2019,14.08,3.29,10.9,1662.25,5.984866541706662,17.02,21.0
2019-10-08,8422,100875,15434750,153.0,153.5,152.5,153.5,1.0,109,2019,14.17,3.31,10.9,1673.15,6.024111568209657,17.02,21.0
2019-10-09,8422,128614,19644742,153.5,153.5,152.0,153.0,-0.5,120,2019,14.13,3.3,10.9,1667.7,6.004489054958159,17.02,21.0
2019-10-14,8422,85315,13025195,153.0,153.0,152.5,152.5,-0.5,142,2019,14.08,3.29,10.9,1662.25,5.984866541706662,17.02,21.0
2019-10-15,8422,171549,26077719,152.0,152.5,151.5,152.0,-0.5,199,2019,14.04,3.28,10.9,1656.8,5.965244028455165,17.02,21.0
2019-10-16,8422,151519,22986888,152.0,152.0,151.5,151.5,-0.5,178,2019,13.99,3.27,10.9,1651.35,5.945621515203667,17.02,21.0
2019-10-17,8422,178620,27043240,152.0,152.5,151.0,151.0,-0.5,192,2019,13.94,3.26,10.9,1645.9,5.92599900195217,17.02,21.0
2019-10-18,8422,503218,76288572,151.5,152.0,151.0,152.0,1.0,257,2019,14.04,3.28,10.9,1656.8,5.965244028455165,17.02,21.0
2019-10-21,8422,186970,28378916,152.0,152.0,151.5,151.5,-0.5,180,2019,13.99,3.27,10.9,1651.35,5.945621515203667,17.02,21.0
2019-10-22,8422,312513,47511224,151.5,152.5,151.5,152.0,0.5,251,2019,14.04,3.28,10.9,1656.8,5.965244028455165,17.02,21.0
2019-10-23,8422,275711,42667267,152.5,155.5,152.5,155.5,3.5,263,2019,14.36,3.36,10.9,1694.95,6.102601621215645,17.02,21.0
2019-10-24,8422,600708,95706488,156.0,161.0,156.0,160.5,5.0,590,2019,14.82,3.46,10.9,1749.45,6.2988267537306175,17.02,21.0
2019-10-25,8422,409251,66067031,161.0,163.0,160.5,161.0,0.5,409,2019,14.87,3.48,10.9,1754.9,6.318449266982115,17.02,21.0
2019-10-28,8422,280973,45396126,161.0,163.0,160.5,161.0,0.0,270,2019,14.87,3.48,10.9,1754.9,6.318449266982115,17.02,21.0
2019-10-29,8422,219457,35107387,161.0,161.5,159.0,159.0,-2.0,234,2019,14.68,3.43,10.9,1733.1,6.239959213976126,17.02,21.0
2019-10-30,8422,129972,20681520,159.0,160.0,158.0,159.0,0.0,138,2019,14.68,3.43,10.9,1733.1,6.239959213976126,17.02,21.0
2019-10-31,8422,204861,32447399,159.0,159.0,158.0,158.0,-1.0,194,2019,14.59,3.41,10.9,1722.2,6.200714187473132,17.02,21.0
2019-11-01,8422,87400,13863297,158.0,159.0,158.0,158.5,0.5,94,2019,14.64,3.42,10.9,1727.65,6.220336700724629,17.02,21.0
2019-11-04,8422,144780,22906621,159.0,159.0,157.5,157.5,-1.0,160,2019,14.54,3.4,10.9,1716.75,6.213469738312217,17.02,21.0
2019-11-05,8422,209950,32983600,157.5,158.0,156.5,157.5,0.0,178,2019,14.54,3.4,10.9,1716.75,6.213469738312217,17.02,21.0
2019-11-06,8422,251289,40025951,157.5,160.5,157.5,158.5,1.0,238,2019,14.64,3.42,10.9,1727.65,6.25292033982531,17.02,21.0
2019-11-07,8422,104896,16574514,158.5,159.0,157.5,157.5,-1.0,114,2019,14.54,3.4,10.9,1716.75,6.213469738312217,17.02,21.0
2019-11-08,8422,229642,36403078,157.5,159.0,157.5,158.5,1.0,185,2019,14.64,3.42,10.9,1727.65,6.25292033982531,17.02,21.0
2019-11-11,8422,193261,30689499,159.0,159.5,158.5,159.0,0.5,169,2019,15.32,3.27,10.9,1733.1,6.272645640581857,17.02,21.0
2019-11-12,8422,245896,38691616,157.5,158.5,156.5,157.0,-2.0,252,2019,15.13,3.23,10.9,1711.3,6.19374443755567,17.02,21.0
2019-11-13,8422,74488,11704104,156.5,157.5,156.5,157.5,0.5,84,2019,15.17,3.24,10.9,1716.75,6.213469738312217,17.02,21.0
2019-11-14,8422,61185,9597045,157.5,157.5,156.5,156.5,-1.0,78,2019,15.08,3.22,10.9,1705.85,6.174019136799123,17.02,21.0
2019-11-15,8422,181627,28419439,156.0,157.0,156.0,156.5,0.0,187,2019,15.08,3.22,10.9,1705.85,6.174019136799123,17.02,21.0
2019-11-18,8422,71367,11206167,157.0,157.5,156.5,157.5,1.0,77,2019,15.17,3.24,10.9,1716.75,6.213469738312217,17.02,21.0
2019-11-19,8422,114510,18025317,157.5,158.0,157.0,157.0,-0.5,128,2019,15.13,3.23,10.9,1711.3,6.19374443755567,17.02,21.0
2019-11-20,8422,360225,57319500,157.5,160.0,157.0,159.0,2.0,348,2019,15.32,3.27,10.9,1733.1,6.272645640581857,17.02,21.0
2019-11-21,8422,137291,21749769,159.0,159.0,158.0,158.0,-1.0,137,2019,15.22,3.25,10.9,1722.2,6.233195039068763,17.02,21.0
2019-11-22,8422,75064,11891206,158.0,159.0,157.5,158.5,0.5,69,2019,15.27,3.26,10.9,1727.65,6.25292033982531,17.02,21.0
2019-11-25,8422,106579,16935561,159.0,159.5,158.5,159.0,0.5,116,2019,15.32,3.27,10.9,1733.1,6.272645640581857,17.02,21.0
2019-11-26,8422,261014,41440226,158.5,159.5,158.0,158.0,-1.0,186,2019,15.22,3.25,10.9,1722.2,6.233195039068763,17.02,21.0
2019-11-27,8422,62269,9863271,158.5,158.5,158.0,158.5,0.5,67,2019,15.27,3.26,10.9,1727.65,6.25292033982531,17.02,21.0
2019-11-28,8422,122574,19328978,159.0,159.0,157.0,157.0,-1.5,132,2019,15.13,3.23,10.9,1711.3,6.19374443755567,17.02,21.0
2019-11-29,8422,127944,20017230,157.0,157.0,156.0,156.0,-1.0,155,2019,15.03,3.21,10.9,1700.4,6.1542938360425765,17.02,21.0
2019-12-02,8422,206240,32089940,157.0,157.0,154.5,154.5,-1.5,195,2019,14.88,3.18,10.9,1684.05,6.130680084836774,17.02,21.0
2019-12-03,8422,80780,12546460,154.5,157.0,153.5,156.5,2.0,94,2019,15.08,3.22,10.9,1705.85,6.210041639333043,17.02,21.0
2019-12-04,8422,59700,9367746,156.5,157.5,156.5,157.5,1.0,66,2019,15.17,3.24,10.9,1716.75,6.249722416581177,17.02,21.0
2019-12-05,8422,47588,7482404,157.5,157.5,157.0,157.0,-0.5,62,2019,15.13,3.23,10.9,1711.3,6.229882027957109,17.02,21.0
2019-12-06,8422,62679,9883461,158.0,158.0,157.0,158.0,1.0,69,2019,15.22,3.25,10.9,1722.2,6.269562805205244,17.02,21.0
2019-12-09,8422,152728,23972796,158.0,158.0,156.5,156.5,-1.5,121,2019,15.08,3.22,10.9,1705.85,6.210041639333043,17.02,21.0
2019-12-10,8422,74051,11587507,156.0,157.0,156.0,156.5,0.0,79,2019,15.08,3.22,10.9,1705.85,6.210041639333043,17.02,21.0
2019-12-11,8422,91460,14275488,156.0,157.0,155.5,156.0,-0.5,80,2019,15.03,3.21,10.9,1700.4,6.190201250708975,17.02,21.0
2019-12-12,8422,176216,27550912,156.0,157.0,156.0,157.0,1.0,148,2019,15.13,3.23,10.9,1711.3,6.229882027957109,17.02,21.0
2019-12-13,8422,150799,23622040,157.5,157.5,156.0,156.0,-1.0,134,2019,15.03,3.21,10.9,1700.4,6.190201250708975,17.02,21.0
2019-12-16,8422,82249,12860093,157.5,157.5,156.0,156.0,0.0,90,2019,15.03,3.21,10.9,1700.4,6.190201250708975,17.02,21.0
2019-12-17,8422,137008,21335756,155.5,156.0,155.0,156.0,0.0,131,2019,15.03,3.21,10.9,1700.4,6.190201250708975,17.02,21.0
2019-12-18,8422,105880,16543540,156.0,157.0,155.5,157.0,1.0,107,2019,15.13,3.23,10.9,1711.3,6.229882027957109,17.02,21.0
2019-12-19,8422,247503,39021477,157.0,158.0,156.5,158.0,1.0,191,2019,15.22,3.25,10.9,1722.2,6.269562805205244,17.02,21.0
2019-12-20,8422,188035,29521968,158.0,158.0,156.0,156.5,-1.5,210,2019,15.08,3.22,10.9,1705.85,6.210041639333043,17.02,21.0
2019-12-23,8422,119860,18788520,156.5,157.5,156.5,156.5,0.0,111,2019,15.08,3.22,10.9,1705.85,6.210041639333043,17.02,21.0
2019-12-24,8422,65700,10280747,156.5,157.0,156.0,157.0,0.5,64,2019,15.13,3.23,10.9,1711.3,6.229882027957109,17.02,21.0
2019-12-25,8422,33150,5196050,157.0,157.0,156.5,156.5,-0.5,46,2019,15.08,3.22,10.9,1705.85,6.210041639333043,17.02,21.0
2019-12-26,8422,129410,20256370,156.5,157.0,156.0,156.5,0.0,115,2019,15.08,3.22,10.9,1705.85,6.210041639333043,17.02,21.0
2019-12-27,8422,144620,22685148,156.5,157.0,156.5,157.0,0.5,113,2019,15.13,3.23,10.9,1711.3,6.229882027957109,17.02,21.0
2019-12-30,8422,172620,26957840,157.0,157.0,155.5,156.5,-0.5,151,2019,15.08,3.22,10.9,1705.85,6.210041639333043,17.02,21.0
2019-12-31,8422,65600,10252700,156.0,156.5,156.0,156.0,-0.5,83,2019,15.03,3.21,10.9,1700.4,6.190201250708975,17.02,21.0
2020-01-02,8422,98976,15468232,156.0,157.0,155.5,156.5,0.5,117,2020,15.08,3.22,10.9,1705.85,6.294431115673478,16.56,20.55
2020-01-03,8422,157780,24612960,156.5,156.5,155.5,156.0,-0.5,163,2020,15.03,3.21,10.9,1700.4,6.2743211121090265,16.56,20.55
2020-01-06,8422,143062,22390234,156.0,157.0,156.0,156.5,0.5,150,2020,15.08,3.22,10.9,1705.85,6.294431115673478,16.56,20.55
2020-01-07,8422,132101,20562357,156.0,156.5,155.0,156.0,-0.5,143,2020,15.03,3.21,10.9,1700.4,6.2743211121090265,16.56,20.55
2020-01-08,8422,134849,20975944,156.0,156.0,155.0,155.5,-0.5,143,2020,14.98,3.2,10.9,1694.95,6.254211108544575,16.56,20.55
2020-01-09,8422,50117,7807369,155.5,156.0,155.5,156.0,0.5,65,2020,15.03,3.21,10.9,1700.4,6.2743211121090265,16.56,20.55
2020-01-10,8422,99532,15480492,156.0,156.0,155.0,155.5,-0.5,127,2020,14.98,3.2,10.9,1694.95,6.254211108544575,16.56,20.55
2020-01-13,8422,74378,11572468,155.5,156.0,155.0,155.5,0.0,122,2020,14.98,3.2,10.9,1694.95,6.254211108544575,16.56,20.55
2020-01-14,8422,103223,16104394,156.0,156.5,155.5,156.0,0.5,119,2020,15.03,3.21,10.9,1700.4,6.2743211121090265,16.56,20.55
2020-01-15,8422,140987,22006459,156.0,157.0,155.5,156.0,0.0,141,2020,15.03,3.21,10.9,1700.4,6.2743211121090265,16.56,20.55
2020-01-16,8422,130176,20320215,156.0,157.0,155.5,157.0,1.0,122,2020,15.13,3.23,10.9,1711.3,6.314541119237931,16.56,20.55
2020-01-17,8422,654216,103361560,157.5,158.0,157.5,158.0,1.0,386,2020,15.22,3.25,10.9,1722.2,6.354761126366834,16.56,20.55
2020-01-20,8422,353800,55780295,158.0,158.0,157.0,157.5,-0.5,306,2020,15.17,3.24,10.9,1716.75,6.3346511228023825,16.56,20.55
2020-01-30,8422,466256,72690556,156.0,157.0,154.5,156.0,-1.5,455,2020,15.03,3.21,10.9,1700.4,6.2743211121090265,16.56,20.55
2020-01-31,8422,271974,42752827,156.0,158.0,156.0,158.0,2.0,230,2020,15.22,3.25,10.9,1722.2,6.354761126366834,16.56,20.55
2020-02-03,8422,219704,34332372,157.0,157.0,155.5,156.5,-1.5,228,2020,15.08,3.22,10.9,1705.85,6.4347877257513355,16.56,20.55
2020-02-04,8422,134657,21219628,157.5,158.0,157.0,158.0,1.5,153,2020,15.22,3.25,10.9,1722.2,6.496463007467802,16.56,20.55
2020-02-05,8422,156832,24725956,158.0,158.0,157.0,157.5,-0.5,151,2020,15.17,3.24,10.9,1716.75,6.475904580228979,16.56,20.55
2020-02-06,8422,127561,20115699,157.5,158.0,157.5,157.5,0.0,113,2020,15.17,3.24,10.9,1716.75,6.475904580228979,16.56,20.55
2020-02-07,8422,126839,19940401,157.5,158.0,156.5,157.5,0.0,127,2020,15.17,3.24,10.9,1716.75,6.475904580228979,16.56,20.55
2020-02-10,8422,136518,21477097,157.5,157.5,157.0,157.5,0.0,131,2020,15.17,3.24,10.9,1716.75,6.475904580228979,16.56,20.55
2020-02-11,8422,96239,15174762,158.0,158.0,157.5,157.5,0.0,91,2020,15.17,3.24,10.9,1716.75,6.475904580228979,16.56,20.55
2020-02-12,8422,107459,16953748,158.0,158.0,157.5,158.0,0.5,102,2020,15.22,3.25,10.9,1722.2,6.496463007467802,16.56,20.55
2020-02-13,8422,332193,52459494,158.0,158.5,157.5,158.0,0.0,207,2020,15.22,3.25,10.9,1722.2,6.496463007467802,16.56,20.55
2020-02-14,8422,323554,51150532,158.0,159.0,157.5,158.0,0.0,264,2020,15.22,3.25,10.9,1722.2,6.496463007467802,16.56,20.55
2020-02-17,8422,300825,47582175,158.0,158.5,157.5,158.5,0.5,176,2020,15.27,3.26,10.9,1727.65,6.517021434706623,16.56,20.55
2020-02-18,8422,97168,15386212,158.5,158.5,158.0,158.5,0.0,102,2020,15.27,3.26,10.9,1727.65,6.517021434706623,16.56,20.55
2020-02-19,8422,255800,40529200,158.5,158.5,158.0,158.5,0.0,150,2020,15.27,3.26,10.9,1727.65,6.517021434706623,16.56,20.55
2020-02-20,8422,268849,42658340,158.5,159.0,158.0,159.0,0.5,164,2020,15.32,3.27,10.9,1733.1,6.537579861945446,16.56,20.55
2020-02-21,8422,391934,63396308,159.0,163.0,159.0,162.0,3.0,397,2020,15.61,3.34,10.9,1765.8,6.660930425378379,16.56,20.55
2020-02-24,8422,265725,42610355,161.5,162.0,159.5,159.5,-2.5,240,2020,15.37,3.28,10.9,1738.55,6.558138289184268,16.56,20.55
2020-02-25,8422,290790,45921400,157.0,160.0,157.0,159.0,-0.5,250,2020,15.32,3.27,10.9,1733.1,6.537579861945446,16.56,20.55
2020-02-26,8422,235289,37492240,159.0,160.0,159.0,159.0,0.0,217,2020,15.32,3.27,10.9,1733.1,6.537579861945446,16.56,20.55
2020-02-27,8422,246646,39047214,159.5,159.5,157.5,159.0,0.0,232,2020,15.32,3.27,10.9,1733.1,6.537579861945446,16.56,20.55
2020-03-02,8422,474564,74436048,158.0,158.0,156.0,156.0,-3.0,424,2020,15.03,3.21,10.9,1700.4,6.437017621165387,16.56,20.55
2020-03-03,8422,125727,19712139,157.0,157.5,156.5,156.5,0.5,132,2020,15.08,3.22,10.9,1705.85,6.457649087899891,16.56,20.55
2020-03-04,8422,264043,41217724,156.5,156.5,155.5,155.5,-1.0,251,2020,14.98,3.2,10.9,1694.95,6.416386154430882,16.56,20.55
2020-03-05,8422,217792,34035344,156.0,156.5,155.5,156.0,0.5,221,2020,15.03,3.21,10.9,1700.4,6.437017621165387,16.56,20.55
2020-03-06,8422,396292,61390897,155.5,156.0,154.5,155.0,-1.0,401,2020,14.93,3.19,10.9,1689.5,6.395754687696377,16.56,20.55
2020-03-09,8422,554175,84567275,155.0,155.0,152.0,152.5,-2.5,546,2020,14.69,3.14,10.9,1662.25,6.292597354023855,16.56,20.55
2020-03-10,8422,701268,104436593,149.5,150.5,146.0,149.5,-3.0,670,2020,14.4,3.08,10.9,1629.55,6.168808553616828,16.56,20.55
2020-03-11,8422,316815,47558065,149.5,151.0,149.0,150.5,1.0,340,2020,14.5,3.1,10.9,1640.45,6.210071487085838,16.56,20.55
2020-03-12,8422,657149,96267903,150.0,150.0,145.0,145.5,-5.0,657,2020,14.02,3.0,10.9,1585.95,6.003756819740793,16.56,20.55
2020-03-13,8422,1081424,149257902,138.0,142.0,135.0,141.5,-4.0,928,2020,13.63,2.91,10.9,1542.35,5.838705085864757,16.56,20.55
2020-03-16,8422,426140,59626100,141.5,141.5,138.0,139.5,-2.0,469,2020,13.44,2.87,10.9,1520.55,5.756179218926739,16.56,20.55
2020-03-17,8422,429344,58966160,135.0,139.5,135.0,139.5,0.0,389,2020,13.44,2.87,10.9,1520.55,5.756179218926739,16.56,20.55
2020-03-18,8422,433589,59627693,139.5,139.5,136.0,136.0,-3.5,447,2020,13.1,2.8,10.9,1482.4,5.611758951785209,16.56,20.55
2020-03-19,8422,867555,111898095,133.0,133.0,126.5,129.0,-7.0,801,2020,12.43,2.66,10.9,1406.1,5.322918417502146,16.56,20.55
2020-03-20,8422,460044,61637451,130.5,136.5,130.5,135.0,6.0,448,2020,13.01,2.78,10.9,1471.5,5.5704960183162,16.56,20.55
2020-03-23,8422,520071,69980156,133.0,137.0,130.0,134.5,-0.5,342,2020,12.96,2.77,10.9,1466.05,5.549864551581695,16.56,20.55
2020-03-24,8422,429189,58478082,136.0,137.0,135.5,136.5,2.0,378,2020,13.15,2.81,10.9,1487.85,5.632390418519713,16.56,20.55
2020-03-25,8422,649576,90968495,139.5,140.5,139.5,140.5,4.0,507,2020,13.54,2.89,10.9,1531.45,5.797442152395749,16.56,20.55
2020-03-26,8422,285809,39985569,141.5,141.5,139.0,139.5,-1.0,294,2020,13.44,2.87,10.9,1520.55,5.756179218926739,16.56,20.55
2020-03-27,8422,286358,40038120,140.5,141.0,139.0,139.0,-0.5,319,2020,12.83,2.69,10.9,1515.1,5.735547752192235,16.56,20.55
2020-03-30,8422,325448,44817720,137.5,138.5,136.5,138.5,-0.5,278,2020,12.79,2.68,10.9,1509.65,5.714916285457731,16.56,20.55
2020-03-31,8422,161999,22569860,139.0,139.5,139.0,139.0,0.5,163,2020,12.83,2.69,10.9,1515.1,5.735547752192235,16.56,20.55
2020-04-01,8422,236697,33165080,141.0,141.0,139.0,139.0,0.0,271,2020,12.83,2.69,10.9,1515.1,5.735547752192235,16.56,20.55
2020-04-06,8422,290611,40722651,140.0,140.5,139.5,140.5,1.5,284,2020,12.97,2.72,10.9,1531.45,5.7106260639021835,16.56,20.55
2020-04-07,8422,532816,76604902,143.5,144.5,143.0,143.5,3.0,446,2020,13.25,2.78,10.9,1564.15,5.832561139999739,16.56,20.55
2020-04-08,8422,508297,72787768,143.5,144.0,141.5,143.0,-0.5,408,2020,13.2,2.77,10.9,1558.7,5.812238627316813,16.56,20.55
2020-04-09,8422,477380,69153980,145.0,146.0,144.0,145.0,2.0,357,2020,13.39,2.81,10.9,1580.5,5.893528678048517,16.56,20.55
2020-04-10,8422,345945,50586250,145.5,148.0,145.0,148.0,3.0,306,2020,13.67,2.86,10.9,1613.2,6.015463754146072,16.56,20.55
2020-04-13,8422,251449,37092401,148.5,148.5,146.0,148.5,0.5,287,2020,13.71,2.87,10.9,1618.65,6.035786266828998,16.56,20.55
2020-04-14,8422,316480,47017500,148.5,149.0,147.0,148.5,0.0,283,2020,13.71,2.87,10.9,1618.65,6.035786266828998,16.56,20.55
2020-04-15,8422,361421,54557992,149.0,151.5,149.0,151.5,3.0,370,2020,13.99,2.93,10.9,1651.35,6.157721342926553,16.56,20.55
2020-04-16,8422,200196,30243292,151.0,152.0,150.0,151.5,0.0,213,2020,13.99,2.93,10.9,1651.35,6.157721342926553,16.56,20.55
2020-04-17,8422,426218,64474515,153.0,153.0,150.0,151.5,0.0,406,2020,13.99,2.93,10.9,1651.35,6.157721342926553,16.56,20.55
2020-04-20,8422,181999,27369838,151.5,151.5,149.5,151.0,-0.5,179,2020,13.94,2.92,10.9,1645.9,6.137398830243628,16.56,20.55
2020-04-21,8422,361473,54026977,151.0,151.5,148.0,148.0,-3.0,372,2020,13.67,2.86,10.9,1613.2,6.015463754146072,16.56,20.55
2020-04-22,8422,220676,32415378,146.0,148.5,145.5,148.0,0.0,255,2020,13.67,2.86,10.9,1613.2,6.015463754146072,16.56,20.55
2020-04-23,8422,100067,14965012,149.0,150.5,148.5,149.5,1.5,117,2020,13.8,2.89,10.9,1629.55,6.07643129219485,16.56,20.55
2020-04-24,8422,69266,10388666,149.5,150.5,149.5,149.5,0.0,77,2020,13.8,2.89,10.9,1629.55,6.07643129219485,16.56,20.55
2020-04-27,8422,173476,26217352,150.5,152.0,150.5,151.0,1.5,171,2020,13.94,2.92,10.9,1645.9,6.137398830243628,16.56,20.55
2020-04-28,8422,353829,54118747,151.5,154.5,151.0,153.0,2.0,302,2020,14.13,2.96,10.9,1667.7,6.218688880975331,16.56,20.55
2020-04-29,8422,198010,30456538,153.0,154.5,152.5,154.0,1.0,200,2020,14.22,2.98,10.9,1678.6,6.259333906341183,16.56,20.55
2020-04-30,8422,236771,36819547,155.0,156.0,154.5,156.0,2.0,231,2020,14.4,3.02,10.9,1700.4,6.340623957072887,16.56,20.55
2020-05-04,8422,200396,30840380,155.0,155.0,153.0,154.0,-2.0,212,2020,14.22,2.98,10.9,1678.6,6.352301053507143,16.56,20.55
2020-05-05,8422,122728,18933469,154.0,155.0,154.0,154.5,0.5,147,2020,14.27,2.99,10.9,1684.05,6.372925407576972,16.56,20.55
2020-05-06,8422,99063,15268230,154.0,154.5,153.5,154.0,-0.5,113,2020,14.22,2.98,10.9,1678.6,6.352301053507143,16.56,20.55
2020-05-07,8422,184998,28363692,153.0,154.0,152.5,153.5,-0.5,206,2020,14.17,2.97,10.9,1673.15,6.331676699437315,16.56,20.55
2020-05-08,8422,230567,35510818,154.0,154.5,153.5,154.5,1.0,205,2020,14.27,2.99,10.9,1684.05,6.372925407576972,16.56,20.55
2020-05-11,8422,170197,26171838,154.0,154.5,153.5,153.5,-1.0,209,2020,14.17,2.97,10.9,1673.15,6.331676699437315,16.56,20.55
2020-05-12,8422,130299,19978546,154.5,154.5,153.0,153.0,-0.5,126,2020,14.39,2.82,10.9,1667.7,6.311052345367486,16.56,20.55
2020-05-13,8422,152937,23465263,153.0,154.0,153.0,153.5,0.5,152,2020,14.44,2.83,10.9,1673.15,6.331676699437315,16.56,20.55
2020-05-14,8422,136031,20900805,153.5,154.5,153.0,153.5,0.0,137,2020,14.44,2.83,10.9,1673.15,6.331676699437315,16.56,20.55
2020-05-15,8422,121384,18668823,154.0,154.5,153.5,153.5,0.0,123,2020,14.44,2.83,10.9,1673.15,6.331676699437315,16.56,20.55
2020-05-18,8422,130487,20059498,153.5,154.5,153.0,153.5,0.0,142,2020,14.44,2.83,10.9,1673.15,6.331676699437315,16.56,20.55
2020-05-19,8422,116124,17941220,154.5,155.0,154.0,154.5,1.0,131,2020,14.53,2.85,10.9,1684.05,6.372925407576972,16.56,20.55
2020-05-20,8422,336710,52509470,154.5,157.0,154.5,156.5,2.0,266,2020,14.72,2.89,10.9,1705.85,6.455422823856285,16.56,20.55
2020-05-21,8422,129985,20259145,156.5,156.5,155.5,155.5,-1.0,141,2020,14.63,2.87,10.9,1694.95,6.414174115716628,16.56,20.55
2020-05-22,8422,96941,15021322,155.0,155.5,154.5,155.0,-0.5,104,2020,14.58,2.86,10.9,1689.5,6.3935497616468,16.56,20.55
2020-05-25,8422,176243,27500022,155.5,157.0,155.0,156.5,1.5,166,2020,14.72,2.89,10.9,1705.85,6.455422823856285,16.56,20.55
2020-05-26,8422,215921,33856556,157.0,157.5,156.5,156.5,0.0,204,2020,14.72,2.89,10.9,1705.85,6.455422823856285,16.56,20.55
2020-05-27,8422,185768,29117459,157.0,157.5,156.0,156.5,0.0,156,2020,14.72,2.89,10.9,1705.85,6.455422823856285,16.56,20.55
2020-05-28,8422,202781,31800117,157.0,157.5,156.0,156.0,-0.5,177,2020,14.68,2.88,10.9,1700.4,6.434798469786457,16.56,20.55
2020-05-29,8422,430797,67137229,156.5,157.0,154.5,154.5,-1.5,290,2020,14.53,2.85,10.9,1684.05,6.372925407576972,16.56,20.55
2020-06-01,8422,301071,47325218,155.5,158.0,155.5,158.0,3.5,282,2020,14.86,2.91,10.9,1722.2,6.51729588606577,16.56,20.55
2020-06-02,8422,696003,112825476,159.0,164.0,159.0,163.0,5.0,626,2020,15.33,3.01,10.9,1776.7,6.701258593448555,16.56,20.55
2020-06-03,8422,588159,96440235,164.0,165.0,162.5,164.5,1.5,547,2020,15.48,3.03,10.9,1793.05,6.762926617314646,16.56,20.55
2020-06-04,8422,335115,54910412,165.0,165.0,163.0,164.0,-0.5,309,2020,15.43,3.02,10.9,1787.6,6.742370609359282,16.56,20.55
2020-06-05,8422,227720,37288080,164.0,164.5,162.5,164.0,0.0,237,2020,15.43,3.02,10.9,1787.6,6.742370609359282,16.56,20.55
2020-06-08,8422,243508,39974812,164.5,165.0,164.0,164.0,0.0,251,2020,15.43,3.02,10.9,1787.6,6.742370609359282,16.56,20.55
2020-06-09,8422,161828,26558292,165.0,165.0,163.5,164.0,0.0,191,2020,15.43,3.02,10.9,1787.6,6.742370609359282,16.56,20.55
2020-06-10,8422,401179,66094035,164.5,165.5,164.0,165.0,1.0,372,2020,15.52,3.04,10.9,1798.5,6.783482625270009,16.56,20.55
2020-06-11,8422,389384,64383476,166.0,166.5,164.0,164.0,-1.0,357,2020,15.43,3.02,10.9,1787.6,6.742370609359282,16.56,20.55
2020-06-12,8422,397849,64232309,161.0,163.0,159.0,163.0,-1.0,359,2020,15.33,3.01,10.9,1776.7,6.701258593448555,16.56,20.55
2020-06-15,8422,434142,71546288,164.0,166.0,164.0,164.5,1.5,405,2020,15.48,3.03,10.9,1793.05,6.762926617314646,16.56,20.55
2020-06-16,8422,321242,53392784,165.5,167.0,165.5,166.5,2.0,322,2020,15.66,3.07,10.9,1814.85,6.845150649136101,16.56,20.55
2020-06-17,8422,288430,48027089,167.0,167.0,166.0,166.0,-0.5,254,2020,15.62,3.06,10.9,1809.4,6.824594641180737,16.56,20.55
2020-06-18,8422,217457,36136583,166.5,167.0,165.5,166.0,0.0,206,2020,15.62,3.06,10.9,1809.4,6.824594641180737,16.56,20.55
2020-06-19,8422,840706,140983814,165.5,169.0,165.5,169.0,3.0,611,2020,15.9,3.12,10.9,1842.1,6.947930688912919,16.56,20.55
2020-06-22,8422,985625,167687923,171.0,172.5,168.0,169.0,0.0,763,2020,15.9,3.12,10.9,1842.1,6.947930688912919,16.56,20.55
2020-06-23,8422,400309,67271562,169.0,169.5,167.0,167.5,-1.5,334,2020,15.76,3.09,10.9,1825.75,6.886262665046828,16.56,20.55
2020-06-24,8422,384749,64321202,167.5,168.0,166.5,167.5,0.0,330,2020,15.76,3.09,10.9,1825.75,6.886262665046828,16.56,20.55
2020-06-29,8422,664793,111229811,167.0,168.0,166.5,167.0,-0.5,513,2020,15.71,3.08,10.9,1820.3,6.865706657091464,16.56,20.55
2020-06-30,8422,868989,145750649,168.0,168.5,167.0,167.0,0.0,578,2020,15.71,3.08,10.9,1820.3,6.865706657091464,16.56,20.55
2020-07-01,8422,1121084,188126696,167.5,169.0,167.0,169.0,2.0,790,2020,15.9,3.12,10.9,1842.1,6.947930688912919,16.56,20.55
2020-07-02,8422,1216414,195755180,160.0,163.0,160.0,162.5,0.0,827,2020,15.29,3.0,10.9,1771.25,6.622502937830167,16.56,20.55
2020-07-03,8422,525099,84668979,163.0,163.0,160.5,161.0,-1.5,501,2020,15.15,2.97,10.9,1754.9,6.561372141480965,16.56,20.55
2020-07-06,8422,765376,122427660,161.0,161.0,159.0,159.5,-1.5,643,2020,15.0,2.94,10.9,1738.55,6.500241345131764,16.56,20.55
2020-07-07,8422,357126,56825534,160.5,160.5,158.5,158.5,-1.0,394,2020,14.91,2.92,10.9,1727.65,6.459487480898963,16.56,20.55
2020-07-08,8422,477992,75381230,158.5,159.0,157.0,157.5,-1.0,511,2020,14.82,2.9,10.9,1716.75,6.418733616666162,16.56,20.55
2020-07-09,8422,369922,58254176,157.5,158.0,157.0,157.5,0.0,338,2020,14.82,2.9,10.9,1716.75,6.418733616666162,16.56,20.55
2020-07-10,8422,375891,58776387,157.5,157.5,156.0,156.0,-1.5,366,2020,14.68,2.88,10.9,1700.4,6.35760282031696,16.56,20.55
2020-07-13,8422,295315,46490585,156.5,158.5,156.0,158.5,2.5,278,2020,14.91,2.92,10.9,1727.65,6.459487480898963,16.56,20.55
2020-07-14,8422,182145,28712410,158.5,158.5,157.0,157.0,-1.5,194,2020,14.77,2.9,10.9,1711.3,6.3983566845497615,16.56,20.55
2020-07-15,8422,191355,30156590,158.0,158.0,157.0,157.5,0.5,197,2020,14.82,2.9,10.9,1716.75,6.418733616666162,16.56,20.55
2020-07-16,8422,212920,33496360,158.0,158.0,157.0,157.0,-0.5,194,2020,14.77,2.9,10.9,1711.3,6.3983566845497615,16.56,20.55
2020-07-17,8422,225360,35420694,158.0,158.0,156.5,156.5,-0.5,209,2020,14.72,2.89,10.9,1705.85,6.377979752433361,16.56,20.55
2020-07-20,8422,145450,22710650,157.0,157.0,155.5,156.0,-0.5,197,2020,14.68,2.88,10.9,1700.4,6.35760282031696,16.56,20.55
2020-07-21,8422,205284,32109088,157.0,157.0,156.0,156.5,0.5,221,2020,14.72,2.89,10.9,1705.85,6.377979752433361,16.56,20.55
2020-07-22,8422,205731,32405856,157.0,158.0,157.0,158.0,1.5,210,2020,14.86,2.91,10.9,1722.2,6.439110548782563,16.56,20.55
2020-07-23,8422,92469,14567571,158.0,158.0,157.0,157.5,-0.5,99,2020,14.82,2.9,10.9,1716.75,6.418733616666162,16.56,20.55
2020-07-24,8422,206417,32385675,157.5,157.5,156.5,156.5,-1.0,224,2020,14.72,2.89,10.9,1705.85,6.377979752433361,16.56,20.55
2020-07-27,8422,312118,48543908,156.0,156.5,155.0,155.5,-1.0,324,2020,14.63,2.87,10.9,1694.95,6.337225888200559,16.56,20.55
2020-07-28,8422,351609,54361577,155.5,155.5,153.5,153.5,-2.0,392,2020,14.44,2.83,10.9,1673.15,6.255718159734958,16.56,20.55
2020-07-29,8422,148483,22924865,153.5,155.5,153.5,154.5,1.0,193,2020,14.53,2.85,10.9,1684.05,6.296472023967759,16.56,20.55
2020-07-30,8422,159761,24763089,153.5,156.0,153.5,156.0,1.5,168,2020,14.68,2.88,10.9,1700.4,6.35760282031696,16.56,20.55
2020-07-31,8422,186588,28842228,155.5,155.5,154.0,154.5,-1.5,206,2020,14.53,2.85,10.9,1684.05,6.296472023967759,16.56,20.55
2020-08-03,8422,150440,23233700,154.5,155.0,154.0,155.0,0.5,182,2020,14.58,2.86,10.9,1689.5,6.201076370320426,16.56,20.55
2020-08-04,8422,125178,19495768,155.5,156.0,155.5,156.0,1.0,132,2020,14.68,2.88,10.9,1700.4,6.241083314645074,16.56,20.55
2020-08-05,8422,78300,12173800,155.5,156.0,155.0,155.5,-0.5,96,2020,14.63,2.87,10.9,1694.95,6.22107984248275,16.56,20.55
2020-08-06,8422,2019032,326341280,157.0,166.0,157.0,165.5,10.0,1441,2020,15.57,3.05,10.9,1803.95,6.62114928572923,16.56,20.55
2020-08-07,8422,1243767,207797822,166.0,170.0,164.0,166.5,1.0,1138,2020,15.66,3.07,10.9,1814.85,6.661156230053877,16.56,20.55
2020-08-10,8422,458853,75036392,166.5,166.5,162.0,162.5,-4.0,436,2020,15.29,3.0,10.9,1771.25,6.501128452755285,16.56,20.55
2020-08-11,8422,244870,39710868,164.0,164.0,161.0,161.5,-1.0,255,2020,15.91,3.47,10.9,1760.35,6.4611215084306375,16.56,20.55
2020-08-12,8422,396406,63377960,161.0,162.5,158.5,159.5,-2.0,360,2020,15.71,3.43,10.9,1738.55,6.381107619781342,16.56,20.55
2020-08-13,8422,258173,41034761,160.0,160.5,158.0,160.0,0.5,262,2020,15.76,3.44,10.9,1744.0,6.401111091943666,16.56,20.55
2020-08-14,8422,172232,27382120,160.5,160.5,158.0,158.5,-1.5,181,2020,15.62,3.41,10.9,1727.65,6.341100675456694,16.56,20.55
2020-08-17,8422,226521,36231133,158.5,161.0,158.5,160.5,2.0,207,2020,15.81,3.45,10.9,1749.45,6.42111456410599,16.56,20.55
2020-08-18,8422,155040,24770400,160.5,160.5,158.5,159.5,-1.0,185,2020,15.71,3.43,10.9,1738.55,6.381107619781342,16.56,20.55
2020-08-19,8422,187669,29906203,159.5,160.5,158.0,158.5,-1.0,179,2020,15.62,3.41,10.9,1727.65,6.341100675456694,16.56,20.55
2020-08-20,8422,408908,64175493,158.0,159.0,156.0,157.0,-1.5,412,2020,15.47,3.38,10.9,1711.3,6.281090258969722,16.56,20.55
2020-08-21,8422,309200,48779100,157.5,159.0,156.5,157.5,0.5,288,2020,15.52,3.39,10.9,1716.75,6.301093731132046,16.56,20.55
2020-08-24,8422,116452,18349868,158.0,158.0,157.0,157.5,0.0,138,2020,15.52,3.39,10.9,1716.75,6.301093731132046,16.56,20.55
2020-08-25,8422,201617,32058408,157.5,160.5,157.5,159.0,1.5,169,2020,15.67,3.42,10.9,1733.1,6.3611041476190175,16.56,20.55
2020-08-26,8422,138853,22109480,159.0,160.0,158.0,160.0,1.0,171,2020,15.76,3.44,10.9,1744.0,6.401111091943666,16.56,20.55
2020-08-27,8422,227017,36337237,160.0,161.0,159.0,159.5,-0.5,183,2020,15.71,3.43,10.9,1738.55,6.381107619781342,16.56,20.55
2020-08-28,8422,148650,23619500,160.0,160.0,158.0,159.5,0.0,163,2020,15.71,3.43,10.9,1738.55,6.381107619781342,16.56,20.55
2020-08-31,8422,202926,32313194,160.0,160.5,158.0,159.0,-0.5,209,2020,15.67,3.42,10.9,1733.1,6.3611041476190175,16.56,20.55
2020-09-01,8422,226404,35873236,159.0,159.0,158.0,159.0,0.0,219,2020,15.67,3.42,10.9,1733.1,6.3611041476190175,16.56,20.55
2020-09-02,8422,111796,17739064,160.0,160.0,158.0,158.0,-1.0,130,2020,15.57,3.4,10.9,1722.2,6.272065309309475,16.56,20.55
2020-09-03,8422,86074,13669766,159.0,159.0,158.5,158.5,0.5,104,2020,15.62,3.41,10.9,1727.65,6.291913617250328,16.56,20.55
2020-09-04,8422,118450,18741000,157.5,159.0,157.0,159.0,0.5,126,2020,15.67,3.42,10.9,1733.1,6.311761925191181,16.56,20.55
2020-09-07,8422,163033,25941747,159.0,160.0,158.0,158.0,-1.0,159,2020,15.57,3.4,10.9,1722.2,6.272065309309475,16.56,20.55
2020-09-08,8422,47525,7533475,159.5,159.5,158.0,158.5,0.5,81,2020,15.62,3.41,10.9,1727.65,6.291913617250328,16.56,20.55
2020-09-09,8422,131987,21001433,158.0,160.0,158.0,160.0,1.5,152,2020,15.76,3.44,10.9,1744.0,6.351458541072887,16.56,20.55
2020-09-10,8422,119640,19173900,160.5,161.5,159.5,159.5,-0.5,149,2020,15.71,3.43,10.9,1738.55,6.331610233132034,16.56,20.55
2020-09-11,8422,134113,21390580,159.5,160.0,159.0,160.0,0.5,152,2020,15.76,3.44,10.9,1744.0,6.351458541072887,16.56,20.55
2020-09-14,8422,105696,16955056,160.0,161.0,159.5,160.0,0.0,132,2020,15.76,3.44,10.9,1744.0,6.351458541072887,16.56,20.55
2020-09-15,8422,91928,14744408,160.0,161.0,160.0,160.5,0.5,116,2020,15.81,3.45,10.9,1749.45,6.371306849013739,16.56,20.55
2020-09-16,8422,89305,14323948,160.5,161.0,160.0,160.0,-0.5,115,2020,15.76,3.44,10.9,1744.0,6.351458541072887,16.56,20.55
2020-09-17,8422,48184,7730124,160.5,160.5,160.0,160.5,0.5,69,2020,15.81,3.45,10.9,1749.45,6.371306849013739,16.56,20.55
2020-09-18,8422,155009,24788938,160.5,160.5,159.0,159.0,-1.5,166,2020,15.67,3.42,10.9,1733.1,6.311761925191181,16.56,20.55
2020-09-21,8422,150383,24063663,160.0,160.5,159.5,160.5,1.5,170,2020,15.81,3.45,10.9,1749.45,6.371306849013739,16.56,20.55
2020-09-22,8422,130382,20819302,160.0,160.5,159.0,160.0,-0.5,135,2020,15.76,3.44,10.9,1744.0,6.351458541072887,16.56,20.55
2020-09-23,8422,125733,20014780,160.0,160.0,158.5,159.5,-0.5,131,2020,15.71,3.43,10.9,1738.55,6.331610233132034,16.56,20.55
2020-09-24,8422,234490,37073163,159.0,159.0,157.5,158.5,-1.0,230,2020,15.62,3.41,10.9,1727.65,6.291913617250328,16.56,20.55
2020-09-25,8422,178552,28187986,158.5,158.5,157.0,158.0,-0.5,181,2020,15.57,3.4,10.9,1722.2,6.272065309309475,16.56,20.55
2020-09-28,8422,82655,13059812,158.0,158.5,157.5,158.0,0.0,110,2020,15.57,3.4,10.9,1722.2,6.272065309309475,16.56,20.55
2020-09-29,8422,194941,30784642,159.0,159.0,157.5,158.5,0.5,153,2020,15.62,3.41,10.9,1727.65,6.291913617250328,16.56,20.55
2020-09-30,8422,139826,22073917,158.5,158.5,157.5,157.5,-1.0,153,2020,15.52,3.39,10.9,1716.75,6.2522170013686225,16.56,20.55
2020-10-05,8422,145688,22919042,158.0,158.0,156.5,157.0,-0.5,155,2020,15.47,3.38,10.9,1711.3,6.239408355476737,16.56,20.55
2020-10-06,8422,120503,19049477,158.0,158.5,157.5,158.5,1.5,132,2020,15.62,3.41,10.9,1727.65,6.29902053721696,16.56,20.55
2020-10-07,8422,68483,10845297,158.5,159.0,158.0,159.0,0.5,85,2020,15.67,3.42,10.9,1733.1,6.318891264463701,16.56,20.55
2020-10-08,8422,92149,14558112,159.0,159.0,157.5,157.5,-1.5,118,2020,15.52,3.39,10.9,1716.75,6.259279082723478,16.56,20.55
2020-10-12,8422,89640,14141435,157.5,158.0,157.5,158.0,0.5,124,2020,15.57,3.4,10.9,1722.2,6.279149809970219,16.56,20.55
2020-10-13,8422,74700,11794946,158.0,158.5,157.5,158.5,0.5,100,2020,15.62,3.41,10.9,1727.65,6.29902053721696,16.56,20.55
2020-10-14,8422,139342,21995200,159.0,159.0,157.5,157.5,-1.0,123,2020,15.52,3.39,10.9,1716.75,6.259279082723478,16.56,20.55
2020-10-15,8422,161880,25563973,159.0,159.0,157.0,158.5,1.0,175,2020,15.62,3.41,10.9,1727.65,6.29902053721696,16.56,20.55
2020-10-16,8422,97862,15508058,158.5,159.5,158.0,158.0,-0.5,117,2020,15.57,3.4,10.9,1722.2,6.279149809970219,16.56,20.55
2020-10-19,8422,98960,15655655,158.0,159.0,158.0,158.5,0.5,129,2020,15.62,3.41,10.9,1727.65,6.29902053721696,16.56,20.55
2020-10-20,8422,88008,13944272,158.5,159.0,158.0,158.5,0.0,113,2020,15.62,3.41,10.9,1727.65,6.29902053721696,16.56,20.55
2020-10-21,8422,84241,13368319,158.5,159.0,158.0,159.0,0.5,109,2020,15.67,3.42,10.9,1733.1,6.318891264463701,16.56,20.55
2020-10-22,8422,162503,25918480,159.0,160.0,158.5,160.0,1.0,165,2020,15.76,3.44,10.9,1744.0,6.3586327189571845,16.56,20.55
2020-10-23,8422,62967,10059720,160.0,160.0,159.5,159.5,-0.5,79,2020,15.71,3.43,10.9,1738.55,6.338761991710443,16.56,20.55
2020-10-26,8422,50906,8107437,159.5,160.0,158.5,158.5,-1.0,106,2020,15.62,3.41,10.9,1727.65,6.29902053721696,16.56,20.55
2020-10-27,8422,116408,18417954,158.5,158.5,157.5,158.5,0.0,130,2020,15.62,3.41,10.9,1727.65,6.29902053721696,16.56,20.55
2020-10-28,8422,83046,13143926,159.0,159.0,157.5,158.0,-0.5,114,2020,15.57,3.4,10.9,1722.2,6.279149809970219,16.56,20.55
2020-10-29,8422,69972,11041640,157.5,158.5,157.0,157.5,-0.5,110,2020,15.52,3.39,10.9,1716.75,6.259279082723478,16.56,20.55
2020-10-30,8422,104635,16562114,157.5,159.0,157.5,157.5,0.0,128,2020,15.52,3.39,10.9,1716.75,6.259279082723478,16.56,20.55
2020-11-02,8422,42152,6645147,157.5,158.0,157.5,158.0,0.5,74,2020,15.57,3.4,10.9,1722.2,6.360708534621578,16.56,20.55
2020-11-03,8422,77705,12336303,159.0,159.0,158.5,158.5,0.5,92,2020,15.62,3.41,10.9,1727.65,6.380837359098229,16.56,20.55
2020-11-04,8422,62363,9915793,159.0,159.5,158.5,159.0,0.5,85,2020,15.67,3.42,10.9,1733.1,6.400966183574879,16.56,20.55
2020-11-05,8422,151560,24218694,159.0,160.0,159.0,160.0,1.0,164,2020,15.76,3.44,10.9,1744.0,6.4412238325281805,16.56,20.55
2020-11-06,8422,72528,11579215,160.0,160.5,159.5,159.5,-0.5,110,2020,15.71,3.43,10.9,1738.55,6.421095008051529,16.56,20.55
2020-11-09,8422,116569,18598400,160.0,160.5,158.0,159.5,0.0,177,2020,15.71,3.43,10.9,1738.55,6.421095008051529,16.56,20.55
2020-11-10,8422,89607,14306221,159.5,160.0,159.0,160.0,0.5,132,2020,14.67,3.23,10.9,1744.0,6.4412238325281805,16.56,20.55
2020-11-11,8422,282510,45503071,160.0,161.5,160.0,161.0,1.0,336,2020,14.76,3.25,10.9,1754.9,6.481481481481482,16.56,20.55
2020-11-12,8422,96170,15488720,161.0,161.5,160.5,161.5,0.5,140,2020,14.8,3.26,10.9,1760.35,6.501610305958132,16.56,20.55
2020-11-13,8422,97396,15710626,161.5,162.0,161.0,161.0,-0.5,125,2020,14.76,3.25,10.9,1754.9,6.481481481481482,16.56,20.55
2020-11-16,8422,396533,64782196,162.0,165.0,162.0,163.0,2.0,475,2020,14.94,3.29,10.9,1776.7,6.561996779388084,16.56,20.55
2020-11-17,8422,259534,42189322,164.0,164.0,162.0,163.0,0.0,318,2020,14.94,3.29,10.9,1776.7,6.561996779388084,16.56,20.55
2020-11-18,8422,134502,21930376,162.5,163.5,162.5,163.5,0.5,189,2020,14.99,3.3,10.9,1782.15,6.582125603864735,16.56,20.55
2020-11-19,8422,130031,21207212,163.5,163.5,162.5,162.5,-1.0,179,2020,14.89,3.28,10.9,1771.25,6.541867954911433,16.56,20.55
2020-11-20,8422,165969,27006966,162.5,163.5,161.5,162.0,-0.5,207,2020,14.85,3.27,10.9,1765.8,6.521739130434782,16.56,20.55
2020-11-23,8422,165979,27105376,163.0,164.0,163.0,163.0,1.0,201,2020,14.94,3.29,10.9,1776.7,6.561996779388084,16.56,20.55
2020-11-24,8422,110176,17963387,163.0,163.5,162.5,163.0,0.0,178,2020,14.94,3.29,10.9,1776.7,6.561996779388084,16.56,20.55
2020-11-25,8422,134102,21863410,163.0,163.5,162.5,163.5,0.5,175,2020,14.99,3.3,10.9,1782.15,6.582125603864735,16.56,20.55
2020-11-26,8422,189539,31043899,163.5,165.0,163.0,165.0,1.5,220,2020,15.12,3.33,10.9,1798.5,6.642512077294686,16.56,20.55
2020-11-27,8422,123540,20325267,165.0,165.0,164.0,164.5,-0.5,161,2020,15.08,3.32,10.9,1793.05,6.622383252818035,16.56,20.55
2020-11-30,8422,200332,32796617,164.5,165.0,163.0,163.0,-1.5,250,2020,14.94,3.29,10.9,1776.7,6.561996779388084,16.56,20.55
2020-12-01,8422,156218,25598165,163.0,164.5,163.0,164.0,1.0,193,2020,15.03,3.31,10.9,1787.6,6.602254428341385,16.56,20.55
2020-12-02,8422,166928,27388854,164.0,164.5,163.5,164.0,0.0,145,2020,15.03,3.31,10.9,1787.6,6.604496126379524,16.56,20.55
2020-12-03,8422,85181,13947268,163.5,164.0,163.5,163.5,-0.5,119,2020,14.99,3.3,10.9,1782.15,6.584360467457635,16.56,20.55
2020-12-04,8422,142972,23379741,164.0,164.0,163.0,163.0,-0.5,185,2020,14.94,3.29,10.9,1776.7,6.564224808535746,16.56,20.55
2020-12-07,8422,214275,35111564,163.5,164.5,163.0,164.5,1.5,245,2020,15.08,3.32,10.9,1793.05,6.624631785301412,16.56,20.55
2020-12-08,8422,185234,30286933,163.0,164.5,163.0,163.5,-1.0,203,2020,14.99,3.3,10.9,1782.15,6.584360467457635,16.56,20.55
2020-12-09,8422,151954,24850849,163.0,164.0,163.0,163.5,0.0,196,2020,14.99,3.3,10.9,1782.15,6.584360467457635,16.56,20.55
2020-12-10,8422,208949,34300876,164.0,164.5,163.5,163.5,0.0,203,2020,14.99,3.3,10.9,1782.15,6.584360467457635,16.56,20.55
2020-12-11,8422,192495,31490905,164.5,164.5,163.0,163.0,-0.5,204,2020,14.94,3.29,10.9,1776.7,6.564224808535746,16.56,20.55
2020-12-14,8422,122108,20022741,163.0,164.5,163.0,164.0,1.0,170,2020,15.03,3.31,10.9,1787.6,6.604496126379524,16.56,20.55
2020-12-15,8422,152299,24922405,164.0,164.5,163.0,163.5,-0.5,181,2020,14.99,3.3,10.9,1782.15,6.584360467457635,16.56,20.55
2020-12-16,8422,261399,42618149,163.5,164.0,162.5,163.5,0.0,296,2020,14.99,3.3,10.9,1782.15,6.584360467457635,16.56,20.55
2020-12-17,8422,270472,44046172,163.5,164.0,162.5,162.5,-1.0,274,2020,14.89,3.28,10.9,1771.25,6.544089149613857,16.56,20.55
2020-12-18,8422,422279,68365635,162.5,162.5,161.5,161.5,-1.0,438,2020,14.8,3.26,10.9,1760.35,6.503817831770079,16.56,20.55
2020-12-21,8422,226079,36588498,161.5,163.5,160.5,163.5,2.0,271,2020,14.99,3.3,10.9,1782.15,6.584360467457635,16.56,20.55
2020-12-22,8422,121244,19751142,164.0,164.0,162.0,162.5,-1.0,174,2020,14.89,3.28,10.9,1771.25,6.544089149613857,16.56,20.55
2020-12-23,8422,36844,5983195,162.5,163.0,162.0,162.5,0.0,73,2020,14.89,3.28,10.9,1771.25,6.544089149613857,16.56,20.55
2020-12-24,8422,98724,16035771,162.5,163.0,162.0,162.5,0.0,110,2020,14.89,3.28,10.9,1771.25,6.544089149613857,16.56,20.55
2020-12-25,8422,76823,12495708,163.5,163.5,162.0,162.5,0.0,104,2020,14.89,3.28,10.9,1771.25,6.544089149613857,16.56,20.55
2020-12-28,8422,103451,16877928,163.0,163.5,162.5,163.5,1.0,166,2020,14.99,3.3,10.9,1782.15,6.584360467457635,16.56,20.55
2020-12-29,8422,79246,12925024,163.0,163.5,162.5,163.5,0.0,103,2020,14.99,3.3,10.9,1782.15,6.584360467457635,16.56,20.55
2020-12-30,8422,138838,22732642,163.5,164.0,163.0,164.0,0.5,193,2020,15.03,3.31,10.9,1787.6,6.604496126379524,16.56,20.55
2020-12-31,8422,106898,17543614,164.0,164.5,163.5,164.0,0.0,167,2020,15.03,3.31,10.9,1787.6,6.604496126379524,16.56,20.55
2021-01-04,8422,147157,24137168,164.5,164.5,163.5,164.5,0.5,203,2021,15.08,3.32,10.9,1793.05,6.689289488930896,15.58,19.48
2021-01-05,8422,145964,23952021,164.0,164.5,163.5,164.5,0.0,183,2021,15.08,3.32,10.9,1793.05,6.689289488930896,15.58,19.48
2021-01-06,8422,251879,41136361,164.5,164.5,162.5,163.0,-1.5,292,2021,14.94,3.29,10.9,1776.7,6.628292928241557,15.58,19.48
2021-01-07,8422,77763,12682686,163.0,163.5,163.0,163.0,0.0,129,2021,14.94,3.29,10.9,1776.7,6.628292928241557,15.58,19.48
2021-01-08,8422,126720,20706536,163.0,164.0,163.0,164.0,1.0,165,2021,15.03,3.31,10.9,1787.6,6.66895730203445,15.58,19.48
2021-01-11,8422,142872,23427801,164.0,164.5,163.5,164.0,0.0,189,2021,15.03,3.31,10.9,1787.6,6.66895730203445,15.58,19.48
2021-01-12,8422,105020,17169608,164.0,164.0,163.0,163.0,-1.0,144,2021,14.94,3.29,10.9,1776.7,6.628292928241557,15.58,19.48
2021-01-13,8422,173008,28268772,163.0,164.0,163.0,163.0,0.0,172,2021,14.94,3.29,10.9,1776.7,6.628292928241557,15.58,19.48
2021-01-14,8422,123872,20224968,164.0,164.0,163.0,163.0,0.0,144,2021,14.94,3.29,10.9,1776.7,6.628292928241557,15.58,19.48
2021-01-15,8422,267227,43422686,164.0,164.0,162.0,163.0,0.0,323,2021,14.94,3.29,10.9,1776.7,6.628292928241557,15.58,19.48
2021-01-18,8422,288002,46810178,163.0,163.5,162.0,162.5,-0.5,293,2021,14.89,3.28,10.9,1771.25,6.60796074134511,15.58,19.48
2021-01-19,8422,175164,28417834,162.5,163.0,162.0,162.0,-0.5,208,2021,14.85,3.27,10.9,1765.8,6.5876285544486635,15.58,19.48
2021-01-20,8422,397701,64169208,162.0,162.0,160.5,161.0,-1.0,420,2021,14.76,3.25,10.9,1754.9,6.546964180655771,15.58,19.48
2021-01-21,8422,290054,46616722,160.5,161.5,160.0,161.5,0.5,352,2021,14.8,3.26,10.9,1760.35,6.567296367552217,15.58,19.48
2021-01-22,8422,350956,56266668,160.5,161.5,160.0,160.5,-1.0,352,2021,14.71,3.24,10.9,1749.45,6.526631993759325,15.58,19.48
2021-01-25,8422,265559,42334554,160.5,160.5,159.0,159.5,-1.0,405,2021,14.62,3.22,10.9,1738.55,6.485967619966432,15.58,19.48
2021-01-26,8422,307916,49074099,159.5,160.0,159.0,160.0,0.5,315,2021,14.67,3.23,10.9,1744.0,6.506299806862878,15.58,19.48
2021-01-27,8422,181880,29010869,160.0,160.5,159.0,159.0,-1.0,251,2021,14.57,3.21,10.9,1733.1,6.465635433069985,15.58,19.48
2021-01-28,8422,287034,45476474,159.0,159.0,158.0,159.0,0.0,448,2021,14.57,3.21,10.9,1733.1,6.465635433069985,15.58,19.48
2021-01-29,8422,225497,35925673,160.0,160.5,159.0,159.0,0.0,222,2021,14.57,3.21,10.9,1733.1,6.465635433069985,15.58,19.48
2021-02-01,8422,225131,35668746,159.0,159.5,158.0,158.0,-1.0,366,2021,14.48,3.19,10.9,1722.2,6.424971059277092,15.58,19.48
2021-02-02,8422,191228,30301791,159.0,159.5,158.0,158.5,0.5,283,2021,14.53,3.2,10.9,1727.65,6.355925967893128,15.58,19.48
2021-02-03,8422,211832,33616852,158.5,160.0,158.0,159.0,0.5,245,2021,14.57,3.21,10.9,1733.1,6.375976207539479,15.58,19.48
2021-02-04,8422,216032,34296822,158.5,159.5,158.0,159.5,0.5,220,2021,14.62,3.22,10.9,1738.55,6.39602644718583,15.58,19.48
2021-02-05,8422,245308,39008956,159.0,160.0,158.5,159.0,-0.5,307,2021,14.57,3.21,10.9,1733.1,6.375976207539479,15.58,19.48
2021-02-17,8422,262919,42090729,161.5,161.5,159.0,160.0,1.0,372,2021,14.67,3.23,10.9,1744.0,6.41607668683218,15.58,19.48
2021-02-18,8422,227194,36343977,160.0,161.0,159.0,161.0,1.0,247,2021,14.76,3.25,10.9,1754.9,6.456177166124881,15.58,19.48
2021-02-19,8422,225558,36161708,161.0,161.5,159.5,161.0,0.0,280,2021,14.76,3.25,10.9,1754.9,6.456177166124881,15.58,19.48
2021-02-22,8422,384893,62119325,161.0,162.5,160.5,162.0,1.0,357,2021,14.85,3.27,10.9,1765.8,6.496277645417582,15.58,19.48
2021-02-23,8422,355968,57761052,162.0,163.0,162.0,163.0,1.0,333,2021,14.94,3.29,10.9,1776.7,6.536378124710283,15.58,19.48
2021-02-24,8422,298448,48658652,163.5,163.5,162.5,163.5,0.5,311,2021,14.99,3.3,10.9,1782.15,6.556428364356634,15.58,19.48
2021-02-25,8422,379510,61842696,164.0,164.0,162.0,162.5,-1.0,419,2021,14.89,3.28,10.9,1771.25,6.516327885063933,15.58,19.48
2021-02-26,8422,543205,87682587,161.5,162.5,160.5,162.0,-0.5,513,2021,14.85,3.27,10.9,1765.8,6.496277645417582,15.58,19.48
2021-03-02,8422,486189,79349234,163.0,164.0,162.5,163.0,1.0,422,2021,14.94,3.29,10.9,1776.7,6.360631745663515,15.58,19.48
2021-03-03,8422,483967,79243463,163.0,165.0,162.5,164.0,1.0,372,2021,15.03,3.31,10.9,1787.6,6.399654026311757,15.58,19.48
2021-03-04,8422,597101,98956657,165.0,167.0,164.5,166.0,2.0,619,2021,15.22,3.35,10.9,1809.4,6.477698587608242,15.58,19.48
2021-03-05,8422,659698,110586429,166.0,169.0,166.0,168.5,2.5,698,2021,15.44,3.4,10.9,1836.65,6.575254289228848,15.58,19.48
2021-03-08,8422,765691,130755429,170.0,172.0,170.0,171.0,2.5,787,2021,15.67,3.45,10.9,1863.9,6.672809990849454,15.58,19.48
2021-03-09,8422,445670,75878426,171.0,171.5,169.0,170.5,-0.5,511,2021,15.63,3.44,10.9,1858.45,6.653298850525333,15.58,19.48
2021-03-10,8422,391645,66940092,171.0,171.5,170.0,171.5,1.0,397,2021,15.72,3.46,10.9,1869.35,6.692321131173576,15.58,19.48
2021-03-11,8422,458778,78207055,171.5,171.5,169.5,170.0,-1.5,507,2021,15.73,3.24,10.9,1853.0,6.6337877102012115,15.58,19.48
2021-03-12,8422,329811,56328335,170.5,171.5,170.0,171.5,1.5,372,2021,15.86,3.27,10.9,1869.35,6.692321131173576,15.58,19.48
2021-03-15,8422,237092,40674947,171.5,172.0,171.0,171.5,0.0,253,2021,15.86,3.27,10.9,1869.35,6.692321131173576,15.58,19.48
2021-03-16,8422,236039,40552920,172.0,172.0,171.5,172.0,0.5,291,2021,15.91,3.28,10.9,1874.8,6.711832271497697,15.58,19.48
2021-03-17,8422,264485,45387843,172.0,172.0,171.0,172.0,0.0,306,2021,15.91,3.28,10.9,1874.8,6.711832271497697,15.58,19.48
2021-03-18,8422,323652,55679096,172.0,172.5,171.5,172.5,0.5,325,2021,15.96,3.29,10.9,1880.25,6.731343411821817,15.58,19.48
2021-03-19,8422,634964,110040847,172.0,175.0,171.5,175.0,2.5,616,2021,16.19,3.33,10.9,1907.5,6.828899113442424,15.58,19.48
2021-03-22,8422,312915,54459800,175.0,176.0,173.0,174.0,-1.0,405,2021,16.1,3.31,10.9,1896.6,6.789876832794182,15.58,19.48
2021-03-23,8422,271531,47132308,174.5,174.5,173.0,173.5,-0.5,285,2021,16.05,3.31,10.9,1891.15,6.77036569247006,15.58,19.48
2021-03-24,8422,203486,35168859,173.5,173.5,172.0,173.0,-0.5,250,2021,16.0,3.3,10.9,1885.7,6.750854552145939,15.58,19.48
2021-03-25,8422,235806,40608689,172.5,173.0,171.5,171.5,-1.5,337,2021,15.86,3.27,10.9,1869.35,6.692321131173576,15.58,19.48
2021-03-26,8422,195378,33583603,171.5,172.5,171.5,172.0,0.5,259,2021,15.91,3.28,10.9,1874.8,6.711832271497697,15.58,19.48
2021-03-29,8422,162939,28091880,172.0,173.0,172.0,173.0,1.0,224,2021,16.0,3.3,10.9,1885.7,6.750854552145939,15.58,19.48
2021-03-30,8422,132771,22919256,173.0,173.0,172.0,173.0,0.0,175,2021,16.0,3.3,10.9,1885.7,6.750854552145939,15.58,19.48
2021-03-31,8422,146700,25319481,173.0,173.0,172.0,173.0,0.0,194,2021,16.0,3.3,10.9,1885.7,6.750854552145939,15.58,19.48
2021-04-01,8422,174029,30022788,172.5,173.0,172.0,173.0,0.0,217,2021,16.0,3.3,10.9,1885.7,6.750854552145939,15.58,19.48
2021-04-06,8422,236020,40617149,173.0,173.0,171.5,172.0,-1.0,318,2021,15.91,3.28,10.9,1874.8,6.588986818511862,15.58,19.48
2021-04-07,8422,348407,60063469,173.0,174.0,172.0,172.5,0.5,371,2021,15.96,3.29,10.9,1880.25,6.608140849961024,15.58,19.48
2021-04-08,8422,236924,40889179,172.5,173.0,172.0,173.0,0.5,293,2021,16.0,3.3,10.9,1885.7,6.627294881410187,15.58,19.48
2021-04-09,8422,148581,25676912,173.0,173.0,172.0,173.0,0.0,201,2021,16.0,3.3,10.9,1885.7,6.627294881410187,15.58,19.48
2021-04-12,8422,265894,46232695,173.0,174.5,173.0,174.0,1.0,313,2021,16.1,3.31,10.9,1896.6,6.665602944308511,15.58,19.48
2021-04-13,8422,219102,38045594,174.0,174.5,173.0,173.5,-0.5,266,2021,16.05,3.31,10.9,1891.15,6.646448912859349,15.58,19.48
2021-04-14,8422,323311,55894728,173.0,174.0,172.0,173.0,-0.5,335,2021,16.0,3.3,10.9,1885.7,6.627294881410187,15.58,19.48
2021-04-15,8422,146779,25427921,173.0,174.0,172.5,173.0,0.0,189,2021,16.0,3.3,10.9,1885.7,6.627294881410187,15.58,19.48
2021-04-16,8422,156551,27102383,173.0,173.5,172.5,173.5,0.5,187,2021,16.05,3.31,10.9,1891.15,6.646448912859349,15.58,19.48
2021-04-19,8422,369933,64488990,173.5,175.0,173.0,175.0,1.5,430,2021,16.19,3.33,10.9,1907.5,6.703911007206836,15.58,19.48
2021-04-20,8422,481830,85131322,175.0,178.0,175.0,177.5,2.5,568,2021,16.42,3.38,10.9,1934.75,6.7996811644526485,15.58,19.48
2021-04-21,8422,301908,53439992,178.0,178.0,176.0,178.0,0.5,347,2021,16.47,3.39,10.9,1940.2,6.81883519590181,15.58,19.48
2021-04-22,8422,521044,92696436,178.0,179.0,176.5,177.0,-1.0,477,2021,16.37,3.37,10.9,1929.3,6.780527133003486,15.58,19.48
2021-04-23,8422,211360,37360931,178.0,178.0,176.0,177.0,0.0,299,2021,16.37,3.37,10.9,1929.3,6.780527133003486,15.58,19.48
2021-04-26,8422,223063,39450122,177.0,177.5,176.5,177.5,0.5,292,2021,16.42,3.38,10.9,1934.75,6.7996811644526485,15.58,19.48
2021-04-27,8422,151663,26839117,178.0,178.0,176.5,176.5,-1.0,228,2021,16.33,3.36,10.9,1923.85,6.761373101554323,15.58,19.48
2021-04-28,8422,158769,28018438,176.5,177.0,176.0,176.5,0.0,196,2021,16.33,3.36,10.9,1923.85,6.761373101554323,15.58,19.48
2021-04-29,8422,187030,33016881,177.0,177.0,176.0,176.5,0.0,213,2021,16.33,3.36,10.9,1923.85,6.761373101554323,15.58,19.48
2021-05-03,8422,343821,60227554,176.5,176.5,174.5,174.5,-2.0,432,2021,16.14,3.32,10.9,1902.05,6.612704890248325,15.58,19.48
2021-05-04,8422,586270,101054290,174.5,174.5,170.5,172.0,-2.5,711,2021,15.91,3.28,10.9,1874.8,6.51796699783789,15.58,19.48
2021-05-05,8422,236465,41007830,172.0,175.0,171.0,174.0,2.0,319,2021,16.1,3.31,10.9,1896.6,6.593757311766238,15.58,19.48
2021-05-06,8422,579831,102669447,175.0,178.0,175.0,177.5,3.5,585,2021,16.42,3.38,10.9,1934.75,6.7263903611408455,15.58,19.48
2021-05-07,8422,519621,92620514,178.0,179.0,175.5,179.0,1.5,572,2021,16.56,3.41,10.9,1951.1,6.783233096587106,15.58,19.48
2021-05-10,8422,162478,29063835,180.0,180.0,177.5,178.5,-0.5,368,2021,15.27,3.19,10.9,1945.65,6.764285518105019,15.58,19.48
2021-05-11,8422,513691,90702313,178.0,179.5,174.0,174.0,-4.5,502,2021,14.88,3.11,10.9,1896.6,6.593757311766238,15.58,19.48
2021-05-12,8422,852578,145952839,174.0,175.5,167.5,171.0,-3.0,998,2021,14.63,3.06,10.9,1863.9,6.480071840873716,15.58,19.48
2021-05-13,8422,449486,76812905,169.0,172.5,168.0,171.0,0.0,543,2021,14.63,3.06,10.9,1863.9,6.480071840873716,15.58,19.48
2021-05-14,8422,250622,43146729,171.5,173.5,171.0,172.0,1.0,275,2021,14.71,3.08,10.9,1874.8,6.51796699783789,15.58,19.48
2021-05-17,8422,689911,116453565,169.0,171.0,167.0,168.0,-4.0,750,2021,14.37,3.0,10.9,1831.2,6.366386369981195,15.58,19.48
2021-05-18,8422,279315,47432831,168.0,171.0,167.5,170.5,2.5,343,2021,14.59,3.05,10.9,1858.45,6.461124262391629,15.58,19.48
2021-05-19,8422,187407,31918735,171.0,171.5,169.5,170.5,0.0,218,2021,14.59,3.05,10.9,1858.45,6.461124262391629,15.58,19.48
2021-05-20,8422,132573,22552982,170.5,171.0,169.0,170.0,-0.5,208,2021,14.54,3.04,10.9,1853.0,6.442176683909542,15.58,19.48
2021-05-21,8422,245164,41757385,170.5,171.5,169.5,170.0,0.0,170,2021,14.54,3.04,10.9,1853.0,6.442176683909542,15.58,19.48
2021-05-24,8422,91226,15546945,169.5,171.0,169.5,170.5,0.5,169,2021,14.59,3.05,10.9,1858.45,6.461124262391629,15.58,19.48
2021-05-25,8422,285248,47720152,171.0,172.0,170.0,170.5,0.0,257,2021,14.59,3.05,10.9,1858.45,6.461124262391629,15.58,19.48
2021-05-26,8422,144370,24655114,170.5,171.5,170.0,171.0,0.5,245,2021,14.63,3.06,10.9,1863.9,6.480071840873716,15.58,19.48
2021-05-27,8422,296001,50367806,171.0,171.5,169.5,169.5,-1.5,287,2021,14.5,3.03,10.9,1847.55,6.423229105427455,15.58,19.48
2021-05-28,8422,182491,31139108,170.5,171.5,170.0,170.0,0.5,235,2021,14.54,3.04,10.9,1853.0,6.442176683909542,15.58,19.48
2021-05-31,8422,226204,38809045,170.5,172.5,170.0,172.0,2.0,259,2021,14.71,3.08,10.9,1874.8,6.51796699783789,15.58,19.48
2021-06-01,8422,160034,27788053,172.0,175.0,172.0,175.0,3.0,234,2021,14.97,3.13,10.9,1907.5,6.631652468730412,15.58,19.48
2021-06-02,8422,363860,64004460,175.0,176.5,174.5,176.5,1.5,431,2021,15.1,3.16,10.9,1923.85,6.763533835247298,15.58,19.48
2021-06-03,8422,202903,35554586,176.5,176.5,174.5,175.5,-1.0,234,2021,15.01,3.14,10.9,1912.95,6.725213530231732,15.58,19.48
2021-06-04,8422,207101,36306806,175.5,176.0,174.5,176.0,0.5,235,2021,15.06,3.15,10.9,1918.4,6.744373682739515,15.58,19.48
2021-06-07,8422,215028,37686139,176.0,176.5,174.0,175.5,-0.5,325,2021,15.01,3.14,10.9,1912.95,6.725213530231732,15.58,19.48
2021-06-08,8422,227676,39723181,174.5,175.0,174.0,174.5,-1.0,307,2021,14.93,3.12,10.9,1902.05,6.686893225216167,15.58,19.48
2021-06-09,8422,239242,41816341,174.0,175.5,174.0,174.5,0.0,278,2021,14.93,3.12,10.9,1902.05,6.686893225216167,15.58,19.48
2021-06-10,8422,288008,50604266,174.5,176.5,174.0,176.0,1.5,288,2021,15.06,3.15,10.9,1918.4,6.744373682739515,15.58,19.48
2021-06-11,8422,282559,49883323,176.0,177.5,175.5,177.0,1.0,308,2021,15.14,3.17,10.9,1929.3,6.7826939877550805,15.58,19.48
2021-06-15,8422,532003,94295642,177.0,178.0,176.5,177.5,0.5,513,2021,15.18,3.17,10.9,1934.75,6.801854140262863,15.58,19.48
2021-06-16,8422,480553,85407065,178.5,178.5,177.0,177.5,0.0,380,2021,15.18,3.17,10.9,1934.75,6.801854140262863,15.58,19.48
2021-06-17,8422,413055,73094996,178.0,178.0,176.0,176.0,-1.5,338,2021,15.06,3.15,10.9,1918.4,6.744373682739515,15.58,19.48
2021-06-18,8422,608117,107073975,177.0,177.0,175.0,176.0,0.0,569,2021,15.06,3.15,10.9,1918.4,6.744373682739515,15.58,19.48
2021-06-21,8422,1545233,268581326,175.5,176.0,173.0,173.5,-2.5,1528,2021,14.84,3.1,10.9,1891.15,6.648572920200602,15.58,19.48
2021-06-22,8422,1732425,287446290,165.0,168.0,163.5,167.0,0.0,1714,2021,14.29,2.99,10.9,1820.3,6.399490937599427,15.58,19.48
2021-06-23,8422,386807,64521084,167.0,167.5,166.0,166.5,-0.5,664,2021,14.24,2.98,10.9,1814.85,6.380330785091644,15.58,19.48
2021-06-24,8422,349525,58100743,166.5,167.0,165.5,166.0,-0.5,618,2021,14.2,2.97,10.9,1809.4,6.36117063258386,15.58,19.48
2021-06-25,8422,442713,73511176,166.0,168.0,165.0,165.5,-0.5,675,2021,14.16,2.96,10.9,1803.95,6.342010480076078,15.58,19.48
2021-06-28,8422,271404,44966214,166.5,166.5,165.0,166.5,1.0,534,2021,14.24,2.98,10.9,1814.85,6.380330785091644,15.58,19.48
2021-06-29,8422,194898,32314563,166.5,166.5,165.5,166.0,-0.5,384,2021,14.2,2.97,10.9,1809.4,6.36117063258386,15.58,19.48
2021-06-30,8422,233893,38721537,165.5,166.0,165.0,166.0,0.0,461,2021,14.2,2.97,10.9,1809.4,6.36117063258386,15.58,19.48
2021-07-01,8422,249497,41417668,166.5,167.0,165.5,165.5,-0.5,408,2021,14.16,2.96,10.9,1803.95,6.342010480076078,15.58,19.48
2021-07-02,8422,252252,41874149,166.0,166.5,165.5,166.5,1.0,375,2021,14.24,2.98,10.9,1814.85,6.499569166503717,15.58,19.48
2021-07-05,8422,269757,44893831,166.0,167.0,166.0,166.5,0.0,355,2021,14.24,2.98,10.9,1814.85,6.499569166503717,15.58,19.48
2021-07-06,8422,238267,39557944,166.5,166.5,165.5,166.0,-0.5,364,2021,14.2,2.97,10.9,1809.4,6.48005094077848,15.58,19.48
2021-07-07,8422,450688,74334709,165.0,165.5,164.5,164.5,-1.5,698,2021,14.07,2.94,10.9,1793.05,6.421496263602771,15.58,19.48
2021-07-08,8422,165297,27301450,164.5,165.5,164.5,165.5,1.0,299,2021,14.16,2.96,10.9,1803.95,6.460532715053244,15.58,19.48
2021-07-09,8422,168281,27820616,165.0,166.0,164.5,166.0,0.5,253,2021,14.2,2.97,10.9,1809.4,6.48005094077848,15.58,19.48
2021-07-12,8422,193277,31964970,166.5,166.5,165.0,165.0,-1.0,330,2021,14.11,2.95,10.9,1798.5,6.4410144893280075,15.58,19.48
2021-07-13,8422,295435,48814726,165.5,166.0,164.5,166.0,1.0,409,2021,14.2,2.97,10.9,1809.4,6.48005094077848,15.58,19.48
2021-07-14,8422,110245,18260519,166.5,166.5,165.0,165.5,-0.5,209,2021,14.16,2.96,10.9,1803.95,6.460532715053244,15.58,19.48
2021-07-15,8422,202791,33632409,166.0,166.5,165.0,166.0,0.5,277,2021,14.2,2.97,10.9,1809.4,6.48005094077848,15.58,19.48
2021-07-16,8422,177084,29438182,166.0,166.5,166.0,166.0,0.0,218,2021,14.2,2.97,10.9,1809.4,6.48005094077848,15.58,19.48
2021-07-19,8422,445067,74713202,166.0,168.5,166.0,168.5,2.5,572,2021,14.41,3.01,10.9,1836.65,6.577642069404662,15.58,19.48
2021-07-20,8422,419049,70847524,168.0,170.0,167.5,169.5,1.0,578,2021,14.5,3.03,10.9,1847.55,6.616678520855134,15.58,19.48
2021-07-21,8422,459833,78215013,170.0,171.0,169.0,170.0,0.5,594,2021,14.54,3.04,10.9,1853.0,6.636196746580371,15.58,19.48
2021-07-22,8422,399212,68296366,170.5,172.0,170.0,172.0,2.0,507,2021,14.71,3.08,10.9,1874.8,6.7142696494813165,15.58,19.48
2021-07-23,8422,491655,83961891,171.0,172.0,170.0,172.0,0.0,509,2021,14.71,3.08,10.9,1874.8,6.7142696494813165,15.58,19.48
2021-07-26,8422,10747256,1728559785,171.5,172.0,170.0,171.5,-0.5,389,2021,14.67,3.07,10.9,1869.35,6.69475142375608,15.58,19.48
2021-07-27,8422,876220,147652306,166.0,171.0,165.5,169.5,-2.0,566,2021,14.5,3.03,10.9,1847.55,6.616678520855134,15.58,19.48
2021-07-28,8422,436700,73583054,169.0,170.0,167.0,168.0,-1.5,544,2021,14.37,3.0,10.9,1831.2,6.558123843679425,15.58,19.48
2021-07-29,8422,140948,23630591,167.5,168.0,167.0,167.5,-0.5,235,2021,14.33,3.0,10.9,1825.75,6.538605617954189,15.58,19.48
2021-07-30,8422,117288,19651725,167.5,168.0,167.0,168.0,0.5,190,2021,14.37,3.0,10.9,1831.2,6.558123843679425,15.58,19.48
2021-08-02,8422,197373,33059826,168.0,168.0,167.0,168.0,0.0,227,2021,14.37,3.0,10.9,1831.2,6.625883279233291,15.58,19.48
2021-08-03,8422,152185,25613963,168.0,168.5,167.5,168.5,0.5,194,2021,14.41,3.01,10.9,1836.65,6.645603169945295,15.58,19.48
2021-08-04,8422,250012,41999257,168.0,168.5,167.0,168.5,0.0,255,2021,14.41,3.01,10.9,1836.65,6.645603169945295,15.58,19.48
2021-08-05,8422,224580,37808840,168.5,169.0,167.5,169.0,0.5,265,2021,14.46,3.02,10.9,1842.1,6.665323060657299,15.58,19.48
2021-08-06,8422,128486,21611226,169.0,169.0,168.0,168.5,-0.5,184,2021,14.41,3.01,10.9,1836.65,6.645603169945295,15.58,19.48
2021-08-09,8422,218099,36761496,168.5,169.0,168.0,169.0,0.5,268,2021,14.46,3.02,10.9,1842.1,6.665323060657299,15.58,19.48
2021-08-10,8422,121712,20407351,168.0,169.0,167.0,167.5,-1.5,234,2021,14.33,3.0,10.9,1825.75,6.606163388521287,15.58,19.48
2021-08-11,8422,205395,34484470,168.0,168.5,167.0,167.5,0.0,281,2021,14.16,3.47,10.9,1825.75,6.606163388521287,15.58,19.48
2021-08-12,8422,79634,13326679,167.5,168.0,167.0,167.0,-0.5,165,2021,14.12,3.46,10.9,1820.3,6.586443497809283,15.58,19.48
2021-08-13,8422,208398,34872934,167.0,168.5,166.5,168.0,1.0,285,2021,14.2,3.48,10.9,1831.2,6.625883279233291,15.58,19.48
2021-08-16,8422,108438,18114211,168.0,168.0,166.5,167.0,-1.0,231,2021,14.12,3.46,10.9,1820.3,6.586443497809283,15.58,19.48
2021-08-17,8422,188105,31503755,167.0,168.0,167.0,168.0,1.0,270,2021,14.2,3.48,10.9,1831.2,6.625883279233291,15.58,19.48
2021-08-18,8422,180894,30224380,168.0,168.0,166.5,167.5,-0.5,318,2021,14.16,3.47,10.9,1825.75,6.606163388521287,15.58,19.48
2021-08-19,8422,206058,34424413,167.5,168.0,166.0,167.5,0.0,301,2021,14.16,3.47,10.9,1825.75,6.606163388521287,15.58,19.48
2021-08-20,8422,72417,12077293,167.0,167.5,166.5,167.0,-0.5,168,2021,14.12,3.46,10.9,1820.3,6.586443497809283,15.58,19.48
2021-08-23,8422,149337,25063177,167.0,168.5,167.0,168.0,1.0,273,2021,14.2,3.48,10.9,1831.2,6.625883279233291,15.58,19.48
2021-08-24,8422,287686,48608095,168.0,169.5,168.0,169.0,1.0,319,2021,14.29,3.5,10.9,1842.1,6.665323060657299,15.58,19.48
2021-08-25,8422,215988,36563692,169.0,170.0,168.5,169.5,0.5,259,2021,14.33,3.51,10.9,1847.55,6.685042951369303,15.58,19.48
2021-08-26,8422,178434,30252328,169.5,170.0,169.0,170.0,0.5,239,2021,14.37,3.52,10.9,1853.0,6.704762842081306,15.58,19.48
2021-08-27,8422,125125,21175428,169.0,170.0,169.0,169.5,-0.5,229,2021,14.33,3.51,10.9,1847.55,6.685042951369303,15.58,19.48
2021-08-30,8422,92538,15676998,169.5,170.0,169.0,170.0,0.5,189,2021,14.37,3.52,10.9,1853.0,6.704762842081306,15.58,19.48
2021-08-31,8422,144632,24546406,170.0,170.0,169.0,170.0,0.0,236,2021,14.37,3.52,10.9,1853.0,6.704762842081306,15.58,19.48
2021-09-01,8422,118130,20073103,170.0,170.5,169.5,169.5,-0.5,194,2021,14.33,3.51,10.9,1847.55,6.685042951369303,15.58,19.48
2021-09-02,8422,135240,22957789,169.5,170.5,169.0,170.0,0.5,192,2021,14.37,3.52,10.9,1853.0,6.644637404682802,15.58,19.48
2021-09-03,8422,109287,18583956,170.0,170.5,169.5,170.0,0.0,169,2021,14.37,3.52,10.9,1853.0,6.644637404682802,15.58,19.48
2021-09-06,8422,194037,33090463,170.5,171.0,170.0,170.5,0.5,273,2021,14.41,3.53,10.9,1858.45,6.664180455873045,15.58,19.48
2021-09-07,8422,141381,24166713,171.0,171.5,170.0,171.0,0.5,220,2021,14.45,3.54,10.9,1863.9,6.683723507063289,15.58,19.48
2021-09-08,8422,99829,17010486,171.0,171.0,170.0,170.0,-1.0,170,2021,14.37,3.52,10.9,1853.0,6.644637404682802,15.58,19.48
2021-09-09,8422,106047,18127735,170.0,171.5,170.0,171.0,1.0,152,2021,14.45,3.54,10.9,1863.9,6.683723507063289,15.58,19.48
2021-09-10,8422,171323,29438283,171.0,172.5,171.0,172.5,1.5,259,2021,14.58,3.57,10.9,1880.25,6.74235266063402,15.58,19.48
2021-09-13,8422,635448,111604901,172.0,178.0,172.0,175.0,2.5,741,2021,14.79,3.62,10.9,1907.5,6.840067916585237,15.58,19.48
2021-09-14,8422,219332,38501100,175.0,176.0,175.0,176.0,1.0,341,2021,14.88,3.64,10.9,1918.4,6.879154018965725,15.58,19.48
2021-09-15,8422,234979,40949365,176.0,176.0,173.5,173.5,-2.5,339,2021,14.67,3.59,10.9,1891.15,6.781438763014506,15.58,19.48
2021-09-16,8422,108790,18952654,174.0,174.5,173.5,174.0,0.5,199,2021,14.71,3.6,10.9,1896.6,6.80098181420475,15.58,19.48
2021-09-17,8422,377068,66140317,175.0,176.0,174.5,175.0,1.0,399,2021,14.79,3.62,10.9,1907.5,6.840067916585237,15.58,19.48
2021-09-22,8422,510160,90109445,174.0,178.0,173.5,177.0,2.0,585,2021,14.96,3.66,10.9,1929.3,6.918240121346211,15.58,19.48
2021-09-23,8422,428231,76130833,177.0,178.0,177.0,178.0,1.0,1816,2021,15.05,3.69,10.9,1940.2,6.957326223726699,15.58,19.48
2021-09-24,8422,201106,35713448,178.0,178.0,177.0,178.0,0.0,552,2021,15.05,3.69,10.9,1940.2,6.957326223726699,15.58,19.48
2021-09-27,8422,254368,45329105,178.0,179.0,177.5,178.5,0.5,355,2021,15.09,3.7,10.9,1945.65,6.976869274916942,15.58,19.48
2021-09-28,8422,1107251,201665688,178.5,184.5,177.5,184.5,6.0,1135,2021,15.6,3.82,10.9,2011.05,7.211385889199865,15.58,19.48
2021-09-29,8422,2097341,398969219,184.0,197.0,183.5,190.0,5.5,4498,2021,16.06,3.93,10.9,2071.0,7.426359452292544,15.58,19.48
2021-09-30,8422,666359,125749391,190.5,193.5,186.5,187.5,-2.5,2403,2021,15.85,3.88,10.9,2043.75,7.328644196341326,15.58,19.48
2021-10-01,8422,618841,113782227,186.0,187.0,182.0,182.0,-5.5,1032,2021,15.38,3.77,10.9,1983.8,7.113670633248646,15.58,19.48
2021-10-04,8422,540663,100917049,183.5,188.5,183.5,187.5,5.5,2007,2021,15.85,3.88,10.9,2043.75,7.188211017386414,15.58,19.48
2021-10-05,8422,772647,146463279,186.5,191.0,183.5,189.0,1.5,1853,2021,15.98,3.91,10.9,2060.1,7.245716705525505,15.58,19.48
2021-10-06,8422,3009744,592673881,192.0,201.0,192.0,195.0,6.0,4912,2021,16.48,4.04,10.9,2125.5,7.47573945808187,15.58,19.48
2021-10-07,8422,3048001,614686862,198.0,206.0,193.5,205.0,10.0,3850,2021,17.33,4.24,10.9,2234.5,7.8591107123424795,15.58,19.48
2021-10-08,8422,1859653,377846719,204.0,209.0,199.5,204.5,-0.5,2490,2021,17.29,4.23,10.9,2229.05,7.839942149629449,15.58,19.48
2021-10-12,8422,1113069,226736623,203.0,207.0,201.0,204.5,0.0,2427,2021,17.29,4.23,10.9,2229.05,7.839942149629449,15.58,19.48
2021-10-13,8422,2092785,441502188,205.0,215.5,205.0,211.5,7.0,4513,2021,17.88,4.38,10.9,2305.35,8.108302027611876,15.58,19.48
2021-10-14,8422,1851206,395149306,210.0,217.0,208.0,213.0,1.5,2344,2021,18.01,4.41,10.9,2321.7000000000003,8.165807715750967,15.58,19.48
2021-10-15,8422,914198,194959923,213.0,217.0,211.5,212.0,-1.0,1360,2021,17.92,4.39,10.9,2310.8,8.127470590324906,15.58,19.48
2021-10-18,8422,1315640,273858699,213.0,214.5,203.0,207.0,-5.0,2012,2021,17.5,4.29,10.9,2256.3,7.935784963194601,15.58,19.48
2021-10-19,8422,930110,195834545,207.0,213.0,207.0,212.5,5.5,1756,2021,17.96,4.4,10.9,2316.25,8.146639153037937,15.58,19.48
2021-10-20,8422,805147,169806644,213.0,216.0,208.0,209.0,-3.5,3322,2021,17.67,4.33,10.9,2278.1,8.012459214046723,15.58,19.48
2021-10-21,8422,1264629,259795228,209.0,209.5,203.0,205.5,-3.5,1447,2021,17.37,4.25,10.9,2239.9500000000003,7.878279275055511,15.58,19.48
2021-10-22,8422,341972,70458315,207.0,208.5,204.5,206.0,0.5,595,2021,17.41,4.27,10.9,2245.4,7.89744783776854,15.58,19.48
2021-10-25,8422,409679,84414386,207.0,208.5,204.5,205.5,-0.5,830,2021,17.37,4.25,10.9,2239.9500000000003,7.878279275055511,15.58,19.48
2021-10-26,8422,750451,152743813,206.5,207.0,202.0,202.0,-3.5,1103,2021,17.08,4.18,10.9,2201.8,7.744099336064297,15.58,19.48
2021-10-27,8422,527089,107145952,203.0,205.0,200.5,205.0,3.0,583,2021,17.33,4.24,10.9,2234.5,7.8591107123424795,15.58,19.48
2021-10-28,8422,1533852,323941699,205.0,216.5,204.5,216.5,11.5,1921,2021,18.3,4.48,10.9,2359.85,8.299987654742178,15.58,19.48
2021-10-29,8422,2718643,583154885,216.0,221.5,210.0,214.0,-2.5,5076,2021,18.09,4.43,10.9,2332.6,8.204144841177028,15.58,19.48
2021-11-01,8422,2170481,470656474,212.0,222.0,210.5,221.5,7.5,2902,2021,18.72,4.59,10.9,2414.35,8.491673281872483,15.58,19.48
2021-11-02,8422,2735519,597465682,225.0,226.5,213.5,216.0,-5.5,3873,2021,18.26,4.47,10.9,2354.4,8.162461552115778,15.58,19.48
2021-11-03,8422,1850564,401494081,216.5,222.0,212.5,217.5,1.5,1803,2021,18.39,4.5,10.9,2370.75,8.21914531289436,15.58,19.48
2021-11-04,8422,1086427,235942138,218.5,220.5,214.0,214.0,-3.5,1694,2021,18.09,4.43,10.9,2332.6,8.086883204411002,15.58,19.48
2021-11-05,8422,692689,148069466,215.0,216.0,212.0,214.0,0.0,673,2021,18.09,4.43,10.9,2332.6,8.086883204411002,15.58,19.48
2021-11-08,8422,626060,133036488,214.0,215.5,210.5,212.0,-2.0,920,2021,17.92,4.39,10.9,2310.8,8.011304856706227,15.58,19.48
2021-11-09,8422,860802,180280627,213.5,213.5,207.0,207.0,-5.0,1108,2021,17.5,4.29,10.9,2256.3,7.822358987444287,15.58,19.48
2021-11-10,8422,3420516,755555674,214.0,225.0,214.0,222.5,15.5,2992,2021,18.81,4.61,10.9,2425.25,8.4080911821563,15.58,19.48
2021-11-11,8422,4654571,1089166963,223.0,243.0,223.0,232.0,9.5,5386,2021,20.35,4.56,10.9,2528.8,8.767088333753984,15.58,19.48
2021-11-12,8422,2441473,569047424,236.0,240.0,230.0,232.0,0.0,3619,2021,20.35,4.56,10.9,2528.8,8.767088333753984,15.58,19.48
2021-11-15,8422,3880556,945120776,238.0,249.5,237.0,244.0,12.0,6068,2021,21.4,4.79,10.9,2659.6,9.220558419982638,15.58,19.48
2021-11-16,8422,1747218,421058594,243.5,244.5,238.0,242.5,-1.5,2016,2021,21.27,4.76,10.9,2643.25,9.163874659204057,15.58,19.48
2021-11-17,8422,1310113,312370811,238.0,240.5,236.0,238.0,-4.5,1301,2021,20.88,4.67,10.9,2594.2000000000003,8.993823376868312,15.58,19.48
2021-11-18,8422,1018791,243447845,238.0,242.5,236.0,239.0,1.0,1210,2021,20.96,4.69,10.9,2605.1,9.031612550720698,15.58,19.48
2021-11-19,8422,1044700,247280020,239.5,240.0,233.5,235.5,-3.5,1526,2021,20.66,4.62,10.9,2566.9500000000003,8.899350442237342,15.58,19.48
2021-11-22,8422,1490755,360717798,236.5,246.0,236.5,241.5,6.0,1633,2021,21.18,4.74,10.9,2632.35,9.126085485351668,15.58,19.48
2021-11-23,8422,775818,187374971,242.0,246.5,239.0,239.5,-2.0,1290,2021,21.01,4.7,10.9,2610.55,9.050507137646893,15.58,19.48
2021-11-24,8422,800782,193187584,239.5,244.0,238.0,242.0,2.5,913,2021,21.23,4.75,10.9,2637.8,9.144980072277862,15.58,19.48
2021-11-25,8422,2041719,505171487,245.0,251.5,241.5,247.5,5.5,2002,2021,21.71,4.86,10.9,2697.75,9.352820528465996,15.58,19.48
2021-11-26,8422,1152168,280188122,247.0,247.0,239.5,242.5,-5.0,3686,2021,21.27,4.76,10.9,2643.25,9.163874659204057,15.58,19.48
2021-11-29,8422,759467,181954824,236.0,242.5,236.0,239.5,-3.0,2544,2021,21.01,4.7,10.9,2610.55,9.050507137646893,15.58,19.48
2021-11-30,8422,1411177,345127923,240.5,249.0,240.0,245.5,6.0,2025,2021,21.54,4.82,10.9,2675.9500000000003,9.27724218076122,15.58,19.48
2021-12-01,8422,645175,156416472,245.0,245.0,240.5,241.5,-4.0,1964,2021,21.18,4.74,10.9,2632.35,9.126085485351668,15.58,19.48
2021-12-02,8422,766685,183213055,242.5,243.0,237.0,238.0,-3.5,3210,2021,20.88,4.67,10.9,2594.2000000000003,8.769498290857168,15.58,19.48
2021-12-03,8422,1461183,357773068,240.5,248.5,239.0,248.0,10.0,1198,2021,21.75,4.87,10.9,2703.2000000000003,9.137964605599066,15.58,19.48
2021-12-06,8422,1904011,454749670,245.0,245.0,236.0,239.0,-9.0,2891,2021,20.96,4.69,10.9,2605.1,8.806344922331357,15.58,19.48
2021-12-07,8422,774132,186445518,241.0,244.0,238.0,241.5,2.5,764,2021,21.18,4.74,10.9,2632.35,8.898461501016833,15.58,19.48
2021-12-08,8422,522112,126302252,241.5,245.0,240.5,241.5,0.0,1210,2021,21.18,4.74,10.9,2632.35,8.898461501016833,15.58,19.48
2021-12-09,8422,762836,182328196,242.5,243.0,237.0,238.0,-3.5,1140,2021,20.88,4.67,10.9,2594.2000000000003,8.769498290857168,15.58,19.48
2021-12-10,8422,401145,95418765,239.5,239.5,237.0,237.0,-1.0,1112,2021,20.79,4.65,10.9,2583.3,8.732651659382977,15.58,19.48
2021-12-13,8422,1149439,270314424,237.5,239.5,229.5,234.5,-2.5,1124,2021,20.57,4.6,10.9,2556.05,8.640535080697504,15.58,19.48
2021-12-14,8422,992965,229236302,235.0,237.0,229.0,230.5,-4.0,1219,2021,20.22,4.53,10.9,2512.4500000000003,8.493148554800745,15.58,19.48
2021-12-15,8422,1507639,343938582,229.5,235.0,225.0,227.5,-3.0,1390,2021,19.96,4.47,10.9,2479.75,8.382608660378175,15.58,19.48
2021-12-16,8422,947810,218321819,228.5,234.0,227.5,233.0,5.5,753,2021,20.44,4.57,10.9,2539.7000000000003,8.58526513348622,15.58,19.48
2021-12-17,8422,1398268,326996255,233.0,238.0,231.0,233.5,0.5,1098,2021,20.48,4.58,10.9,2545.15,8.603688449223313,15.58,19.48
2021-12-20,8422,1044554,247696273,235.5,241.5,234.0,237.0,3.5,880,2021,20.79,4.65,10.9,2583.3,8.732651659382977,15.58,19.48
2021-12-21,8422,488012,114256686,237.5,238.0,232.0,234.0,-3.0,991,2021,20.53,4.59,10.9,2550.6,8.622111764960408,15.58,19.48
2021-12-22,8422,325422,76296165,234.0,236.0,232.0,235.0,1.0,402,2021,20.61,4.61,10.9,2561.5,8.658958396434599,15.58,19.48
2021-12-23,8422,223194,52008566,235.0,235.0,232.0,232.5,-2.5,655,2021,20.39,4.57,10.9,2534.25,8.566841817749124,15.58,19.48
2021-12-24,8422,432193,99607908,232.5,234.0,229.0,230.0,-2.5,565,2021,20.18,4.52,10.9,2507.0,8.47472523906365,15.58,19.48
2021-12-27,8422,448954,103305335,232.5,232.5,228.0,231.0,1.0,493,2021,20.26,4.54,10.9,2517.9,8.51157187053784,15.58,19.48
2021-12-28,8422,928558,217950279,236.0,240.5,231.0,231.5,0.5,1629,2021,20.31,4.55,10.9,2523.35,8.529995186274935,15.58,19.48
2021-12-29,8422,1176432,276363928,238.0,240.5,231.0,236.0,4.5,1076,2021,20.7,4.63,10.9,2572.4,8.695805027908788,15.58,19.48
2021-12-30,8422,534058,124838966,237.0,237.0,232.0,233.5,-2.5,642,2021,20.48,4.58,10.9,2545.15,8.603688449223313,15.58,19.48
2022-01-03,8422,851807,195369211,233.0,233.0,228.5,229.0,-4.5,877,2022,20.09,4.5,10.9,2496.1,8.250888356334187,13.44,21.09
2022-01-04,8422,1549928,344695182,228.5,228.5,220.5,221.0,-8.0,2176,2022,19.39,4.34,10.9,2408.9,7.962647715064871,13.44,21.09
2022-01-05,8422,954634,210048368,219.0,223.0,217.0,222.0,1.0,1050,2022,19.47,4.36,10.9,2419.8,7.998677795223535,13.44,21.09
2022-01-06,8422,1256903,272742600,220.5,220.5,215.5,217.0,-5.0,2250,2022,19.04,4.26,10.9,2365.3,7.8185273944302125,13.44,21.09
2022-01-07,8422,649963,140019737,218.5,219.5,214.0,214.0,-3.0,998,2022,18.77,4.2,10.9,2332.6,7.710437153954219,13.44,21.09
2022-01-10,8422,310790,66739928,212.5,218.0,212.0,215.0,1.0,467,2022,18.86,4.22,10.9,2343.5,7.746467234112883,13.44,21.09
2022-01-11,8422,345880,73803913,215.5,216.0,212.0,213.5,-1.5,608,2022,18.73,4.19,10.9,2327.15,7.692422113874886,13.44,21.09
2022-01-12,8422,353937,75422377,214.0,215.5,211.5,213.0,-0.5,546,2022,18.68,4.18,10.9,2321.7000000000003,7.674407073795555,13.44,21.09
2022-01-13,8422,175540,37375130,213.0,214.0,212.0,213.0,0.0,287,2022,18.68,4.18,10.9,2321.7000000000003,7.674407073795555,13.44,21.09
2022-01-14,8422,925524,192712639,214.0,214.0,206.5,207.5,-5.5,1390,2022,18.2,4.07,10.9,2261.75,7.476241632922899,13.44,21.09
2022-01-17,8422,564034,119285203,208.0,216.0,208.0,211.0,3.5,617,2022,18.51,4.14,10.9,2299.9,7.602346913478225,13.44,21.09
2022-01-18,8422,598351,124267562,211.5,212.5,206.0,206.0,-5.0,1357,2022,18.07,4.04,10.9,2245.4,7.422196512684902,13.44,21.09
2022-01-19,8422,601281,122527831,203.0,206.5,202.0,203.5,-2.5,937,2022,17.85,4.0,10.9,2218.15,7.3321213122882405,13.44,21.09
2022-01-20,8422,253001,51935030,205.0,207.0,203.0,206.0,2.5,391,2022,18.07,4.04,10.9,2245.4,7.422196512684902,13.44,21.09
2022-01-21,8422,355964,72291434,205.0,205.0,202.0,202.5,-3.5,667,2022,17.76,3.98,10.9,2207.25,7.296091232129576,13.44,21.09
2022-01-24,8422,559844,113496054,202.5,206.5,199.0,204.5,2.0,614,2022,17.94,4.02,10.9,2229.05,7.368151392446905,13.44,21.09
2022-01-25,8422,298643,60724769,203.0,205.0,202.0,203.0,-1.5,547,2022,17.81,3.99,10.9,2212.7000000000003,7.314106272208909,13.44,21.09
2022-01-26,8422,532085,110334186,202.5,209.0,202.5,208.5,5.5,557,2022,18.29,4.09,10.9,2272.65,7.512271713081564,13.44,21.09
2022-02-07,8422,638411,131822907,208.5,208.5,204.0,208.5,0.0,1321,2022,18.29,4.09,10.9,2272.65,7.13628317917153,13.44,21.09
2022-02-08,8422,405706,85063463,208.5,212.0,207.0,209.5,1.0,460,2022,18.38,4.11,10.9,2283.55,7.170509957009283,13.44,21.09
2022-02-09,8422,289002,60414179,209.5,210.0,207.0,210.0,0.5,426,2022,18.42,4.12,10.9,2289.0,7.187623345928159,13.44,21.09
2022-02-10,8422,1234305,267343607,213.0,220.5,213.0,218.0,8.0,1276,2022,19.12,4.28,10.9,2376.2000000000003,7.461437568630186,13.44,21.09
2022-02-11,8422,483832,103878207,218.0,218.0,213.0,214.5,-3.5,737,2022,18.82,4.21,10.9,2338.05,7.341643846198049,13.44,21.09
2022-02-14,8422,443873,93783192,213.0,213.0,210.5,211.0,-3.5,579,2022,18.51,4.14,10.9,2299.9,7.221850123765913,13.44,21.09
2022-02-15,8422,406929,87028740,211.5,216.5,211.0,214.0,3.0,459,2022,18.77,4.2,10.9,2332.6,7.324530457279172,13.44,21.09
2022-02-16,8422,443392,95577361,216.5,219.5,214.0,214.5,0.5,1073,2022,18.82,4.21,10.9,2338.05,7.341643846198049,13.44,21.09
2022-02-17,8422,330082,70128433,214.5,215.0,211.0,212.0,-2.5,488,2022,18.6,4.16,10.9,2310.8,7.256076901603666,13.44,21.09
2022-02-18,8422,276800,59430310,212.5,216.0,212.5,216.0,4.0,326,2022,18.95,4.24,10.9,2354.4,7.392984012954678,13.44,21.09
2022-02-21,8422,203059,43458077,215.5,215.5,213.0,213.5,-2.5,867,2022,18.73,4.19,10.9,2327.15,7.307417068360295,13.44,21.09
2022-02-22,8422,395139,83730243,212.5,215.0,210.0,214.5,1.0,495,2022,18.82,4.21,10.9,2338.05,7.341643846198049,13.44,21.09
2022-02-23,8422,299177,63593772,213.0,215.0,211.0,213.5,-1.0,433,2022,18.73,4.19,10.9,2327.15,7.307417068360295,13.44,21.09
2022-02-24,8422,539064,113011104,211.5,213.0,207.0,209.0,-4.5,853,2022,18.33,4.1,10.9,2278.1,7.153396568090407,13.44,21.09
2022-02-25,8422,480930,102084770,209.0,214.5,209.0,212.0,3.0,475,2022,18.6,4.16,10.9,2310.8,7.256076901603666,13.44,21.09
2022-03-01,8422,763102,163357326,212.0,217.0,212.0,212.5,0.5,1280,2022,18.64,4.17,10.9,2316.25,7.2731902905225425,13.44,21.09
2022-03-02,8422,801699,168270333,213.0,214.5,207.0,209.0,-3.5,1227,2022,18.33,4.1,10.9,2278.1,7.004241100115666,13.44,21.09
2022-03-03,8422,614486,130530325,210.5,215.0,209.5,215.0,6.0,499,2022,18.86,4.22,10.9,2343.5,7.205319791985016,13.44,21.09
2022-03-04,8422,493838,104397580,213.5,213.5,210.0,210.5,-4.5,540,2022,18.46,4.13,10.9,2294.4500000000003,7.054510773083005,13.44,21.09
2022-03-07,8422,1275902,259441020,210.0,210.5,201.0,203.5,-7.0,1527,2022,17.85,4.0,10.9,2218.15,6.8199189659020965,13.44,21.09
2022-03-08,8422,564213,113742506,202.5,203.5,200.0,201.5,-2.0,942,2022,17.68,3.96,10.9,2196.35,6.75289273527898,13.44,21.09
2022-03-09,8422,1076703,216085353,201.5,203.5,200.0,200.0,-1.5,1093,2022,18.89,3.77,10.9,2180.0,6.702623062311642,13.44,21.09
2022-03-10,8422,600672,120853297,202.0,203.0,200.0,201.0,1.0,783,2022,18.98,3.79,10.9,2190.9,6.736136177623201,13.44,21.09
2022-03-11,8422,751012,149117288,200.0,201.0,196.0,200.5,-0.5,1574,2022,18.93,3.78,10.9,2185.4500000000003,6.719379619967423,13.44,21.09
2022-03-14,8422,217569,43481313,200.5,201.5,199.0,199.5,-1.0,404,2022,18.84,3.76,10.9,2174.55,6.685866504655864,13.44,21.09
2022-03-15,8422,269250,53509738,199.5,200.0,198.0,198.0,-1.5,501,2022,18.7,3.73,10.9,2158.2000000000003,6.635596831688527,13.44,21.09
2022-03-16,8422,295858,58573535,199.0,199.5,197.0,197.5,-0.5,545,2022,18.65,3.72,10.9,2152.75,6.618840274032747,13.44,21.09
2022-03-17,8422,283502,56552555,198.0,201.0,198.0,200.5,3.0,362,2022,18.93,3.78,10.9,2185.4500000000003,6.719379619967423,13.44,21.09
2022-03-18,8422,582906,116069306,200.0,201.0,197.5,198.5,-2.0,532,2022,18.74,3.74,10.9,2163.65,6.652353389344305,13.44,21.09
2022-03-21,8422,173098,34833408,200.0,202.5,200.0,201.5,3.0,284,2022,19.03,3.8,10.9,2196.35,6.75289273527898,13.44,21.09
2022-03-22,8422,411965,83871628,202.0,205.5,201.5,205.0,3.5,484,2022,19.36,3.86,10.9,2234.5,6.8701886388694335,13.44,21.09
2022-03-23,8422,265357,53735229,205.0,205.0,201.5,201.5,-3.5,485,2022,19.03,3.8,10.9,2196.35,6.75289273527898,13.44,21.09
2022-03-24,8422,198658,40046840,201.5,203.5,200.0,201.5,0.0,284,2022,19.03,3.8,10.9,2196.35,6.75289273527898,13.44,21.09
2022-03-25,8422,91128,18339549,202.0,202.0,201.0,201.0,-0.5,183,2022,18.98,3.79,10.9,2190.9,6.736136177623201,13.44,21.09
2022-03-28,8422,221431,44061829,201.0,201.0,198.0,199.5,-1.5,382,2022,18.84,3.76,10.9,2174.55,6.685866504655864,13.44,21.09
2022-03-29,8422,173128,34430130,200.0,201.0,198.0,198.5,-1.0,407,2022,18.74,3.74,10.9,2163.65,6.652353389344305,13.44,21.09
2022-03-30,8422,225003,44698676,199.0,199.5,198.0,199.0,0.5,427,2022,18.79,3.75,10.9,2169.1,6.669109947000084,13.44,21.09
2022-03-31,8422,132986,26558524,199.5,201.5,199.0,199.0,0.0,193,2022,18.79,3.75,10.9,2169.1,6.669109947000084,13.44,21.09
2022-04-01,8422,180356,35705770,198.5,198.5,197.0,197.5,-1.5,593,2022,18.65,3.72,10.9,2152.75,6.618840274032747,13.44,21.09
2022-04-06,8422,130140,25827398,198.0,199.5,197.5,198.5,1.0,304,2022,18.74,3.74,10.9,2163.65,6.498395861978655,13.44,21.09
2022-04-07,8422,173098,34345884,199.0,199.0,197.5,197.5,-1.0,325,2022,18.65,3.72,10.9,2152.75,6.4656583513389645,13.44,21.09
2022-04-08,8422,206769,41383869,198.5,202.0,198.5,200.0,2.5,329,2022,18.89,3.77,10.9,2180.0,6.547502127938191,13.44,21.09
2022-04-11,8422,243345,48371592,200.0,201.5,197.5,198.0,-2.0,401,2022,18.7,3.73,10.9,2158.2000000000003,6.482027106658811,13.44,21.09
2022-04-12,8422,257884,50768207,198.0,198.0,196.0,197.0,-1.0,528,2022,18.6,3.71,10.9,2147.3,6.449289596019119,13.44,21.09
2022-04-13,8422,262111,52147114,198.0,200.5,197.5,199.5,2.5,288,2022,18.84,3.76,10.9,2174.55,6.5311333726183465,13.44,21.09
2022-04-14,8422,148016,29715120,200.5,201.5,200.0,200.0,0.5,210,2022,18.89,3.77,10.9,2180.0,6.547502127938191,13.44,21.09
2022-04-15,8422,199262,39511935,200.0,200.0,197.0,197.5,-2.5,366,2022,18.65,3.72,10.9,2152.75,6.4656583513389645,13.44,21.09
2022-04-18,8422,114176,22732697,198.0,200.5,198.0,198.5,1.0,230,2022,18.74,3.74,10.9,2163.65,6.498395861978655,13.44,21.09
2022-04-19,8422,123021,24594270,199.5,200.5,199.5,200.5,2.0,243,2022,18.93,3.78,10.9,2185.4500000000003,6.563870883258038,13.44,21.09
2022-04-20,8422,196987,39757677,200.5,203.0,200.5,201.5,1.0,284,2022,19.03,3.8,10.9,2196.35,6.596608393897728,13.44,21.09
2022-04-21,8422,214947,43673783,202.5,204.0,202.5,202.5,1.0,512,2022,19.12,3.81,10.9,2207.25,6.629345904537419,13.44,21.09
2022-04-22,8422,119891,24249212,203.0,203.0,201.0,203.0,0.5,157,2022,19.17,3.82,10.9,2212.7000000000003,6.645714659857266,13.44,21.09
2022-04-25,8422,218923,43682222,201.5,201.5,198.5,200.0,-3.0,396,2022,18.89,3.77,10.9,2180.0,6.547502127938191,13.44,21.09
2022-04-26,8422,138786,27735477,200.0,201.0,199.0,200.0,0.0,256,2022,18.89,3.77,10.9,2180.0,6.547502127938191,13.44,21.09
2022-04-27,8422,355730,70388292,199.5,199.5,196.0,199.0,-1.0,463,2022,18.79,3.75,10.9,2169.1,6.514764617298501,13.44,21.09
2022-04-28,8422,173620,34993096,199.0,203.0,199.0,201.0,2.0,233,2022,18.98,3.79,10.9,2190.9,6.580239638577883,13.44,21.09
2022-04-29,8422,152808,30631902,201.0,202.0,199.0,200.5,-0.5,825,2022,18.93,3.78,10.9,2185.4500000000003,6.563870883258038,13.44,21.09
2022-05-03,8422,368637,73453615,200.0,200.0,198.0,199.5,-1.0,311,2022,18.84,3.76,10.9,2174.55,6.176960085171632,13.44,21.09
2022-05-04,8422,107292,21374298,200.0,200.0,198.5,198.5,-1.0,220,2022,18.74,3.74,10.9,2163.65,6.145997879230921,13.44,21.09
2022-05-05,8422,188351,37415258,199.5,200.0,198.0,198.0,-0.5,420,2022,18.7,3.73,10.9,2158.2000000000003,6.130516776260568,13.44,21.09
2022-05-06,8422,150326,29754765,197.5,198.5,197.0,198.0,0.0,310,2022,18.7,3.73,10.9,2158.2000000000003,6.130516776260568,13.44,21.09
2022-05-09,8422,789471,152223789,197.0,197.0,189.5,191.0,-7.0,1795,2022,18.04,3.6,10.9,2081.9,5.913781334675597,13.44,21.09
2022-05-10,8422,296096,56206850,190.5,192.0,188.0,192.0,1.0,639,2022,20.04,3.46,10.9,2092.8,5.944743540616307,13.44,21.09
2022-05-11,8422,201968,38826414,192.0,194.0,190.0,193.0,1.0,345,2022,20.15,3.48,10.9,2103.7000000000003,5.975705746557018,13.44,21.09
2022-05-12,8422,250047,47428988,191.0,192.5,188.0,188.0,-5.0,745,2022,19.62,3.39,10.9,2049.2000000000003,5.820894716853468,13.44,21.09
2022-05-13,8422,233177,44533590,188.0,193.5,188.0,193.0,5.0,390,2022,20.15,3.48,10.9,2103.7000000000003,5.975705746557018,13.44,21.09
2022-05-16,8422,231049,45161258,194.0,198.0,193.0,197.5,4.5,389,2022,20.62,3.56,10.9,2152.75,6.115035673290212,13.44,21.09
2022-05-17,8422,150983,29560985,197.0,197.0,194.5,195.5,-2.0,1686,2022,20.41,3.52,10.9,2130.9500000000003,6.053111261408793,13.44,21.09
2022-05-18,8422,83818,16329757,195.5,195.5,194.0,194.5,-1.0,206,2022,20.3,3.5,10.9,2120.05,6.022149055468081,13.44,21.09
2022-05-19,8422,131041,25366549,193.0,195.0,191.5,194.5,0.0,295,2022,20.3,3.5,10.9,2120.05,6.022149055468081,13.44,21.09
2022-05-20,8422,103940,20254826,193.0,196.0,193.0,194.0,-0.5,182,2022,20.25,3.5,10.9,2114.6,6.006667952497727,13.44,21.09
2022-05-23,8422,184497,35452233,194.0,194.0,191.0,191.5,-2.5,436,2022,19.99,3.45,10.9,2087.35,5.929262437645952,13.44,21.09
2022-05-24,8422,139581,26660939,192.0,192.5,190.5,190.5,-1.0,352,2022,19.89,3.43,10.9,2076.4500000000003,5.898300231705243,13.44,21.09
2022-05-25,8422,95770,18347507,191.0,193.0,190.5,191.5,1.0,144,2022,19.99,3.45,10.9,2087.35,5.929262437645952,13.44,21.09
2022-05-26,8422,145248,27861869,192.0,193.0,191.0,192.0,0.5,207,2022,20.04,3.46,10.9,2092.8,5.944743540616307,13.44,21.09
2022-05-27,8422,186038,36010821,193.0,194.5,192.5,194.5,2.5,250,2022,20.3,3.5,10.9,2120.05,6.022149055468081,13.44,21.09
2022-05-30,8422,281967,54768829,195.0,195.5,193.5,195.0,0.5,386,2022,20.35,3.51,10.9,2125.5,6.037630158438437,13.44,21.09
2022-05-31,8422,322683,62667279,194.5,195.5,193.5,193.5,-1.5,345,2022,20.2,3.49,10.9,2109.15,5.991186849527372,13.44,21.09
2022-06-01,8422,423009,81637907,193.5,195.0,191.5,193.0,-0.5,579,2022,20.15,3.48,10.9,2103.7000000000003,5.975705746557018,13.44,21.09
2022-06-02,8422,712727,136634859,193.0,193.0,190.0,192.0,-1.0,993,2022,20.04,3.46,10.9,2092.8,5.5996656468753665,13.44,21.09
2022-06-06,8422,965071,175413252,182.0,183.0,180.0,181.0,0.0,1800,2022,18.89,3.26,10.9,1972.9,5.2788514691897985,13.44,21.09
2022-06-07,8422,228872,41495336,181.5,182.0,180.5,181.5,0.5,517,2022,18.95,3.27,10.9,1978.35,5.29343393181187,13.44,21.09
2022-06-08,8422,327903,59367125,182.0,182.0,180.5,180.5,-1.0,711,2022,18.84,3.25,10.9,1967.45,5.264269006567727,13.44,21.09
2022-06-09,8422,125377,22719416,180.5,182.0,180.5,181.5,1.0,322,2022,18.95,3.27,10.9,1978.35,5.29343393181187,13.44,21.09
2022-06-10,8422,189521,34366903,181.5,182.5,180.5,182.5,1.0,310,2022,19.05,3.29,10.9,1989.25,5.322598857056012,13.44,21.09
2022-06-13,8422,183518,33040455,180.0,180.5,179.0,180.0,-2.5,450,2022,18.79,3.24,10.9,1962.0,5.249686543945656,13.44,21.09
2022-06-14,8422,404524,71954720,180.0,180.0,177.0,178.0,-2.0,846,2022,18.58,3.21,10.9,1940.2,5.1913566934573705,13.44,21.09
2022-06-15,8422,283765,50275958,178.5,178.5,176.0,177.0,-1.0,724,2022,18.48,3.19,10.9,1929.3,5.162191768213228,13.44,21.09
2022-06-16,8422,319951,56429241,177.5,178.0,175.0,175.0,-2.0,716,2022,18.27,3.15,10.9,1907.5,5.103861917724943,13.44,21.09
2022-06-17,8422,374265,64614585,175.0,175.0,172.0,172.0,-3.0,837,2022,17.95,3.1,10.9,1874.8,5.016367141992515,13.44,21.09
2022-06-20,8422,588210,99501073,172.0,172.0,167.0,168.5,-3.5,1117,2022,17.59,3.04,10.9,1836.65,4.914289903638017,13.44,21.09
2022-06-21,8422,250009,43025000,169.5,174.5,169.5,174.5,6.0,353,2022,18.22,3.14,10.9,1902.05,5.089279455102872,13.44,21.09
2022-06-22,8422,332512,56785440,174.5,174.5,169.0,170.5,-4.0,993,2022,17.8,3.07,10.9,1858.45,4.972619754126302,13.44,21.09
2022-06-23,8422,242960,41706836,170.0,174.0,170.0,171.5,1.0,357,2022,17.9,3.09,10.9,1869.35,5.001784679370444,13.44,21.09
2022-06-24,8422,159134,27692854,174.0,175.0,173.0,173.5,2.0,506,2022,18.11,3.13,10.9,1891.15,5.06011452985873,13.44,21.09
2022-06-27,8422,159629,27998477,175.5,176.5,174.5,174.5,1.0,255,2022,18.22,3.14,10.9,1902.05,5.089279455102872,13.44,21.09
2022-06-28,8422,55710,9721713,175.5,176.0,173.5,173.5,-1.0,137,2022,18.11,3.13,10.9,1891.15,5.06011452985873,13.44,21.09
2022-06-29,8422,106911,18433346,172.0,173.5,171.5,172.0,-1.5,269,2022,17.95,3.1,10.9,1874.8,5.016367141992515,13.44,21.09
2022-06-30,8422,203396,34955830,172.0,173.0,170.5,172.5,0.5,345,2022,18.01,3.11,10.9,1880.25,5.0309496046145865,13.44,21.09
2022-07-01,8422,446791,75627440,172.5,172.5,167.5,168.0,-4.5,986,2022,17.54,3.03,10.9,1831.2,4.899707441015946,13.44,21.09
2022-07-04,8422,323662,54998021,168.5,172.0,168.0,169.5,1.5,389,2022,17.69,3.05,10.9,1847.55,4.617128571117974,13.44,21.09
2022-07-05,8422,244438,41698282,172.0,172.0,169.5,171.5,2.0,338,2022,17.9,3.09,10.9,1869.35,4.671607964287508,13.44,21.09
2022-07-06,8422,341305,57957401,171.5,171.5,168.5,168.5,-3.0,526,2022,17.59,3.04,10.9,1836.65,4.589888874533208,13.44,21.09
2022-07-07,8422,325386,55400630,170.0,171.0,169.0,170.5,2.0,368,2022,17.8,3.07,10.9,1858.45,4.644368267702742,13.44,21.09
2022-07-08,8422,220217,37732799,172.5,172.5,170.5,170.5,0.0,377,2022,17.8,3.07,10.9,1858.45,4.644368267702742,13.44,21.09
2022-07-11,8422,252109,43188459,170.5,173.5,169.0,171.5,1.0,359,2022,17.9,3.09,10.9,1869.35,4.671607964287508,13.44,21.09
2022-07-12,8422,244321,41365007,170.5,171.0,168.5,168.5,-3.0,593,2022,17.59,3.04,10.9,1836.65,4.589888874533208,13.44,21.09
2022-07-13,8422,307215,51972852,171.5,171.5,168.0,168.0,-0.5,554,2022,17.54,3.03,10.9,1831.2,4.5762690262408245,13.44,21.09
2022-07-14,8422,271289,45930836,168.0,170.5,168.0,170.5,2.5,372,2022,17.8,3.07,10.9,1858.45,4.644368267702742,13.44,21.09
2022-07-15,8422,464293,78152723,169.5,170.0,168.0,168.0,-2.5,829,2022,17.54,3.03,10.9,1831.2,4.5762690262408245,13.44,21.09
2022-07-18,8422,358373,60500989,168.5,170.0,167.5,169.0,1.0,519,2022,17.64,3.05,10.9,1842.1,4.603508722825591,13.44,21.09
2022-07-19,8422,180307,30549817,170.5,170.5,169.0,170.0,1.0,267,2022,17.75,3.06,10.9,1853.0,4.630748419410358,13.44,21.09
2022-07-20,8422,230996,39551966,170.0,172.0,170.0,170.5,0.5,363,2022,17.8,3.07,10.9,1858.45,4.644368267702742,13.44,21.09
2022-07-21,8422,330440,57194548,171.5,175.0,171.0,174.5,4.0,442,2022,18.22,3.14,10.9,1902.05,4.753327054041809,13.44,21.09
2022-07-22,8422,223952,38877484,175.0,175.0,173.0,173.0,-1.5,362,2022,18.06,3.12,10.9,1885.7,4.712467509164658,13.44,21.09
2022-07-25,8422,221789,38301786,173.0,173.5,172.0,173.0,0.0,338,2022,18.06,3.12,10.9,1885.7,4.712467509164658,13.44,21.09
2022-07-26,8422,109899,18884475,173.0,173.0,171.0,171.5,-1.5,272,2022,17.9,3.09,10.9,1869.35,4.671607964287508,13.44,21.09
2022-07-27,8422,235803,40377191,171.0,172.0,170.5,172.0,0.5,277,2022,17.95,3.1,10.9,1874.8,4.685227812579892,13.44,21.09
2022-07-28,8422,100083,17272681,173.0,173.0,172.0,172.0,0.0,177,2022,17.95,3.1,10.9,1874.8,4.685227812579892,13.44,21.09
2022-07-29,8422,205802,35675435,173.0,174.0,172.5,174.0,2.0,267,2022,18.16,3.14,10.9,1896.6,4.739707205749426,13.44,21.09
2022-08-01,8422,187206,32650867,174.0,176.0,174.0,174.0,0.0,316,2022,18.16,3.14,10.9,1896.6,4.739707205749426,13.44,21.09
2022-08-02,8422,160565,27564723,173.0,173.0,171.0,171.5,-2.5,378,2022,17.9,3.09,10.9,1869.35,4.473927320071224,13.44,21.09
2022-08-03,8422,228077,38877100,171.5,171.5,169.5,170.5,-1.0,492,2022,17.8,3.07,10.9,1858.45,4.447840280304046,13.44,21.09
2022-08-04,8422,249501,42358076,170.0,170.5,169.0,170.0,-0.5,452,2022,17.75,3.06,10.9,1853.0,4.434796760420456,13.44,21.09
2022-08-05,8422,66152,11346650,170.0,172.0,170.0,172.0,2.0,165,2022,17.95,3.1,10.9,1874.8,4.4869708399548145,13.44,21.09
2022-08-08,8422,112246,19173061,171.0,171.5,170.5,171.0,-1.0,262,2022,17.85,3.08,10.9,1863.9,4.460883800187635,13.44,21.09
2022-08-09,8422,122587,21100085,171.0,173.0,170.5,173.0,2.0,277,2022,18.06,3.12,10.9,1885.7,4.513057879721994,13.44,21.09
2022-08-10,8422,99750,17192450,172.0,173.0,171.5,172.5,-0.5,263,2022,16.51,3.54,10.9,1880.25,4.500014359838404,13.44,21.09
2022-08-11,8422,204984,35667705,174.0,175.0,173.0,175.0,2.5,348,2022,16.75,3.59,10.9,1907.5,4.5652319592563515,13.44,21.09
2022-08-12,8422,207181,36170984,175.0,175.5,173.5,175.0,0.0,342,2022,16.75,3.59,10.9,1907.5,4.5652319592563515,13.44,21.09
2022-08-15,8422,317782,56519792,176.5,179.0,176.0,179.0,4.0,571,2022,17.13,3.67,10.9,1951.1,4.669580118325069,13.44,21.09
2022-08-16,8422,210318,37487314,179.0,179.5,177.0,178.5,-0.5,406,2022,17.08,3.66,10.9,1945.65,4.656536598441479,13.44,21.09
2022-08-17,8422,156839,28119385,179.5,180.0,178.5,179.0,0.5,294,2022,17.13,3.67,10.9,1951.1,4.669580118325069,13.44,21.09
2022-08-18,8422,133773,23827333,178.0,179.5,177.5,179.5,0.5,321,2022,17.18,3.68,10.9,1956.55,4.682623638208658,13.44,21.09
2022-08-19,8422,115173,20507986,179.0,179.0,177.0,178.5,-1.0,299,2022,17.08,3.66,10.9,1945.65,4.656536598441479,13.44,21.09
2022-08-22,8422,96145,17090192,177.5,178.5,177.5,177.5,-1.0,260,2022,16.99,3.64,10.9,1934.75,4.630449558674299,13.44,21.09
2022-08-23,8422,64225,11398697,177.5,178.5,177.0,178.5,1.0,187,2022,17.08,3.66,10.9,1945.65,4.656536598441479,13.44,21.09
2022-08-24,8422,117132,20834113,179.5,179.5,177.0,177.0,-1.5,245,2022,16.94,3.63,10.9,1929.3,4.61740603879071,13.44,21.09
2022-08-25,8422,233684,41303353,177.0,178.0,176.0,177.0,0.0,434,2022,16.94,3.63,10.9,1929.3,4.61740603879071,13.44,21.09
2022-08-26,8422,343826,60452616,177.5,177.5,174.0,175.0,-2.0,681,2022,16.75,3.59,10.9,1907.5,4.5652319592563515,13.44,21.09
2022-08-29,8422,221963,38322318,172.0,174.0,171.5,173.5,-1.5,583,2022,16.6,3.56,10.9,1891.15,4.526101399605583,13.44,21.09
2022-08-30,8422,98932,17166991,172.5,174.0,172.5,173.5,0.0,286,2022,16.6,3.56,10.9,1891.15,4.526101399605583,13.44,21.09
2022-08-31,8422,154121,27098731,174.0,177.0,174.0,177.0,3.5,269,2022,16.94,3.63,10.9,1929.3,4.61740603879071,13.44,21.09
2022-09-01,8422,164764,28781649,176.0,176.0,174.0,176.0,-1.0,364,2022,16.84,3.61,10.9,1918.4,4.591318999023531,13.44,21.09
2022-09-02,8422,131115,22863086,174.0,175.0,174.0,174.0,-2.0,367,2022,16.65,3.57,10.9,1896.6,4.307702510964019,13.44,21.09
2022-09-05,8422,99371,17253364,175.5,175.5,172.5,174.5,0.5,234,2022,16.7,3.58,10.9,1902.05,4.320080966455294,13.44,21.09
2022-09-06,8422,68209,11875573,174.5,175.0,173.5,174.0,-0.5,205,2022,16.65,3.57,10.9,1896.6,4.307702510964019,13.44,21.09
2022-09-07,8422,281931,49715547,176.0,177.5,174.0,177.0,3.0,456,2022,16.94,3.63,10.9,1929.3,4.381973243911673,13.44,21.09
2022-09-08,8422,750074,136391305,178.0,184.0,178.0,183.5,6.5,1068,2022,17.56,3.76,10.9,2000.15,4.542893165298261,13.44,21.09
2022-09-12,8422,368660,67723715,185.0,186.0,182.0,184.0,0.5,891,2022,17.61,3.77,10.9,2005.6,4.5552716207895365,13.44,21.09
2022-09-13,8422,166195,30431716,185.0,185.0,182.0,182.0,-2.0,345,2022,17.42,3.73,10.9,1983.8,4.505757798824433,13.44,21.09
2022-09-14,8422,194094,35228744,179.5,183.5,179.0,182.0,0.0,362,2022,17.42,3.73,10.9,1983.8,4.505757798824433,13.44,21.09
2022-09-15,8422,98003,17837155,181.5,183.0,181.0,181.5,-0.5,212,2022,17.37,3.72,10.9,1978.35,4.493379343333157,13.44,21.09
2022-09-16,8422,164036,29620139,181.0,181.0,180.0,181.0,-0.5,304,2022,17.32,3.71,10.9,1972.9,4.481000887841881,13.44,21.09
2022-09-19,8422,131931,23670714,181.0,181.0,179.0,179.0,-2.0,284,2022,17.13,3.67,10.9,1951.1,4.4314870658767775,13.44,21.09
2022-09-20,8422,85775,15339957,179.5,179.5,178.0,179.5,0.5,260,2022,17.18,3.68,10.9,1956.55,4.443865521368053,13.44,21.09
2022-09-21,8422,110366,19733390,179.5,179.5,178.0,178.0,-1.5,252,2022,17.03,3.65,10.9,1940.2,4.406730154894226,13.44,21.09
2022-09-22,8422,176623,31634407,178.0,181.5,177.0,181.0,3.0,332,2022,17.32,3.71,10.9,1972.9,4.481000887841881,13.44,21.09
2022-09-23,8422,172686,31362398,182.0,182.5,180.5,181.0,0.0,310,2022,17.32,3.71,10.9,1972.9,4.481000887841881,13.44,21.09
2022-09-26,8422,338270,59947726,180.5,180.5,176.0,176.0,-5.0,704,2022,16.84,3.61,10.9,1918.4,4.357216332929122,13.44,21.09
2022-09-27,8422,315654,55195323,175.5,177.0,174.0,174.5,-1.5,630,2022,16.7,3.58,10.9,1902.05,4.320080966455294,13.44,21.09
2022-09-28,8422,289787,49874472,176.0,176.0,171.0,171.5,-3.0,785,2022,16.41,3.52,10.9,1869.35,4.245810233507639,13.44,21.09
2022-09-29,8422,304416,53099936,172.5,177.0,172.5,174.5,3.0,471,2022,16.7,3.58,10.9,1902.05,4.320080966455294,13.44,21.09
2022-09-30,8422,191236,33139822,173.5,174.5,171.5,174.5,0.0,313,2022,16.7,3.58,10.9,1902.05,4.320080966455294,13.44,21.09
2022-10-03,8422,108809,19035941,174.5,176.5,174.0,175.0,0.5,211,2022,16.75,3.59,10.9,1907.5,4.105810448238269,13.44,21.09
2022-10-04,8422,98277,17193589,176.5,176.5,174.0,175.5,0.5,206,2022,16.79,3.6,10.9,1912.95,4.117541335233235,13.44,21.09
2022-10-05,8422,130510,22921039,176.5,176.5,175.0,175.0,-0.5,254,2022,16.75,3.59,10.9,1907.5,4.105810448238269,13.44,21.09
2022-10-06,8422,56498,9891333,175.5,175.5,174.5,175.0,0.0,133,2022,16.75,3.59,10.9,1907.5,4.105810448238269,13.44,21.09
2022-10-07,8422,442901,79197826,177.0,180.5,177.0,177.5,2.5,667,2022,16.99,3.64,10.9,1934.75,4.164464883213101,13.44,21.09
2022-10-11,8422,409550,71028508,176.0,176.0,172.0,173.0,-4.5,920,2022,16.56,3.55,10.9,1885.7,4.058886900258402,13.44,21.09
2022-10-12,8422,189034,32591321,173.0,173.0,172.0,172.5,-0.5,462,2022,16.51,3.54,10.9,1880.25,4.047156013263436,13.44,21.09
2022-10-13,8422,396853,67638981,172.5,172.5,169.5,169.5,-3.0,865,2022,16.22,3.48,10.9,1847.55,3.976770691293637,13.44,21.09
2022-10-14,8422,201793,34439032,171.0,171.5,170.0,171.0,1.5,443,2022,16.36,3.51,10.9,1863.9,4.011963352278537,13.44,21.09
2022-10-17,8422,341436,57674749,169.5,170.0,168.0,170.0,-1.0,891,2022,16.27,3.49,10.9,1853.0,3.9885015782886035,13.44,21.09
2022-10-18,8422,302529,51336850,170.0,171.5,169.0,169.0,-1.0,593,2022,16.17,3.47,10.9,1842.1,3.9650398042986708,13.44,21.09
2022-10-19,8422,251926,42733408,170.0,171.0,168.5,171.0,2.0,365,2022,16.36,3.51,10.9,1863.9,4.011963352278537,13.44,21.09
2022-10-20,8422,1062839,177952971,170.0,170.0,166.0,169.0,-2.0,1436,2022,16.17,3.47,10.9,1842.1,3.9650398042986708,13.44,21.09
2022-10-21,8422,198074,33136531,169.0,169.0,166.5,167.5,-1.5,493,2022,16.03,3.44,10.9,1825.75,3.929847143313771,13.44,21.09
2022-10-24,8422,195697,32840724,168.5,168.5,167.0,167.5,0.0,377,2022,16.03,3.44,10.9,1825.75,3.929847143313771,13.44,21.09
2022-10-25,8422,349124,57735267,168.0,168.0,164.0,165.0,-2.5,976,2022,15.79,3.38,10.9,1798.5,3.871192708338939,13.44,21.09
2022-10-26,8422,171740,28289468,165.0,166.0,163.5,165.0,0.0,438,2022,15.79,3.38,10.9,1798.5,3.871192708338939,13.44,21.09
2022-10-27,8422,108893,18143577,166.0,167.0,165.5,167.0,2.0,231,2022,15.98,3.43,10.9,1820.3,3.918116256318805,13.44,21.09
2022-10-28,8422,112561,18776356,166.0,167.5,166.0,166.5,-0.5,239,2022,15.93,3.42,10.9,1814.85,3.906385369323838,13.44,21.09
2022-10-31,8422,123232,20597199,167.0,168.0,166.0,167.0,0.5,231,2022,15.98,3.43,10.9,1820.3,3.918116256318805,13.44,21.09
2022-11-01,8422,109740,18423059,167.0,168.5,167.0,167.5,0.5,261,2022,16.03,3.44,10.9,1825.75,3.929847143313771,13.44,21.09
2022-11-02,8422,109762,18477323,167.5,169.0,167.5,168.5,1.0,206,2022,16.12,3.46,10.9,1836.65,3.8045919009929867,13.44,21.09
2022-11-03,8422,115803,19382597,168.0,168.0,167.0,167.5,-1.0,311,2022,16.03,3.44,10.9,1825.75,3.7820127205716636,13.44,21.09
2022-11-04,8422,96677,16187409,167.5,168.0,167.0,167.5,0.0,247,2022,16.03,3.44,10.9,1825.75,3.7820127205716636,13.44,21.09
2022-11-07,8422,133453,22520894,168.0,169.5,168.0,169.0,1.5,248,2022,16.17,3.47,10.9,1842.1,3.8158814912036485,13.44,21.09
2022-11-08,8422,144187,24294045,167.5,169.0,167.5,169.0,0.0,345,2022,15.43,3.26,10.9,1842.1,3.8158814912036485,13.44,21.09
2022-11-09,8422,227727,38567626,169.5,170.0,169.0,170.0,1.0,442,2022,15.53,3.28,10.9,1853.0,3.8384606716249716,13.44,21.09
2022-11-10,8422,205079,34501908,170.0,170.0,167.5,168.0,-2.0,427,2022,15.34,3.24,10.9,1831.2,3.793302310782325,13.44,21.09
2022-11-11,8422,231288,39100508,170.5,170.5,168.0,169.0,1.0,364,2022,15.43,3.26,10.9,1842.1,3.8158814912036485,13.44,21.09
2022-11-14,8422,349249,59253736,168.5,171.0,168.0,170.5,1.5,506,2022,15.57,3.29,10.9,1858.45,3.8497502618356334,13.44,21.09
2022-11-15,8422,181970,30897115,171.0,171.0,169.0,169.5,-1.0,366,2022,15.48,3.27,10.9,1847.55,3.8271710814143103,13.44,21.09
2022-11-16,8422,161478,27506608,170.0,171.0,169.5,170.0,0.5,287,2022,15.53,3.28,10.9,1853.0,3.8384606716249716,13.44,21.09
2022-11-17,8422,155895,26592635,170.0,171.0,170.0,170.5,0.5,269,2022,15.57,3.29,10.9,1858.45,3.8497502618356334,13.44,21.09
2022-11-18,8422,98780,16868851,171.0,171.0,170.5,171.0,0.5,179,2022,15.62,3.3,10.9,1863.9,3.861039852046295,13.44,21.09
2022-11-21,8422,107927,18356054,170.5,171.0,169.5,169.5,-1.5,261,2022,15.48,3.27,10.9,1847.55,3.8271710814143103,13.44,21.09
2022-11-22,8422,110397,18697184,170.0,170.0,168.5,169.5,0.0,210,2022,15.48,3.27,10.9,1847.55,3.8271710814143103,13.44,21.09
2022-11-23,8422,209521,35990116,169.5,172.5,169.5,172.0,2.5,364,2022,15.71,3.32,10.9,1874.8,3.8836190324676187,13.44,21.09
2022-11-24,8422,136294,23530505,172.5,173.0,172.0,173.0,1.0,303,2022,15.8,3.34,10.9,1885.7,3.906198212888942,13.44,21.09
2022-11-25,8422,103789,17849302,173.0,173.0,171.5,172.0,-1.0,259,2022,15.71,3.32,10.9,1874.8,3.8836190324676187,13.44,21.09
2022-11-28,8422,76419,13085902,170.5,172.0,170.5,171.5,-0.5,196,2022,15.66,3.31,10.9,1869.35,3.872329442256957,13.44,21.09
2022-11-29,8422,74974,12809702,170.5,172.0,170.0,171.5,0.0,210,2022,15.66,3.31,10.9,1869.35,3.872329442256957,13.44,21.09
2022-11-30,8422,157785,27123688,170.5,172.5,170.5,172.5,1.0,260,2022,15.75,3.33,10.9,1880.25,3.89490862267828,13.44,21.09
2022-12-01,8422,193252,33618733,173.5,174.5,173.5,174.5,2.0,336,2022,15.94,3.37,10.9,1902.05,3.9400669835209268,13.44,21.09
2022-12-02,8422,412349,72845589,174.5,178.5,174.0,177.5,3.0,581,2022,16.21,3.42,10.9,1934.75,3.816408415962184,13.44,21.09
2022-12-05,8422,194979,34629864,177.5,178.5,177.0,177.0,-0.5,404,2022,16.16,3.41,10.9,1929.3,3.805657969720037,13.44,21.09
2022-12-06,8422,139335,24571665,176.0,177.5,175.0,175.5,-1.5,370,2022,16.03,3.39,10.9,1912.95,3.7734066309935956,13.44,21.09
2022-12-07,8422,839483,151815305,176.0,184.0,176.0,181.0,5.5,1055,2022,16.53,3.49,10.9,1972.9,3.8916615396572127,13.44,21.09
2022-12-08,8422,543055,97191983,180.0,181.0,177.0,178.0,-3.0,1686,2022,16.26,3.43,10.9,1940.2,3.827158862204331,13.44,21.09
2022-12-09,8422,384284,69129890,182.0,182.0,178.5,179.0,1.0,492,2022,16.35,3.45,10.9,1951.1,3.8486597546886245,13.44,21.09
2022-12-12,8422,274265,49602009,179.0,182.0,179.0,182.0,3.0,498,2022,16.62,3.51,10.9,1983.8,3.913162432141507,13.44,21.09
2022-12-13,8422,247623,44778447,182.0,182.5,180.0,180.0,-2.0,1217,2022,16.44,3.47,10.9,1962.0,3.8701606471729186,13.44,21.09
2022-12-14,8422,254415,45865862,180.0,182.0,178.0,181.5,1.5,384,2022,16.58,3.5,10.9,1978.35,3.90241198589936,13.44,21.09
2022-12-15,8422,261402,47411202,182.0,182.5,179.5,180.5,-1.0,464,2022,16.48,3.48,10.9,1967.45,3.8809110934150657,13.44,21.09
2022-12-16,8422,264730,47907937,179.5,183.0,178.5,180.5,0.0,1225,2022,16.48,3.48,10.9,1967.45,3.8809110934150657,13.44,21.09
2022-12-19,8422,296042,53853705,180.0,183.0,179.0,181.5,1.0,1821,2022,16.58,3.5,10.9,1978.35,3.90241198589936,13.44,21.09
2022-12-20,8422,342191,61297044,181.0,182.5,177.0,177.5,-4.0,1294,2022,16.21,3.42,10.9,1934.75,3.816408415962184,13.44,21.09
2022-12-21,8422,132332,23483642,178.0,178.0,176.5,177.0,-0.5,319,2022,16.16,3.41,10.9,1929.3,3.805657969720037,13.44,21.09
2022-12-22,8422,89703,15941234,178.5,178.5,177.0,177.5,0.5,201,2022,16.21,3.42,10.9,1934.75,3.816408415962184,13.44,21.09
2022-12-23,8422,123633,21835717,177.0,178.0,175.0,177.5,0.0,257,2022,16.21,3.42,10.9,1934.75,3.816408415962184,13.44,21.09
2022-12-26,8422,95382,16894020,178.5,178.5,176.5,177.5,0.0,222,2022,16.21,3.42,10.9,1934.75,3.816408415962184,13.44,21.09
2022-12-27,8422,55426,9836896,178.0,178.0,177.0,178.0,0.5,98,2022,16.26,3.43,10.9,1940.2,3.827158862204331,13.44,21.09
2022-12-28,8422,99657,17624949,178.0,178.0,176.5,176.5,-1.5,258,2022,16.12,3.4,10.9,1923.85,3.7949075234778897,13.44,21.09
2022-12-29,8422,299157,53514930,177.0,180.0,176.0,179.0,2.5,408,2022,16.35,3.45,10.9,1951.1,3.8486597546886245,13.44,21.09
2022-12-30,8422,245604,44098165,180.0,181.0,177.0,180.0,1.0,340,2022,16.44,3.47,10.9,1962.0,3.8701606471729186,13.44,21.09
